1.414167284965515137e-01,2.090727090835571289e+00,2.343185901641845703e+00,4.689702689647674561e-01,3.589934110641479492e-01,1.274658083915710449e+00,9.444771409034729004e-01,8.856924772262573242e-01,-1.299046993255615234e+00,-1.247369274497032166e-01,-1.095466375350952148e+00,-5.190132260322570801e-01,-5.302206054329872131e-02,-4.890841543674468994e-01,-6.509093642234802246e-01,-1.154112100601196289e+00,5.515951514244079590e-01,3.455216586589813232e-01,1.718470215797424316e+00,-1.375524282455444336e+00,1.413448333740234375e+00,1.351942718029022217e-01,-1.164801120758056641e+00,-8.736497759819030762e-01,1.104135990142822266e+00,-1.253862619400024414e+00,-8.291374891996383667e-02,3.859938681125640869e-01,-7.758098840713500977e-01,1.448704361915588379e+00,-1.088290691375732422e+00,5.363404005765914917e-02,1.096794128417968750e+00,-6.421174407005310059e-01,1.211325764656066895e+00,-7.630286216735839844e-01,4.996680319309234619e-01,2.947840988636016846e-01,8.754844069480895996e-01,-5.319393873214721680e-01,1.257156968116760254e+00,-9.102113842964172363e-01,-7.653966546058654785e-01,-4.225375875830650330e-02,1.204058647155761719e+00,-7.970455884933471680e-01,-1.108199238777160645e+00,-5.641828179359436035e-01,1.976598978042602539e+00,1.948775649070739746e+00,-1.508962273597717285e+00,-2.051136732101440430e+00,8.205923438072204590e-01,-1.529250264167785645e+00,-4.313349723815917969e-01,-1.352631926536560059e+00,2.435971349477767944e-01,2.694586992263793945e+00,-1.248734354972839355e+00,9.634765386581420898e-01,1.517283797264099121e+00,7.340788841247558594e-01,-5.510758757591247559e-01,-2.389001473784446716e-02,3.582151830196380615e-01,2.123497486114501953e+00,9.841127991676330566e-01,1.953474879264831543e+00,-1.228701472282409668e+00,-1.486375570297241211e+00,1.919556260108947754e-01,4.570070505142211914e-01,1.617706298828125000e+00,-7.877693772315979004e-01,2.218067198991775513e-01,-4.589657485485076904e-02,-6.120274066925048828e-01,-1.390576958656311035e+00,-2.135234177112579346e-01,-4.861261546611785889e-01,-1.200097918510437012e+00,6.630483269691467285e-01,9.141324087977409363e-03,-1.912886619567871094e+00,-2.873367071151733398e-01,-8.824270367622375488e-01,-5.972134470939636230e-01,8.815228939056396484e-02,6.534633785486221313e-02,3.521029353141784668e-01,-1.730638384819030762e+00,-2.812166452407836914e+00,-4.470935091376304626e-02,-1.952736526727676392e-01,1.026129961013793945e+00,6.696280241012573242e-01,-2.803561687469482422e-01,-1.640021950006484985e-01,-9.583523273468017578e-01,3.913975358009338379e-01
1.419755101203918457e+00,3.452405333518981934e-01,1.386231184005737305e-01,-4.077190160751342773e-01,3.288400173187255859e-01,-1.411056965589523315e-01,6.981809735298156738e-01,9.159938097000122070e-01,3.145231008529663086e-01,-3.867488205432891846e-01,6.145021915435791016e-01,6.750186085700988770e-01,5.977112054824829102e-01,-9.509445726871490479e-02,-9.014601707458496094e-01,1.085387349128723145e+00,-9.111579060554504395e-01,-1.321812152862548828e+00,2.334305346012115479e-01,2.862422168254852295e-01,6.322301626205444336e-01,-1.376760244369506836e+00,-3.065114617347717285e-01,-3.514943420886993408e-01,3.524609506130218506e-01,1.758363246917724609e+00,-9.343597888946533203e-01,-6.648507118225097656e-01,1.423556685447692871e+00,3.890378773212432861e-01,-3.094533085823059082e-01,-2.057363986968994141e-01,-2.316677093505859375e+00,-4.184322059154510498e-01,2.184374809265136719e+00,-1.810165792703628540e-01,-1.266001820564270020e+00,1.148980021476745605e+00,-1.095739603042602539e+00,8.840953111648559570e-01,-2.147416114807128906e+00,6.233248710632324219e-01,2.469363451004028320e+00,8.308177590370178223e-01,-1.286937475204467773e+00,-6.008529663085937500e-01,8.845162391662597656e-01,7.083968520164489746e-01,-7.916436791419982910e-01,-1.023994207382202148e+00,9.480065107345581055e-01,-2.127904653549194336e+00,8.964001387357711792e-02,-1.268473267555236816e+00,1.569573402404785156e+00,-1.962261199951171875e+00,-1.943476557731628418e+00,5.273497700691223145e-01,-4.621512591838836670e-01,-1.655774265527725220e-01,5.257601141929626465e-01,-1.885936141014099121e+00,1.518388986587524414e+00,-9.156706333160400391e-01,6.071475148200988770e-01,1.229093909263610840e+00,7.892583012580871582e-01,1.191317558288574219e+00,8.734746575355529785e-01,7.722591161727905273e-01,-1.428400635719299316e+00,1.787662625312805176e+00,-7.128941416740417480e-01,-5.381318330764770508e-01,9.268520474433898926e-01,-4.085580408573150635e-01,4.700527191162109375e-01,-5.786433815956115723e-02,-6.427353024482727051e-01,5.036135315895080566e-01,3.128887414932250977e-01,1.534821987152099609e+00,6.619568914175033569e-02,9.543749690055847168e-01,9.379252195358276367e-01,-1.059399247169494629e+00,-2.151008099317550659e-01,-7.119211554527282715e-01,-3.343618392944335938e+00,1.273054361343383789e+00,-1.010605335235595703e+00,-1.801703810691833496e+00,9.528058767318725586e-02,-2.175638228654861450e-01,5.841789841651916504e-01,1.264853715896606445e+00,-2.915286421775817871e-01,-2.570366114377975464e-02,-1.816936023533344269e-02,-5.535573139786720276e-02
1.186044886708259583e-01,3.186904668807983398e+00,-2.819035947322845459e-01,1.861413121223449707e-01,-8.160716891288757324e-01,-1.304545640945434570e+00,8.531710505485534668e-01,1.440135121345520020e+00,-2.469063550233840942e-01,-2.490158826112747192e-01,-1.088714599609375000e+00,1.361373066902160645e+00,3.428240716457366943e-01,2.134950757026672363e-01,-1.040889263153076172e+00,6.667546629905700684e-01,-6.406946480274200439e-02,2.349122911691665649e-01,1.271486043930053711e+00,-1.170255184173583984e+00,6.778795272111892700e-02,-1.556212663650512695e+00,1.392208132892847061e-02,-1.730157494544982910e+00,-3.904178738594055176e-01,-7.806261777877807617e-01,4.361121952533721924e-01,6.791659593582153320e-01,9.297162294387817383e-01,-1.397260785102844238e+00,1.489095211029052734e+00,-3.281168341636657715e-01,1.027246713638305664e+00,6.847372651100158691e-01,-1.319151639938354492e+00,9.065470695495605469e-01,-1.242989778518676758e+00,-1.018161654472351074e+00,8.117062449455261230e-01,1.481106162071228027e+00,-2.234809875488281250e+00,2.571255266666412354e-01,9.645218849182128906e-01,2.104513883590698242e+00,4.394855201244354248e-01,-1.456122249364852905e-01,-2.824205458164215088e-01,-7.790013551712036133e-01,-6.291900873184204102e-01,-2.328717857599258423e-01,-3.627708554267883301e-01,6.124038696289062500e-01,-3.645992577075958252e-01,-2.600665390491485596e-01,-1.741564869880676270e+00,1.094946026802062988e+00,6.610551476478576660e-01,4.759680032730102539e-01,1.988528370857238770e+00,-4.060406684875488281e-01,1.400775551795959473e+00,-1.662571579217910767e-01,1.946406066417694092e-01,7.504666596651077271e-02,5.900092720985412598e-01,-3.237053155899047852e-01,-1.058327555656433105e+00,-1.284970879554748535e+00,-6.303566098213195801e-01,-9.212700724601745605e-01,-1.167901754379272461e-01,2.546831965446472168e-01,-1.307175606489181519e-01,-7.630241513252258301e-01,-9.234617352485656738e-01,-1.061173319816589355e+00,4.021369814872741699e-01,1.266089677810668945e+00,-2.046506255865097046e-01,-5.511232018470764160e-01,6.142203211784362793e-01,5.887255668640136719e-01,8.183537125587463379e-01,1.040184855461120605e+00,-3.442838191986083984e-01,1.670066714286804199e+00,6.558457612991333008e-01,1.256876140832901001e-01,1.618236184120178223e+00,1.190758645534515381e-01,-1.052637770771980286e-01,2.277964115142822266e+00,3.315230011940002441e-01,-9.702146649360656738e-01,7.537899911403656006e-02,6.601114273071289062e-01,3.595249354839324951e-01,-6.580353528261184692e-02,-4.433047473430633545e-01,-8.833409547805786133e-01
-2.068384885787963867e+00,1.930991888046264648e+00,-4.061562716960906982e-01,3.552626967430114746e-01,1.387714743614196777e+00,4.544178545475006104e-01,-4.861602187156677246e-01,1.417518138885498047e+00,1.545598506927490234e+00,-2.492673695087432861e-01,1.446110963821411133e+00,4.759280085563659668e-01,-6.322358846664428711e-01,-3.051861934363842010e-02,-4.056816101074218750e-01,-1.477241873741149902e+00,-4.836824834346771240e-01,-5.793810635805130005e-02,2.642761766910552979e-01,2.817759513854980469e-01,6.808721423149108887e-01,1.898778825998306274e-01,3.557985126972198486e-01,1.867451071739196777e-01,-3.953473865985870361e-01,-2.908968925476074219e+00,-2.229573428630828857e-01,2.421168088912963867e+00,1.186322212219238281e+00,-6.459187716245651245e-02,-8.386002779006958008e-01,5.060038566589355469e-01,1.561235427856445312e+00,8.048852682113647461e-01,-5.986531972885131836e-01,-8.731492161750793457e-01,-7.078993916511535645e-01,-1.218842983245849609e+00,3.594174981117248535e-03,-6.843332052230834961e-01,-5.535338521003723145e-01,-8.524801135063171387e-01,-4.475561529397964478e-02,2.226935386657714844e+00,-1.603076815605163574e+00,-8.036171793937683105e-01,-8.853557705879211426e-01,2.723507881164550781e-01,-8.711076527833938599e-02,1.467054843902587891e+00,-2.918548882007598877e-01,-1.710718154907226562e+00,-2.829609394073486328e+00,2.660245597362518311e-01,-6.416441798210144043e-01,1.317757248878479004e+00,-9.740167856216430664e-01,3.675341010093688965e-01,1.086074233055114746e+00,4.498532041907310486e-02,7.174440622329711914e-01,2.632677853107452393e-01,1.392191767692565918e+00,1.598641872406005859e+00,-1.589277267456054688e+00,-1.620514504611492157e-02,-2.052308619022369385e-01,-1.674277901649475098e+00,-7.204904556274414062e-01,7.099931240081787109e-01,6.056423783302307129e-01,9.291765689849853516e-01,2.331629097461700439e-01,8.572244644165039062e-01,-2.294698953628540039e-01,9.433652758598327637e-01,-2.174282789230346680e+00,3.030938804149627686e-01,-4.175820052623748779e-01,3.318961858749389648e-01,6.730531454086303711e-01,2.855056524276733398e-01,5.613877773284912109e-01,2.913701832294464111e-01,-6.607254147529602051e-01,-2.854900062084197998e-01,1.116502806544303894e-01,-1.122125625610351562e+00,1.125226259231567383e+00,-1.204026713967323303e-01,-1.003116130828857422e+00,1.427010416984558105e+00,-1.827820986509323120e-01,1.006745815277099609e+00,-3.303254842758178711e-01,1.101700782775878906e+00,-5.940746665000915527e-01,-1.174540162086486816e+00,-1.348382592201232910e+00,-1.207390904426574707e+00
2.967979907989501953e-01,-1.023558825254440308e-01,1.936117172241210938e+00,8.613938093185424805e-01,-2.356017678976058960e-01,-6.090378761291503906e-02,1.421383500099182129e+00,-1.655013680458068848e+00,-3.930862843990325928e-01,9.876195192337036133e-01,-1.072202563285827637e+00,1.426324963569641113e+00,7.790719866752624512e-01,9.584249854087829590e-01,1.014111638069152832e+00,5.877728462219238281e-01,-1.843156576156616211e+00,2.427397370338439941e-01,1.590188890695571899e-01,-8.292198777198791504e-01,-2.517051994800567627e-01,4.491052627563476562e-01,-2.934770882129669189e-01,-9.742376208305358887e-01,7.249829769134521484e-01,6.430990099906921387e-01,1.208842247724533081e-01,4.032037556171417236e-01,1.033995747566223145e+00,5.143601298332214355e-01,-8.970916271209716797e-01,7.214987874031066895e-01,-1.143686175346374512e+00,-1.064954519271850586e+00,9.926577210426330566e-01,1.219899773597717285e+00,-8.069469928741455078e-01,1.107009947299957275e-01,-4.803135246038436890e-02,6.964201927185058594e-01,-1.662155628204345703e+00,1.089933887124061584e-01,4.440089762210845947e-01,-7.549856901168823242e-01,4.502883255481719971e-01,-6.811463832855224609e-01,3.453011810779571533e-02,-7.790072262287139893e-02,-5.017721652984619141e-01,-4.864847660064697266e-01,-6.659083962440490723e-01,8.033211827278137207e-01,1.167591437697410583e-01,-3.942047655582427979e-01,1.568803787231445312e+00,-1.758198618888854980e+00,8.602763414382934570e-01,-1.616432428359985352e+00,1.990992128849029541e-01,7.654175162315368652e-01,1.867439031600952148e+00,-3.584872698411345482e-03,3.881102800369262695e-01,5.074833333492279053e-02,-2.614154517650604248e-01,-6.107353568077087402e-01,4.846937358379364014e-01,1.493695735931396484e+00,-7.713218927383422852e-01,8.573983907699584961e-01,-5.960549116134643555e-01,1.217805981636047363e+00,1.090697571635246277e-02,2.475270628929138184e-01,3.472548425197601318e-01,3.941855132579803467e-01,-1.340629339218139648e+00,1.291557908058166504e+00,1.783026903867721558e-01,-9.472690224647521973e-01,1.705476880073547363e+00,-2.986622154712677002e-01,-7.833333611488342285e-01,7.336252182722091675e-02,-2.814453125000000000e+00,4.977682530879974365e-01,-1.117201447486877441e+00,-7.946553826332092285e-01,-2.338926047086715698e-01,-1.014344692230224609e+00,-8.914574980735778809e-01,6.370016336441040039e-01,3.515169620513916016e-01,7.265269756317138672e-02,-1.939985036849975586e+00,-2.056382745504379272e-01,-7.509244680404663086e-01,-8.183276653289794922e-02,3.623813688755035400e-01,-8.557135462760925293e-01
-6.002689003944396973e-01,-1.062404394149780273e+00,1.211494326591491699e+00,-8.990273475646972656e-01,-2.006667613983154297e+00,-8.813329935073852539e-01,-2.549240589141845703e-01,-1.492467164993286133e+00,1.060090899467468262e+00,2.366113513708114624e-01,1.447418451309204102e+00,6.513144373893737793e-01,1.333113551139831543e+00,-1.166466116905212402e+00,4.837636053562164307e-01,-9.921620488166809082e-01,6.188009381294250488e-01,6.911442279815673828e-01,-1.057601332664489746e+00,7.151645421981811523e-01,-7.092333436012268066e-01,5.040069818496704102e-01,8.425518274307250977e-01,-8.608729243278503418e-01,-1.381577849388122559e-01,-6.285144090652465820e-01,2.701906263828277588e-01,-1.833647489547729492e-01,9.415976405143737793e-01,-1.033495664596557617e+00,-3.730986714363098145e-01,8.969956636428833008e-02,-8.636500835418701172e-01,1.875433802604675293e+00,-3.051342248916625977e+00,-3.552589118480682373e-01,-5.850320458412170410e-01,-3.785059750080108643e-01,1.324250698089599609e+00,2.978435456752777100e-01,-2.405796758830547333e-02,6.052631735801696777e-01,-1.988848805427551270e+00,1.386974811553955078e+00,-1.760180115699768066e+00,2.115317583084106445e+00,1.297763943672180176e+00,-1.867469251155853271e-01,-6.533839702606201172e-01,-5.528748035430908203e-01,-2.013957053422927856e-01,-5.314655900001525879e-01,-1.327695250511169434e+00,-2.305693775415420532e-01,-1.068388372659683228e-01,9.203632473945617676e-01,4.151346981525421143e-01,1.207010388374328613e+00,2.657792270183563232e-01,1.380803734064102173e-01,3.515082299709320068e-01,1.157370209693908691e-01,-8.398174643516540527e-01,6.268188953399658203e-01,-1.044033408164978027e+00,-2.866981327533721924e-01,-1.118431448936462402e+00,-1.444227576255798340e+00,1.226520985364913940e-01,1.782023787498474121e+00,1.505742669105529785e-01,-1.343679904937744141e+00,-1.519218236207962036e-01,-2.675151824951171875e-01,-3.614157438278198242e-02,2.783263623714447021e-01,-3.593741655349731445e-01,1.448579072952270508e+00,-3.842712938785552979e-01,1.707440018653869629e-01,1.137757182121276855e+00,7.230678796768188477e-01,2.727429270744323730e-01,4.281715154647827148e-01,8.632182478904724121e-01,-1.079534530639648438e+00,-9.841267466545104980e-01,1.297097086906433105e+00,-6.689583063125610352e-01,-1.011040568351745605e+00,7.545878887176513672e-01,-4.261996746063232422e-01,1.438983082771301270e+00,1.020215630531311035e+00,1.586745142936706543e+00,-8.403312563896179199e-01,9.315649271011352539e-01,-1.839568316936492920e-01,-1.556670427322387695e+00,-1.772407412528991699e+00
5.362701416015625000e-01,1.404724121093750000e-01,-5.576019287109375000e-01,1.838001757860183716e-01,1.563865691423416138e-01,1.050753235816955566e+00,1.116850137710571289e+00,-1.675487995147705078e+00,5.803529620170593262e-01,1.769743800163269043e+00,-4.225653409957885742e-01,-3.140055239200592041e-01,-6.061198711395263672e-01,-7.581793665885925293e-01,9.972422719001770020e-01,-7.738949656486511230e-01,5.685181617736816406e-01,-1.801380395889282227e+00,-1.498893648386001587e-01,-8.520268201828002930e-01,6.913870573043823242e-01,1.166865944862365723e+00,2.000385761260986328e+00,-1.257935643196105957e+00,-1.997010707855224609e-01,-1.011393666267395020e+00,-9.898449182510375977e-01,-1.586292237043380737e-01,-5.872971415519714355e-01,2.184004068374633789e+00,-5.746128559112548828e-01,-3.720082938671112061e-01,9.377067089080810547e-01,8.423051834106445312e-01,3.752291947603225708e-02,-6.850314140319824219e-01,-5.235034823417663574e-01,-4.205844104290008545e-01,-1.119394063949584961e+00,-1.400667667388916016e+00,-3.274660408496856689e-01,-5.845924019813537598e-01,1.430672556161880493e-01,-3.907862603664398193e-01,1.055646777153015137e+00,-2.095192968845367432e-01,-1.710213720798492432e-01,-5.802979692816734314e-02,-1.389869570732116699e+00,7.279790043830871582e-01,-3.361877501010894775e-01,2.008869171142578125e+00,-1.547839403152465820e+00,-1.126664996147155762e+00,-8.341979384422302246e-01,1.204517409205436707e-01,-5.748145580291748047e-01,5.881770849227905273e-01,1.119451895356178284e-01,-8.584590554237365723e-01,1.192723512649536133e+00,3.850731849670410156e-01,1.041226267814636230e+00,-1.502014994621276855e-01,1.537441015243530273e+00,-6.306396722793579102e-01,-6.367198228836059570e-01,1.233239173889160156e+00,9.789824485778808594e-01,-6.425440311431884766e-01,-3.175643384456634521e-01,8.257455825805664062e-01,1.010992169380187988e+00,-1.478958845138549805e+00,4.781556427478790283e-01,3.059537522494792938e-02,1.462887644767761230e+00,-3.763575255870819092e-01,1.886669918894767761e-02,-6.487613916397094727e-01,-3.966146111488342285e-01,-8.973779082298278809e-01,-5.217286944389343262e-01,1.040048003196716309e+00,-1.220525741577148438e+00,1.473762869834899902e+00,-7.654538154602050781e-01,-1.461025238037109375e+00,-3.723000884056091309e-01,-1.315209388732910156e+00,-1.017886996269226074e+00,-1.118933439254760742e+00,-6.033914685249328613e-01,-1.349817156791687012e+00,-1.322321057319641113e+00,-1.820864796638488770e+00,-2.522608339786529541e-01,-6.362404823303222656e-01,7.510966062545776367e-01,1.489707350730895996e+00
-7.272572815418243408e-02,9.053187370300292969e-01,-1.666768670082092285e+00,-3.360164761543273926e-01,-2.967236757278442383e+00,9.358482956886291504e-01,-9.393841028213500977e-02,-1.708603858947753906e+00,5.594341754913330078e-01,7.003855705261230469e-01,-1.435283422470092773e+00,-1.321049690246582031e+00,4.619184732437133789e-01,7.420459389686584473e-01,6.996970772743225098e-01,-1.081736922264099121e+00,-1.633904576301574707e+00,-3.554513752460479736e-01,1.328397512435913086e+00,3.566081523895263672e-01,3.660266697406768799e-01,-2.867403030395507812e-01,1.301083922386169434e+00,5.217785835266113281e-01,1.713318943977355957e+00,-2.449783831834793091e-01,-8.150470256805419922e-01,1.710007935762405396e-01,1.607715606689453125e+00,-1.443040966987609863e+00,-7.180063128471374512e-01,2.315857172012329102e+00,6.680244803428649902e-01,-8.493047952651977539e-02,-1.246179103851318359e+00,4.882782101631164551e-01,-3.075681328773498535e-01,-8.729608058929443359e-01,-8.513435125350952148e-01,5.503289699554443359e-01,-7.632564902305603027e-01,-1.724396109580993652e+00,-2.375026941299438477e+00,2.227341830730438232e-01,-1.232437714934349060e-01,-5.063264369964599609e-01,7.425751686096191406e-01,-2.344735622406005859e+00,3.698462843894958496e-01,-1.598189592361450195e+00,8.606266230344772339e-02,9.933530092239379883e-01,5.418471097946166992e-01,4.429652988910675049e-01,-2.263198614120483398e+00,3.621724843978881836e-01,-4.176859259605407715e-01,6.927315592765808105e-01,7.752492427825927734e-01,5.601267814636230469e-01,2.318402290344238281e+00,-1.670412540435791016e+00,-3.307904303073883057e-01,7.456982135772705078e-01,2.547221481800079346e-01,-2.508061647415161133e+00,1.646393895149230957e+00,-5.709860920906066895e-01,-5.832578539848327637e-01,3.781824409961700439e-01,6.574682891368865967e-02,-1.578738212585449219e+00,7.030801773071289062e-01,1.571259200572967529e-01,-8.309198021888732910e-01,-9.715926051139831543e-01,-1.320401579141616821e-01,4.924457073211669922e-01,-4.510093033313751221e-01,-1.754079222679138184e+00,-2.067699469625949860e-02,9.976060390472412109e-01,-1.481618762016296387e+00,3.156515210866928101e-02,2.548997104167938232e-01,1.172893881797790527e+00,1.825558692216873169e-01,5.887248516082763672e-01,1.756023913621902466e-01,-1.902948260307312012e+00,1.454954743385314941e+00,-5.079982280731201172e-01,-2.139752149581909180e+00,2.496650367975234985e-01,-2.319863587617874146e-01,-1.933967590332031250e+00,-8.829243779182434082e-01,-9.476764798164367676e-01,1.574865221977233887e+00,3.165196180343627930e-01
-8.877947181463241577e-02,9.003754258155822754e-01,1.105569377541542053e-01,4.744463860988616943e-01,3.940559178590774536e-02,7.355431318283081055e-01,6.914243698120117188e-01,-4.218886196613311768e-01,3.305679559707641602e-01,-9.785864949226379395e-01,-8.904726505279541016e-01,7.294102907180786133e-01,6.918025761842727661e-02,1.271143555641174316e-01,1.315788269042968750e+00,-1.058671832084655762e+00,4.243502318859100342e-01,8.454091548919677734e-01,1.074518680572509766e+00,-9.180800914764404297e-01,1.260845541954040527e+00,-1.330641388893127441e+00,6.848285198211669922e-01,1.067050337791442871e+00,-8.265357613563537598e-01,-2.019855022430419922e+00,3.599951267242431641e-01,8.969560861587524414e-01,1.391530394554138184e+00,-4.105978012084960938e-01,-1.023016571998596191e+00,1.115487933158874512e+00,1.029588818550109863e+00,3.589037433266639709e-02,-1.168024420738220215e+00,6.126063466072082520e-01,3.376439809799194336e-01,5.874573588371276855e-01,-9.672751277685165405e-02,8.579739332199096680e-01,1.784051299095153809e+00,1.752777338027954102e+00,1.713175028562545776e-01,-1.623100876808166504e+00,1.966359496116638184e+00,-3.391616046428680420e-01,-1.709935516119003296e-01,1.465816855430603027e+00,-6.248810887336730957e-01,1.403331011533737183e-02,-4.668653756380081177e-02,1.341932177543640137e+00,-1.857257843017578125e+00,1.048684835433959961e+00,-1.393938779830932617e+00,2.825208306312561035e-01,8.250248432159423828e-01,-3.419066369533538818e-01,-6.919577717781066895e-01,7.009354829788208008e-01,5.550296902656555176e-01,-8.638830780982971191e-01,-1.107745885848999023e+00,2.053729444742202759e-01,2.931663095951080322e-01,7.376361489295959473e-01,-1.213616251945495605e+00,-1.112672835588455200e-01,-5.356220602989196777e-01,-2.121121734380722046e-01,1.642005324363708496e+00,-6.088474988937377930e-01,3.508438169956207275e-01,1.720345735549926758e+00,-1.209693074226379395e+00,9.651445597410202026e-02,-1.221604228019714355e+00,1.408298850059509277e+00,-9.334521293640136719e-01,-1.390340477228164673e-01,3.687345683574676514e-01,-2.574164271354675293e-01,1.210367679595947266e+00,1.957431554794311523e+00,1.425211429595947266e+00,-1.705904960632324219e+00,-4.891322851181030273e-01,-1.100231409072875977e+00,3.839637339115142822e-01,-6.894288063049316406e-01,-1.223512738943099976e-01,1.824284791946411133e+00,1.010245978832244873e-01,-8.627664446830749512e-01,-1.512390017509460449e+00,-2.021982967853546143e-01,-8.607789278030395508e-01,-6.249369978904724121e-01,1.493070572614669800e-01,7.706962227821350098e-01
-1.555457711219787598e+00,-6.709875464439392090e-01,2.215191125869750977e+00,7.228670716285705566e-01,-9.512323737144470215e-01,-3.873005211353302002e-01,-1.745906591415405273e+00,4.956445693969726562e-01,5.375929474830627441e-01,-1.174373507499694824e+00,-3.514039218425750732e-01,-5.971579551696777344e-01,-6.749041378498077393e-02,-6.312652230262756348e-01,-1.221404969692230225e-02,2.502125799655914307e-01,-2.424600273370742798e-01,6.899105310440063477e-01,4.216503798961639404e-01,-1.219355821609497070e+00,-6.429392099380493164e-01,2.109908610582351685e-01,2.555871605873107910e-01,7.325686812400817871e-01,1.935342513024806976e-02,1.106130838394165039e+00,-1.007501006126403809e+00,9.283207654953002930e-01,6.985578536987304688e-01,2.016280412673950195e+00,-2.573801204562187195e-03,3.609048426151275635e-01,-6.856774091720581055e-01,-2.820550799369812012e-01,9.571013450622558594e-01,-2.732902467250823975e-01,-1.833228468894958496e+00,-1.124599933624267578e+00,-1.700897097587585449e+00,-2.235010147094726562e+00,-1.386203765869140625e+00,-8.757349252700805664e-01,-1.644904851913452148e+00,1.287600517272949219e+00,-9.488448500633239746e-02,4.494998976588249207e-02,-1.654348671436309814e-01,-5.400940179824829102e-01,-8.869699835777282715e-01,-7.113649845123291016e-01,-2.196907043457031250e+00,-1.278546690940856934e+00,-7.858929038047790527e-01,1.203668832778930664e+00,8.418757319450378418e-01,3.385923504829406738e-01,-3.998635113239288330e-01,-8.130915164947509766e-01,-1.276872873306274414e+00,2.541514635086059570e+00,-1.441714763641357422e+00,9.479662775993347168e-01,1.272557854652404785e+00,-2.070488214492797852e+00,-1.998487591743469238e+00,-5.833498835563659668e-01,6.256964057683944702e-02,1.156942322850227356e-01,5.303451418876647949e-01,-2.102269381284713745e-01,-8.764840960502624512e-01,4.985900521278381348e-01,2.144203782081604004e-01,1.396288752555847168e+00,-2.125622630119323730e-01,1.023850440979003906e+00,1.206458210945129395e-01,1.749125957489013672e+00,8.174853324890136719e-01,1.190889358520507812e+00,-2.904998540878295898e+00,-6.713404059410095215e-01,1.275732994079589844e+00,-1.884592175483703613e+00,-9.182183742523193359e-01,4.812503233551979065e-02,2.960122823715209961e-01,-1.122949481010437012e+00,-1.663999199867248535e+00,2.746079683303833008e+00,-6.251510381698608398e-01,-9.483841061592102051e-01,-1.511212110519409180e+00,-3.470911085605621338e-01,1.305235981941223145e+00,2.209268957376480103e-01,-2.986303530633449554e-02,-6.538867205381393433e-02,5.780777335166931152e-01,4.587332308292388916e-01
-1.107253551483154297e+00,8.743446320295333862e-02,3.754594624042510986e-01,8.730801343917846680e-01,-1.180802106857299805e+00,1.072859644889831543e+00,1.093526557087898254e-02,-4.814146757125854492e-01,1.178524732589721680e+00,2.670362591743469238e-01,-2.521291732788085938e+00,4.755381941795349121e-01,1.711845993995666504e-01,3.608675003051757812e-01,7.442653924226760864e-02,1.613434791564941406e+00,2.951154708862304688e-01,-1.166324853897094727e+00,4.291511178016662598e-01,-1.000732183456420898e+00,4.792618453502655029e-01,-1.386662483215332031e+00,-1.245417833328247070e+00,-1.928353309631347656e+00,5.796557664871215820e-01,-1.341328859329223633e+00,7.701876163482666016e-01,-3.410245180130004883e-01,4.484791457653045654e-01,-2.070240736007690430e+00,-5.767796635627746582e-01,1.167279124259948730e+00,-1.322170138359069824e+00,-7.261989265680313110e-02,1.332073658704757690e-01,5.991372466087341309e-01,-1.853601455688476562e+00,-1.965719014406204224e-01,4.981281757354736328e-01,-4.717833697795867920e-01,3.010293841361999512e-01,-1.017825603485107422e+00,-2.496160715818405151e-01,-2.039082765579223633e+00,-1.549843788146972656e+00,1.445628106594085693e-01,8.549358695745468140e-02,2.072503566741943359e+00,5.005223751068115234e-01,9.460266232490539551e-01,3.383303284645080566e-01,1.144916534423828125e+00,3.578404784202575684e-01,1.326565504074096680e+00,-1.539108037948608398e+00,-6.002058982849121094e-01,3.018731474876403809e-01,1.323197185993194580e-01,-8.670473471283912659e-03,-5.510774850845336914e-01,-2.656679153442382812e-01,1.882483124732971191e+00,-2.655163705348968506e-01,-1.310348510742187500e-01,9.409511685371398926e-01,-1.060378789901733398e+00,2.282808572053909302e-01,-3.296158313751220703e-01,9.932602047920227051e-01,-1.019513607025146484e+00,-7.706787586212158203e-01,2.887653708457946777e-01,-1.542185068130493164e+00,-8.006326556205749512e-01,-2.776519954204559326e-01,5.456827878952026367e-01,1.283358037471771240e-01,3.416119515895843506e-01,2.576577901840209961e+00,7.410193681716918945e-01,-9.583383798599243164e-01,-6.886922717094421387e-01,2.584155499935150146e-01,1.147780194878578186e-01,1.155559301376342773e+00,-1.552021026611328125e+00,-2.485692024230957031e+00,4.512631297111511230e-01,3.958195447921752930e-01,-1.366370677947998047e+00,-7.719750404357910156e-01,-1.018602013587951660e+00,9.794631600379943848e-01,-9.814079850912094116e-02,-5.321307778358459473e-01,3.763724863529205322e-01,9.971898049116134644e-02,-8.981525301933288574e-01,9.248920083045959473e-01,-1.266736268997192383e+00
-1.033640980720520020e+00,6.620143055915832520e-01,1.045500516891479492e+00,6.419227719306945801e-01,-4.012399911880493164e-01,9.331502318382263184e-01,-8.282822370529174805e-01,3.075854480266571045e-01,3.668313026428222656e-01,-6.042973995208740234e-01,-1.236640334129333496e+00,-6.418160796165466309e-01,-4.267646670341491699e-01,-1.743840426206588745e-01,-4.418044388294219971e-01,-1.038912415504455566e+00,2.185638695955276489e-01,-3.605350732803344727e+00,8.247188329696655273e-01,-1.259569406509399414e+00,-3.181327581405639648e-01,4.182063043117523193e-01,8.629435300827026367e-01,-1.062978506088256836e+00,1.038260340690612793e+00,1.062779784202575684e+00,-4.550293385982513428e-01,2.073952198028564453e+00,-3.631587028503417969e-01,-4.564752578735351562e-01,3.612540364265441895e-01,2.778267860412597656e+00,-1.618341684341430664e+00,-1.858319491147994995e-01,2.412814348936080933e-01,9.773851633071899414e-01,8.601911067962646484e-01,7.301934063434600830e-02,-5.225684046745300293e-01,8.083946704864501953e-01,1.345362663269042969e-01,1.389459490776062012e+00,2.623691856861114502e-01,-5.431016087532043457e-01,3.390968441963195801e-01,-1.348388195037841797e+00,-4.922047257423400879e-01,-1.503097712993621826e-01,8.144108057022094727e-01,-1.592971086502075195e+00,5.137333869934082031e-01,-9.110827445983886719e-01,1.526720643043518066e+00,-4.797096848487854004e-01,5.000637769699096680e-01,-6.346489787101745605e-01,-6.684294342994689941e-01,1.097551584243774414e+00,7.996290922164916992e-01,-1.418081283569335938e+00,2.307569384574890137e-01,2.672870755195617676e-01,6.702533960342407227e-01,-2.059089988470077515e-01,6.268271803855895996e-01,-4.080931544303894043e-01,-1.227450251579284668e+00,-3.389887511730194092e-02,3.014283478260040283e-01,1.324874997138977051e+00,3.872660398483276367e-01,7.848803997039794922e-01,-7.438378930091857910e-01,-4.965285658836364746e-01,2.610023133456707001e-02,-2.185162544250488281e+00,-5.413289666175842285e-01,-3.809321224689483643e-01,-2.702959775924682617e-01,4.478458762168884277e-01,3.380476534366607666e-01,3.296571671962738037e-01,-1.446385502815246582e+00,-6.071408390998840332e-01,-1.355039000511169434e+00,-1.701862066984176636e-01,-4.356732964515686035e-02,6.026791930198669434e-01,-2.452020347118377686e-01,2.079740762710571289e+00,-8.677152395248413086e-01,-1.204389780759811401e-01,-8.146188855171203613e-01,3.899582922458648682e-01,-3.826428949832916260e-01,-1.177034020423889160e+00,1.506569862365722656e+00,-1.171640396118164062e+00,-1.877478480339050293e+00,1.387615948915481567e-01
-1.454328447580337524e-01,-1.866572052240371704e-01,8.105719685554504395e-01,-1.971512675285339355e+00,3.092502653598785400e-01,7.367004156112670898e-01,2.240646600723266602e+00,3.721940815448760986e-01,-1.415206909179687500e+00,-5.179393291473388672e-01,5.569564700126647949e-01,-6.520879864692687988e-01,6.478334069252014160e-01,1.584282994270324707e+00,-1.055658102035522461e+00,-1.332640200853347778e-01,1.064786076545715332e+00,1.168607234954833984e+00,-1.859383583068847656e+00,9.576026201248168945e-01,8.830193281173706055e-01,7.280386239290237427e-02,-1.804729253053665161e-01,-1.423341631889343262e-01,5.759409070014953613e-01,-1.320162117481231689e-01,-2.635512268170714378e-03,-4.690195024013519287e-01,-5.023959279060363770e-02,-1.848509013652801514e-01,-3.615476787090301514e-01,-1.677062034606933594e+00,-4.126875102519989014e-01,1.579357683658599854e-01,-8.085552453994750977e-01,3.359581530094146729e-01,2.062580823898315430e+00,1.408120542764663696e-01,-6.223874092102050781e-01,-5.230708047747612000e-02,-8.552311658859252930e-01,-4.171218872070312500e-01,9.118560552597045898e-01,-1.075139045715332031e+00,-1.234615206718444824e+00,2.018172442913055420e-01,-6.454767584800720215e-01,1.489143848419189453e+00,-4.308355227112770081e-02,2.586024522781372070e+00,-2.993847131729125977e-01,-2.419617176055908203e+00,1.957452297210693359e+00,1.510478734970092773e+00,7.019358873367309570e-02,2.668305337429046631e-01,-5.096251964569091797e-01,1.188646435737609863e+00,-1.478733718395233154e-01,1.313511729240417480e+00,6.075604557991027832e-01,1.477068543434143066e+00,-3.075483143329620361e-01,8.330676555633544922e-01,3.571892976760864258e-01,-5.620002746582031250e-01,-7.485996484756469727e-01,-6.181501150131225586e-01,-2.025795936584472656e+00,1.373456478118896484e+00,-3.099102973937988281e-01,-1.497736096382141113e+00,1.159663125872612000e-01,1.167883276939392090e+00,-1.150527596473693848e+00,-2.232913225889205933e-01,-2.185994088649749756e-01,3.111643075942993164e+00,6.701759696006774902e-01,-8.299239873886108398e-01,1.886673927307128906e+00,9.874188899993896484e-01,-8.540032505989074707e-01,-5.526888370513916016e-01,1.500565171241760254e+00,6.242978572845458984e-01,5.513709187507629395e-01,7.104937732219696045e-02,3.447808325290679932e-02,-1.222258925437927246e+00,-1.215142488479614258e+00,-3.934727013111114502e-01,1.730007886886596680e+00,-1.587578505277633667e-01,9.354259371757507324e-01,1.743337869644165039e+00,-1.247268915176391602e-01,-1.254665255546569824e+00,-1.078245863318443298e-01,2.001357972621917725e-01
-1.212477684020996094e+00,-2.035369575023651123e-01,5.012554526329040527e-01,-5.768065452575683594e-01,-6.891371607780456543e-01,-5.847173333168029785e-01,-1.102729558944702148e+00,-9.950057864189147949e-01,-4.102544188499450684e-01,7.023501992225646973e-01,-1.871688485145568848e+00,3.406527042388916016e-01,-1.441650152206420898e+00,1.376998186111450195e+00,-6.274650096893310547e-01,6.565738320350646973e-01,6.295632123947143555e-01,1.788403272628784180e+00,1.356875777244567871e+00,-3.725247085094451904e-01,1.032920837402343750e+00,-5.943444371223449707e-01,1.209266066551208496e+00,4.575016498565673828e-01,-5.174092650413513184e-01,-2.886215448379516602e-01,3.178969919681549072e-01,-1.851118326187133789e+00,-4.920565783977508545e-01,-1.145338058471679688e+00,1.409497499465942383e+00,-5.535306334495544434e-01,-8.687312602996826172e-01,-1.604703366756439209e-01,-6.257775425910949707e-01,3.704876899719238281e-01,-6.479318737983703613e-01,-1.318340301513671875e-01,2.011742442846298218e-01,8.206434249877929688e-01,-5.838583409786224365e-02,1.945814676582813263e-02,1.348106842488050461e-02,1.359352588653564453e+00,-6.597446203231811523e-01,6.562954783439636230e-01,-8.001911044120788574e-01,-1.607572436332702637e+00,3.717524707317352295e-01,5.234376192092895508e-01,-1.761116981506347656e+00,-3.383216261863708496e-01,1.214585900306701660e+00,1.239224314689636230e+00,6.961043477058410645e-01,8.866121172904968262e-01,5.668033957481384277e-01,-4.053393304347991943e-01,1.236189723014831543e+00,-1.529215812683105469e+00,-2.315930366516113281e+00,-6.739912033081054688e-01,1.930658102035522461e+00,2.911850810050964355e-01,4.169875979423522949e-01,1.483363389968872070e+00,1.847064197063446045e-01,-2.666041374206542969e+00,8.191894292831420898e-01,5.065611004829406738e-01,9.937080144882202148e-01,-2.757566273212432861e-01,-2.181816548109054565e-01,-6.752945184707641602e-01,1.691434264183044434e+00,8.843851834535598755e-02,1.893466711044311523e+00,2.125178650021553040e-02,1.350615262985229492e+00,-7.827311158180236816e-01,2.226856164634227753e-02,5.993229746818542480e-01,-2.292522341012954712e-01,1.551351189613342285e+00,-1.656095504760742188e+00,2.399287670850753784e-01,-1.012066230177879333e-01,-1.228530168533325195e+00,8.776373863220214844e-01,4.444466531276702881e-01,4.090683758258819580e-01,9.426413774490356445e-01,-1.454067468643188477e+00,9.265480041503906250e-01,4.473344683647155762e-01,1.223236203193664551e+00,-5.514810085296630859e-01,-7.922672033309936523e-01,6.151766777038574219e-01,9.005554318428039551e-01
-6.426730751991271973e-01,-6.561148762702941895e-01,1.362907886505126953e-01,4.916027560830116272e-02,4.797595143318176270e-01,4.918359592556953430e-02,-2.703212797641754150e-01,-3.294166624546051025e-01,-6.435391902923583984e-01,1.265023835003376007e-02,-1.891384840011596680e+00,-8.128644824028015137e-01,5.109946727752685547e-01,1.450814962387084961e+00,-5.435706377029418945e-01,9.395939707756042480e-01,-1.071003317832946777e+00,-3.850890100002288818e-01,-9.755638241767883301e-02,-5.958496332168579102e-01,-1.700819015502929688e+00,1.466092020273208618e-01,4.854809343814849854e-01,7.944207191467285156e-01,-6.437601447105407715e-01,5.912125110626220703e-01,-1.717876642942428589e-01,1.161821603775024414e+00,4.124898314476013184e-01,5.777427554130554199e-01,-5.787079930305480957e-01,-1.818941593170166016e+00,1.075916409492492676e+00,-3.725349307060241699e-01,-7.616822123527526855e-01,-2.627164423465728760e-01,5.569611191749572754e-01,1.553106188774108887e+00,-1.806806921958923340e+00,1.209053277969360352e+00,2.857362926006317139e-01,-7.365913987159729004e-01,-5.965279340744018555e-01,-3.061380386352539062e-01,-1.519967436790466309e+00,1.136611580848693848e+00,-7.468382120132446289e-01,1.249238848686218262e+00,7.251059412956237793e-01,-1.385553002357482910e+00,-2.034114360809326172e+00,1.624280333518981934e+00,-1.673049330711364746e+00,-1.202749013900756836e+00,-1.101879119873046875e+00,-6.096007227897644043e-01,4.010950028896331787e-01,8.012394309043884277e-01,-1.474407792091369629e+00,7.066836953163146973e-01,-1.967135548591613770e+00,-1.808096647262573242e+00,1.404414057731628418e+00,-1.281585335731506348e+00,2.810681462287902832e-01,-2.335005253553390503e-01,-5.150778293609619141e-01,-4.319496154785156250e-01,-1.228972434997558594e+00,6.330208778381347656e-01,1.449772238731384277e+00,5.215067863464355469e-01,1.927647888660430908e-01,-1.790206879377365112e-01,1.753394365310668945e+00,-1.834911108016967773e-01,1.421705484390258789e+00,-5.855988264083862305e-01,1.809710025787353516e+00,-5.124043226242065430e-01,-7.580249309539794922e-01,-1.185486555099487305e+00,-5.111496448516845703e-01,2.805606424808502197e-01,1.836525678634643555e+00,-6.808073520660400391e-01,-2.980067431926727295e-01,-8.491740226745605469e-01,-1.774706840515136719e-01,7.526591420173645020e-01,-1.202105164527893066e+00,-3.449200093746185303e-01,7.453408241271972656e-01,6.530098915100097656e-01,1.795403659343719482e-01,-1.958995938301086426e+00,-1.966570377349853516e+00,5.468466281890869141e-01,-8.749161958694458008e-01,1.002074599266052246e+00
1.302737832069396973e+00,-1.165193676948547363e+00,-7.982493638992309570e-01,5.446218885481357574e-03,-1.590394258499145508e+00,1.965727806091308594e-01,1.209930405020713806e-01,1.794950008392333984e+00,1.306467771530151367e+00,-1.863787531852722168e+00,2.068943530321121216e-01,-6.600071787834167480e-01,-2.086427360773086548e-01,-2.155889034271240234e+00,1.613867998123168945e+00,-1.353474378585815430e+00,-1.005473017692565918e+00,1.609721660614013672e+00,-1.113116383552551270e+00,7.965248227119445801e-01,-8.470111489295959473e-01,6.979622244834899902e-01,-3.390982151031494141e-01,2.900295972824096680e+00,1.562621593475341797e-01,-1.159247457981109619e-01,-4.463231191039085388e-02,-1.115743994712829590e+00,-1.368972063064575195e+00,-1.736960053443908691e+00,1.274047970771789551e+00,1.351692795753479004e+00,7.175261974334716797e-01,7.488197088241577148e-01,8.141242265701293945e-01,-2.980675697326660156e-01,1.378524780273437500e+00,-2.655375301837921143e-01,2.598949670791625977e-01,2.809560894966125488e-01,2.507024705410003662e-01,3.247960805892944336e-01,2.609008550643920898e-01,7.941253185272216797e-01,-4.288376867771148682e-01,9.085506796836853027e-01,-7.525429725646972656e-01,3.157872557640075684e-01,2.100361347198486328e+00,1.359479665756225586e+00,6.482754945755004883e-01,3.650268912315368652e-01,-4.196039736270904541e-01,1.236946225166320801e+00,-5.171750485897064209e-02,4.404787719249725342e-01,1.097113132476806641e+00,6.454903483390808105e-01,4.054833054542541504e-01,2.446129322052001953e+00,-2.723043262958526611e-01,5.420305728912353516e-01,1.948190212249755859e+00,-2.630134224891662598e-01,6.382117867469787598e-01,-1.570718288421630859e+00,-1.936508417129516602e-01,-4.258849322795867920e-01,1.889597058296203613e+00,-7.646321654319763184e-01,7.792432308197021484e-01,-5.061223506927490234e-01,9.856225848197937012e-01,-7.046507596969604492e-01,1.003651976585388184e+00,-1.127977147698402405e-01,6.363843679428100586e-01,1.390150040388107300e-01,-3.137949407100677490e-01,2.190901041030883789e+00,-8.029422163963317871e-01,-1.047992467880249023e+00,-5.756764207035303116e-03,-1.662872791290283203e+00,8.951404094696044922e-01,-7.717806100845336914e-01,2.583035528659820557e-01,6.184419989585876465e-01,2.537827253341674805e+00,-2.495028257369995117e+00,4.002667367458343506e-01,-1.773630142211914062e+00,-8.668605089187622070e-01,7.627060413360595703e-01,-2.754819095134735107e-01,1.488318204879760742e+00,7.314195632934570312e-01,-1.040130257606506348e+00,1.311602234840393066e+00,-1.449988842010498047e+00
2.665629386901855469e-01,-7.334607839584350586e-01,-5.642409436404705048e-03,6.064096689224243164e-01,2.104812383651733398e+00,1.271788924932479858e-01,1.180732529610395432e-02,1.001276254653930664e+00,3.792210221290588379e-01,-1.163257732987403870e-01,-2.043505907058715820e-01,8.339846879243850708e-02,-1.281004548072814941e+00,-1.174351349472999573e-01,-4.772405624389648438e-01,-7.078453302383422852e-01,-1.974481701850891113e+00,-1.296230077743530273e+00,5.011858046054840088e-02,-2.504264593124389648e+00,-9.885948896408081055e-01,-1.781455278396606445e+00,-7.804403901100158691e-01,6.850798130035400391e-01,-1.038977429270744324e-01,1.796587586402893066e+00,-1.070536255836486816e+00,-1.090509533882141113e+00,-3.129706084728240967e-01,-1.418712377548217773e+00,6.987776756286621094e-01,-1.048315405845642090e+00,7.072106003761291504e-01,-1.364631295204162598e+00,-1.925874315202236176e-02,-3.062773644924163818e-01,1.200499296188354492e+00,-1.796416491270065308e-01,-2.269599437713623047e+00,1.865247011184692383e+00,1.600957274436950684e+00,1.034055590629577637e+00,5.959910750389099121e-01,-8.648810386657714844e-01,8.570076823234558105e-01,7.680621743202209473e-01,1.247390955686569214e-01,-1.848275780677795410e+00,-1.215274780988693237e-01,5.506159663200378418e-01,1.391050338745117188e+00,2.491068094968795776e-02,-3.662127554416656494e-01,4.330343380570411682e-02,-4.558789432048797607e-01,6.541146636009216309e-01,-1.740299910306930542e-02,-1.532288491725921631e-01,-3.441211581230163574e-01,-8.344495892524719238e-01,-1.368045926094055176e+00,-1.772939801216125488e+00,-4.287976026535034180e-01,-6.254602670669555664e-01,-2.582189440727233887e-01,-1.158704310655593872e-01,-3.692480921745300293e-01,-2.492997944355010986e-01,3.808819949626922607e-01,2.480894625186920166e-01,-9.703359603881835938e-01,-5.267596244812011719e-01,-1.068798422813415527e+00,-2.610129714012145996e-01,4.834965467453002930e-01,2.376501798629760742e+00,-2.634568512439727783e-01,-5.373146533966064453e-01,8.140782117843627930e-01,-8.501165509223937988e-01,2.128476619720458984e+00,8.274514675140380859e-01,1.722328305244445801e+00,-8.222481012344360352e-01,1.886990517377853394e-01,6.407310366630554199e-01,1.439218521118164062e+00,-7.351163029670715332e-01,3.287246823310852051e-01,-1.412959247827529907e-01,-6.655271649360656738e-01,-6.242113113403320312e-01,1.250097304582595825e-01,-4.270838499069213867e-01,-1.042806386947631836e+00,4.433055222034454346e-01,-9.464028477668762207e-01,6.580784916877746582e-01,-1.051583170890808105e+00,-5.626084208488464355e-01
-8.748958706855773926e-01,5.652379989624023438e-01,-1.126051768660545349e-01,-1.059171080589294434e+00,1.263709664344787598e+00,-9.235342144966125488e-01,1.715425215661525726e-02,-9.282039403915405273e-01,3.905220925807952881e-01,6.152346134185791016e-01,-8.384818434715270996e-01,-9.635950326919555664e-01,-7.507520914077758789e-01,2.420756407082080841e-02,8.997756242752075195e-01,-2.470155477523803711e+00,1.485239148139953613e+00,9.080374240875244141e-01,-1.654581189155578613e+00,-1.241193637251853943e-01,-7.351979613304138184e-01,6.045227646827697754e-01,1.266123414039611816e+00,2.696885466575622559e-01,2.950728237628936768e-01,-6.811879277229309082e-01,-6.167755126953125000e-01,-2.087612867355346680e+00,9.367109537124633789e-01,5.538096427917480469e-01,-5.201548337936401367e-01,-5.632404088973999023e-01,-7.862407565116882324e-01,-2.547598123550415039e+00,1.776887625455856323e-01,1.555348634719848633e+00,-1.821367263793945312e+00,-9.465374946594238281e-01,9.790151119232177734e-01,1.041459798812866211e+00,7.868486642837524414e-01,2.343758195638656616e-02,-1.160535514354705811e-01,8.434591293334960938e-01,9.215169548988342285e-01,9.874069131910800934e-03,-1.615889072418212891e-01,-6.985430121421813965e-01,7.279800772666931152e-01,-2.865691781044006348e-01,-1.081740617752075195e+00,1.059861421585083008e+00,1.262464374303817749e-01,-7.045859694480895996e-01,1.045980602502822876e-01,-4.471267387270927429e-02,-8.139907121658325195e-01,1.787312746047973633e+00,1.820451319217681885e-01,-3.407219052314758301e-01,1.165622770786285400e-01,7.227004170417785645e-01,-2.251548051834106445e+00,-4.213919639587402344e-01,-2.737075388431549072e-01,-8.726765960454940796e-02,1.131809830665588379e+00,-1.124557614326477051e+00,-5.521219968795776367e-01,-4.548636078834533691e-01,2.567382097244262695e+00,1.048620566725730896e-01,6.855024695396423340e-01,3.229213953018188477e-01,-5.711941719055175781e-01,-4.831169843673706055e-01,-1.195083022117614746e+00,8.543568253517150879e-01,-2.315582752227783203e+00,-8.580341935157775879e-01,6.652857065200805664e-01,1.659650206565856934e+00,-2.074555158615112305e+00,-1.810224890708923340e+00,1.747763007879257202e-01,9.490442276000976562e-01,-1.181104592978954315e-02,3.163954734802246094e+00,-7.135692983865737915e-02,-6.583560109138488770e-01,6.046483516693115234e-01,-2.311920970678329468e-01,-9.460258483886718750e-02,-1.383581995964050293e+00,2.186994999647140503e-01,7.966586351394653320e-01,6.159754097461700439e-02,2.485154390335083008e+00,-4.826310276985168457e-01,1.025249719619750977e+00
-1.168585896492004395e+00,-2.025192081928253174e-01,-7.520973682403564453e-01,9.189810752868652344e-01,-9.055984616279602051e-01,-1.439896672964096069e-01,4.532105922698974609e-01,8.248986601829528809e-01,-8.999484181404113770e-01,-1.103706121444702148e+00,3.867367804050445557e-01,9.953479766845703125e-01,1.069408208131790161e-01,2.080901622772216797e+00,4.383204877376556396e-01,-1.450896739959716797e+00,1.021727919578552246e+00,-1.246811628341674805e+00,1.670554578304290771e-01,-7.341369986534118652e-02,-6.632350087165832520e-01,-1.442188858985900879e+00,4.348550140857696533e-01,-3.764140978455543518e-02,-4.564712047576904297e-01,-7.237123250961303711e-01,6.414622068405151367e-02,-3.725768998265266418e-02,3.811393976211547852e-01,-4.855232834815979004e-01,1.949678510427474976e-01,8.901367783546447754e-01,7.656992673873901367e-01,-9.218591451644897461e-01,-1.209667921066284180e+00,5.109056830406188965e-02,4.639974236488342285e-01,1.581586599349975586e-01,4.001859724521636963e-01,6.377990543842315674e-02,-2.209411621093750000e+00,9.484316110610961914e-01,-9.225396513938903809e-01,1.098634004592895508e+00,-3.047645390033721924e-01,5.071974396705627441e-01,-3.100385665893554688e-01,7.776773571968078613e-01,-1.833306252956390381e-01,-1.671708345413208008e+00,-4.099321365356445312e-01,-6.014431118965148926e-01,-3.846610337495803833e-02,1.495430152863264084e-02,8.940051794052124023e-01,-1.959203630685806274e-01,-7.623431086540222168e-01,-3.135266602039337158e-01,3.613328188657760620e-02,-1.444134235382080078e+00,2.713095545768737793e-01,6.753001362085342407e-03,-2.540486752986907959e-01,7.299775481224060059e-01,7.466096878051757812e-01,-2.289856195449829102e+00,-7.678729295730590820e-01,-1.448045492172241211e+00,1.113367557525634766e+00,5.101384520530700684e-01,5.956065058708190918e-01,3.540829420089721680e-01,2.867774106562137604e-02,6.218847036361694336e-01,-9.778029322624206543e-01,-2.236109077930450439e-01,1.155197262763977051e+00,-1.754920482635498047e+00,-5.338901653885841370e-02,3.517911434173583984e-01,-5.756111443042755127e-02,1.064164340496063232e-01,-2.135882854461669922e+00,5.602018237113952637e-01,-2.247748613357543945e+00,9.328118562698364258e-01,-1.000292778015136719e+00,-9.952558875083923340e-01,-6.519767642021179199e-01,3.135318160057067871e-01,-1.905454099178314209e-01,3.640170767903327942e-02,-4.286880791187286377e-01,6.189730167388916016e-01,7.741342782974243164e-01,-4.278326630592346191e-01,-6.744227409362792969e-01,1.465450227260589600e-01,-2.943565130233764648e+00,-1.315838992595672607e-01
-9.020313024520874023e-01,-1.516229629516601562e+00,-3.536049127578735352e-01,4.223725497722625732e-01,3.645300120115280151e-02,-5.167009234428405762e-01,-4.679398834705352783e-01,-3.202537596225738525e-01,-1.512559354305267334e-01,2.026161432266235352e+00,-2.111382722854614258e+00,1.052026152610778809e+00,1.734636783599853516e+00,-1.687031984329223633e-02,-7.381927371025085449e-01,1.114088296890258789e+00,-2.003061532974243164e+00,1.463596343994140625e+00,4.914301931858062744e-01,-1.492480158805847168e+00,-1.345884084701538086e+00,9.567383527755737305e-01,2.370744943618774414e+00,-5.576452612876892090e-01,-1.957512259483337402e+00,-9.544093012809753418e-01,-7.946700602769851685e-02,-7.371547222137451172e-01,-5.605906248092651367e-01,2.741886079311370850e-01,5.791195854544639587e-02,2.000724792480468750e+00,-1.472227692604064941e+00,5.202475786209106445e-01,-3.391633927822113037e-01,-5.429540276527404785e-01,-1.445811271667480469e+00,-2.865307033061981201e-01,-1.328134894371032715e+00,8.365745544433593750e-01,7.819513678550720215e-01,-7.395352125167846680e-01,-1.566184520721435547e+00,6.990586519241333008e-01,-6.130340099334716797e-01,5.972318649291992188e-01,5.889208316802978516e-01,6.550142765045166016e-01,1.255432367324829102e-01,1.937799215316772461e+00,1.311606407165527344e+00,-3.579292297363281250e-01,4.455987736582756042e-02,2.490789175033569336e+00,1.690161228179931641e+00,-4.316862523555755615e-01,1.432238698005676270e+00,-5.963304042816162109e-01,-5.445201396942138672e-01,1.302802413702011108e-01,-9.632158279418945312e-01,-1.436029225587844849e-01,1.943363547325134277e+00,3.647020459175109863e-02,3.022728860378265381e-01,1.163371726870536804e-01,6.052564382553100586e-01,-1.088102627545595169e-02,-4.359986484050750732e-01,-1.447841286659240723e+00,8.598058819770812988e-01,4.276532828807830811e-01,9.725614786148071289e-01,5.942150354385375977e-01,-1.065940503031015396e-02,1.568626016378402710e-01,-2.631664037704467773e+00,9.009138345718383789e-01,-8.519592881202697754e-01,2.980053797364234924e-02,2.637422084808349609e-01,-5.725385546684265137e-01,5.486565828323364258e-02,1.317927479743957520e+00,5.982785820960998535e-01,9.393901228904724121e-01,5.529584884643554688e-01,-6.094807982444763184e-01,5.695906281471252441e-01,-9.261120557785034180e-01,-9.068464636802673340e-01,-2.632803678512573242e+00,1.617036223411560059e+00,-8.897674083709716797e-01,6.577821969985961914e-01,-2.003972291946411133e+00,-6.446245312690734863e-01,3.032120168209075928e-01,7.212659716606140137e-01,-7.207939624786376953e-01
9.069755673408508301e-01,8.335254788398742676e-01,-3.188809752464294434e-01,5.781692862510681152e-01,-5.861679315567016602e-01,-1.739647865295410156e+00,-1.512655913829803467e-01,8.624706864356994629e-01,-2.102881431579589844e+00,-1.638929128646850586e+00,-1.574354648590087891e+00,1.883274674415588379e+00,-2.394156008958816528e-01,1.500928163528442383e+00,8.505973815917968750e-01,-2.545180730521678925e-02,-1.756367236375808716e-01,-3.741883933544158936e-01,-1.329594731330871582e+00,-1.234075427055358887e+00,1.422508209943771362e-01,-4.906612634658813477e-01,-9.814411997795104980e-01,-1.508081436157226562e+00,1.286060929298400879e+00,-9.227033257484436035e-01,-1.931202769279479980e+00,4.750711470842361450e-02,3.901216685771942139e-01,1.859084814786911011e-01,-1.393410563468933105e+00,-1.716284871101379395e+00,-6.402195096015930176e-01,-3.990224003791809082e-02,1.316454529762268066e+00,-1.886225864291191101e-02,-2.167624682188034058e-01,-3.093948066234588623e-01,-4.922294616699218750e-01,-2.101847171783447266e+00,7.773449420928955078e-01,6.885830163955688477e-01,3.397774994373321533e-01,5.411133170127868652e-01,5.679208040237426758e-01,9.084316492080688477e-01,-1.246270060539245605e+00,-2.294904552400112152e-02,-1.345838427543640137e+00,3.582992851734161377e-01,-3.572052717208862305e-01,2.604100406169891357e-01,-1.294425725936889648e+00,6.284927129745483398e-01,5.440076589584350586e-01,-1.176069736480712891e+00,7.664839625358581543e-01,6.792972683906555176e-01,-2.478846460580825806e-01,8.472334742546081543e-01,5.341745018959045410e-01,1.527850180864334106e-01,4.853607118129730225e-01,2.000598460435867310e-01,9.572989493608474731e-02,-9.751369953155517578e-01,3.069847226142883301e-01,-6.599176526069641113e-01,-2.348350048065185547e+00,1.583620533347129822e-02,-7.589126229286193848e-01,-1.389683127403259277e+00,1.034864425659179688e+00,-6.574098467826843262e-01,1.507331848144531250e+00,-1.334839314222335815e-01,1.550987958908081055e-01,1.089217662811279297e+00,1.570793986320495605e+00,6.517540812492370605e-01,3.160657882690429688e-01,-1.209420084953308105e+00,7.232400774955749512e-01,1.491494297981262207e+00,1.610236048698425293e+00,-7.402958869934082031e-01,1.298032402992248535e+00,1.351588249206542969e+00,-1.442999243736267090e+00,1.237386241555213928e-01,-3.380371332168579102e-01,-2.401515990495681763e-01,2.941800057888031006e-01,-1.880890488624572754e+00,-2.561379671096801758e-01,-1.242210268974304199e-01,7.602919936180114746e-01,-9.952256083488464355e-01,1.410745739936828613e+00,-3.892048299312591553e-01
7.260217070579528809e-01,-1.182654350996017456e-01,4.030584990978240967e-01,8.133270740509033203e-01,2.067946672439575195e+00,-1.220989227294921875e+00,1.068430662155151367e+00,-1.948735833168029785e+00,7.270956635475158691e-01,7.559529542922973633e-01,3.448345512151718140e-02,-9.132794737815856934e-01,-1.223899722099304199e+00,5.362118482589721680e-01,-2.619309425354003906e-01,-1.920722424983978271e-01,-1.741745710372924805e+00,2.211400568485260010e-01,1.457572728395462036e-01,-9.125599861145019531e-01,-3.265953361988067627e-01,1.303092837333679199e+00,-1.301352024078369141e+00,-6.143547296524047852e-01,-6.038573384284973145e-01,-1.055650711059570312e+00,-3.517209291458129883e-01,-6.091583371162414551e-01,5.309801101684570312e-01,1.515253663063049316e+00,-7.836553454399108887e-01,-2.283531904220581055e+00,-4.692755341529846191e-01,-1.062660455703735352e+00,8.061608076095581055e-01,-1.121601343154907227e+00,-3.187114745378494263e-02,1.207989811897277832e+00,-9.241514801979064941e-01,-2.019176006317138672e+00,1.869397163391113281e+00,8.155827522277832031e-01,-1.016169071197509766e+00,1.346268773078918457e+00,4.562445580959320068e-01,1.132494688034057617e+00,-9.305702447891235352e-01,2.943774223327636719e+00,7.846623659133911133e-01,-3.024494349956512451e-01,2.719789147377014160e-01,-2.409216314554214478e-01,1.862517714500427246e+00,-4.856447130441665649e-02,-1.223972737789154053e-01,-1.925243258476257324e+00,4.893340766429901123e-01,-4.933034479618072510e-01,-7.124715447425842285e-01,-1.103130817413330078e+00,9.585284590721130371e-01,-1.288242697715759277e+00,-5.105876326560974121e-01,-8.714514374732971191e-01,-7.801865339279174805e-01,-1.166131615638732910e+00,6.558090448379516602e-01,1.274304986000061035e+00,-3.413628935813903809e-01,-1.004625082015991211e+00,-5.518276095390319824e-01,-7.039135098457336426e-01,-6.589406728744506836e-01,-8.677535653114318848e-01,6.716333031654357910e-01,-1.251820206642150879e+00,-5.203079581260681152e-01,-7.330868840217590332e-01,-1.026969552040100098e+00,4.992639124393463135e-01,1.232333540916442871e+00,3.601947724819183350e-01,-1.645110249519348145e+00,-2.009260356426239014e-01,2.773866653442382812e-01,1.158681511878967285e+00,6.870166212320327759e-02,-3.029192388057708740e-01,-2.111940085887908936e-01,-3.929260969161987305e-01,1.310722231864929199e+00,-7.536067962646484375e-01,8.211869001388549805e-01,3.364666998386383057e-01,-6.302051544189453125e-01,7.959011942148208618e-03,-1.305868983268737793e+00,1.704827845096588135e-01,-1.292572021484375000e+00,1.841175556182861328e-01
1.405256539583206177e-01,-2.227901220321655273e-01,2.409789264202117920e-01,7.247466444969177246e-01,7.441859245300292969e-01,-3.456176817417144775e-01,-2.460193121805787086e-03,-1.267139911651611328e+00,-1.695895671844482422e+00,3.860428631305694580e-01,1.110212326049804688e+00,-7.852311134338378906e-01,1.375099778175354004e+00,9.520916342735290527e-01,-8.064231872558593750e-01,1.567021846771240234e+00,1.972040683031082153e-01,2.584905130788683891e-03,-8.202778697013854980e-01,-6.427316926419734955e-03,-1.122211456298828125e+00,-1.244766235351562500e+00,5.649484321475028992e-02,2.691913843154907227e-01,-6.296079605817794800e-02,-2.064066410064697266e+00,-1.530861139297485352e+00,-5.374913811683654785e-01,4.388582706451416016e-02,-2.757463455200195312e-01,-1.002743959426879883e+00,-8.234990835189819336e-01,-4.054191231261938810e-05,-1.356382012367248535e+00,3.369383215904235840e-01,-1.467546820640563965e+00,-2.268262863159179688e+00,3.340688049793243408e-01,-1.563805937767028809e+00,-1.468151360750198364e-01,6.950376629829406738e-01,2.305180132389068604e-01,-1.391480565071105957e-01,1.418742537498474121e+00,-1.201663255691528320e+00,1.730008572340011597e-01,-8.023111820220947266e-01,-4.077678918838500977e-01,-1.448205471038818359e+00,1.061798095703125000e+00,1.052733883261680603e-01,1.398714780807495117e-01,-1.556553125381469727e+00,-4.374483525753021240e-01,-1.096165180206298828e+00,6.011548042297363281e-01,8.485186696052551270e-01,3.684834763407707214e-02,-5.045208334922790527e-01,-1.276003479957580566e+00,9.906402230262756348e-01,9.047386050224304199e-01,-1.043434619903564453e+00,-2.257337570190429688e+00,-6.267295479774475098e-01,1.527648448944091797e+00,-5.320453047752380371e-01,-6.741549968719482422e-01,-4.681240320205688477e-01,-1.450673639774322510e-01,-4.744941294193267822e-01,5.197502970695495605e-01,-9.283270239830017090e-01,-1.003812074661254883e+00,5.011866092681884766e-01,-8.965334892272949219e-01,6.734155416488647461e-01,7.233443856239318848e-01,-2.836809754371643066e-01,-3.619454503059387207e-01,3.112591505050659180e-01,-1.921011805534362793e+00,5.323716998100280762e-01,-6.794044971466064453e-01,-7.795752882957458496e-01,7.806925177574157715e-01,-1.642738282680511475e-02,1.845797300338745117e-01,1.458486914634704590e+00,-6.812401860952377319e-02,5.595776438713073730e-01,5.919530987739562988e-02,1.532596468925476074e+00,-1.559668302536010742e+00,-8.991988301277160645e-01,5.277746319770812988e-01,-4.039017558097839355e-01,-1.311884999275207520e+00,-6.938570141792297363e-01,-3.676853179931640625e-01
-5.137013196945190430e-01,3.977561891078948975e-01,-5.516906976699829102e-01,-1.322486758232116699e+00,-1.044252872467041016e+00,-1.027300581336021423e-01,5.308490395545959473e-01,1.165573835372924805e+00,-1.324162721633911133e+00,-1.665603667497634888e-01,-1.559244096279144287e-01,-2.075061351060867310e-01,-1.468703508377075195e+00,1.163358241319656372e-01,-7.058990597724914551e-01,3.344680368900299072e-01,4.364944398403167725e-01,1.885249912738800049e-01,8.398790955543518066e-01,-1.828037947416305542e-01,4.596467316150665283e-01,7.580936551094055176e-01,-3.864870592951774597e-02,3.673582971096038818e-01,-5.525380969047546387e-01,-6.129703521728515625e-01,8.165112137794494629e-01,-1.065154075622558594e+00,8.974927663803100586e-01,1.123836755752563477e+00,1.797640174627304077e-01,1.392184138298034668e+00,3.978869020938873291e-01,8.346185088157653809e-01,2.617509961128234863e-01,-1.208409070968627930e+00,7.584978938102722168e-01,3.811799883842468262e-01,-1.749753952026367188e+00,-1.078515887260437012e+00,-2.165567576885223389e-01,-3.077716350555419922e+00,-1.287067770957946777e+00,-1.252914071083068848e-01,1.283659219741821289e+00,2.390797995030879974e-02,1.025049567222595215e+00,-1.051665544509887695e+00,-4.183528423309326172e-01,-2.248440235853195190e-01,-3.325714170932769775e-01,1.235735416412353516e+00,-9.092302918434143066e-01,5.402745008468627930e-01,-9.696356654167175293e-01,9.334478378295898438e-01,5.314676165580749512e-01,-8.390146493911743164e-01,6.061576604843139648e-01,-4.037914276123046875e-01,8.972078561782836914e-01,-1.901927113533020020e+00,-1.063142895698547363e+00,-6.600953936576843262e-01,1.019477844238281250e-01,7.088369727134704590e-01,1.643397331237792969e+00,6.867821812629699707e-01,-9.591997265815734863e-01,2.370985299348831177e-01,6.333056688308715820e-01,1.269331872463226318e-01,-3.627040386199951172e-01,1.834838509559631348e+00,1.736267328262329102e+00,-2.321838140487670898e+00,-1.011045351624488831e-01,1.097125768661499023e+00,-1.215954646468162537e-01,-2.182857036590576172e+00,-1.021090984344482422e+00,-5.891934037208557129e-01,1.282249808311462402e+00,1.871304631233215332e+00,-9.041872620582580566e-01,-1.840972781181335449e+00,9.874702095985412598e-01,2.463417530059814453e+00,3.177103102207183838e-01,2.171380281448364258e+00,1.435110330581665039e+00,-2.366590499877929688e-01,2.325857877731323242e-01,-6.195005774497985840e-02,-7.372404336929321289e-01,1.569078564643859863e+00,7.752397656440734863e-01,2.531479597091674805e-01,-1.231178045272827148e+00,-1.594324231147766113e+00
-1.325994253158569336e+00,-3.810430765151977539e-01,-7.853273153305053711e-01,-4.544809460639953613e-01,2.137324571609497070e+00,-1.825393885374069214e-01,-1.572113752365112305e+00,5.665922164916992188e-01,-4.177684485912322998e-01,2.724082171916961670e-01,-6.635110974311828613e-01,4.957328140735626221e-01,-2.715397119522094727e+00,4.734819531440734863e-01,-1.941482275724411011e-01,-6.759403944015502930e-01,-3.228772282600402832e-01,6.255611777305603027e-02,-5.068110823631286621e-01,3.396044075489044189e-01,2.033281922340393066e-01,-5.864864587783813477e-01,5.894363522529602051e-01,-6.880196332931518555e-01,1.773585081100463867e-01,-5.425389409065246582e-01,-8.704240918159484863e-01,1.176357507705688477e+00,-6.895955801010131836e-01,1.327863693237304688e+00,5.115481019020080566e-01,1.432600170373916626e-01,-6.910413503646850586e-01,-3.577222526073455811e-01,3.153257966041564941e-01,-1.094314932823181152e+00,-3.807655572891235352e-01,-1.951008081436157227e+00,-9.437804222106933594e-01,1.320522785186767578e+00,2.786563038825988770e-01,-8.140612244606018066e-01,-1.481280446052551270e+00,-9.980791211128234863e-01,1.969907999038696289e+00,-1.249482035636901855e+00,2.899985015392303467e-01,-1.721161127090454102e+00,1.137532114982604980e+00,1.095052242279052734e+00,1.325379014015197754e+00,2.126373052597045898e+00,2.898856699466705322e-01,6.501507163047790527e-01,3.529635444283485413e-02,-7.163506746292114258e-01,-1.270255446434020996e+00,2.544668197631835938e+00,4.342833161354064941e-01,5.615662932395935059e-01,-7.040140032768249512e-01,-3.939495086669921875e-01,5.593981146812438965e-01,-7.116173505783081055e-01,5.855654552578926086e-02,3.157761693000793457e-01,6.886321306228637695e-01,1.106817126274108887e-01,-3.360433578491210938e-01,2.775281965732574463e-01,5.561688542366027832e-01,-1.201871871948242188e+00,1.336877942085266113e+00,1.090780854225158691e+00,-6.171796917915344238e-01,4.217321276664733887e-01,7.242996096611022949e-01,4.172364473342895508e-01,5.729666948318481445e-01,9.291133880615234375e-01,-6.680743768811225891e-03,-1.840895771980285645e+00,-5.238102078437805176e-01,-1.808224439620971680e+00,2.047461420297622681e-01,1.413428664207458496e+00,-1.242848783731460571e-01,1.039953351020812988e+00,-4.390113353729248047e-01,9.350520968437194824e-01,-7.433723211288452148e-01,1.233123898506164551e+00,-1.912783682346343994e-01,-1.086025595664978027e+00,-7.582593709230422974e-02,-8.722791820764541626e-02,4.600280523300170898e-01,-1.539477705955505371e+00,2.499081939458847046e-01,-1.935977458953857422e+00
-3.834031522274017334e-01,4.604069590568542480e-01,-6.337962299585342407e-02,4.106362462043762207e-01,-6.672675162553787231e-02,2.449229478836059570e+00,1.414572834968566895e+00,-5.897179991006851196e-02,-4.407330155372619629e-01,-2.115618288516998291e-01,1.515183448791503906e+00,7.288866043090820312e-01,2.120357751846313477e+00,8.132103085517883301e-01,3.717312514781951904e-01,-7.046018838882446289e-01,-8.168307542800903320e-01,-1.971056103706359863e+00,7.530827522277832031e-01,-1.811214685440063477e+00,-3.094041347503662109e-01,-2.823302984237670898e+00,1.064423799514770508e+00,-1.555455923080444336e-01,-1.257052302360534668e+00,-2.307852029800415039e+00,-2.364634424448013306e-01,2.824537158012390137e-01,-1.044028878211975098e+00,-9.292504936456680298e-02,-5.811158418655395508e-01,-4.572059214115142822e-01,-6.244995445013046265e-02,-5.418649315834045410e-01,7.582545280456542969e-01,-1.037511825561523438e+00,-7.075393199920654297e-01,6.941245794296264648e-01,1.244063735008239746e+00,-1.641863584518432617e-01,-1.517884731292724609e+00,-4.077966809272766113e-01,2.837638854980468750e-01,-1.258023262023925781e+00,-9.635040163993835449e-01,5.893460512161254883e-01,9.493305087089538574e-01,-6.049822568893432617e-01,-3.804259300231933594e-01,-3.215242862701416016e+00,2.905896902084350586e+00,5.057320371270179749e-02,2.885194718837738037e-01,-6.050254106521606445e-01,3.583039641380310059e-01,9.232228994369506836e-01,4.583253860473632812e-01,-6.457248330116271973e-01,-1.430920064449310303e-01,4.083800017833709717e-01,2.646525800228118896e-01,2.295377105474472046e-01,2.287525892257690430e+00,-8.859447836875915527e-01,-7.057972252368927002e-02,-5.895197987556457520e-01,-6.993436068296432495e-02,-3.600584268569946289e-01,3.672998845577239990e-01,4.502003267407417297e-02,-9.687566757202148438e-02,1.201167464256286621e+00,-2.704176008701324463e-01,1.961944341659545898e+00,1.646556138992309570e+00,-1.483454823493957520e+00,9.337704777717590332e-01,-2.181663990020751953e+00,-1.658845067024230957e+00,1.838140636682510376e-01,1.085332751274108887e+00,-1.321666121482849121e+00,-1.684596687555313110e-01,-2.983747422695159912e-01,-7.180736660957336426e-01,-1.348483562469482422e-01,-1.016604065895080566e+00,1.835173130035400391e+00,2.439064979553222656e-01,6.527041792869567871e-01,-6.193447113037109375e-01,-5.687031745910644531e-01,-6.373390555381774902e-01,3.527867496013641357e-01,-9.664122015237808228e-02,-1.407897830009460449e+00,-1.228112816810607910e+00,-1.358484148979187012e+00,-1.006507992744445801e+00,4.011487364768981934e-01
3.766264021396636963e-01,8.129325509071350098e-01,1.460065126419067383e+00,-1.466267704963684082e-01,-7.647792100906372070e-01,-3.680657148361206055e-01,2.257353812456130981e-01,1.318408489227294922e+00,-5.030302405357360840e-01,-1.838388681411743164e+00,-6.950575709342956543e-01,2.063193917274475098e-01,-1.708147048950195312e+00,-8.244727849960327148e-01,1.083421707153320312e+00,-8.209277391433715820e-01,-6.897251605987548828e-01,4.288155138492584229e-01,6.513155698776245117e-01,8.018214702606201172e-01,-1.166782498359680176e+00,9.036970138549804688e-01,1.405747085809707642e-01,3.334477543830871582e-01,-2.466982789337635040e-02,-4.109958708286285400e-01,5.500075817108154297e-01,-1.456180065870285034e-01,-6.673283576965332031e-01,5.535368323326110840e-01,1.377990126609802246e+00,1.995780944824218750e+00,-1.143786668777465820e+00,1.753654927015304565e-01,1.339651823043823242e+00,6.853221654891967773e-01,-1.099162817001342773e+00,3.412456214427947998e-01,-1.566061563789844513e-02,-2.453718423843383789e+00,3.049026057124137878e-02,-4.719809889793395996e-01,-1.277280747890472412e-01,2.166678430512547493e-03,6.702921986579895020e-01,-1.747408211231231689e-01,-1.165289282798767090e+00,-5.509175658226013184e-01,1.011345267295837402e+00,4.888850450515747070e-01,7.112198472023010254e-01,8.952637314796447754e-01,7.633809447288513184e-01,-1.015308618545532227e+00,-3.430196046829223633e-01,-1.822277665138244629e+00,-6.321213245391845703e-01,4.977637231349945068e-01,1.087795853614807129e+00,8.483871817588806152e-02,9.953497350215911865e-02,1.345762968063354492e+00,3.100959956645965576e-01,7.122477889060974121e-01,4.836513698101043701e-01,-6.742864847183227539e-01,-4.424858987331390381e-01,-7.001866400241851807e-02,-1.074947595596313477e+00,-1.867010712623596191e+00,-1.233662441372871399e-01,1.730354547500610352e+00,1.228939890861511230e+00,5.009858608245849609e-01,1.481367349624633789e+00,-2.465683966875076294e-01,2.066341787576675415e-01,-9.875756502151489258e-01,-4.299712181091308594e-01,1.799136161804199219e+00,-1.164213180541992188e+00,-4.514511227607727051e-01,-1.123775839805603027e+00,1.379989683628082275e-01,2.304538488388061523e-01,7.104814052581787109e-01,5.730484127998352051e-01,-4.380885064601898193e-01,-7.707014083862304688e-01,-7.409346103668212891e-01,7.932456731796264648e-01,-6.288999319076538086e-01,-7.039204239845275879e-01,2.104445248842239380e-01,1.109173059463500977e+00,6.190953850746154785e-01,-1.182884126901626587e-01,-3.364521563053131104e-01,-1.007479906082153320e+00,5.932625755667686462e-02
-5.116055011749267578e-01,-9.864106178283691406e-01,-5.356925725936889648e-01,1.457788467407226562e+00,9.041399359703063965e-01,-1.287980079650878906e+00,-1.672751307487487793e-01,-7.680216431617736816e-01,2.107503563165664673e-01,1.056321024894714355e+00,-3.287994861602783203e-01,-1.606996178627014160e+00,1.699580073356628418e+00,-7.740921527147293091e-02,1.086803436279296875e+00,-1.690842390060424805e+00,-1.826087385416030884e-01,-8.141814731061458588e-03,4.780299365520477295e-01,-2.417605370283126831e-01,3.407887220382690430e-01,6.221463680267333984e-01,6.430163383483886719e-01,-1.662210822105407715e-01,3.686395883560180664e-01,-5.231415033340454102e-01,1.045934438705444336e+00,4.730612635612487793e-01,-6.223344802856445312e-01,-3.524889647960662842e-01,-1.658982038497924805e-01,-3.360308110713958740e-01,2.484468370676040649e-01,1.172530412673950195e+00,5.908026099205017090e-01,-2.900580763816833496e-01,7.059303522109985352e-01,-5.285380482673645020e-01,-1.208592534065246582e+00,-4.399947226047515869e-01,-1.129233002662658691e+00,-3.437705934047698975e-01,1.146399497985839844e+00,-2.557986974716186523e-01,-9.956899285316467285e-01,3.417743146419525146e-01,1.584040045738220215e+00,-1.723804354667663574e+00,9.117524623870849609e-01,-1.000441074371337891e+00,-1.183956384658813477e+00,-2.902057766914367676e-01,1.347591996192932129e+00,1.764650344848632812e+00,-7.906040549278259277e-01,1.973357915878295898e+00,6.728057265281677246e-01,-6.669331789016723633e-01,-1.126996755599975586e+00,-7.453379034996032715e-01,-1.924168109893798828e+00,-1.953003525733947754e+00,5.479514226317405701e-02,1.145832419395446777e+00,-4.312334060668945312e-01,1.152978613972663879e-01,-2.260340899229049683e-01,-2.148804962635040283e-01,9.436914324760437012e-01,-2.901619076728820801e-01,6.193362474441528320e-01,2.213451415300369263e-01,-8.449562788009643555e-01,6.721599102020263672e-01,-5.363178849220275879e-01,4.714921414852142334e-01,-9.631681442260742188e-01,-1.813848614692687988e+00,5.519569516181945801e-01,-1.054777622222900391e+00,-2.109986305236816406e+00,1.095888376235961914e+00,-3.412173390388488770e-01,7.111977934837341309e-01,1.102597415447235107e-01,1.178857088088989258e+00,2.014887630939483643e-01,6.161063909530639648e-01,5.372637510299682617e-01,-3.721194267272949219e-01,1.058770775794982910e+00,3.591101467609405518e-01,-5.343530774116516113e-01,1.420197844505310059e+00,-7.823841571807861328e-01,-2.920749187469482422e-01,1.310374855995178223e+00,1.648395776748657227e+00,-1.291502565145492554e-01,2.500366866588592529e-01
-6.244220137596130371e-01,-4.650718867778778076e-01,1.093091145157814026e-01,-5.039070248603820801e-01,-7.481886744499206543e-01,-8.299747109413146973e-01,1.127020359039306641e+00,7.280421257019042969e-01,1.444274187088012695e+00,-1.010904312133789062e+00,-8.784332871437072754e-01,-9.996876120567321777e-01,-1.486212253570556641e+00,8.110125064849853516e-01,1.388656347990036011e-01,-4.827465415000915527e-01,-1.772727668285369873e-01,-8.179299831390380859e-01,-3.675410896539688110e-02,9.514405727386474609e-01,4.641032516956329346e-01,-9.170138239860534668e-01,-4.899948835372924805e-01,1.022862076759338379e+00,-4.964098334312438965e-01,-1.825358718633651733e-01,7.605730891227722168e-01,1.902974694967269897e-01,5.090483427047729492e-01,8.472451567649841309e-01,2.539131045341491699e-01,-7.244244217872619629e-01,-1.445184350013732910e+00,-1.231467485427856445e+00,8.602876067161560059e-01,-1.816792637109756470e-01,-3.503221273422241211e-02,-1.547304540872573853e-01,-7.571172118186950684e-01,8.585578799247741699e-01,-2.226925045251846313e-01,8.298531770706176758e-01,-1.381722211837768555e+00,-1.688734412193298340e+00,-1.848017930984497070e+00,-5.948677286505699158e-02,-1.431726455688476562e+00,-8.719804286956787109e-01,9.522031545639038086e-01,3.553513586521148682e-01,-9.315001368522644043e-01,-1.191441044211387634e-01,-1.158813714981079102e+00,-1.347324345260858536e-02,-6.026490330696105957e-01,-1.589594364166259766e+00,-2.628131806850433350e-01,9.756245613098144531e-01,-1.049543261528015137e+00,-2.370696216821670532e-01,8.793421983718872070e-01,-9.958392977714538574e-01,4.510489106178283691e-01,3.028116822242736816e-01,3.482698649168014526e-02,2.851916313171386719e+00,5.824964046478271484e-01,1.041180014610290527e+00,7.439708113670349121e-01,1.404015421867370605e+00,-5.093123912811279297e-01,9.679065346717834473e-01,-2.016789764165878296e-01,1.443008065223693848e+00,-1.896606385707855225e-01,9.150530397891998291e-02,-5.773588418960571289e-01,-2.982617318630218506e-01,1.464258313179016113e+00,-5.419881939888000488e-01,8.898683190345764160e-01,1.426998972892761230e+00,2.033356189727783203e+00,2.206891030073165894e-01,-1.791256070137023926e+00,-7.309333086013793945e-01,6.777363419532775879e-01,6.620000004768371582e-01,-2.783755958080291748e-01,6.480285525321960449e-01,2.132927656173706055e+00,2.992625236511230469e-01,-6.246597170829772949e-01,-9.628177285194396973e-01,5.644282102584838867e-01,-1.240985020995140076e-01,-2.178982973098754883e+00,1.153394699096679688e+00,6.503394246101379395e-02,-8.824825286865234375e-01
-3.948039114475250244e-01,-1.422706723213195801e+00,2.769568264484405518e-01,4.474895894527435303e-01,4.865300059318542480e-01,-9.294854402542114258e-01,-5.334706306457519531e-01,8.514122455380856991e-04,-5.800996422767639160e-01,-1.944916248321533203e+00,-9.335242509841918945e-01,1.288293004035949707e-01,-1.289265513420104980e+00,1.175626665353775024e-01,1.437042593955993652e+00,4.573349058628082275e-01,-2.742372453212738037e-02,5.815972089767456055e-01,1.314358115196228027e+00,2.076993137598037720e-01,-1.722646504640579224e-01,5.080751776695251465e-01,-3.433791697025299072e-01,8.438283205032348633e-01,-4.741140902042388916e-01,-8.159046620130538940e-02,7.566310763359069824e-01,4.281322360038757324e-01,2.049481421709060669e-01,-2.445088475942611694e-01,-4.655629098415374756e-01,6.101263761520385742e-01,-7.952291369438171387e-01,7.868864536285400391e-01,-1.438410282135009766e+00,-3.580576181411743164e-01,1.125361025333404541e-01,-3.180971145629882812e-01,-1.391437888145446777e+00,-4.448446035385131836e-01,-1.405602693557739258e+00,6.629697084426879883e-01,-4.115426912903785706e-02,-8.041722178459167480e-01,-1.491653680801391602e+00,7.156476974487304688e-01,1.117294192314147949e+00,-1.595775336027145386e-01,9.496727585792541504e-01,-7.373008131980895996e-01,3.119602501392364502e-01,-4.087315201759338379e-01,-2.666730880737304688e-01,-1.109930634498596191e+00,1.426807522773742676e+00,-1.872079133987426758e+00,-1.267830252647399902e+00,-6.253705620765686035e-01,9.279824495315551758e-01,-1.247094944119453430e-01,4.894759133458137512e-02,1.026178956031799316e+00,1.755450814962387085e-01,8.574959635734558105e-01,-8.108642101287841797e-01,-1.475778102874755859e+00,1.600634455680847168e+00,6.781179904937744141e-01,1.880470514297485352e+00,1.635510921478271484e+00,-6.785135865211486816e-01,1.651023745536804199e+00,-8.785051703453063965e-01,-6.741095185279846191e-01,3.684731125831604004e-01,8.189592957496643066e-01,-2.467429399490356445e+00,1.033180832862854004e+00,3.200220763683319092e-01,-4.741913378238677979e-01,-4.124013185501098633e-01,-2.131440788507461548e-01,4.673849642276763916e-01,-1.533008217811584473e-01,-2.550198793411254883e+00,7.319850921630859375e-01,-5.367828011512756348e-01,5.634592771530151367e-01,-1.974376201629638672e+00,-3.688392639160156250e-01,2.174987345933914185e-01,-5.410309433937072754e-01,1.102468490600585938e+00,4.460064172744750977e-01,-9.499459266662597656e-01,-1.571212053298950195e+00,4.773797094821929932e-01,-6.340103149414062500e-01,-3.142395615577697754e-01,2.219502776861190796e-01
-1.486364126205444336e+00,-8.614462018013000488e-01,1.871285438537597656e+00,7.028360962867736816e-01,2.113837242126464844e+00,9.530163407325744629e-01,-1.672810673713684082e+00,6.529451012611389160e-01,-3.111837506294250488e-01,-3.218486547470092773e+00,-1.329280436038970947e-02,-1.011511683464050293e+00,-2.312377691268920898e+00,3.526777029037475586e-01,-6.379546523094177246e-01,-2.039428949356079102e-01,1.121496200561523438e+00,1.278127312660217285e+00,2.887172996997833252e-01,-3.812750577926635742e-01,2.125698328018188477e-01,-2.083068132400512695e+00,-9.985056519508361816e-01,3.932679444551467896e-02,1.020001411437988281e+00,9.518873095512390137e-01,9.463422000408172607e-02,-8.910145843401551247e-04,3.898817598819732666e-01,-1.130568504333496094e+00,1.363942503929138184e+00,-1.111757874488830566e+00,-3.290675580501556396e-01,-3.775843679904937744e-01,-8.392769098281860352e-01,1.187948584556579590e+00,-2.887922525405883789e-01,-5.747269988059997559e-01,5.447457432746887207e-01,1.679171770811080933e-01,-1.540300726890563965e+00,-1.161573827266693115e-01,-1.031861782073974609e+00,-6.516148447990417480e-01,4.368937015533447266e-01,-2.302383184432983398e+00,1.303352862596511841e-01,-1.297858357429504395e+00,1.524917483329772949e+00,-1.201163768768310547e+00,3.456959724426269531e-01,5.397922992706298828e-01,-3.008886277675628662e-01,1.828409582376480103e-01,-1.503584742546081543e+00,1.488966345787048340e+00,-2.186909198760986328e+00,1.145156145095825195e+00,-5.485376715660095215e-01,8.846362233161926270e-01,-1.810307383537292480e+00,1.074977874755859375e+00,4.536949098110198975e-01,4.437127411365509033e-01,2.788859605789184570e-01,8.935871124267578125e-01,-1.740953028202056885e-01,6.043416261672973633e-01,-2.065590381622314453e+00,-1.421926915645599365e-01,-1.657430171966552734e+00,-2.630813233554363251e-02,8.474003672599792480e-01,-3.133897781372070312e-01,-5.294540897011756897e-02,-1.377637386322021484e+00,-5.102027058601379395e-01,8.812251687049865723e-01,-2.305220603942871094e+00,-3.045922815799713135e-01,6.413394957780838013e-02,3.770615160465240479e-01,1.293665528297424316e+00,-7.399098277091979980e-01,1.441083073616027832e+00,-1.108424782752990723e+00,-8.727828264236450195e-01,2.894311547279357910e-01,-1.738134473562240601e-01,-7.794865965843200684e-01,4.199828505516052246e-01,7.543318271636962891e-01,3.168693184852600098e-01,-4.866338968276977539e-01,-1.259084820747375488e+00,-6.193729639053344727e-01,-5.643758177757263184e-01,6.482735872268676758e-01,-1.466975569725036621e+00,-3.768261969089508057e-01
-1.270078539848327637e+00,-3.265960514545440674e-01,-4.488940536975860596e-02,-5.548956990242004395e-01,-6.270961165428161621e-01,-3.906176891177892685e-03,-9.029993414878845215e-02,-5.659824609756469727e-01,-9.241860508918762207e-01,-1.906034350395202637e+00,-2.225182205438613892e-01,-8.827689886093139648e-01,2.506672739982604980e-01,-2.528509795665740967e-01,6.387960910797119141e-01,1.116722673177719116e-01,8.253214955329895020e-01,-2.398390293121337891e+00,-1.366032242774963379e+00,-5.729686617851257324e-01,-2.045402765274047852e+00,-2.340032011270523071e-01,9.073134064674377441e-01,-7.597103118896484375e-01,-5.616731643676757812e-01,6.330587863922119141e-01,-4.235421419143676758e-01,-1.783083081245422363e-01,-5.143097639083862305e-01,4.662450030446052551e-02,7.472210526466369629e-01,-4.144615232944488525e-01,7.027062177658081055e-01,2.230368852615356445e-01,-1.059087634086608887e+00,1.152232527732849121e+00,1.641796350479125977e+00,-3.251203298568725586e-01,-1.179737210273742676e+00,-4.576010406017303467e-01,-2.764048099517822266e+00,-5.386617779731750488e-01,-1.027559712529182434e-01,-7.828726172447204590e-01,5.305651202797889709e-02,-9.787790179252624512e-01,-1.416638493537902832e+00,2.171544313430786133e+00,9.967170357704162598e-01,1.394000053405761719e-01,-1.926783442497253418e+00,-1.928828239440917969e+00,-1.580987870693206787e-01,-7.543032169342041016e-01,4.856223165988922119e-01,-1.795025169849395752e-02,1.635403931140899658e-01,-2.219266593456268311e-01,1.267120361328125000e+00,9.959279894828796387e-01,1.565157920122146606e-01,-8.372600674629211426e-01,2.983184814453125000e+00,-4.457775056362152100e-01,-1.312286376953125000e+00,6.477876305580139160e-01,9.421579837799072266e-01,-8.134634047746658325e-02,-1.575386762619018555e+00,1.386327266693115234e+00,1.313492894172668457e+00,1.777981221675872803e-02,-1.216840624809265137e+00,-5.772785842418670654e-02,6.185675859451293945e-01,-5.171575546264648438e-01,-6.389437913894653320e-01,-6.021443605422973633e-01,-1.944299340248107910e+00,-1.101007223129272461e+00,-2.106782436370849609e+00,-4.274200499057769775e-01,-8.124865293502807617e-01,1.171609640121459961e+00,-1.562292426824569702e-01,-2.008753538131713867e+00,-8.245702832937240601e-02,7.924296259880065918e-01,-2.921545803546905518e-01,-9.021415114402770996e-01,-1.421400547027587891e+00,-4.987904429435729980e-02,5.754203796386718750e-01,1.140300035476684570e+00,-8.109375238418579102e-01,5.641360878944396973e-01,1.010830640792846680e+00,9.419701695442199707e-01,-5.309248566627502441e-01,1.502327442169189453e+00
9.924474358558654785e-01,1.356197476387023926e+00,-4.094896614551544189e-01,-4.887145385146141052e-02,-1.801101922988891602e+00,-1.064122676849365234e+00,-9.587386846542358398e-01,2.067969322204589844e+00,1.377115845680236816e+00,-3.705481290817260742e-01,1.446079015731811523e+00,2.342675477266311646e-01,3.484063446521759033e-01,-2.349568903446197510e-02,1.373625636100769043e+00,8.313590288162231445e-01,-1.599064022302627563e-01,2.029640376567840576e-01,3.600297212600708008e+00,-3.024909198284149170e-01,5.155515670776367188e-01,-5.244098901748657227e-01,9.271539002656936646e-02,-9.893941879272460938e-01,-1.573481082916259766e+00,5.760315060615539551e-01,6.678554415702819824e-01,9.846358895301818848e-01,1.409743547439575195e+00,-1.121195435523986816e+00,1.441448211669921875e+00,-3.804324865341186523e-01,-5.022379159927368164e-01,-2.043473869562149048e-01,1.619347929954528809e+00,-4.975141584873199463e-01,1.489846110343933105e+00,-4.160574376583099365e-01,-2.799846231937408447e-01,1.963211745023727417e-01,-1.470048546791076660e+00,-1.060427546501159668e+00,2.147074490785598755e-01,-6.317095756530761719e-01,-2.178550213575363159e-01,-1.721366345882415771e-01,1.633568286895751953e+00,1.393015861511230469e+00,8.354277014732360840e-01,-5.710949897766113281e-01,1.514154434204101562e+00,2.447824001312255859e+00,-1.220216631889343262e+00,-7.787192463874816895e-01,4.471753835678100586e-01,-4.934407770633697510e-01,-1.281076669692993164e+00,6.692102178931236267e-03,-1.971928477287292480e+00,-7.103025913238525391e-01,2.507247924804687500e-01,1.459574222564697266e+00,7.579675912857055664e-01,8.519663214683532715e-01,1.188600063323974609e+00,2.352941751480102539e+00,2.314016580581665039e+00,3.573878407478332520e-01,-2.635201513767242432e-01,-1.833381056785583496e+00,-5.020244121551513672e-01,4.768935590982437134e-02,-6.485375165939331055e-01,5.377110838890075684e-01,-2.853198945522308350e-01,-9.656052589416503906e-01,-2.421434640884399414e+00,-7.458978891372680664e-01,-5.005915164947509766e-01,2.714190185070037842e-01,-1.554214000701904297e+00,1.287796854972839355e+00,-6.599538326263427734e-01,2.657288074493408203e+00,-4.090279936790466309e-01,-9.467713534832000732e-02,2.080689907073974609e+00,1.393010735511779785e+00,1.956665158271789551e+00,1.801781892776489258e+00,-7.058671712875366211e-01,1.750691294670104980e+00,-1.001612544059753418e+00,1.666181802749633789e+00,-2.630784213542938232e-01,1.167932987213134766e+00,-2.791338264942169189e-01,-1.123367786407470703e+00,1.003783226013183594e+00,-8.374354839324951172e-01
1.814345598220825195e+00,-1.038092613220214844e+00,-4.747555032372474670e-02,5.954659581184387207e-01,1.298332095146179199e+00,-1.862033247947692871e+00,-4.486489892005920410e-01,-2.328021764755249023e+00,-2.365007549524307251e-01,2.080633163452148438e+00,-9.949893355369567871e-01,1.005531907081604004e+00,9.015921503305435181e-03,-6.714877486228942871e-01,-1.023520231246948242e+00,-4.098204970359802246e-01,8.951418846845626831e-02,2.989374995231628418e-01,-8.495223708450794220e-03,2.831203341484069824e-01,-1.260408312082290649e-01,-1.585523039102554321e-01,8.653842210769653320e-01,4.601684808731079102e-01,1.536037325859069824e+00,2.786461114883422852e+00,1.912335634231567383e+00,4.391475319862365723e-01,-4.156565666198730469e-01,-5.788894295692443848e-01,8.829556107521057129e-01,2.426095306873321533e-02,-1.644806265830993652e-01,-5.908120870590209961e-01,-7.507386058568954468e-02,-9.169514179229736328e-01,1.820761114358901978e-01,-1.152070403099060059e+00,-8.983146548271179199e-01,-1.432523131370544434e-01,-1.157799482345581055e+00,2.738686203956604004e-01,-5.864037871360778809e-01,-2.421744346618652344e+00,2.148975610733032227e+00,8.176049590110778809e-01,-1.135089159011840820e+00,9.879601001739501953e-01,-1.193249940872192383e+00,-1.290835380554199219e+00,2.211892366409301758e+00,1.229287683963775635e-01,5.889760851860046387e-01,7.085338234901428223e-01,4.522175192832946777e-01,3.044461011886596680e-01,-8.637504279613494873e-02,-4.990542232990264893e-01,1.367846250534057617e+00,-1.501232504844665527e+00,4.325488209724426270e-01,-3.979804813861846924e-01,-5.525195002555847168e-01,2.010155767202377319e-01,-1.446689665317535400e-01,-5.684630870819091797e-01,-1.597845554351806641e-01,-1.980029344558715820e+00,7.018404603004455566e-01,-4.732494950294494629e-01,1.365898489952087402e+00,-6.941587328910827637e-01,-2.941565513610839844e-01,7.955700755119323730e-01,-1.494723796844482422e+00,-1.981836676597595215e+00,1.245791077613830566e+00,-2.552920341491699219e+00,-1.900534033775329590e+00,2.696772217750549316e-01,8.895807899534702301e-03,1.462124288082122803e-01,4.845051467418670654e-01,6.968762874603271484e-01,1.216564536094665527e+00,-1.491017580032348633e+00,5.034716129302978516e-01,-4.178710877895355225e-01,-1.541375160217285156e+00,5.538179874420166016e-01,-2.230795860290527344e+00,-2.831509709358215332e-01,-1.134667634963989258e+00,-1.952270627021789551e+00,7.619965672492980957e-01,-1.458982229232788086e+00,1.055418491363525391e+00,8.096070885658264160e-01,1.195408701896667480e+00,7.309949398040771484e-01
-9.774029850959777832e-01,2.257554978132247925e-01,-6.424345821142196655e-02,-1.861739516258239746e+00,-1.335997819900512695e+00,-1.764721751213073730e+00,-6.956176161766052246e-01,5.894512534141540527e-01,-7.349972724914550781e-01,-6.713227629661560059e-01,1.855850219726562500e+00,5.912284851074218750e-01,5.121236443519592285e-01,-4.126009047031402588e-01,5.940245985984802246e-01,3.254413604736328125e-01,-1.234352350234985352e+00,4.966780245304107666e-01,-8.489981293678283691e-01,1.041998624801635742e+00,-1.595806926488876343e-01,3.686409592628479004e-01,1.220689177513122559e+00,-8.335032463073730469e-01,-1.135189414024353027e+00,5.399106740951538086e-01,-3.430764377117156982e-01,1.121268749237060547e+00,-8.082004189491271973e-01,1.370076090097427368e-01,-4.281502664089202881e-01,1.730283975601196289e+00,1.590755283832550049e-01,1.182041883468627930e+00,9.392342716455459595e-02,6.231120228767395020e-01,-2.652925550937652588e-01,-1.197744965553283691e+00,1.078464150428771973e+00,-4.261837899684906006e-01,1.705560207366943359e+00,-1.708782196044921875e+00,-2.165739536285400391e-01,1.338918209075927734e+00,1.021271347999572754e+00,-2.404593974351882935e-01,2.417152881622314453e+00,-8.059622645378112793e-01,2.385809272527694702e-01,-3.466528654098510742e-01,5.887013077735900879e-01,2.347224503755569458e-01,-3.600173816084861755e-02,-2.227333784103393555e-01,-9.109799861907958984e-01,5.002319067716598511e-02,-1.788840889930725098e+00,9.619293808937072754e-01,-4.425704181194305420e-01,1.716709613800048828e+00,-1.711641907691955566e+00,-5.415082573890686035e-01,1.311173796653747559e+00,-7.780466675758361816e-01,1.354189038276672363e+00,1.896470904350280762e+00,-2.903660237789154053e-01,-2.590973675251007080e-01,-7.516666650772094727e-01,1.554269909858703613e+00,7.328422069549560547e-01,6.345608234405517578e-01,-2.260294556617736816e-01,-3.836138546466827393e-01,-1.909924626350402832e+00,-7.921543717384338379e-01,-7.314791679382324219e-01,1.405961990356445312e+00,-1.998068809509277344e+00,4.940042793750762939e-01,-1.563902497291564941e+00,2.175320535898208618e-01,-1.226322770118713379e+00,-8.342516422271728516e-01,8.823946118354797363e-01,7.094585299491882324e-01,-4.824084937572479248e-01,-1.529119372367858887e+00,9.201949238777160645e-01,-4.288253486156463623e-01,-3.974526524543762207e-01,-4.493606686592102051e-01,-1.738509893417358398e+00,2.749842703342437744e-01,3.902134895324707031e-01,2.069314243271946907e-03,8.878085613250732422e-01,-2.643051445484161377e-01,8.399040699005126953e-01,-4.092267155647277832e-01
2.083168506622314453e+00,-7.015041112899780273e-01,-1.107611536979675293e+00,-1.302996993064880371e+00,6.579923629760742188e-01,-1.237341403961181641e+00,1.384967565536499023e+00,4.751367568969726562e-01,7.931925356388092041e-02,6.372488141059875488e-01,7.306407690048217773e-01,2.960264682769775391e-01,6.501592397689819336e-01,8.552233576774597168e-01,1.730135977268218994e-01,9.526423215866088867e-01,1.242048740386962891e+00,-3.482465147972106934e-01,-2.730465888977050781e+00,-1.612180471420288086e-01,-4.549167752265930176e-01,-9.636271595954895020e-01,-1.757340669631958008e+00,6.644471883773803711e-01,-1.770563364028930664e+00,1.437779188156127930e+00,6.787693500518798828e-01,-1.092279627919197083e-01,3.516521453857421875e-01,-1.627107620239257812e+00,2.368677556514739990e-01,-1.132102012634277344e+00,-1.277113318443298340e+00,-2.174885123968124390e-01,-7.963433861732482910e-01,-1.561391353607177734e-01,8.221530169248580933e-02,-4.035569727420806885e-01,-4.081284701824188232e-01,-4.734432995319366455e-01,-4.456871002912521362e-02,-7.626882195472717285e-01,1.070312634110450745e-01,2.043539285659790039e+00,1.666374564170837402e+00,-3.392467796802520752e-01,-3.066331148147583008e-01,1.978449970483779907e-01,1.206550121307373047e+00,5.284230709075927734e-01,-4.232583642005920410e-01,-1.461334943771362305e+00,5.908480882644653320e-01,-1.823384910821914673e-01,5.217548608779907227e-01,-1.095460891723632812e+00,4.825946390628814697e-01,1.138369560241699219e+00,-1.515459895133972168e+00,-1.549239516258239746e+00,-5.365223288536071777e-01,7.578301429748535156e-02,-2.102378755807876587e-01,-3.575793802738189697e-01,1.770049810409545898e+00,-1.418734192848205566e+00,3.281618952751159668e-01,6.262817978858947754e-02,2.642335593700408936e-01,-2.081331729888916016e+00,5.357221364974975586e-01,-1.719602465629577637e+00,-1.670726180076599121e+00,5.321075320243835449e-01,-6.237462759017944336e-01,1.109310507774353027e+00,-2.925974130630493164e+00,-7.335937023162841797e-01,-2.993878126144409180e-01,-7.107153534889221191e-01,5.879533886909484863e-01,8.766186833381652832e-01,-1.110649943351745605e+00,1.768820762634277344e+00,3.467359542846679688e-01,2.328838109970092773e+00,5.453872084617614746e-01,-1.022246330976486206e-01,5.740330815315246582e-01,1.558965802192687988e+00,1.092563867568969727e+00,-9.072864651679992676e-01,1.894560337066650391e+00,7.492979168891906738e-01,-5.417609214782714844e-01,-7.236252427101135254e-01,-1.167878508567810059e+00,-2.633015811443328857e-01,-1.129212856292724609e+00,-1.402779579162597656e+00
-2.449679851531982422e+00,4.789191484451293945e-01,-4.769395589828491211e-01,1.739006116986274719e-02,-1.088217645883560181e-01,1.145635485649108887e+00,-2.104488849639892578e+00,6.798405051231384277e-01,2.753324247896671295e-02,-3.870267868041992188e-01,4.323160648345947266e-01,-4.088839516043663025e-02,8.192062377929687500e-01,3.180415630340576172e-01,-6.227003931999206543e-01,-1.272406935691833496e+00,1.300724267959594727e+00,1.292006611824035645e+00,1.920678466558456421e-01,1.181324005126953125e+00,1.027669668197631836e+00,8.606204986572265625e-01,-4.386565089225769043e-02,1.224601030349731445e+00,-1.119205832481384277e+00,-3.282104432582855225e-01,-2.791416645050048828e-01,6.363275647163391113e-01,8.942499160766601562e-01,7.271031141281127930e-01,5.891710519790649414e-01,-5.241155624389648438e-01,8.169374614953994751e-02,-6.958494782447814941e-01,-1.277440190315246582e+00,-5.534721612930297852e-01,-1.090287327766418457e+00,-1.937935128808021545e-02,1.527185201644897461e+00,5.021754503250122070e-01,1.362648606300354004e+00,-6.012847423553466797e-01,-2.120166644454002380e-02,1.017696619033813477e+00,9.420818090438842773e-01,-2.285281658172607422e+00,1.388333797454833984e+00,-1.620296716690063477e+00,5.823607444763183594e-01,-1.848909109830856323e-01,-1.995024383068084717e-01,5.657103061676025391e-01,-4.646681249141693115e-01,-8.166288733482360840e-01,5.593299865722656250e-01,4.218463320285081863e-03,-1.558711051940917969e+00,-9.631550312042236328e-01,-1.320295810699462891e+00,-1.458837747573852539e+00,-6.942611187696456909e-02,-9.383318424224853516e-01,-1.692829608917236328e+00,-2.174834728240966797e+00,-1.149023294448852539e+00,1.182781219482421875e+00,-2.396027326583862305e+00,-6.012852191925048828e-01,9.876419901847839355e-01,6.219612360000610352e-01,8.586132526397705078e-01,4.966778680682182312e-03,6.116616129875183105e-01,-2.126567512750625610e-01,-8.990420103073120117e-01,-2.307873725891113281e+00,2.366782873868942261e-01,1.958456277847290039e+00,5.516647696495056152e-01,-1.859907627105712891e+00,-6.422771215438842773e-01,1.997842550277709961e+00,-2.247793823480606079e-01,2.392862796783447266e+00,6.114874482154846191e-01,-1.644199967384338379e+00,-1.352809190750122070e+00,1.115658402442932129e+00,1.614018082618713379e+00,-9.786978363990783691e-01,-7.882227301597595215e-01,-1.657803416252136230e+00,4.309164583683013916e-01,4.883958697319030762e-01,-1.429985910654067993e-01,-7.443661093711853027e-01,2.344481945037841797e+00,6.604036688804626465e-01,-5.609254837036132812e-01,-1.410649061203002930e+00
1.591148972511291504e+00,7.771710753440856934e-01,-1.137314200401306152e+00,-2.346839606761932373e-01,-7.772137224674224854e-02,-1.218166947364807129e+00,-1.944398880004882812e-01,-1.198186039924621582e+00,-2.219702303409576416e-01,9.028177857398986816e-01,-1.633839249610900879e+00,-5.718872547149658203e-01,-1.486200213432312012e+00,3.054914474487304688e-01,2.872252464294433594e-01,1.188740506768226624e-01,-2.443846702575683594e+00,7.891280055046081543e-01,-7.020778059959411621e-01,6.712100505828857422e-01,5.462567806243896484e-01,-7.928876876831054688e-01,6.916583329439163208e-02,-9.676868468523025513e-02,6.863828897476196289e-01,-2.868922650814056396e-01,-1.746126532554626465e+00,-3.537110239267349243e-02,7.596785426139831543e-01,3.629866838455200195e-01,-6.646739244461059570e-01,4.781580865383148193e-01,-6.802666187286376953e-01,-1.543664216995239258e+00,-5.520793199539184570e-01,1.690541863441467285e+00,7.428724169731140137e-01,-6.632275581359863281e-01,1.045875549316406250e+00,-2.921780347824096680e-01,3.469727993011474609e+00,-2.060842037200927734e+00,-6.574797630310058594e-01,-6.290923953056335449e-01,6.416042447090148926e-01,-5.943238735198974609e-01,-1.232524216175079346e-01,-1.121927499771118164e+00,4.128743708133697510e-01,1.430868804454803467e-01,4.975880980491638184e-01,9.382233619689941406e-01,2.404467165470123291e-01,9.433347731828689575e-02,-4.447807669639587402e-01,1.173783183097839355e+00,7.661082744598388672e-01,-2.703733444213867188e-01,4.985347762703895569e-02,5.954333543777465820e-01,1.407690197229385376e-01,9.418127536773681641e-01,-4.130252897739410400e-01,-3.741261959075927734e-01,-2.722736835479736328e+00,2.259093523025512695e-01,7.695539593696594238e-01,-5.823056697845458984e-01,-2.469154894351959229e-01,8.445739150047302246e-01,-5.404258370399475098e-01,-8.588085770606994629e-01,2.276988923549652100e-01,-3.564314544200897217e-01,1.396742224693298340e+00,-4.019329547882080078e-01,5.348315834999084473e-01,-1.496584296226501465e+00,2.365353703498840332e-02,-2.306507349014282227e+00,6.605055332183837891e-01,2.467364072799682617e-02,-8.110636472702026367e-01,-1.467742204666137695e+00,-2.660036385059356689e-01,1.919633895158767700e-01,-1.159881591796875000e+00,-1.354418039321899414e+00,-1.230929493904113770e+00,3.565942943096160889e-01,1.021475672721862793e+00,6.499550938606262207e-01,3.739689290523529053e-01,-3.481192290782928467e-01,-1.842574715614318848e+00,8.670652508735656738e-01,-1.043977856636047363e+00,-1.263663917779922485e-01,-2.299536913633346558e-01,1.059668779373168945e+00
7.470974326133728027e-01,1.205732583999633789e+00,-1.600491762161254883e+00,1.024758815765380859e+00,-1.533404827117919922e+00,-2.561933517456054688e+00,-1.050643920898437500e+00,-4.591689407825469971e-01,-7.414187490940093994e-02,-2.526925802230834961e-01,-9.104057550430297852e-01,8.397431671619415283e-02,3.118730783462524414e-01,3.927727639675140381e-01,-9.684932231903076172e-02,-7.824497818946838379e-01,6.563461422920227051e-01,-2.333808988332748413e-01,-5.285301208496093750e-01,1.489246368408203125e+00,-4.128638207912445068e-01,9.523235559463500977e-01,9.901114106178283691e-01,1.314521312713623047e+00,1.381592154502868652e+00,5.582441762089729309e-02,8.561240434646606445e-01,-5.419577360153198242e-01,-2.194001078605651855e-01,2.242194116115570068e-01,-7.328908443450927734e-01,-3.814194798469543457e-01,-9.540278315544128418e-01,8.018895387649536133e-01,-3.490282297134399414e-01,-4.072062373161315918e-01,-5.922173857688903809e-01,1.517300844192504883e+00,1.039080619812011719e+00,-1.206869244575500488e+00,-4.040046408772468567e-02,7.863830924034118652e-01,-1.927127718925476074e+00,-8.463595509529113770e-01,1.518752574920654297e+00,-3.386916816234588623e-01,-2.888267040252685547e-01,-1.774757146835327148e+00,1.466045379638671875e-01,2.191393170505762100e-03,8.565917611122131348e-01,-4.308826625347137451e-01,3.573631346225738525e-01,2.499392330646514893e-01,5.990295410156250000e-01,-6.177602410316467285e-01,-2.069413065910339355e-01,-1.184200048446655273e-01,1.621078968048095703e+00,4.635546505451202393e-01,1.114357829093933105e+00,-4.676901102066040039e-01,1.716904193162918091e-01,-1.408419907093048096e-01,8.233068585395812988e-01,-1.878361582756042480e+00,3.310805857181549072e-01,8.824825882911682129e-01,2.023950099945068359e+00,1.425067782402038574e-01,2.545025050640106201e-01,7.748106122016906738e-01,7.705541849136352539e-01,3.376382961869239807e-02,5.290646553039550781e-01,-1.116925552487373352e-01,-5.905756354331970215e-01,1.083540916442871094e+00,1.054428577423095703e+00,-1.221800088882446289e+00,3.809358179569244385e-01,2.949498593807220459e-01,-1.309613585472106934e-01,3.389683067798614502e-01,-9.174537658691406250e-01,2.095080137252807617e+00,1.305483728647232056e-01,-4.477183818817138672e-01,1.149260520935058594e+00,-1.846349686384201050e-01,-1.320560574531555176e+00,3.266783356666564941e-01,-4.021675884723663330e-01,-1.454369783401489258e+00,-1.442492127418518066e+00,5.658856034278869629e-01,1.106797575950622559e+00,4.841020107269287109e-01,-1.190732955932617188e+00,-6.455731391906738281e-01
6.066499948501586914e-01,-7.070406675338745117e-01,-9.432458877563476562e-01,8.673632144927978516e-01,-6.521875858306884766e-01,4.255750179290771484e-01,-5.384423136711120605e-01,1.482857614755630493e-01,1.667659521102905273e+00,-9.810642004013061523e-01,2.410438299179077148e+00,-4.950899183750152588e-01,-5.594371557235717773e-01,2.616860270500183105e-01,1.521436214447021484e+00,3.458168208599090576e-01,-2.026787757873535156e+00,-1.371311210095882416e-02,-1.399740815162658691e+00,1.675670742988586426e+00,-2.855286598205566406e-01,-1.012407422065734863e+00,7.763794660568237305e-01,8.000881075859069824e-01,-4.429174363613128662e-01,3.740276098251342773e-01,-2.637522935867309570e+00,-6.468343734741210938e-01,-3.522265851497650146e-01,1.104203313589096069e-01,8.406574130058288574e-01,-3.877821937203407288e-02,2.298526763916015625e+00,8.811437487602233887e-01,-6.051057577133178711e-01,5.525035038590431213e-02,3.889081627130508423e-02,1.894076913595199585e-01,-9.574174880981445312e-01,2.112261950969696045e-02,-2.834504842758178711e-01,-9.654543399810791016e-01,2.173999845981597900e-01,1.776600778102874756e-01,2.602650821208953857e-01,-2.102486133575439453e+00,1.236663579940795898e+00,-3.317002058029174805e-01,7.435835599899291992e-01,1.437754034996032715e-01,1.480998277664184570e+00,-8.913760185241699219e-01,3.821539282798767090e-01,1.387397050857543945e+00,-3.140397667884826660e-01,-2.135016769170761108e-01,-6.497793197631835938e-01,-1.676292419433593750e-01,1.684560656547546387e+00,-6.496893167495727539e-01,-1.733251214027404785e+00,1.391753196716308594e+00,-1.781865119934082031e+00,-1.642774045467376709e-01,-3.204749524593353271e-01,-3.866276144981384277e-01,3.935931026935577393e-01,-2.759255170822143555e-01,-4.484742581844329834e-01,-1.015978693962097168e+00,-1.532016634941101074e+00,1.333996891975402832e+00,1.123573303222656250e+00,1.331241130828857422e-01,-4.862650334835052490e-01,2.195590641349554062e-03,3.393159806728363037e-01,1.202425956726074219e+00,-1.864967942237854004e+00,-1.998887300491333008e+00,1.693984866142272949e+00,1.564644575119018555e+00,2.680551290512084961e+00,-8.465904593467712402e-01,7.306699752807617188e-01,5.767856240272521973e-01,-5.278118252754211426e-01,-2.692646265029907227e+00,-5.769524350762367249e-02,1.744738698005676270e+00,-4.549111723899841309e-01,-9.344371557235717773e-01,-3.683047890663146973e-01,-9.701694250106811523e-01,-1.009481668472290039e+00,2.320405542850494385e-01,-2.004426479339599609e+00,-4.816015064716339111e-01,-1.090183615684509277e+00,-3.956273198127746582e-01
-1.289109587669372559e+00,-2.873816490173339844e-01,-1.010342121124267578e+00,9.558181464672088623e-02,-9.489843845367431641e-01,1.105252146720886230e+00,-1.501480698585510254e+00,-4.268295466899871826e-01,6.243447065353393555e-01,4.162416160106658936e-01,-8.350638747215270996e-01,-1.722874045372009277e+00,-2.691516280174255371e-01,-1.349529981613159180e+00,2.106971740722656250e+00,1.358088850975036621e+00,1.519728302955627441e+00,5.609868764877319336e-01,4.213536977767944336e-01,-3.812223374843597412e-01,1.082406044006347656e+00,-9.315812587738037109e-02,-4.563684165477752686e-01,1.696201682090759277e+00,1.360493063926696777e+00,-2.115904808044433594e+00,-4.178868234157562256e-01,1.818945705890655518e-01,2.242821455001831055e+00,-1.777950167655944824e+00,-4.154278039932250977e-01,-5.475639104843139648e-01,-3.777070045471191406e-01,-5.675985813140869141e-01,4.718768596649169922e-01,4.961655735969543457e-01,-4.615794122219085693e-02,-7.110424637794494629e-01,-2.101210117340087891e+00,5.330331921577453613e-01,-3.560943901538848877e-01,-1.727552711963653564e-01,8.293774127960205078e-01,-5.552998185157775879e-01,-2.399899512529373169e-01,2.366652935743331909e-01,-1.364045739173889160e-01,2.556568086147308350e-01,-1.130709499120712280e-01,-2.524818778038024902e-01,1.499584436416625977e+00,6.894614696502685547e-01,1.185709387063980103e-01,-1.761081099510192871e+00,5.339769124984741211e-01,1.151576638221740723e+00,1.021501064300537109e+00,8.727355301380157471e-02,7.543606758117675781e-01,-1.880126148462295532e-01,-5.524799823760986328e-01,8.320678472518920898e-01,9.317058324813842773e-01,-3.802835345268249512e-01,9.920379519462585449e-01,-1.031280517578125000e+00,6.990332007408142090e-01,1.299140214920043945e+00,-1.186226963996887207e+00,-3.738551139831542969e-01,-4.701938331127166748e-01,-1.020608067512512207e+00,-7.973665595054626465e-01,-7.967061996459960938e-01,-8.202884197235107422e-01,1.502673178911209106e-01,2.190580070018768311e-01,-8.100709915161132812e-01,-8.440819382667541504e-01,1.797653198242187500e+00,2.129897117614746094e+00,3.157203793525695801e-01,5.975725650787353516e-01,-3.903958201408386230e-01,7.739650607109069824e-01,9.061243534088134766e-01,-1.048967361450195312e+00,5.579820871353149414e-01,1.254058241844177246e+00,-2.830807492136955261e-02,-1.679077744483947754e-01,4.421622306108474731e-02,-4.026664495468139648e-01,-3.707742691040039062e-01,1.133776664733886719e+00,-9.276957511901855469e-01,-7.300624847412109375e-01,-4.103428125381469727e-01,4.320847988128662109e-01,-1.190846681594848633e+00
2.382948547601699829e-01,-2.831406891345977783e-01,-1.986280798912048340e+00,4.646489620208740234e-01,5.206270217895507812e-01,-2.913007279857993126e-03,-2.408126890659332275e-01,8.538934588432312012e-01,-1.076535433530807495e-01,-2.027822971343994141e+00,9.261973500251770020e-01,-1.458805561065673828e+00,2.352940440177917480e-01,4.310413897037506104e-01,-4.593316838145256042e-02,-5.723316222429275513e-02,-8.047323822975158691e-01,-4.803134799003601074e-01,3.645746707916259766e-01,7.493610978126525879e-01,4.435473382472991943e-01,9.648677706718444824e-01,1.431906074285507202e-01,1.395305275917053223e+00,8.424726128578186035e-01,-3.099178969860076904e-01,1.760856270790100098e+00,1.708377957344055176e+00,8.114515542984008789e-01,-1.275364995002746582e+00,6.394249796867370605e-01,-6.031036972999572754e-01,1.303320527076721191e-01,5.375212430953979492e-01,-9.834787845611572266e-01,-3.843913376331329346e-01,1.103168487548828125e+00,3.231088221073150635e-01,-6.527803540229797363e-01,7.182790637016296387e-01,-1.137051224708557129e+00,-7.055217623710632324e-01,9.513521790504455566e-01,1.203327253460884094e-01,5.189543962478637695e-01,-1.050889372825622559e+00,1.604791402816772461e+00,2.507962584495544434e-01,1.234500050544738770e+00,-2.628822810947895050e-02,-1.662353038787841797e+00,-2.695228159427642822e-01,-1.834847182035446167e-01,1.735325098037719727e+00,1.773978114128112793e+00,2.014477699995040894e-01,1.411053895950317383e+00,3.263408243656158447e-01,-1.372953295707702637e+00,-7.367636263370513916e-02,1.117780804634094238e+00,-1.717628985643386841e-01,-1.519212603569030762e+00,-2.044513702392578125e+00,-5.013304948806762695e-01,6.961891651153564453e-01,4.667225107550621033e-02,5.760214924812316895e-01,3.123693168163299561e-01,7.645780593156814575e-02,1.325780272483825684e+00,1.394895166158676147e-01,9.642387181520462036e-02,1.084275364875793457e+00,1.095300078392028809e+00,-1.258404850959777832e+00,5.628972649574279785e-01,6.804382801055908203e-01,-1.063526391983032227e+00,2.472744584083557129e-01,-2.891208231449127197e-01,-7.053417563438415527e-01,-1.391397953033447266e+00,-6.219458952546119690e-02,-1.179090619087219238e+00,-5.723872408270835876e-02,-9.551059603691101074e-01,-6.155570745468139648e-01,-2.535151958465576172e+00,-1.751422584056854248e-01,4.766124188899993896e-01,-1.271515935659408569e-01,6.668994426727294922e-01,1.541001051664352417e-01,-2.016868829727172852e+00,-1.011002898216247559e+00,-9.923038482666015625e-01,-5.571233034133911133e-01,1.785367280244827271e-01,6.817852258682250977e-01
6.692190170288085938e-01,-6.901164054870605469e-01,9.391948580741882324e-02,-7.092499136924743652e-01,-3.520770668983459473e-01,-3.160425275564193726e-02,-2.079525232315063477e+00,2.972372770309448242e-01,1.680778861045837402e-01,-5.564421415328979492e-01,2.815509140491485596e-01,-5.878673791885375977e-01,2.232285141944885254e-01,-5.650849342346191406e-01,1.619587779045104980e+00,-4.126466214656829834e-01,-9.891463071107864380e-02,-3.975462615489959717e-01,-1.233808159828186035e+00,-3.689062893390655518e-01,-1.092400670051574707e+00,-9.902972579002380371e-01,-2.034460753202438354e-01,6.070905923843383789e-01,4.388288557529449463e-01,-1.581932753324508667e-01,-1.238628149032592773e+00,-1.884402781724929810e-01,9.713837504386901855e-01,-6.189964413642883301e-01,1.899550855159759521e-01,-9.750408530235290527e-01,2.103115171194076538e-01,-3.871512711048126221e-01,1.720882773399353027e+00,4.488684609532356262e-02,-3.561888337135314941e-01,-9.516500234603881836e-01,1.181131482124328613e+00,-2.311487674713134766e+00,4.485040903091430664e-01,-5.367130637168884277e-01,-5.798175930976867676e-01,2.923304736614227295e-01,-1.118812203407287598e+00,-7.724545001983642578e-01,2.838034331798553467e-01,1.894919574260711670e-02,2.971658110618591309e-01,-7.963835000991821289e-01,6.957213282585144043e-01,-9.962477535009384155e-02,-3.086018264293670654e-01,1.645699620246887207e+00,-6.395161747932434082e-01,-6.252430081367492676e-01,-1.170565962791442871e+00,5.341925024986267090e-01,-2.020757496356964111e-01,-3.300296515226364136e-02,5.766847729682922363e-01,-2.984026670455932617e-01,-7.312632799148559570e-01,9.005136489868164062e-01,1.996886491775512695e+00,9.002625346183776855e-01,-1.406790018081665039e-01,-6.990119814872741699e-01,-1.352032542228698730e+00,-1.848886758089065552e-01,8.169620633125305176e-01,2.433971405029296875e+00,7.559713125228881836e-01,-9.371213614940643311e-02,-7.553352117538452148e-01,-9.599447846412658691e-01,1.984913945198059082e+00,9.279052019119262695e-01,1.805558562278747559e+00,6.556158661842346191e-01,1.607244849205017090e+00,3.348037600517272949e-01,1.892419755458831787e-01,-2.402674198150634766e+00,9.130683541297912598e-01,2.245717048645019531e+00,-5.419676303863525391e-01,2.691077888011932373e-01,-1.582968086004257202e-01,9.498681426048278809e-01,1.316977500915527344e+00,-1.278845518827438354e-01,-1.443552970886230469e-01,-1.628056526184082031e+00,-7.311275601387023926e-01,3.440294861793518066e-01,1.312726289033889771e-01,-2.220687866210937500e-01,6.819368600845336914e-01,-2.742738723754882812e-01
3.475320339202880859e-02,9.975018501281738281e-01,2.388556003570556641e-01,4.583439230918884277e-01,1.643067955970764160e+00,9.164404273033142090e-01,1.477669715881347656e+00,9.323146194219589233e-02,-2.101394832134246826e-01,7.492130398750305176e-01,8.356376290321350098e-01,-5.656024813652038574e-01,-4.617629647254943848e-01,-2.441676139831542969e+00,1.564549326896667480e+00,-7.606150209903717041e-02,-1.454471230506896973e+00,-1.865247607231140137e+00,-1.304483115673065186e-01,7.913089394569396973e-01,3.797229528427124023e-01,-8.987398147583007812e-01,-3.670454025268554688e-01,-2.293885946273803711e-01,-3.065148293972015381e-01,3.227486908435821533e-01,9.633038938045501709e-02,-1.644009709358215332e+00,-1.545387625694274902e+00,-2.589887857437133789e+00,-7.430151700973510742e-01,1.471431702375411987e-01,-1.756191730499267578e+00,1.259948015213012695e+00,-6.585728526115417480e-01,-1.293210744857788086e+00,-5.364645719528198242e-01,-5.479221940040588379e-01,4.812173545360565186e-01,2.842074958607554436e-03,-6.954190135002136230e-02,2.033162355422973633e+00,-9.188041090965270996e-01,-7.124530673027038574e-01,-1.278594434261322021e-01,-1.876664012670516968e-01,-3.643173277378082275e-01,-1.320937633514404297e+00,1.589547157287597656e+00,-9.137713313102722168e-01,-2.567140460014343262e-01,-5.627093911170959473e-01,4.157720208168029785e-01,-4.636612534523010254e-01,6.660354733467102051e-01,6.515336632728576660e-01,-1.680265367031097412e-02,-1.595911264419555664e+00,1.628649830818176270e+00,9.444360733032226562e-01,2.268306612968444824e-01,-1.243758201599121094e+00,1.732222676277160645e+00,-3.805845379829406738e-01,1.696360945701599121e+00,-1.497588157653808594e+00,-6.757977604866027832e-01,2.707354545593261719e+00,-1.195033192634582520e+00,-1.155826449394226074e+00,-2.177026033401489258e+00,-8.865744471549987793e-01,1.189372241497039795e-01,5.880945324897766113e-01,2.098575383424758911e-01,-1.643805623054504395e+00,5.904960036277770996e-01,5.814491957426071167e-02,-7.643459439277648926e-01,1.850432157516479492e-01,-7.614149451255798340e-01,9.660859704017639160e-01,-2.104279249906539917e-01,7.502139210700988770e-01,5.765066742897033691e-01,-2.294913530349731445e+00,-4.252448081970214844e-01,-1.393005400896072388e-01,-7.182479500770568848e-01,6.016660928726196289e-01,-6.221997141838073730e-01,-1.078438043594360352e+00,1.544242382049560547e+00,6.208969950675964355e-01,-4.839888811111450195e-01,2.164662331342697144e-01,-4.319954812526702881e-01,-1.388234376907348633e+00,1.272608935832977295e-01,-5.696135386824607849e-02
-1.786626219749450684e+00,-1.313614368438720703e+00,-1.414679288864135742e+00,1.452861666679382324e+00,1.505934119224548340e+00,-8.616849184036254883e-01,7.292088866233825684e-01,7.380715012550354004e-01,5.902025699615478516e-01,-1.124386906623840332e+00,5.377458930015563965e-01,3.233502805233001709e-01,4.224756658077239990e-01,1.382473230361938477e+00,3.781642615795135498e-01,-6.831431388854980469e-01,1.821976065635681152e+00,9.804578423500061035e-01,-6.696886420249938965e-01,-1.765972495079040527e+00,-1.603040814399719238e+00,2.838495969772338867e-01,-2.553430758416652679e-02,1.525625705718994141e+00,-9.057074785232543945e-01,-8.420292139053344727e-01,2.482067108154296875e+00,-1.557715296745300293e+00,1.889598816633224487e-01,-6.839888095855712891e-01,6.752952337265014648e-01,5.401003360748291016e-01,-6.836939454078674316e-01,-1.002934575080871582e-01,5.346894264221191406e-01,-1.272599220275878906e+00,1.279193878173828125e+00,1.292322576045989990e-01,-1.425987482070922852e-01,-9.572166800498962402e-01,4.557172656059265137e-01,-7.615740299224853516e-01,-1.100416183471679688e+00,1.818427920341491699e+00,-1.721608638763427734e-01,6.572771817445755005e-02,8.897338062524795532e-02,4.906488060951232910e-01,1.784971058368682861e-01,-7.650030255317687988e-01,2.619327418506145477e-02,-1.692358970642089844e+00,4.841851890087127686e-01,-1.717532873153686523e-01,-6.281383037567138672e-01,-1.197771430015563965e+00,-4.437766373157501221e-01,-2.399823069572448730e-01,1.819172739982604980e+00,-2.069469213485717773e+00,5.999776721000671387e-01,6.531018018722534180e-01,-5.324432626366615295e-03,4.679925441741943359e-01,1.859316110610961914e+00,1.432374492287635803e-02,4.060051143169403076e-01,-1.050421833992004395e+00,-7.736158370971679688e-01,7.940784096717834473e-02,-1.028903007507324219e+00,-1.337028294801712036e-01,1.299832582473754883e+00,1.358757495880126953e+00,1.009987473487854004e+00,-5.829343199729919434e-01,-3.709478676319122314e-01,-2.781656682491302490e-01,1.720639944076538086e+00,-1.617965251207351685e-01,7.627752423286437988e-01,1.423155069351196289e+00,-4.117042757570743561e-03,4.675373733043670654e-01,-1.010700821876525879e+00,-1.593210697174072266e-01,1.843564510345458984e+00,2.114524126052856445e+00,1.740668416023254395e+00,8.100730776786804199e-01,-2.191907912492752075e-01,-2.289510816335678101e-01,1.412878870964050293e+00,-9.561361670494079590e-01,1.710550665855407715e+00,-6.349767558276653290e-03,2.199389338493347168e-01,-2.270222425460815430e+00,7.433713674545288086e-01,5.791657418012619019e-02
-2.312813401222229004e-01,1.159747481346130371e+00,6.986137032508850098e-01,3.115932643413543701e-01,4.090500771999359131e-01,-6.282402873039245605e-01,7.642452120780944824e-01,1.459079861640930176e+00,1.896361112594604492e-01,-8.007149398326873779e-02,-1.842523574829101562e+00,5.189949870109558105e-01,-8.122797012329101562e-01,7.850173115730285645e-01,-2.791074514389038086e-01,-1.335686072707176208e-03,3.143755495548248291e-01,6.924982070922851562e-01,-8.354925513267517090e-01,-1.138917207717895508e+00,2.813959717750549316e-01,8.488613367080688477e-02,-4.505277574062347412e-01,2.853436172008514404e-01,6.205477714538574219e-01,-4.666410088539123535e-01,9.638915657997131348e-01,-1.640866875648498535e+00,-5.716873407363891602e-01,1.009500473737716675e-01,-1.814453482627868652e+00,9.499002099037170410e-01,4.129622578620910645e-01,-7.740448117256164551e-01,-7.111259102821350098e-01,-3.439482450485229492e-01,1.803965687751770020e+00,-4.213119670748710632e-02,5.437582731246948242e-01,-7.136848568916320801e-02,7.814437747001647949e-01,-1.194148182868957520e+00,6.941031217575073242e-01,-6.085357666015625000e-01,-2.732965350151062012e-01,2.793687283992767334e-01,8.674998283386230469e-01,-1.081433892250061035e+00,9.714080691337585449e-01,1.267597198486328125e+00,-9.661428630352020264e-02,9.213137030601501465e-01,2.296421051025390625e+00,2.096119523048400879e-01,-5.359323024749755859e-01,1.420497298240661621e+00,1.341830007731914520e-02,-1.487261056900024414e+00,-6.934002637863159180e-01,-1.135046482086181641e+00,-9.430814534425735474e-02,5.090451836585998535e-01,-1.036821365356445312e+00,2.063718557357788086e+00,-1.889648884534835815e-01,-4.365164637565612793e-01,-5.945406854152679443e-03,-1.730833053588867188e+00,1.286302357912063599e-01,-7.836232893168926239e-03,-9.378962516784667969e-01,7.841702699661254883e-01,3.292052820324897766e-02,-6.886472105979919434e-01,2.952722072601318359e+00,2.649801671504974365e-01,-8.920913934707641602e-02,8.342984318733215332e-01,-1.555552721023559570e+00,4.944834113121032715e-01,-5.849249958992004395e-01,-3.718256652355194092e-01,8.485911488533020020e-01,1.522244930267333984e+00,7.470134496688842773e-01,8.031345605850219727e-01,1.947272539138793945e+00,-1.404694169759750366e-01,-1.015667080879211426e+00,-5.255557298660278320e-01,6.366242766380310059e-01,8.772549778223037720e-02,-2.880950272083282471e-01,2.532654285430908203e+00,1.455060362815856934e+00,-7.406879663467407227e-01,-8.036800473928451538e-02,-1.042918443679809570e+00,3.769299089908599854e-01,1.118102669715881348e+00
-4.632988870143890381e-01,-1.734865665435791016e+00,-9.824891686439514160e-01,-1.277051091194152832e+00,1.773343086242675781e+00,-4.968473315238952637e-01,3.565986156463623047e-01,-1.929377764463424683e-01,1.428050875663757324e+00,-2.763757407665252686e-01,8.375260233879089355e-01,4.836063385009765625e-01,1.219426274299621582e+00,-1.877793788909912109e+00,-2.295192956924438477e+00,-1.355070710182189941e+00,2.708539962768554688e-01,-2.159741222858428955e-01,-1.320393562316894531e+00,-2.008874893188476562e+00,-2.334296107292175293e-01,2.088272869586944580e-01,-5.255404487252235413e-02,-6.214016675949096680e-01,-1.309092193841934204e-01,5.656579732894897461e-01,-8.209688067436218262e-01,1.623745918273925781e+00,-2.026699542999267578e+00,1.912847518920898438e+00,-1.325591504573822021e-01,1.616934061050415039e+00,-7.889769971370697021e-02,-1.218237042427062988e+00,-2.105625391006469727e+00,5.530624836683273315e-02,5.604329705238342285e-01,-3.341198563575744629e-01,2.085337787866592407e-01,-1.027615070343017578e-01,-3.495571613311767578e-01,1.358530759811401367e+00,-3.734757378697395325e-02,6.231345534324645996e-01,1.028719067573547363e+00,9.948499500751495361e-02,-1.179200291633605957e+00,-4.298191368579864502e-01,1.927725225687026978e-01,3.621460795402526855e-01,5.247032642364501953e-01,7.106710970401763916e-02,-3.770352005958557129e-01,1.259933412075042725e-01,-8.395032882690429688e-01,6.321860104799270630e-02,-3.838242292404174805e-01,-1.337207913398742676e+00,4.434829354286193848e-01,1.376041620969772339e-01,-4.980071187019348145e-01,-1.649402976036071777e-01,8.268445730209350586e-01,-7.648085355758666992e-01,8.950632810592651367e-02,1.084626913070678711e+00,-1.057106733322143555e+00,-4.737288653850555420e-01,-6.762500107288360596e-02,3.970261663198471069e-02,-4.524121433496475220e-02,2.849572338163852692e-02,-1.295094370841979980e+00,1.387358158826828003e-01,2.611284255981445312e-01,8.868107199668884277e-01,5.263813138008117676e-01,1.187014937400817871e+00,-2.244326472282409668e-01,-5.125829949975013733e-02,1.110880136489868164e+00,-3.462359011173248291e-01,8.784359097480773926e-01,3.756805360317230225e-01,5.482986569404602051e-01,1.295472145080566406e+00,6.190688610076904297e-01,3.238211572170257568e-01,1.036726117134094238e+00,-1.092913031578063965e+00,4.281767606735229492e-01,6.388511061668395996e-01,9.420287609100341797e-01,-1.139434456825256348e+00,1.128887891769409180e+00,-2.231624126434326172e+00,-8.181594014167785645e-01,1.170284032821655273e+00,-2.676716744899749756e-01,5.693378448486328125e-01
-2.316817760467529297e+00,-7.515417933464050293e-01,-4.381960630416870117e-01,2.816583216190338135e-01,2.971571385860443115e-01,6.710843741893768311e-02,3.164001405239105225e-01,5.340906977653503418e-01,-6.885653734207153320e-01,-1.210198521614074707e+00,-2.645472049713134766e+00,-9.962821006774902344e-01,-5.585147142410278320e-01,-1.572683691978454590e+00,7.079249620437622070e-01,1.352993398904800415e-01,-1.916894614696502686e-01,-6.757367253303527832e-01,5.052983760833740234e-01,-8.034157156944274902e-01,7.241215705871582031e-01,-1.173831149935722351e-01,1.715728640556335449e-01,2.977642416954040527e-01,-5.407574176788330078e-01,2.229036204516887665e-02,6.093133687973022461e-01,-1.024697899818420410e+00,-2.990947067737579346e-01,-6.465929150581359863e-01,1.839809060096740723e+00,-9.505614638328552246e-01,-7.322281002998352051e-01,6.385163664817810059e-01,-1.109993696212768555e+00,1.315173506736755371e+00,-1.039058089256286621e+00,1.638852715492248535e+00,1.562257260084152222e-01,-7.533019185066223145e-01,3.487329781055450439e-01,5.278822779655456543e-01,-1.690601706504821777e+00,-9.387204051017761230e-01,6.213149428367614746e-01,-8.440452814102172852e-01,3.898388147354125977e-01,-1.338219881057739258e+00,-5.679351091384887695e-01,2.365446090698242188e-01,-8.773307204246520996e-01,-1.577367305755615234e+00,-1.352831482887268066e+00,-2.218296974897384644e-01,-1.201348230242729187e-01,1.220284938812255859e+00,-1.589962601661682129e+00,1.056578278541564941e+00,-3.072678148746490479e-01,1.033248186111450195e+00,5.814719796180725098e-01,2.734616696834564209e-01,2.642062902450561523e-01,-5.715202689170837402e-01,2.767514705657958984e+00,-1.924325466156005859e+00,-5.005295276641845703e-01,-1.619169473648071289e+00,-1.409613609313964844e+00,1.778763651847839355e+00,-2.455664128065109253e-01,-4.315506815910339355e-01,1.926477789878845215e+00,6.870155334472656250e-01,9.284483194351196289e-01,-5.197547078132629395e-01,-1.535323023796081543e+00,1.349208474159240723e+00,-2.729007959365844727e+00,-1.645185828208923340e+00,-5.309383869171142578e-01,1.754402160644531250e+00,-2.462003566324710846e-02,5.554812401533126831e-02,7.332668304443359375e-01,2.794353365898132324e-01,-2.909191250801086426e-01,2.169793397188186646e-01,-2.182417511940002441e-01,-5.758582353591918945e-01,-4.967541098594665527e-01,1.459190249443054199e-01,-5.437414646148681641e-01,-3.987351655960083008e-01,-4.154217243194580078e-02,7.683991193771362305e-01,-2.840015888214111328e-01,2.142551422119140625e+00,4.991839230060577393e-01,1.375793814659118652e-01
-1.619510650634765625e+00,7.002044916152954102e-01,1.310330748558044434e+00,-6.512398123741149902e-01,-1.411761283874511719e+00,1.686242818832397461e+00,-7.348302602767944336e-01,1.149621367454528809e+00,1.078274250030517578e+00,5.556982755661010742e-01,6.347987800836563110e-02,-2.754339277744293213e-01,-2.087711840867996216e-01,6.139779686927795410e-01,-1.324243545532226562e+00,-7.102911472320556641e-01,-4.119868278503417969e-01,1.433655858039855957e+00,6.301527619361877441e-01,-1.315301418304443359e+00,-1.370740056037902832e+00,-1.241082310676574707e+00,4.519385099411010742e-01,-1.117782741785049438e-01,1.222764924168586731e-01,-8.923556655645370483e-02,-6.107826903462409973e-02,3.885038569569587708e-02,-1.068951845169067383e+00,2.951914668083190918e-01,-1.988711804151535034e-01,-1.359362602233886719e+00,2.227407932281494141e+00,-7.063977122306823730e-01,2.787322402000427246e-01,-2.399599075317382812e+00,-3.134966492652893066e-01,-1.473660111427307129e+00,-4.389697611331939697e-01,-3.450095057487487793e-01,3.693024218082427979e-01,-1.391665458679199219e+00,-1.471984982490539551e+00,-2.037753582000732422e+00,-9.632610082626342773e-01,-5.674131512641906738e-01,-4.223409891128540039e-01,5.137373208999633789e-01,-2.495074421167373657e-01,9.541157484054565430e-01,2.520111799240112305e-01,-2.812860608100891113e-01,2.754496634006500244e-01,1.033938407897949219e+00,-2.271668761968612671e-01,-3.890653550624847412e-01,7.209527492523193359e-01,-8.300494551658630371e-01,-1.093169450759887695e+00,4.257286190986633301e-01,2.251156568527221680e+00,-2.845171988010406494e-01,1.422025799751281738e+00,-5.578041076660156250e-01,4.873268306255340576e-01,8.857583403587341309e-01,1.092278957366943359e+00,3.591468930244445801e-01,3.008246719837188721e-01,1.620887160301208496e+00,1.649368286132812500e+00,1.058571577072143555e+00,-8.211778402328491211e-01,8.070691227912902832e-01,-1.642277240753173828e+00,4.144962131977081299e-02,-1.151147842407226562e+00,6.978849172592163086e-01,2.853884100914001465e-01,-3.185491263866424561e-01,-9.763172864913940430e-01,3.678645491600036621e-01,6.703600287437438965e-01,6.817557811737060547e-01,2.255038917064666748e-01,9.432049989700317383e-01,-9.091038107872009277e-01,-9.614863991737365723e-01,7.164434064179658890e-03,-1.773925781250000000e+00,7.774845957756042480e-01,2.441584318876266479e-01,-2.006848603487014771e-01,6.001444458961486816e-01,-2.352141141891479492e+00,3.172556757926940918e-01,-1.754047155380249023e+00,-3.915036022663116455e-01,1.560880303382873535e+00,2.788734436035156250e-01
1.411447376012802124e-01,1.788354873657226562e+00,7.256522774696350098e-02,5.425981283187866211e-01,-1.106361150741577148e+00,-1.893060088157653809e+00,8.603309839963912964e-02,-2.518637180328369141e-01,1.163551211357116699e+00,-4.056844413280487061e-01,-1.047896623611450195e+00,9.249839186668395996e-01,-1.002058267593383789e+00,-7.737109065055847168e-01,-6.850342750549316406e-01,-3.210590481758117676e-01,2.800241345539689064e-03,-1.351615786552429199e+00,3.988728821277618408e-01,1.073615908622741699e+00,1.358344554901123047e-01,3.045705854892730713e-01,1.745451331138610840e+00,6.942501664161682129e-02,-2.232265770435333252e-01,9.469763040542602539e-01,5.706070661544799805e-01,-9.927675127983093262e-01,1.169618606567382812e+00,6.535003781318664551e-01,4.368909299373626709e-01,-4.735902249813079834e-01,2.903478145599365234e-01,-1.288778066635131836e+00,-9.180172681808471680e-01,6.965259313583374023e-01,8.388059735298156738e-01,1.389860749244689941e+00,1.897250890731811523e+00,-2.651219069957733154e-01,1.160513401031494141e+00,1.079288363456726074e+00,2.685553729534149170e-01,-3.464449346065521240e-01,1.831332087516784668e+00,-1.344154834747314453e+00,9.157499670982360840e-02,8.380942940711975098e-01,1.048255681991577148e+00,2.276554346084594727e+00,6.097739338874816895e-01,8.009876012802124023e-01,5.291557312011718750e-01,-7.490903139114379883e-02,-1.040597558021545410e+00,-7.473383545875549316e-01,3.185982406139373779e-01,5.415526628494262695e-01,9.197170138359069824e-01,3.591074049472808838e-01,3.430862128734588623e-01,-2.646171808242797852e+00,-4.719106853008270264e-01,9.188988208770751953e-01,-7.064086198806762695e-01,-1.557926893234252930e+00,2.852793596684932709e-02,-6.219764947891235352e-01,-8.963714540004730225e-02,1.422275602817535400e-01,3.786610066890716553e-01,9.016504287719726562e-01,5.305320024490356445e-01,4.711766839027404785e-01,-2.534276545047760010e-01,-9.858627915382385254e-01,5.905373096466064453e-01,1.045215249061584473e+00,1.598240494728088379e+00,8.511529304087162018e-03,-1.346421480178833008e+00,-3.717311192303895950e-03,-1.349764689803123474e-02,-7.606322765350341797e-01,2.963494062423706055e-01,-1.090813398361206055e+00,2.608489990234375000e-01,-1.379535555839538574e+00,1.000402569770812988e+00,5.594893917441368103e-02,-8.019810914993286133e-01,-9.709422588348388672e-01,4.856788218021392822e-01,-2.086402773857116699e-01,-1.339991807937622070e+00,-1.820908039808273315e-01,-1.324122101068496704e-01,2.495793104171752930e-01,-4.966286420822143555e-01,4.963870048522949219e-01
-6.633170843124389648e-01,-4.446640014648437500e-01,3.265281021595001221e-01,-6.534189581871032715e-01,-9.870289564132690430e-01,1.242227256298065186e-01,-5.446978211402893066e-01,1.817711234092712402e+00,1.040572047233581543e+00,-1.587180733680725098e+00,-1.079708576202392578e+00,2.707521431148052216e-02,4.708193242549896240e-01,1.911746621131896973e+00,-1.336301207542419434e+00,1.856022030115127563e-01,1.240264028310775757e-01,8.895388245582580566e-01,-1.527267217636108398e+00,7.196395397186279297e-01,-9.384299516677856445e-01,-6.770333051681518555e-01,-4.767596125602722168e-01,-1.731072664260864258e-01,-2.571962773799896240e-01,-3.220561742782592773e-01,1.061553835868835449e+00,4.392535984516143799e-01,1.426483392715454102e+00,-5.684420466423034668e-01,-2.498662769794464111e-01,8.685879707336425781e-01,4.465978220105171204e-02,3.345220908522605896e-02,9.849237203598022461e-01,-9.284415841102600098e-01,7.457413673400878906e-01,9.076871275901794434e-01,1.684286296367645264e-01,-1.343291521072387695e+00,-1.452782154083251953e+00,-3.410709276795387268e-02,-2.063038498163223267e-01,-3.067609965801239014e-01,2.996225953102111816e-01,2.007664203643798828e+00,-5.572910904884338379e-01,6.621958017349243164e-01,-9.662153720855712891e-01,-1.454486884176731110e-02,7.234776616096496582e-01,-5.263546705245971680e-01,3.570737242698669434e-01,6.736432909965515137e-01,9.928790330886840820e-01,-1.750063300132751465e-01,-5.694834589958190918e-01,3.251355588436126709e-01,7.930786013603210449e-01,1.581113487482070923e-01,1.914344131946563721e-01,1.429269194602966309e+00,2.008631229400634766e+00,-1.421524286270141602e-01,-5.685994625091552734e-01,1.937564015388488770e+00,-4.509188532829284668e-01,-1.111265301704406738e+00,-6.394271850585937500e-01,6.220147609710693359e-01,2.378533929586410522e-01,1.861385583877563477e+00,-1.625235080718994141e+00,7.378628849983215332e-01,1.021466374397277832e+00,7.182766199111938477e-01,3.893193006515502930e-01,-1.089500635862350464e-01,3.505404293537139893e-02,-3.666149973869323730e-01,-3.940511345863342285e-01,-2.750070095062255859e-01,-2.050114870071411133e+00,-3.590325415134429932e-01,-2.318569421768188477e+00,-3.776660934090614319e-02,4.479843378067016602e-01,4.149824380874633789e-01,5.806558132171630859e-01,5.833596363663673401e-02,6.095163226127624512e-01,1.080384254455566406e+00,7.232447862625122070e-01,1.668471813201904297e+00,3.487429320812225342e-01,2.531726598739624023e+00,7.749975919723510742e-01,7.042618989944458008e-01,1.056372821331024170e-01,2.417531460523605347e-01
4.466436803340911865e-02,1.359642505645751953e+00,-2.588581442832946777e-01,-3.713909685611724854e-01,4.286650419235229492e-01,9.142004251480102539e-01,5.659105181694030762e-01,-1.060707807540893555e+00,1.218439221382141113e+00,-1.361267328262329102e+00,-7.891279458999633789e-01,3.835645020008087158e-01,-2.244527578353881836e+00,1.521548509597778320e+00,1.282077312469482422e+00,-2.753956019878387451e-01,-1.631561368703842163e-01,-9.400079846382141113e-01,-1.126372456550598145e+00,5.101774334907531738e-01,9.635393023490905762e-01,-1.383071899414062500e+00,-6.466519236564636230e-01,-4.262442886829376221e-01,6.161623001098632812e-01,-1.449223518371582031e+00,8.691647648811340332e-01,6.296113729476928711e-01,7.212917208671569824e-01,7.938930392265319824e-01,5.766803398728370667e-03,4.818089604377746582e-01,-3.524409532546997070e-01,-2.122969627380371094e-01,-7.092030048370361328e-01,2.187825888395309448e-01,-2.386942654848098755e-01,-9.722988605499267578e-01,4.668617546558380127e-01,-2.705869972705841064e-01,1.512736916542053223e+00,2.241802215576171875e+00,-6.602593064308166504e-01,1.265816569328308105e+00,1.216940641403198242e+00,9.681425094604492188e-01,1.416293438524007797e-02,1.959220886230468750e+00,3.725727796554565430e-01,9.631162881851196289e-01,-4.244740903377532959e-01,-1.139937639236450195e+00,1.625869989395141602e+00,1.122989058494567871e+00,-4.152052402496337891e-01,1.584985703229904175e-01,7.471328973770141602e-01,4.622944295406341553e-01,1.055740714073181152e+00,-6.828552484512329102e-01,5.606027841567993164e-01,2.265483379364013672e+00,1.371516942977905273e+00,-1.168662905693054199e+00,1.832827568054199219e+00,2.269608974456787109e-01,-1.545239239931106567e-01,-3.684647381305694580e-01,2.801168560981750488e-01,9.949581623077392578e-01,5.255990028381347656e-01,-1.325434148311614990e-01,-2.086135596036911011e-01,-2.247683145105838776e-02,9.027808904647827148e-01,8.704390525817871094e-01,6.219342947006225586e-01,-2.687979936599731445e-01,-1.417274832725524902e+00,1.528634548187255859e+00,-1.164071783423423767e-01,-3.747894763946533203e-01,-1.650115728378295898e+00,9.293416142463684082e-01,-8.358798623085021973e-01,1.290259599685668945e+00,-6.081968545913696289e-01,3.075222969055175781e-01,-1.168504714965820312e+00,1.128211989998817444e-01,4.783236980438232422e-01,2.437431067228317261e-01,1.527176260948181152e+00,1.613209098577499390e-01,1.054462119936943054e-01,2.945389747619628906e-01,-2.135667800903320312e+00,-4.515979290008544922e-01,1.233046174049377441e+00,1.652437001466751099e-01
7.192000150680541992e-01,-1.427398800849914551e+00,-1.461376845836639404e-01,4.749087989330291748e-01,-7.815111875534057617e-01,9.027870297431945801e-01,8.633382916450500488e-01,2.835662364959716797e-01,8.401034474372863770e-01,2.201672554016113281e+00,6.456357240676879883e-01,-2.125097513198852539e+00,-8.501873612403869629e-01,-5.662273168563842773e-01,5.050264596939086914e-01,-3.519819974899291992e-01,-7.523506283760070801e-01,5.748344659805297852e-01,-1.254729270935058594e+00,-1.002872824668884277e+00,2.649610340595245361e-01,-8.721514940261840820e-01,3.960546553134918213e-01,-4.132361412048339844e-01,2.004156634211540222e-02,-4.399857223033905029e-01,-8.256885409355163574e-02,1.616565346717834473e+00,-1.099330544471740723e+00,8.644647002220153809e-01,-9.155681729316711426e-01,8.311247825622558594e-01,1.500458419322967529e-01,1.037935256958007812e+00,-1.036028742790222168e+00,-9.562569856643676758e-01,5.491491556167602539e-01,-1.239838242530822754e+00,2.290866822004318237e-01,-1.262292981147766113e+00,-3.602717816829681396e-01,1.557357668876647949e+00,3.340438306331634521e-01,4.636328294873237610e-02,-1.673412680625915527e+00,1.027773261070251465e+00,1.439090609550476074e+00,4.100209176540374756e-01,-1.240487098693847656e+00,-1.806241750717163086e+00,-6.550319194793701172e-01,1.512432932853698730e+00,-1.363932043313980103e-01,-7.157708406448364258e-01,-1.158979058265686035e+00,1.306410789489746094e+00,1.527793109416961670e-01,7.222762107849121094e-01,3.049964904785156250e-01,7.725597023963928223e-01,-1.040014982223510742e+00,-8.700340986251831055e-01,5.354732275009155273e-01,1.189332008361816406e+00,-1.320698857307434082e+00,-1.156267300248146057e-01,-5.637562870979309082e-01,1.891455173492431641e+00,-2.214580327272415161e-01,2.242893874645233154e-01,2.819123864173889160e-01,-4.354528784751892090e-01,-1.134459376335144043e+00,-2.359159708023071289e+00,-3.561245650053024292e-02,7.116416692733764648e-01,5.368025898933410645e-01,-9.526621699333190918e-01,-1.149173259735107422e+00,3.009364753961563110e-02,2.601883187890052795e-02,-1.205723881721496582e+00,5.311368703842163086e-01,-2.856774330139160156e-01,5.925480723381042480e-01,1.319240331649780273e-01,7.527984976768493652e-01,-2.380150556564331055e-02,-1.077237367630004883e+00,-4.573487937450408936e-01,-1.379998564720153809e+00,6.421903967857360840e-01,6.028410196304321289e-01,-4.889072179794311523e-01,-1.220444679260253906e+00,1.433234572410583496e+00,8.081495165824890137e-01,4.459687173366546631e-01,-6.127883195877075195e-01,5.376455187797546387e-01
-2.143212556838989258e+00,8.446785211563110352e-01,1.210261225700378418e+00,-2.524827241897583008e+00,4.686069190502166748e-01,2.712074816226959229e-01,2.029696464538574219e+00,9.294044375419616699e-01,-7.205783128738403320e-01,-7.038780450820922852e-01,1.044643402099609375e+00,5.909048914909362793e-01,2.114899009466171265e-01,-7.641193866729736328e-01,9.522479772567749023e-01,-1.232245683670043945e+00,4.222654104232788086e-01,-1.397465944290161133e+00,-4.867242872714996338e-01,1.284875750541687012e+00,8.930056691169738770e-01,1.592676877975463867e+00,-9.207789301872253418e-01,7.311669588088989258e-01,-5.859986543655395508e-01,2.126125574111938477e+00,-8.185769915580749512e-01,-3.306246101856231689e-01,-2.843860983848571777e-01,4.512716531753540039e-01,-1.132736727595329285e-01,1.541514039039611816e+00,-4.849969148635864258e-01,6.733952164649963379e-01,-9.470623731613159180e-01,-8.576983213424682617e-01,-9.988868236541748047e-01,8.437789082527160645e-01,5.663733482360839844e-01,-1.540119767189025879e+00,-5.900622010231018066e-01,-9.458272457122802734e-01,2.781877040863037109e+00,-2.195083856582641602e+00,-5.943588614463806152e-01,8.330887556076049805e-01,-7.535502314567565918e-01,-1.669398903846740723e+00,9.452808499336242676e-01,-1.349325656890869141e+00,-1.021279096603393555e-01,2.986215949058532715e-01,6.747249960899353027e-01,3.035591840744018555e-01,5.647205710411071777e-01,1.085783839225769043e+00,-1.212331652641296387e-01,-6.304410696029663086e-01,-2.776725888252258301e-01,9.835978150367736816e-01,-1.473805457353591919e-01,-1.859409570693969727e+00,-8.406271934509277344e-01,-9.006403088569641113e-01,-5.418064594268798828e-01,-1.734519839286804199e+00,-8.948232531547546387e-01,6.588724255561828613e-01,3.890807628631591797e-01,-1.087855920195579529e-01,2.081917762756347656e+00,1.061486750841140747e-01,-4.846688210964202881e-01,-1.620479524135589600e-01,1.857836961746215820e+00,9.233998060226440430e-01,-1.658872723579406738e+00,-1.555559933185577393e-01,-1.344146430492401123e-01,-6.479195356369018555e-01,-1.782527565956115723e+00,-1.814809143543243408e-01,6.274359822273254395e-01,4.907396137714385986e-01,6.602051109075546265e-02,-2.960025072097778320e-01,-2.086705446243286133e+00,4.618457555770874023e-01,-1.016829490661621094e+00,2.473762989044189453e+00,6.069158315658569336e-01,4.217987507581710815e-02,-9.790350794792175293e-01,-1.748581051826477051e+00,9.743517637252807617e-01,4.574868679046630859e-01,8.603097200393676758e-01,-3.632650077342987061e-01,-1.165587306022644043e+00,6.121454238891601562e-01
-1.151408791542053223e+00,-2.193440914154052734e+00,1.021800041198730469e+00,8.177690505981445312e-01,-1.141012430191040039e+00,1.612579524517059326e-01,3.515572547912597656e-01,1.348894000053405762e+00,7.668488621711730957e-01,-8.057280778884887695e-01,-1.646428942680358887e+00,-1.248027920722961426e+00,4.636819958686828613e-01,1.201115369796752930e+00,-5.918623208999633789e-01,8.551706075668334961e-01,4.932221770286560059e-01,-2.891297340393066406e-01,1.649441868066787720e-01,-1.004855513572692871e+00,1.600619673728942871e+00,6.809868812561035156e-01,7.590330392122268677e-02,-2.649241685867309570e-01,2.882543206214904785e-01,-7.163861393928527832e-02,3.492397964000701904e-01,-1.338884472846984863e+00,1.286142021417617798e-01,5.539647936820983887e-01,2.117198705673217773e-01,2.419153153896331787e-01,1.277443408966064453e+00,2.110223323106765747e-01,-4.397378563880920410e-01,-5.797007679939270020e-01,-3.138541877269744873e-01,5.356584787368774414e-01,1.454694747924804688e+00,-3.529382050037384033e-01,-7.961949110031127930e-01,6.984006762504577637e-01,-1.172947645187377930e+00,-3.077622056007385254e-01,1.501063704490661621e+00,-1.502721667289733887e+00,1.163923025131225586e+00,2.194384098052978516e+00,1.522158026695251465e+00,-4.989120364189147949e-01,1.674806118011474609e+00,-1.201160073280334473e+00,-1.120166778564453125e+00,-7.207792252302169800e-02,6.236250996589660645e-01,-4.733301699161529541e-01,-1.016377091407775879e+00,-2.078706264495849609e+00,3.500054180622100830e-01,-5.456660389900207520e-01,-2.274575710296630859e+00,-8.627907633781433105e-01,4.153602421283721924e-01,3.366180360317230225e-01,-1.140471458435058594e+00,2.211184799671173096e-01,-6.537480950355529785e-01,-9.750146865844726562e-01,-2.739621102809906006e-01,1.061603426933288574e-02,-1.864966988563537598e+00,3.624904751777648926e-01,8.002648949623107910e-01,4.937048628926277161e-02,5.647675991058349609e-01,-1.332728505134582520e+00,-1.364978961646556854e-02,-1.364727497100830078e+00,-1.977330297231674194e-01,4.429778754711151123e-01,-1.405224323272705078e+00,7.830418348312377930e-01,2.477244377136230469e+00,-1.077969074249267578e+00,-5.586795806884765625e-01,-1.054423004388809204e-01,3.456326946616172791e-02,-1.048229813575744629e+00,7.231646180152893066e-01,4.903521835803985596e-01,-1.508049249649047852e+00,-1.013566613197326660e+00,-4.131774976849555969e-02,-1.831190943717956543e+00,5.073804855346679688e-01,3.005167543888092041e-01,-1.026765942573547363e+00,-1.156228333711624146e-01,-1.385154247283935547e+00,-6.538312882184982300e-02
2.033198028802871704e-01,6.379641294479370117e-01,-3.472599983215332031e-01,-1.106250286102294922e+00,2.564291357994079590e-01,-1.153680533170700073e-01,-9.257434606552124023e-01,-2.548245787620544434e-01,-1.015558913350105286e-01,-1.129906654357910156e+00,-1.314002275466918945e+00,-4.202769100666046143e-01,-5.555528402328491211e-01,8.245136737823486328e-01,1.598826289176940918e+00,2.979804277420043945e-01,-1.269149899482727051e+00,3.671871721744537354e-01,4.905438423156738281e-01,3.176814019680023193e-01,5.160728693008422852e-01,3.029307425022125244e-01,-5.431591868400573730e-01,-3.278302848339080811e-01,6.839525103569030762e-01,1.184242367744445801e+00,-2.071946561336517334e-01,-1.308057188987731934e+00,2.058486640453338623e-01,-7.817366719245910645e-01,-3.356744945049285889e-01,-1.383828520774841309e+00,2.737551033496856689e-01,1.488682031631469727e-01,2.639505624771118164e+00,-7.554513961076736450e-02,-8.495511412620544434e-01,8.431960344314575195e-01,-1.841515153646469116e-01,-1.832882881164550781e+00,5.803831294178962708e-02,1.110015153884887695e+00,-1.625581264495849609e+00,-3.807891607284545898e-01,-5.753754377365112305e-01,8.398508429527282715e-01,-3.730337023735046387e-01,7.769387364387512207e-01,2.728914022445678711e+00,-5.234534144401550293e-01,1.327885985374450684e-01,-1.353881001472473145e+00,-3.609664142131805420e-01,1.189068198204040527e+00,2.800812721252441406e+00,-6.923351883888244629e-01,-1.423078656196594238e+00,1.337682843208312988e+00,-4.871656596660614014e-01,-4.394313693046569824e-02,-9.222863912582397461e-01,6.782832145690917969e-01,-1.293383359909057617e+00,-1.916749328374862671e-01,-1.608365535736083984e+00,2.993709743022918701e-01,-7.191643714904785156e-01,9.616438150405883789e-01,1.354613423347473145e+00,-9.602038264274597168e-01,-3.159919977188110352e-01,2.154800176620483398e+00,-1.480722188949584961e+00,2.202374458312988281e+00,1.328710675239562988e+00,-8.174868822097778320e-01,9.655264019966125488e-02,1.474722146987915039e+00,-5.603303387761116028e-02,3.227265775203704834e-01,-1.650846838951110840e+00,2.272861003875732422e+00,6.940006017684936523e-01,-4.431905448436737061e-01,-1.666027307510375977e+00,5.792677998542785645e-01,-4.170027077198028564e-01,6.419752240180969238e-01,1.428668737411499023e+00,5.586758852005004883e-01,2.226638555526733398e+00,1.734754562377929688e+00,-4.528962671756744385e-01,1.710158735513687134e-01,-1.370528578758239746e+00,1.374211192131042480e+00,8.080339059233665466e-03,1.605338811874389648e+00,9.074071049690246582e-02,4.267101585865020752e-01
-4.895944297313690186e-01,7.533541321754455566e-01,1.093583941459655762e+00,3.532322049140930176e-01,2.541172206401824951e-01,1.061425685882568359e+00,-1.233644247055053711e+00,9.323553442955017090e-01,6.572031974792480469e-01,-1.478204250335693359e+00,6.301819682121276855e-01,3.637062907218933105e-01,8.226755857467651367e-01,-4.423820674419403076e-01,4.294064640998840332e-01,2.628458976745605469e+00,-8.293271809816360474e-02,1.487170100212097168e+00,-1.654233485460281372e-01,-3.862845897674560547e-01,1.542136818170547485e-01,-1.003565549850463867e+00,-3.020849823951721191e-01,-1.187184929847717285e+00,-5.070012807846069336e-02,-1.881201118230819702e-01,2.113971263170242310e-01,-7.513359785079956055e-01,-3.105986416339874268e-01,2.430113554000854492e-01,-4.473740607500076294e-02,3.029050529003143311e-01,-1.712535977363586426e+00,-1.035397291183471680e+00,1.115173697471618652e+00,5.501179695129394531e-01,2.294829487800598145e-02,-8.325451016426086426e-01,-7.977980375289916992e-01,1.939397305250167847e-01,1.368198394775390625e+00,1.414064049720764160e+00,9.147789478302001953e-01,2.899303436279296875e-01,-4.789183139801025391e-01,4.484594166278839111e-01,-8.654171824455261230e-01,-1.165255904197692871e+00,-3.578616082668304443e-01,1.192053318023681641e+00,-1.434924304485321045e-01,-1.290200471878051758e+00,3.166464269161224365e-01,2.681412696838378906e+00,-3.507226407527923584e-01,-4.417413175106048584e-01,-6.694954633712768555e-01,1.744971424341201782e-01,-1.723116159439086914e+00,-9.405543804168701172e-01,-8.664781451225280762e-01,1.584853380918502808e-01,-3.901985585689544678e-01,-5.428973436355590820e-01,-8.916186690330505371e-01,-4.331353008747100830e-01,6.711836457252502441e-01,-6.275135278701782227e-01,-2.619484901428222656e+00,-3.405782878398895264e-01,-2.738322690129280090e-02,-2.590349912643432617e+00,5.835105180740356445e-01,4.367969632148742676e-01,7.084102034568786621e-01,-4.159104824066162109e-01,5.897268652915954590e-01,8.956217020750045776e-02,1.400591015815734863e+00,-1.027294769883155823e-01,6.821989417076110840e-01,5.038132071495056152e-01,7.905247211456298828e-01,-6.520038247108459473e-01,-1.769454926252365112e-01,1.467737853527069092e-01,1.676157861948013306e-01,-5.721854567527770996e-01,-8.147864341735839844e-01,3.441854119300842285e-01,-1.713714301586151123e-01,1.294166743755340576e-01,-2.430768907070159912e-01,-2.784613072872161865e-01,1.307605743408203125e+00,1.473450183868408203e+00,-4.576141536235809326e-01,-3.254176378250122070e-01,1.440268605947494507e-01,1.138794660568237305e+00
-2.277851402759552002e-01,-1.192849755287170410e+00,-5.063435435295104980e-01,-1.257108151912689209e-01,7.886729836463928223e-01,1.448512449860572815e-02,1.836626380681991577e-01,-4.746719300746917725e-01,6.372930407524108887e-01,3.132122457027435303e-01,4.467971920967102051e-01,-1.165571659803390503e-01,8.410760760307312012e-02,8.039556741714477539e-01,1.591573238372802734e+00,4.755280315876007080e-01,-1.237380981445312500e+00,3.525473475456237793e-01,-6.969861388206481934e-01,-4.014732241630554199e-01,4.834729433059692383e-01,-4.096475839614868164e-01,-7.433810830116271973e-01,3.116383850574493408e-01,1.060351848602294922e+00,-3.707881867885589600e-01,2.639083147048950195e+00,-8.376630544662475586e-01,-7.209677100181579590e-01,2.261802434921264648e+00,-1.730351448059082031e+00,-6.077861785888671875e-01,-9.142422676086425781e-01,-3.836052119731903076e-01,-2.759144604206085205e-01,-5.797806382179260254e-01,-9.009233862161636353e-02,-3.791322931647300720e-02,-8.040041923522949219e-01,1.651273250579833984e+00,4.234767854213714600e-01,-4.653224945068359375e-01,-2.805829346179962158e-01,2.512620389461517334e-01,-1.771970510482788086e+00,-4.020769000053405762e-01,5.866506695747375488e-01,2.231061309576034546e-01,-3.156490251421928406e-02,2.575042247772216797e+00,-4.688848182559013367e-02,1.249083951115608215e-01,1.209475159645080566e+00,1.559243202209472656e+00,-5.590623617172241211e-01,1.676358282566070557e-01,-6.286879181861877441e-01,-4.297586679458618164e-01,-1.236658215522766113e+00,1.846499927341938019e-02,9.868755340576171875e-01,3.267018795013427734e-01,2.463511228561401367e-01,1.171294093132019043e+00,7.681078314781188965e-01,1.738401651382446289e+00,-1.177706494927406311e-01,2.742785811424255371e-01,5.401895642280578613e-01,2.029253005981445312e+00,-3.695546090602874756e-01,-1.297839760780334473e+00,1.508433669805526733e-01,7.456701993942260742e-01,1.165346860885620117e+00,-2.720772325992584229e-01,1.470831513404846191e+00,-1.117173910140991211e+00,-5.608422160148620605e-01,-1.425484418869018555e+00,-3.290080428123474121e-01,-1.323263168334960938e+00,7.189835309982299805e-01,7.820450067520141602e-01,1.135695695877075195e+00,-1.678678870201110840e+00,-1.250919342041015625e+00,-5.667167305946350098e-01,-1.434231758117675781e+00,-2.246021747589111328e+00,5.489519834518432617e-01,1.417227506637573242e+00,1.237763047218322754e+00,-4.186097681522369385e-01,9.726411104202270508e-01,8.174014836549758911e-02,-1.712369918823242188e-01,2.198329925537109375e+00,1.714501082897186279e-01,9.763178229331970215e-01
1.255003213882446289e+00,-1.961565464735031128e-01,9.805029630661010742e-02,-8.648716211318969727e-01,-1.915480136871337891e+00,2.488978803157806396e-01,-1.222157180309295654e-01,1.720647931098937988e+00,-7.798467278480529785e-01,-1.417772769927978516e+00,-8.413998484611511230e-01,-7.011388540267944336e-01,-2.825890481472015381e-01,-6.346278786659240723e-01,3.790121152997016907e-02,-3.276222646236419678e-01,1.882212281227111816e+00,-2.270609587430953979e-01,1.473801016807556152e+00,-1.743957281112670898e+00,5.704215764999389648e-01,6.479391455650329590e-01,-6.825805306434631348e-01,1.082322716712951660e+00,-6.790059208869934082e-01,-1.232022404670715332e+00,-1.672245502471923828e+00,3.194063305854797363e-01,-1.805966615676879883e+00,-6.714398264884948730e-01,1.863640099763870239e-01,8.966358304023742676e-01,1.191369533538818359e+00,1.227002263069152832e+00,-4.609592556953430176e-01,1.805482655763626099e-01,-1.642985492944717407e-01,8.667929768562316895e-01,-8.568737506866455078e-01,1.375272512435913086e+00,-2.586472332477569580e-01,-2.628747224807739258e-01,-3.559544086456298828e-01,9.128830581903457642e-02,1.668203711509704590e+00,-3.500854671001434326e-01,3.916067183017730713e-01,-4.368522763252258301e-02,7.968828082084655762e-01,-9.531153440475463867e-01,4.466395080089569092e-01,-5.649116039276123047e-01,-6.251491308212280273e-01,2.289935111999511719e+00,1.338632225990295410e+00,1.604434967041015625e+00,-6.804636716842651367e-01,1.149850130081176758e+00,-1.750288158655166626e-02,-1.190391540527343750e+00,5.848225355148315430e-01,6.805948615074157715e-01,2.904665470123291016e-01,-1.994750797748565674e-01,-8.992367386817932129e-01,-1.072421550750732422e+00,1.479850649833679199e+00,1.309235334396362305e+00,4.976226389408111572e-01,-2.262243032455444336e+00,8.971620798110961914e-01,-1.057347729802131653e-01,6.830700039863586426e-01,1.607912480831146240e-01,-5.792219042778015137e-01,-8.618703484535217285e-01,-2.577790021896362305e-01,9.195215106010437012e-01,-2.689337134361267090e-01,7.094566822052001953e-01,-1.115440726280212402e+00,-8.384414911270141602e-01,-2.088236063718795776e-02,8.807145357131958008e-01,-2.269704490900039673e-01,-7.378592491149902344e-01,-2.488652616739273071e-01,-4.400992095470428467e-01,1.936860561370849609e+00,-6.402404606342315674e-02,-3.244893252849578857e-01,1.304529756307601929e-01,-1.520446419715881348e+00,-1.363267004489898682e-01,7.839138507843017578e-01,4.187592864036560059e-01,2.352743864059448242e+00,-1.434179186820983887e+00,2.598661780357360840e-01,-6.215663254261016846e-02
2.029269039630889893e-01,-3.357450291514396667e-02,-1.008062839508056641e+00,-1.312624335289001465e+00,-8.424408435821533203e-01,2.551256418228149414e-01,1.278461337089538574e+00,1.037424683570861816e+00,6.130349040031433105e-01,1.268520236015319824e+00,-5.094765424728393555e-01,-8.288409709930419922e-01,2.759240567684173584e-01,-1.743334770202636719e+00,-1.211636304855346680e+00,2.283471673727035522e-01,5.939980745315551758e-01,9.815931916236877441e-01,-4.931580424308776855e-01,-1.082676768302917480e+00,5.117408633232116699e-01,1.074885845184326172e+00,-4.178930521011352539e-01,-4.197584688663482666e-01,-8.698090910911560059e-01,1.243218421936035156e+00,5.700858831405639648e-01,-9.759497642517089844e-02,-8.581866025924682617e-01,-3.806579411029815674e-01,-2.423564642667770386e-01,-2.967635095119476318e-01,3.879773020744323730e-01,5.595681667327880859e-01,-4.779845178127288818e-01,-7.813711166381835938e-01,7.260663062334060669e-02,-9.293510317802429199e-01,7.892488837242126465e-01,1.619295597076416016e+00,1.016385182738304138e-01,3.356282711029052734e-01,4.390494525432586670e-01,1.546564698219299316e+00,-1.203246593475341797e+00,-5.222303867340087891e-01,-1.147262096405029297e+00,2.470751047134399414e+00,-1.381310462951660156e+00,7.219253778457641602e-01,5.879988074302673340e-01,1.051908135414123535e+00,2.572466433048248291e-01,1.583722829818725586e-01,-8.438324183225631714e-02,-9.032384157180786133e-01,7.385287284851074219e-01,7.050004601478576660e-01,-5.281072854995727539e-01,1.354831218719482422e+00,5.433631539344787598e-01,-1.999155998229980469e+00,1.713136911392211914e+00,5.313606262207031250e-01,-1.343626976013183594e+00,2.348253875970840454e-01,9.807139039039611816e-01,7.765260934829711914e-01,1.327999472618103027e+00,-1.586988270282745361e-01,5.404393076896667480e-01,1.820589452981948853e-01,-8.971980810165405273e-01,-1.990507721900939941e+00,3.863739371299743652e-01,-1.406378597021102905e-01,5.351697206497192383e-01,-1.376552104949951172e+00,-1.205247477628290653e-03,-1.119052886962890625e+00,1.214711666107177734e+00,-4.996083080768585205e-01,-7.195305824279785156e-01,-1.674528598785400391e+00,5.142243504524230957e-01,5.353035926818847656e-01,6.891647577285766602e-01,-2.538269460201263428e-01,2.545961737632751465e-01,4.585395157337188721e-01,-8.985109925270080566e-01,5.572289824485778809e-01,-2.965716123580932617e-01,2.240062952041625977e+00,6.617804169654846191e-01,3.372398316860198975e-01,-5.139644145965576172e-01,1.517538428306579590e+00,-3.186330199241638184e-01,1.642346382141113281e+00
-2.075954526662826538e-01,7.263939976692199707e-01,-3.404130935668945312e-01,1.456326693296432495e-01,-3.534473180770874023e-01,7.073624730110168457e-01,-2.053841114044189453e+00,7.763004899024963379e-01,-1.624032258987426758e+00,-4.298984110355377197e-01,-1.515134811401367188e+00,1.329182505607604980e+00,-8.121524453163146973e-01,-1.756570100784301758e+00,1.195603311061859131e-01,1.650545477867126465e+00,-4.178246259689331055e-01,6.609050035476684570e-01,3.085512816905975342e-01,-5.286213383078575134e-02,-2.391857802867889404e-01,1.363535761833190918e+00,1.050336956977844238e+00,9.103614091873168945e-02,9.599273204803466797e-01,-3.567854762077331543e-01,-6.489659845829010010e-02,9.561366438865661621e-01,-9.958567619323730469e-01,6.062384843826293945e-01,-3.547331690788269043e-01,-1.961062997579574585e-01,-4.930468499660491943e-01,-3.630979955196380615e-01,1.919381976127624512e+00,-7.485677599906921387e-01,-1.412023901939392090e+00,-1.848899424076080322e-01,-9.627927541732788086e-01,-1.066518545150756836e+00,1.356148242950439453e+00,-5.417669415473937988e-01,7.467145323753356934e-01,-2.686850130558013916e-01,-4.191683530807495117e-01,6.875567436218261719e-01,-9.078596830368041992e-01,7.893306016921997070e-01,-1.756144881248474121e+00,2.884585224092006683e-02,8.505053520202636719e-01,-4.741013348102569580e-01,1.539736866950988770e+00,-5.092602968215942383e-01,-1.369224071502685547e+00,7.305002808570861816e-01,1.882726073265075684e+00,3.530578911304473877e-01,-7.686615586280822754e-01,6.212509274482727051e-01,4.768380820751190186e-01,-8.657756447792053223e-01,4.618034884333610535e-02,2.117760106921195984e-02,-2.416110038757324219e+00,-1.019634962081909180e+00,-2.218188047409057617e+00,1.286212950944900513e-01,-5.863667726516723633e-01,1.280651569366455078e+00,3.641952872276306152e-01,-1.114388585090637207e+00,-1.302758008241653442e-01,7.184870541095733643e-02,2.129530191421508789e+00,-1.569785237312316895e+00,-7.934102416038513184e-01,1.363323092460632324e+00,1.182517051696777344e+00,-3.988274037837982178e-01,1.683252334594726562e+00,-5.336784198880195618e-02,5.852324366569519043e-01,-4.753727465867996216e-02,-1.105179071426391602e+00,1.365275502204895020e+00,5.231435298919677734e-01,-4.802278056740760803e-02,-1.501170873641967773e+00,3.406570255756378174e-01,2.633312046527862549e-01,-1.166352391242980957e+00,3.357910215854644775e-01,1.803650379180908203e+00,-6.250742673873901367e-01,2.996827661991119385e-01,1.496833086013793945e+00,5.261017680168151855e-01,1.213878512382507324e+00,1.457056045532226562e+00
6.518102288246154785e-01,5.904569029808044434e-01,-8.232369422912597656e-01,-1.600225418806076050e-01,1.749630421400070190e-01,1.765535920858383179e-01,3.701129928231239319e-02,-2.242691040039062500e+00,1.218815684318542480e+00,-3.794279322028160095e-02,-1.906940340995788574e-01,6.590480208396911621e-01,-1.143886297941207886e-01,-9.848924279212951660e-01,1.260529279708862305e+00,-1.304026126861572266e+00,1.144752129912376404e-01,-1.118288516998291016e+00,7.825911641120910645e-01,4.189407825469970703e-01,2.984518110752105713e-01,-2.573597133159637451e-01,1.976643800735473633e+00,-9.524701237678527832e-01,3.175737857818603516e-01,1.516745328903198242e+00,-8.245609998703002930e-01,-7.402746677398681641e-01,6.612766385078430176e-01,-1.439952731132507324e+00,-8.932170271873474121e-01,2.013737916946411133e+00,-8.751071095466613770e-01,-4.350888431072235107e-01,4.536641389131546021e-02,1.230429038405418396e-01,-5.800786018371582031e-01,2.381540685892105103e-01,3.750165402889251709e-01,1.130492925643920898e+00,4.841031730175018311e-01,-5.352740883827209473e-01,6.488550305366516113e-01,9.581942111253738403e-02,-2.147807121276855469e+00,3.830442130565643311e-01,4.180917739868164062e-01,9.769018888473510742e-01,-1.137889266014099121e+00,6.747791171073913574e-01,1.054775357246398926e+00,-4.212983250617980957e-01,-7.543888092041015625e-01,1.477068185806274414e+00,2.269899129867553711e+00,1.032807469367980957e+00,-6.752454042434692383e-01,-8.454799652099609375e-01,6.853470206260681152e-01,1.085711002349853516e+00,1.686346292495727539e+00,9.038392305374145508e-01,-8.248808383941650391e-01,4.074367880821228027e-01,1.003137230873107910e+00,-5.073256492614746094e-01,-1.147276282310485840e+00,4.347743391990661621e-01,5.388050898909568787e-02,8.798236250877380371e-01,-5.099704265594482422e-01,1.716464459896087646e-01,5.039229989051818848e-01,-2.361968040466308594e+00,-8.924901485443115234e-01,2.056295573711395264e-01,1.288147449493408203e+00,8.721362054347991943e-02,-9.705145657062530518e-02,3.953310474753379822e-02,1.816810369491577148e+00,-2.402486503124237061e-01,1.679540276527404785e-01,-2.687478542327880859e+00,-7.745921015739440918e-01,7.974954694509506226e-02,-1.004496574401855469e+00,6.950592994689941406e-01,-8.765298128128051758e-01,8.830724954605102539e-01,-7.810688614845275879e-01,-1.417315959930419922e+00,-9.063780903816223145e-01,4.891261756420135498e-01,1.026130560785531998e-02,-6.499584317207336426e-01,2.284494936466217041e-01,5.195066928863525391e-01,-2.589083649218082428e-02,3.669300377368927002e-01
1.054852604866027832e+00,-1.680533885955810547e+00,1.847696118056774139e-02,-1.177743747830390930e-01,-9.054791927337646484e-02,-1.382166743278503418e+00,1.088059902191162109e+00,1.206336140632629395e+00,-2.632348984479904175e-02,-1.941223025321960449e+00,-5.028101205825805664e-01,1.292533040046691895e+00,-1.910106539726257324e+00,5.853383541107177734e-01,5.900140404701232910e-01,-4.850254356861114502e-01,-1.747627019882202148e+00,4.412500858306884766e-01,-1.181842759251594543e-01,-8.896313905715942383e-01,-1.618516594171524048e-01,-1.226395487785339355e+00,6.867067515850067139e-02,-9.664915204048156738e-01,2.527531087398529053e-01,6.347331404685974121e-01,-8.519096970558166504e-01,9.441443681716918945e-01,-1.010044366121292114e-01,-7.106772065162658691e-01,3.377086520195007324e-01,6.981202363967895508e-01,1.779705643653869629e+00,2.200481176376342773e+00,-1.039990901947021484e+00,5.509309470653533936e-02,-1.589975118637084961e+00,-2.786625027656555176e-01,5.432538390159606934e-01,-5.847445726394653320e-01,9.571611881256103516e-03,-2.951924204826354980e-01,1.776781916618347168e+00,-1.501958489418029785e+00,-1.254526257514953613e+00,-1.819205045700073242e+00,-1.250624842941761017e-02,4.832002222537994385e-01,-8.497695922851562500e-01,1.788213968276977539e+00,8.922676444053649902e-01,3.371568322181701660e-01,2.156268507242202759e-01,-1.427267313003540039e+00,6.109159588813781738e-01,1.921811997890472412e-01,-1.080278635025024414e+00,-3.273744508624076843e-02,-5.381669402122497559e-01,-6.196303367614746094e-01,2.532618343830108643e-01,-2.153929471969604492e+00,-1.941736102104187012e+00,-3.749449551105499268e-01,6.165445446968078613e-01,2.084265947341918945e-01,9.033117294311523438e-01,-1.286861896514892578e-01,1.031781911849975586e+00,1.043302178382873535e+00,-1.117727041244506836e+00,-9.611456990242004395e-01,-9.919449687004089355e-02,-4.376193508505821228e-02,-1.245773911476135254e+00,-7.841473221778869629e-01,1.431541889905929565e-02,4.991799890995025635e-01,6.110832691192626953e-01,-2.022168636322021484e-01,5.786771774291992188e-01,5.404534339904785156e-01,6.908245682716369629e-01,-1.593196511268615723e+00,1.007880687713623047e+00,1.351404428482055664e+00,-1.151430368423461914e+00,-4.638969898223876953e-02,-2.202863454818725586e+00,-2.706754207611083984e-01,-9.265279173851013184e-01,7.109507322311401367e-01,1.216560244560241699e+00,-1.760885953903198242e+00,-2.306527942419052124e-01,7.039121389389038086e-01,1.477616548538208008e+00,2.699024915695190430e+00,-2.445265203714370728e-01,1.027932286262512207e+00
-1.121846556663513184e+00,-1.045974373817443848e+00,-5.774076581001281738e-01,-1.108280658721923828e+00,-6.188296675682067871e-01,1.708439946174621582e+00,-5.629886388778686523e-01,1.860509216785430908e-01,-4.028582572937011719e-01,8.779179453849792480e-01,-2.534415125846862793e-01,-6.199527978897094727e-01,1.777883172035217285e+00,1.183727979660034180e+00,-2.652607858180999756e-01,9.329724311828613281e-02,-1.511663556098937988e+00,6.558446884155273438e-01,-1.681644082069396973e+00,-3.489100635051727295e-01,-9.997949600219726562e-01,3.648093044757843018e-01,-5.402645468711853027e-01,9.209396839141845703e-01,-1.129025891423225403e-01,-1.178651228547096252e-01,4.404562413692474365e-01,-1.005791306495666504e+00,-6.731882095336914062e-01,-2.432752847671508789e+00,-5.144566297531127930e-01,1.398931384086608887e+00,-7.614517807960510254e-01,8.874071836471557617e-01,-6.842195987701416016e-01,-6.271312236785888672e-01,1.186673283576965332e+00,-8.181334137916564941e-01,-1.430316567420959473e+00,-1.309540867805480957e+00,-5.828286409378051758e-01,1.372258365154266357e-01,1.833622455596923828e+00,1.238716617226600647e-01,-1.192840218544006348e+00,5.902674794197082520e-01,-1.201743602752685547e+00,1.020093917846679688e+00,-8.429481387138366699e-01,-1.995037198066711426e-01,-1.915566474199295044e-01,2.412745207548141479e-01,-2.747188806533813477e+00,9.560554474592208862e-02,-1.028545022010803223e+00,-1.295464873313903809e+00,5.277736783027648926e-01,2.995672225952148438e-01,4.910759329795837402e-01,-9.685021042823791504e-01,-1.263101220130920410e+00,-1.484301805496215820e+00,-9.514014720916748047e-01,-1.718316078186035156e+00,5.292817354202270508e-01,1.063464879989624023e+00,1.002815723419189453e+00,-1.548704653978347778e-01,-1.416915506124496460e-01,2.013619184494018555e+00,7.072159647941589355e-01,-1.287022083997726440e-01,5.999557375907897949e-01,6.024567484855651855e-01,-6.194824576377868652e-01,4.765670895576477051e-01,-2.636508941650390625e+00,6.930668354034423828e-01,-7.010470628738403320e-01,5.813597440719604492e-01,-5.165398716926574707e-01,6.799887120723724365e-02,-6.326529383659362793e-01,9.070926904678344727e-01,-1.232197046279907227e+00,7.629218697547912598e-01,-2.602167129516601562e+00,-1.475002884864807129e+00,9.340377449989318848e-01,7.234971523284912109e-01,-7.060114145278930664e-01,-1.017292737960815430e+00,-6.632778048515319824e-01,-7.288795113563537598e-01,1.041719675064086914e+00,-9.820837974548339844e-01,1.809725761413574219e-01,6.182874441146850586e-01,1.235449075698852539e+00,6.929215192794799805e-01
1.421082764863967896e-01,-1.132797598838806152e+00,-1.139915227890014648e+00,-1.024169683456420898e+00,1.103002190589904785e+00,9.965711236000061035e-01,-6.149761080741882324e-01,2.488893568515777588e-01,1.774036645889282227e+00,-3.765147924423217773e-01,-7.829400300979614258e-01,-4.189375936985015869e-01,3.584703207015991211e-01,-1.166012167930603027e+00,8.178330659866333008e-01,9.248723387718200684e-01,-1.206883668899536133e+00,1.068126082420349121e+00,5.149638652801513672e-01,-9.401503950357437134e-02,-9.446885585784912109e-01,-6.893524527549743652e-01,1.401740550994873047e+00,1.669285744428634644e-01,2.698277821764349937e-03,-7.564752101898193359e-01,-1.285785436630249023e+00,2.459478616714477539e+00,1.144903302192687988e+00,-1.030998349189758301e+00,-3.034880876541137695e+00,2.810533046722412109e-01,-1.552092581987380981e-01,8.453357219696044922e-01,-2.190742731094360352e+00,1.938975334167480469e+00,-1.093335390090942383e+00,-5.032732486724853516e-01,-7.140632867813110352e-01,1.359730243682861328e+00,2.894262373447418213e-01,4.667606055736541748e-01,-7.507630586624145508e-01,4.320981204509735107e-01,-5.077064633369445801e-01,1.964714288711547852e+00,-4.213278181850910187e-03,6.123333573341369629e-01,-1.258024424314498901e-01,6.214106678962707520e-01,-2.657955884933471680e+00,8.728113174438476562e-01,5.170618891716003418e-01,1.471286296844482422e+00,3.888145089149475098e-01,7.967439293861389160e-01,1.622895240783691406e+00,2.063678354024887085e-01,-7.622585296630859375e-01,6.289142370223999023e-01,-6.319735050201416016e-01,-1.252022504806518555e+00,-2.057031869888305664e+00,4.384306669235229492e-01,-1.514111518859863281e+00,-8.983558416366577148e-01,5.059211850166320801e-01,-2.362664788961410522e-01,-7.191200256347656250e-01,2.275561541318893433e-01,-1.394983053207397461e+00,-2.535651624202728271e-01,3.376732170581817627e-01,-6.515564322471618652e-01,-6.031030416488647461e-01,-1.145368576049804688e+00,3.806174099445343018e-01,5.428300499916076660e-01,5.256608128547668457e-01,-6.825700402259826660e-01,8.268453180789947510e-02,-5.526475310325622559e-01,3.164072632789611816e-01,-7.200307250022888184e-01,-9.778990745544433594e-01,-4.974239170551300049e-01,7.464638352394104004e-01,9.033785462379455566e-01,4.099822640419006348e-01,1.426277637481689453e+00,-1.788792729377746582e+00,5.818404555320739746e-01,2.159018814563751221e-01,9.737672805786132812e-01,-1.409976333379745483e-01,-7.960031628608703613e-01,-8.565582633018493652e-01,-9.098871946334838867e-01,-1.121700406074523926e+00,-1.202814698219299316e+00
-2.611848711967468262e-01,1.107173919677734375e+00,7.758643627166748047e-01,-1.480310082435607910e+00,1.785266101360321045e-01,6.291593909263610840e-01,-5.923438668251037598e-01,-1.432067751884460449e-01,-1.086089313030242920e-01,1.470319986343383789e+00,-9.461324810981750488e-01,4.884872138500213623e-01,8.046928644180297852e-01,6.441766023635864258e-01,-1.977669239044189453e+00,-1.451699882745742798e-01,1.575423717498779297e+00,6.709558367729187012e-01,2.032455354928970337e-01,2.119482010602951050e-01,-6.981213688850402832e-01,-2.441670417785644531e+00,1.656391620635986328e+00,-7.398804426193237305e-01,-2.568314671516418457e-01,1.147130370140075684e+00,-1.711342334747314453e+00,-1.777820348739624023e+00,2.155908584594726562e+00,-8.272357285022735596e-02,1.349261641502380371e+00,-1.315861105918884277e+00,1.993609309196472168e+00,-1.861346125602722168e+00,2.328557491302490234e+00,1.173258543014526367e+00,-1.481217890977859497e-01,-3.280548453330993652e-01,-4.407078325748443604e-01,1.183533906936645508e+00,1.823116183280944824e+00,-4.408776760101318359e-01,4.393349885940551758e-01,-6.660351753234863281e-01,-1.098022222518920898e+00,1.233802437782287598e-01,-2.385854870080947876e-01,1.062658652663230896e-01,-2.876268863677978516e+00,5.092258453369140625e-01,1.324649751186370850e-01,-9.497700929641723633e-01,8.938329219818115234e-01,-1.725543737411499023e+00,-4.326078295707702637e-01,-8.476377129554748535e-01,-1.316226840019226074e+00,6.625232696533203125e-01,2.241384029388427734e+00,-1.555557847023010254e-01,7.871137857437133789e-01,1.743671447038650513e-01,1.016120791435241699e+00,5.185204148292541504e-01,1.125753998756408691e+00,9.361767172813415527e-01,-1.838392734527587891e+00,-8.227071166038513184e-02,3.789523541927337646e-01,9.571464061737060547e-01,3.593873083591461182e-01,4.572460949420928955e-01,-2.123577706515789032e-02,9.891632795333862305e-01,4.835771024227142334e-01,1.654231548309326172e+00,9.037859439849853516e-01,1.191716670989990234e+00,1.078772664070129395e+00,8.921363949775695801e-01,1.691529393196105957e+00,-1.123314976692199707e+00,-1.364289045333862305e+00,5.677774548530578613e-01,5.293864011764526367e-01,1.334394574165344238e+00,3.904888331890106201e-01,1.221985816955566406e+00,9.293263405561447144e-02,-5.449379086494445801e-01,8.340911269187927246e-01,-1.090991854667663574e+00,1.217321395874023438e+00,-3.119065165519714355e-01,-2.836416959762573242e-01,1.783600091934204102e+00,-1.901437878608703613e+00,8.503214269876480103e-02,-8.107904791831970215e-01,-9.122034907341003418e-01
1.564002037048339844e+00,5.139908790588378906e-01,2.096223980188369751e-01,-2.956373393535614014e-01,8.312174081802368164e-01,8.175095319747924805e-01,-6.220673918724060059e-01,1.054852604866027832e+00,-4.294846355915069580e-01,-4.070026576519012451e-01,9.549885988235473633e-01,-2.255401387810707092e-02,7.646403908729553223e-01,-1.315589308738708496e+00,6.552508473396301270e-01,-1.911687664687633514e-02,3.511634767055511475e-01,6.000660657882690430e-01,1.074888229370117188e+00,-1.260366886854171753e-01,6.766622513532638550e-02,1.376830458641052246e+00,-6.154316067695617676e-01,-5.617095232009887695e-01,1.664973258972167969e+00,1.546497464179992676e+00,1.205118536949157715e+00,-1.580163002014160156e+00,-1.924916058778762817e-01,-6.199476122856140137e-01,-8.578249216079711914e-01,-7.658209204673767090e-01,-8.876246809959411621e-01,1.769570946693420410e+00,1.158746719360351562e+00,6.045457124710083008e-01,5.487763881683349609e-01,4.377734959125518799e-01,-9.607650637626647949e-01,7.755990624427795410e-01,1.416854746639728546e-02,-8.156918883323669434e-01,-9.940466880798339844e-01,-1.039483845233917236e-01,1.745163202285766602e-01,-9.407228976488113403e-02,-9.265339374542236328e-01,5.437153577804565430e-01,1.675212860107421875e+00,1.836617738008499146e-01,7.849696278572082520e-01,8.458673954010009766e-01,-1.164004683494567871e+00,7.817371934652328491e-02,-5.011037588119506836e-01,4.621278047561645508e-01,-1.352238297462463379e+00,-7.778349518775939941e-01,1.259652137756347656e+00,-1.728128790855407715e+00,-1.337118983268737793e+00,5.918868780136108398e-01,-1.850782275199890137e+00,-6.346764564514160156e-01,9.712186455726623535e-01,-1.549833178520202637e+00,-2.830820083618164062e-01,7.126227021217346191e-01,-1.069392859935760498e-01,-1.043270379304885864e-01,-4.383870959281921387e-01,3.318658471107482910e-01,-6.576032042503356934e-01,2.883299253880977631e-03,1.628421694040298462e-01,-1.093115806579589844e+00,-1.984451562166213989e-01,-3.033799529075622559e-01,9.755943715572357178e-02,-2.078751802444458008e+00,9.789903163909912109e-01,-9.478585124015808105e-01,6.647461652755737305e-01,-1.007530212402343750e+00,-2.077022194862365723e-01,-1.417696595191955566e+00,-2.797117531299591064e-01,-8.670485615730285645e-01,7.552436590194702148e-01,3.713349699974060059e-01,1.614594459533691406e-01,1.650477290153503418e+00,-4.359275400638580322e-01,-2.568402290344238281e-01,5.351258516311645508e-01,-9.638410806655883789e-01,2.629399001598358154e-01,-1.521019935607910156e+00,6.667099595069885254e-01,-4.650150537490844727e-01
1.470287442207336426e+00,-1.573898047208786011e-01,-1.455656170845031738e+00,-3.816955089569091797e-01,-3.665955662727355957e-01,5.357764363288879395e-01,2.204552173614501953e+00,2.060857117176055908e-01,7.847721576690673828e-01,1.351505875587463379e+00,1.183257102966308594e+00,-3.047675192356109619e-01,1.860265433788299561e-01,8.407836556434631348e-01,1.127824112772941589e-01,6.505219340324401855e-01,1.169559478759765625e+00,-9.148269295692443848e-01,-1.124807149171829224e-01,-4.849366545677185059e-01,2.716832160949707031e+00,-2.597338259220123291e-01,-8.782135248184204102e-01,9.081138968467712402e-01,1.111324787139892578e+00,-3.441665470600128174e-01,-1.574261307716369629e+00,-5.666987895965576172e-01,7.392250299453735352e-01,-9.671515822410583496e-01,8.226469159126281738e-01,2.227026462554931641e+00,-1.221503973007202148e+00,-1.710351943969726562e+00,-1.849581152200698853e-01,-1.246687293052673340e+00,5.690718889236450195e-01,4.912313222885131836e-01,-1.408375501632690430e-01,8.267170786857604980e-01,1.574424356222152710e-01,2.772353887557983398e-01,1.197392463684082031e+00,1.417966842651367188e+00,-2.885665595531463623e-01,-2.186332702636718750e+00,1.595156073570251465e+00,1.231868028640747070e+00,1.023101091384887695e+00,6.142986416816711426e-01,-4.915571510791778564e-01,-1.132035493850708008e+00,-5.318367481231689453e-01,3.668044805526733398e-01,6.573593616485595703e-01,-1.182917594909667969e+00,-1.019948005676269531e+00,-8.123964667320251465e-01,1.269634604454040527e+00,2.280268669128417969e-01,-8.404135107994079590e-01,-1.551447510719299316e+00,7.325792312622070312e-01,-4.396945834159851074e-01,2.235459685325622559e-01,-1.306498408317565918e+00,-9.916985034942626953e-01,-1.379070401191711426e+00,6.995006203651428223e-01,2.803323864936828613e-01,-3.549053668975830078e-01,2.055799245834350586e+00,-2.551685869693756104e-01,-5.337163805961608887e-01,-1.224978089332580566e+00,-2.190689593553543091e-01,-2.055253744125366211e+00,-1.067913055419921875e+00,2.392798066139221191e-01,-1.389858841896057129e+00,-2.449921131134033203e+00,-1.216348558664321899e-01,-7.368329763412475586e-01,1.815418243408203125e+00,-9.417908787727355957e-01,1.159121394157409668e+00,-1.388724803924560547e+00,-4.902028441429138184e-01,1.449172854423522949e+00,-1.379146277904510498e-01,-7.856056690216064453e-01,8.848082423210144043e-01,-1.165808662772178650e-01,6.523975133895874023e-01,-1.316372752189636230e+00,1.128922924399375916e-01,2.531634271144866943e-01,1.478269338607788086e+00,1.103332281112670898e+00,5.497279167175292969e-01
-1.799065947532653809e+00,-1.619310081005096436e-01,4.124492406845092773e-02,8.200569152832031250e-01,-7.193238735198974609e-01,1.133419573307037354e-01,-6.478462815284729004e-01,8.117998838424682617e-01,2.774857580661773682e-01,1.874817013740539551e+00,-1.085433483123779297e+00,-9.875059127807617188e-01,3.884344398975372314e-01,-3.171676397323608398e-01,7.295345664024353027e-01,3.229778110980987549e-01,9.859172999858856201e-02,2.638911604881286621e-01,1.443868726491928101e-01,-1.884915947914123535e+00,-1.936181783676147461e-01,-4.752844870090484619e-01,-9.695048928260803223e-01,-9.934138059616088867e-01,-1.188131570816040039e+00,-1.127764463424682617e+00,-7.391425967216491699e-02,-6.470012068748474121e-01,4.254397749900817871e-01,-2.071885108947753906e+00,-7.385171651840209961e-01,2.247624993324279785e-01,1.409474968910217285e+00,-1.451032701879739761e-02,-1.667393743991851807e-02,-1.476231694221496582e+00,-1.541514515876770020e+00,1.186370849609375000e+00,4.768595993518829346e-01,-1.248983964323997498e-01,-9.838930517435073853e-02,5.478618144989013672e-01,-5.853282809257507324e-01,1.005673110485076904e-01,9.236195087432861328e-01,-2.068948030471801758e+00,1.878410577774047852e-01,1.372335404157638550e-01,-4.192273616790771484e-01,-8.659178018569946289e-01,8.284141123294830322e-02,1.317846179008483887e+00,-3.197733879089355469e+00,9.864130616188049316e-01,1.494255900382995605e+00,4.579345285892486572e-01,2.428816318511962891e+00,-2.982268929481506348e-01,-4.462973773479461670e-01,8.640691637992858887e-01,7.544063329696655273e-01,-3.128667548298835754e-02,1.388242721557617188e+00,5.020841211080551147e-02,-7.559071481227874756e-02,-1.272539734840393066e+00,8.194651603698730469e-01,-2.004066109657287598e-01,-8.571553230285644531e-01,-7.887104153633117676e-01,9.306275248527526855e-01,4.537819027900695801e-01,1.186965703964233398e+00,-7.704343795776367188e-01,1.099786520004272461e+00,5.987500548362731934e-01,-3.223353922367095947e-01,5.121883153915405273e-01,1.239432469010353088e-01,-4.475500285625457764e-01,-1.331884264945983887e+00,-8.354045748710632324e-01,-1.088088989257812500e+00,-7.082664221525192261e-02,-7.192345857620239258e-01,3.971190154552459717e-01,-1.105120554566383362e-01,-1.803174018859863281e+00,-1.169552206993103027e+00,-1.037058591842651367e+00,9.654569625854492188e-01,-9.831977635622024536e-02,1.175493478775024414e+00,-1.545231789350509644e-01,-4.839667975902557373e-01,3.606951981782913208e-02,-9.785197973251342773e-01,-6.885251998901367188e-01,-6.041333675384521484e-01,2.573426067829132080e-01
2.855241596698760986e-01,-9.689744114875793457e-01,-1.559545278549194336e+00,2.072281986474990845e-01,2.329121083021163940e-01,-1.047058105468750000e+00,-2.383704185485839844e+00,-2.125826478004455566e-01,5.340932607650756836e-01,-5.059045553207397461e-01,8.319672197103500366e-02,-1.291128844022750854e-01,-4.491223022341728210e-03,-2.379567861557006836e+00,1.366746425628662109e-01,2.323415875434875488e-01,1.080794911831617355e-02,-4.945745766162872314e-01,7.525445818901062012e-01,-8.395893573760986328e-01,6.956726312637329102e-02,-1.327135443687438965e+00,6.609880328178405762e-01,-8.429273962974548340e-01,2.420543670654296875e+00,-1.233505487442016602e+00,1.371188461780548096e-01,-7.117766141891479492e-02,-7.555888891220092773e-01,1.854114830493927002e-01,-8.924539685249328613e-01,8.969923257827758789e-01,6.340456753969192505e-02,1.122464299201965332e+00,1.665950417518615723e+00,-8.060020804405212402e-01,1.215657949447631836e+00,4.578833654522895813e-02,1.992241144180297852e-01,-1.325126830488443375e-02,5.668208599090576172e-01,7.268468737602233887e-01,8.785710930824279785e-01,-1.016314029693603516e+00,-3.298752307891845703e-01,-3.866894841194152832e-01,-6.308332681655883789e-01,1.785791397094726562e+00,1.735216736793518066e+00,6.497834920883178711e-01,-1.162281855940818787e-01,2.445711344480514526e-01,1.142219662666320801e+00,-3.534305989742279053e-01,4.604592621326446533e-01,-7.134028673171997070e-01,-1.011666417121887207e+00,5.721573829650878906e-01,-9.178676009178161621e-01,1.656687073409557343e-02,6.014146208763122559e-01,-3.935412168502807617e-01,-7.877135276794433594e-01,1.319072544574737549e-01,8.489515185356140137e-01,-2.209284007549285889e-01,-3.562667369842529297e-01,3.054719865322113037e-01,-2.851725183427333832e-02,2.011228203773498535e-01,-3.867343664169311523e-01,8.174549937248229980e-01,-1.253735542297363281e+00,-6.587978601455688477e-01,7.466277480125427246e-01,-1.101118087768554688e+00,-1.259649276733398438e+00,8.077634498476982117e-03,5.103091895580291748e-02,-3.553552031517028809e-01,1.961533725261688232e-01,-1.201430082321166992e+00,-3.926189541816711426e-01,1.261896967887878418e+00,1.640390157699584961e+00,1.667336463928222656e+00,9.987666010856628418e-01,-2.305858880281448364e-01,-1.111883223056793213e-01,-1.546961188316345215e+00,7.063603401184082031e-01,5.564348101615905762e-01,-9.649105668067932129e-01,9.429329037666320801e-01,-4.499387461692094803e-03,5.599277615547180176e-01,-7.995728850364685059e-01,-1.109142184257507324e+00,-1.420878767967224121e+00,2.010260671377182007e-01
2.251139640808105469e+00,1.636553853750228882e-01,1.532101184129714966e-01,-1.385456174612045288e-01,8.286459445953369141e-01,4.717606902122497559e-01,-1.018727898597717285e+00,-1.306410074234008789e+00,-1.834106326103210449e+00,1.673014640808105469e+00,1.039889827370643616e-02,1.261529684066772461e+00,1.478467822074890137e+00,-6.279516220092773438e-01,1.949064016342163086e+00,-3.658002018928527832e-01,-8.094709515571594238e-01,1.348587274551391602e-01,1.375814080238342285e-01,5.324559211730957031e-01,2.954064905643463135e-01,2.066188335418701172e+00,-9.662377238273620605e-01,-1.387951612472534180e+00,6.727683357894420624e-03,2.183282375335693359e+00,1.150863766670227051e+00,-1.334502249956130981e-01,1.889992356300354004e+00,-1.645996451377868652e+00,-2.855814993381500244e-01,-8.861717581748962402e-02,2.911155223846435547e+00,7.886991500854492188e-01,-6.077439785003662109e-01,7.524225115776062012e-01,-3.084866404533386230e-01,4.670659005641937256e-01,9.505426287651062012e-01,-1.611085176467895508e+00,1.105202198028564453e+00,-5.698178410530090332e-01,-1.107265353202819824e+00,-1.089462041854858398e+00,4.927738606929779053e-01,1.092970609664916992e+00,1.491343021392822266e+00,-2.432926595211029053e-01,-1.299864649772644043e+00,1.117069646716117859e-01,-1.864382505416870117e+00,2.617892026901245117e-01,-2.628485858440399170e-01,-7.586758732795715332e-01,5.951439142227172852e-01,-5.794006586074829102e-01,-6.807801127433776855e-01,7.603105902671813965e-01,1.791852951049804688e+00,3.594429790973663330e-02,2.456580698490142822e-01,5.048238039016723633e-01,1.445244431495666504e+00,9.268428683280944824e-01,-1.559123516082763672e+00,1.359486728906631470e-01,6.938192844390869141e-01,-1.285181641578674316e+00,-3.102891743183135986e-01,8.782566189765930176e-01,7.226432561874389648e-01,-1.585584282875061035e+00,1.469580456614494324e-02,-1.490622043609619141e+00,-2.318437099456787109e+00,6.308236718177795410e-01,1.993632197380065918e+00,9.935954213142395020e-01,-1.655131340026855469e+00,1.487575769424438477e+00,-5.179969072341918945e-01,7.184344530105590820e-01,1.313015699386596680e+00,2.164067029953002930e-01,2.393897250294685364e-02,1.393576741218566895e+00,4.464554190635681152e-01,9.461150765419006348e-01,6.035809516906738281e-01,2.367008030414581299e-01,4.310615360736846924e-01,-2.015729062259197235e-02,2.374694496393203735e-02,3.429851531982421875e-01,-1.694405823945999146e-01,3.916094303131103516e-01,7.647185325622558594e-01,-2.010550737380981445e+00,1.452487587928771973e+00,-8.034852147102355957e-01
4.302807524800300598e-02,1.887034177780151367e-01,-1.135251164436340332e+00,6.974125504493713379e-01,4.993446171283721924e-01,1.130519270896911621e+00,-9.486652016639709473e-01,-1.150738000869750977e+00,3.904859721660614014e-01,-6.062651276588439941e-01,-1.030118227005004883e+00,-3.927031755447387695e-01,9.141388535499572754e-01,5.228656530380249023e-01,1.664868712425231934e+00,2.679231166839599609e-01,8.200953602790832520e-01,-1.120918035507202148e+00,1.298307538032531738e+00,-5.151395797729492188e-01,5.547455549240112305e-01,-1.573166102170944214e-01,2.286050796508789062e+00,-1.189967989921569824e+00,1.420285463333129883e+00,-1.161746859550476074e+00,-4.011927545070648193e-01,2.504502609372138977e-02,2.125919103622436523e+00,3.248457312583923340e-01,2.108159810304641724e-01,1.400044202804565430e+00,8.731772899627685547e-01,5.226272940635681152e-01,1.341489195823669434e+00,-1.376812338829040527e+00,6.290066242218017578e-01,9.676452279090881348e-01,-1.303005032241344452e-02,-1.926279217004776001e-01,-1.129534915089607239e-01,-1.203206300735473633e+00,1.780633330345153809e-01,-1.425822526216506958e-01,4.546037018299102783e-01,3.434054851531982422e-01,2.373757362365722656e-01,-4.385529756546020508e-01,-1.628781557083129883e+00,-1.229213103652000427e-01,1.917421221733093262e-01,-1.754069328308105469e+00,-8.372192382812500000e-01,1.178378820419311523e+00,1.166226625442504883e+00,7.207112312316894531e-01,4.155181050300598145e-01,-1.029044866561889648e+00,1.065539598464965820e+00,-6.838646531105041504e-01,7.275935411453247070e-01,-1.118904829025268555e+00,2.400849312543869019e-01,-4.975129663944244385e-01,-2.337747067213058472e-01,2.333981841802597046e-01,3.598475828766822815e-02,2.201963812112808228e-01,-9.888307452201843262e-01,1.004210352897644043e+00,4.710673913359642029e-02,1.324536919593811035e+00,-8.984568715095520020e-01,9.167595505714416504e-01,1.608937978744506836e+00,-1.276799678802490234e+00,-9.819425344467163086e-01,1.630805611610412598e+00,5.943892896175384521e-02,3.268158137798309326e-01,-6.484071612358093262e-01,1.022575259208679199e+00,-1.281820088624954224e-01,-1.975708842277526855e+00,2.420507431030273438e+00,9.142813682556152344e-01,-7.710915207862854004e-01,-4.412705600261688232e-01,-6.018761992454528809e-01,1.456201076507568359e+00,7.700709700584411621e-01,-1.543706059455871582e+00,-9.012461900711059570e-01,-6.934103965759277344e-01,6.681502461433410645e-01,-7.962033748626708984e-01,2.071321606636047363e-01,-7.814275622367858887e-01,1.134467571973800659e-01,-9.100208282470703125e-01
5.583873391151428223e-02,4.263597130775451660e-01,-2.558465301990509033e-01,1.553580522537231445e+00,3.106641396880149841e-02,-7.740315794944763184e-01,9.873161911964416504e-01,-3.210763260722160339e-02,1.289101719856262207e+00,3.480809181928634644e-02,2.751928269863128662e-01,-2.015164345502853394e-01,-2.978781163692474365e-01,8.637977838516235352e-01,6.501156091690063477e-01,-1.422442555427551270e+00,-1.661660552024841309e+00,-2.283414751291275024e-01,9.026530981063842773e-01,4.042991101741790771e-01,-7.913482785224914551e-01,-5.763905048370361328e-01,-3.302679955959320068e-01,1.912580609321594238e+00,2.227340698242187500e+00,-1.034836173057556152e+00,-6.419288516044616699e-01,-2.552905082702636719e+00,8.341219425201416016e-01,-2.546268403530120850e-01,1.243441462516784668e+00,1.649722754955291748e-01,-2.960912287235260010e-01,3.127316012978553772e-02,4.176672995090484619e-01,-1.163201689720153809e+00,-3.237615823745727539e-01,3.424975275993347168e-01,1.009950995445251465e+00,3.222489953041076660e-01,3.800110220909118652e-01,1.187917113304138184e+00,1.890719123184680939e-02,8.207579851150512695e-01,-3.982821851968765259e-02,1.965812146663665771e-01,2.866717815399169922e+00,1.235325694084167480e+00,-1.076235413551330566e+00,-3.126917779445648193e-02,5.693501234054565430e-01,-2.227334976196289062e+00,1.836967110633850098e+00,1.810740381479263306e-01,-6.823185682296752930e-01,-4.735789597034454346e-01,6.399970650672912598e-01,-8.481508493423461914e-01,-1.193147420883178711e+00,7.630379498004913330e-02,1.319529414176940918e+00,1.173216223716735840e+00,1.551406264305114746e+00,1.518134117126464844e+00,-1.915851950645446777e+00,1.020576000213623047e+00,5.961678028106689453e-01,5.005863308906555176e-01,-3.509030938148498535e-01,2.358561605215072632e-01,2.673503756523132324e-01,1.779500991106033325e-01,4.300577938556671143e-01,-9.489133954048156738e-01,1.763910055160522461e-01,-9.059376716613769531e-01,-1.789001584053039551e+00,-1.370243787765502930e+00,1.702266335487365723e+00,-5.654385685920715332e-02,-5.668550729751586914e-01,5.165171027183532715e-01,-1.684302926063537598e+00,1.973135352134704590e+00,1.343665242195129395e+00,5.512866005301475525e-02,-8.995115756988525391e-01,-1.875666737556457520e+00,7.387746572494506836e-01,-1.891288012266159058e-01,4.040635824203491211e-01,-6.799424886703491211e-01,1.260329365730285645e+00,1.007242321968078613e+00,8.972984552383422852e-01,-4.016103148460388184e-01,-4.873150885105133057e-01,-3.391959071159362793e-01,-4.283992573618888855e-03,-1.219924092292785645e-01
7.393833994865417480e-01,-6.018517538905143738e-02,-2.041736245155334473e-01,7.113322019577026367e-01,7.040610313415527344e-01,-1.509763956069946289e+00,-1.149896502494812012e+00,1.937290668487548828e+00,-3.402790725231170654e-01,3.865645229816436768e-01,-2.208600938320159912e-01,-1.071194648742675781e+00,1.314135909080505371e+00,-7.021304965019226074e-01,-8.646155595779418945e-01,3.209991931915283203e+00,6.679171919822692871e-01,-2.233200073242187500e+00,-3.150350451469421387e-01,1.265614271163940430e+00,2.308036327362060547e+00,-5.350031256675720215e-01,-9.245068766176700592e-03,9.505345225334167480e-01,-9.465918540954589844e-01,1.443820834159851074e+00,2.819378860294818878e-02,-1.057238802313804626e-01,6.536080837249755859e-01,1.219837307929992676e+00,-1.264742016792297363e+00,1.097895979881286621e+00,1.018338203430175781e+00,2.061684846878051758e+00,-6.158305332064628601e-02,-1.889196515083312988e+00,4.351915419101715088e-01,2.820290327072143555e-01,-1.265374302864074707e+00,9.799125194549560547e-01,1.843656748533248901e-01,-1.033423066139221191e+00,-3.559510037302970886e-02,1.332190930843353271e-01,1.120599627494812012e+00,-1.035350084304809570e+00,1.909983634948730469e+00,-1.187642440199851990e-01,-1.024772167205810547e+00,-2.964630722999572754e-02,-3.014932870864868164e-01,-3.558240830898284912e-01,-1.278388738632202148e+00,8.696874976158142090e-01,1.221035718917846680e+00,-7.275585532188415527e-01,-8.873358368873596191e-02,4.328452348709106445e-01,-4.580516219139099121e-01,-3.468854725360870361e-01,2.920466661453247070e-01,7.333590388298034668e-01,2.793380320072174072e-01,-1.107697010040283203e+00,-3.290363252162933350e-01,3.373057246208190918e-01,-1.135084867477416992e+00,7.161298394203186035e-01,5.772512555122375488e-01,1.196512579917907715e+00,-1.618896126747131348e-01,3.098462820053100586e-01,-9.886951446533203125e-01,-6.408362984657287598e-01,-7.539763450622558594e-01,8.909422755241394043e-01,-6.524933576583862305e-01,4.811749979853630066e-02,8.768368959426879883e-01,1.403461694717407227e+00,1.012485027313232422e+00,-1.541204750537872314e-01,1.585799753665924072e-01,-4.411025643348693848e-01,-1.785439997911453247e-01,-1.985623478889465332e+00,-1.351157724857330322e-01,-4.006211161613464355e-01,-5.959235429763793945e-01,-1.154328346252441406e+00,-1.792435169219970703e+00,-1.344347745180130005e-01,1.026808500289916992e+00,6.374887824058532715e-01,-1.717493653297424316e+00,-7.701045870780944824e-01,-2.629535198211669922e-01,9.486955404281616211e-01,4.946506619453430176e-01,-6.487742066383361816e-01
-4.969481825828552246e-01,1.166416883468627930e+00,1.528115198016166687e-02,-1.249898791313171387e+00,2.133471012115478516e+00,3.710631728172302246e-01,2.034651190042495728e-01,-1.501598834991455078e+00,-9.172976613044738770e-01,1.168002843856811523e+00,8.416979312896728516e-01,-1.605701208114624023e+00,-4.062380492687225342e-01,5.542262792587280273e-01,1.956663131713867188e-01,-6.619782447814941406e-01,-1.027204275131225586e+00,4.701774939894676208e-02,-5.049209594726562500e-01,-1.214325785636901855e+00,-6.110367178916931152e-01,-8.968524932861328125e-01,-3.039409518241882324e-01,-8.176763653755187988e-01,-4.475172162055969238e-01,-6.447487473487854004e-01,1.675066590309143066e+00,4.010814130306243896e-01,-1.745496988296508789e+00,1.439109921455383301e+00,-7.171459794044494629e-01,-9.220651388168334961e-01,1.754409819841384888e-01,-2.321403026580810547e-01,2.373738288879394531e-01,4.290564358234405518e-01,5.289125442504882812e-01,-2.351275682449340820e+00,-1.617793560028076172e+00,1.672016978263854980e+00,-1.599852561950683594e+00,1.277121305465698242e-01,-1.218724727630615234e+00,-9.403175711631774902e-01,-2.513121366500854492e-01,5.832920074462890625e-01,1.675584077835083008e+00,-1.752278447151184082e+00,1.985644221305847168e+00,-1.165965914726257324e+00,1.133613139390945435e-01,-6.152579784393310547e-01,-2.024565696716308594e+00,2.120786190032958984e+00,-1.904190659523010254e+00,-3.165178894996643066e-01,-2.823401391506195068e-01,-3.186462819576263428e-01,6.450367569923400879e-01,-1.676756739616394043e+00,2.422651648521423340e-01,2.851324379444122314e-01,1.286336064338684082e+00,1.428035378456115723e+00,-7.623748183250427246e-01,-1.208653092384338379e+00,-1.275576472282409668e+00,1.110923171043395996e+00,6.202348470687866211e-01,1.150738000869750977e+00,-5.548796057701110840e-02,-3.887798786163330078e-01,-5.673442482948303223e-01,3.060494959354400635e-01,5.932764410972595215e-01,-9.610751867294311523e-01,3.198001086711883545e-01,-1.587797999382019043e-01,-5.921171978116035461e-02,-6.731490492820739746e-01,3.234161734580993652e-01,-6.549924015998840332e-01,-9.020786881446838379e-01,8.920298516750335693e-02,-1.949601322412490845e-01,-1.471055299043655396e-01,-6.179864406585693359e-01,-1.615007638931274414e+00,1.592837810516357422e+00,1.618447661399841309e+00,5.945569872856140137e-01,2.937517762184143066e-01,3.984453082084655762e-01,-3.389717638492584229e-01,-6.171662211418151855e-01,1.000515103340148926e+00,-6.964178681373596191e-01,1.598139166831970215e+00,-5.352033972740173340e-01,7.941351532936096191e-01
-5.170263051986694336e-01,1.322388350963592529e-01,1.134543418884277344e+00,-1.661731004714965820e+00,2.208312004804611206e-01,-4.316262602806091309e-01,-5.492168068885803223e-01,8.295038938522338867e-01,-3.149457216262817383e+00,-6.594511866569519043e-01,-8.506566882133483887e-01,3.133285790681838989e-02,7.763994336128234863e-01,-2.050768852233886719e+00,7.572147250175476074e-01,-7.955919951200485229e-03,-1.355846762657165527e+00,-9.996500611305236816e-01,-2.941838800907135010e-01,-7.538052797317504883e-01,1.263736486434936523e+00,1.913154482841491699e+00,-1.289026379585266113e+00,1.879147291183471680e-01,-1.874960511922836304e-01,-5.858914256095886230e-01,1.829634308815002441e-01,-3.005935847759246826e-01,-5.835154056549072266e-01,2.627157866954803467e-01,-5.448036193847656250e-01,6.067696213722229004e-01,-5.980712771415710449e-01,7.291520237922668457e-01,-1.043308734893798828e+00,2.582954168319702148e-01,1.499695181846618652e+00,-3.224251568317413330e-01,1.817812442779541016e+00,4.200496524572372437e-02,2.392975389957427979e-01,1.754414290189743042e-01,-2.264231257140636444e-02,-4.752539992332458496e-01,8.228147029876708984e-01,-3.929800987243652344e-01,1.317579627037048340e+00,5.390192866325378418e-01,-2.412944436073303223e-01,1.231248736381530762e+00,4.717111885547637939e-01,-3.404600024223327637e-01,3.537003323435783386e-02,2.461782991886138916e-01,2.145727396011352539e+00,2.159762829542160034e-01,-4.492303431034088135e-01,2.280368089675903320e+00,-2.273138016462326050e-01,7.755749225616455078e-01,4.028779864311218262e-01,-3.313243985176086426e-01,-7.490360736846923828e-01,6.892051696777343750e-01,2.646577060222625732e-01,-7.491030097007751465e-01,1.412774920463562012e+00,-1.364343404769897461e+00,-6.168025732040405273e-01,8.609784841537475586e-01,-5.941218137741088867e-01,-4.355771839618682861e-01,-1.754835993051528931e-01,-1.079697161912918091e-03,-7.582654953002929688e-01,-2.802649438381195068e-01,-9.861766695976257324e-01,2.326791640371084213e-03,-2.450457066297531128e-01,-5.623955130577087402e-01,-1.188351400196552277e-02,1.490060091018676758e-01,-1.307436227798461914e+00,1.330845952033996582e+00,-2.229803800582885742e+00,5.766607522964477539e-01,-2.039810657501220703e+00,-1.943719744682312012e+00,1.593006253242492676e+00,9.706119894981384277e-01,-8.051189780235290527e-01,1.353737264871597290e-01,5.550123453140258789e-01,8.707232773303985596e-02,1.462848037481307983e-01,2.398650348186492920e-01,-1.526179432868957520e+00,-7.961252331733703613e-01,-7.305428385734558105e-01,-1.330505847930908203e+00
-7.525974512100219727e-02,8.942961692810058594e-02,3.951456844806671143e-01,-1.673629999160766602e+00,9.060035943984985352e-01,1.201673269271850586e+00,1.552880287170410156e+00,7.798562049865722656e-01,-9.790806472301483154e-02,1.556859374046325684e+00,-2.485535591840744019e-01,-7.994688749313354492e-01,1.668076068162918091e-01,1.633344143629074097e-01,-3.511466085910797119e-01,1.882838129997253418e+00,-2.049736499786376953e+00,-6.150677800178527832e-01,-1.619247198104858398e+00,-8.824905753135681152e-01,1.259307861328125000e+00,9.151423722505569458e-02,3.717664480209350586e-01,2.392229586839675903e-01,1.423701763153076172e+00,-5.240068957209587097e-02,-5.395458340644836426e-01,5.091949105262756348e-01,2.048849165439605713e-01,1.024346947669982910e+00,-7.030338048934936523e-01,1.523100972175598145e+00,6.527431607246398926e-01,1.463000774383544922e+00,-1.316292047500610352e+00,4.591096639633178711e-01,7.638449221849441528e-02,-9.016859531402587891e-01,8.263239264488220215e-01,8.268396556377410889e-02,8.977183699607849121e-01,5.611463785171508789e-01,-1.563407480716705322e-01,-5.791113153100013733e-02,1.037231013178825378e-01,-7.588464021682739258e-01,-2.308584213256835938e+00,7.682857513427734375e-01,1.176315546035766602e-02,-2.168823242187500000e+00,-1.035518169403076172e+00,8.129646778106689453e-01,-5.867184400558471680e-01,-1.380578130483627319e-01,-2.549975395202636719e+00,6.377245187759399414e-01,-1.450154185295104980e+00,-1.049383282661437988e+00,4.702791273593902588e-01,-4.476732313632965088e-01,-3.152832388877868652e-01,-3.915248513221740723e-01,-1.615463018417358398e+00,4.004810750484466553e-01,1.669550389051437378e-01,-1.806139796972274780e-01,2.069209098815917969e+00,2.320413291454315186e-01,4.811610877513885498e-01,7.225040197372436523e-01,1.343680143356323242e+00,3.832972645759582520e-01,1.761876106262207031e+00,-5.966068506240844727e-01,-5.600491166114807129e-01,-8.471972346305847168e-01,-4.836429655551910400e-01,-1.031371951103210449e+00,-8.575977683067321777e-01,4.603073894977569580e-01,-5.388676524162292480e-01,-1.028670430183410645e+00,-8.673174977302551270e-01,1.078982591629028320e+00,2.254878759384155273e+00,-2.707871794700622559e-01,-1.000860810279846191e+00,4.570138752460479736e-01,1.125232502818107605e-01,-2.949212789535522461e-01,8.195310235023498535e-01,-4.231189787387847900e-01,1.705052018165588379e+00,3.273646235466003418e-01,1.130453228950500488e+00,5.752253532409667969e-01,1.285621047019958496e+00,-6.347066164016723633e-01,-4.331382513046264648e-01,4.983796924352645874e-02
6.278425455093383789e-01,-6.737285256385803223e-01,-6.984494328498840332e-01,1.224638223648071289e+00,2.118518114089965820e+00,-2.266821622848510742e+00,-1.079069495201110840e+00,-8.305429220199584961e-01,3.577004075050354004e-01,-1.245780229568481445e+00,6.152364611625671387e-01,1.070057988166809082e+00,-3.966312110424041748e-01,-5.774729847908020020e-01,-2.776014506816864014e-01,-4.919234812259674072e-01,7.946659326553344727e-01,2.574848383665084839e-02,5.784128904342651367e-01,1.721913218498229980e-01,-1.013964176177978516e+00,3.794593811035156250e-01,-7.664025425910949707e-01,-4.786628782749176025e-01,-7.207972407341003418e-01,1.476193964481353760e-01,4.370790123939514160e-01,1.792440116405487061e-01,6.604521274566650391e-01,-4.935358762741088867e-01,-2.439942210912704468e-01,-3.539089858531951904e-01,1.482062339782714844e-01,5.346246361732482910e-01,4.901374131441116333e-02,1.236675009131431580e-01,-7.825392484664916992e-01,2.805569767951965332e-01,1.246014833450317383e+00,3.905723690986633301e-01,1.128052830696105957e+00,-2.799293994903564453e+00,8.715822696685791016e-01,-5.549416542053222656e-01,8.465927243232727051e-01,6.619759798049926758e-01,6.589686870574951172e-01,1.607251644134521484e+00,6.822106242179870605e-02,1.564541906118392944e-01,-2.014528989791870117e+00,5.264320373535156250e-01,1.093351989984512329e-01,-2.543265819549560547e-01,-4.615512490272521973e-01,-1.041668295860290527e+00,-7.634505629539489746e-01,1.069568246603012085e-01,1.085096001625061035e+00,2.638893127441406250e-01,-1.467765808105468750e+00,5.033984184265136719e-01,6.972693204879760742e-01,-2.777719795703887939e-01,1.268964290618896484e+00,-1.938658654689788818e-01,-1.977233439683914185e-01,1.716974854469299316e+00,-4.640277028083801270e-01,1.508333086967468262e+00,-1.860373377799987793e+00,-2.120828479528427124e-01,9.311167150735855103e-02,-1.970238208770751953e+00,1.107583165168762207e+00,4.913311898708343506e-01,1.112482547760009766e+00,2.207980155944824219e-01,3.701349794864654541e-01,3.850137442350387573e-02,-6.716185016557574272e-04,3.665414750576019287e-01,6.194171905517578125e-01,-4.792578518390655518e-01,-1.150647163391113281e+00,-2.087970227003097534e-01,7.425563335418701172e-01,2.013827860355377197e-01,-6.570459604263305664e-01,-2.914327085018157959e-01,-5.971629619598388672e-01,-6.819180250167846680e-01,-4.820010066032409668e-01,7.831166982650756836e-01,-1.532513499259948730e+00,-1.017810821533203125e+00,-1.805619478225708008e+00,-3.410775661468505859e-01,-3.098681926727294922e+00,-1.656312108039855957e+00
-5.669240355491638184e-01,-4.465196132659912109e-01,-1.393820792436599731e-01,1.436141878366470337e-01,-2.881932556629180908e-01,1.060409545898437500e+00,-5.171569585800170898e-01,1.430687546730041504e+00,2.670876741409301758e+00,-1.953873991966247559e+00,-9.348515868186950684e-01,1.148540496826171875e+00,-1.433057188987731934e+00,-2.087305784225463867e+00,4.966196417808532715e-01,-3.559494018554687500e-01,-1.762026071548461914e+00,-2.183784395456314087e-01,8.845704197883605957e-01,1.711027860641479492e+00,-1.521421782672405243e-02,1.062216520309448242e+00,-9.599232077598571777e-01,5.381039381027221680e-01,-5.546180605888366699e-01,6.689793467521667480e-01,7.206056118011474609e-01,1.305914372205734253e-01,-1.265005469322204590e+00,-1.821637988090515137e+00,-2.932870090007781982e-01,2.111296892166137695e+00,1.126391410827636719e+00,1.080407023429870605e+00,7.847837209701538086e-01,2.039491653442382812e+00,8.479386568069458008e-01,-7.007392644882202148e-01,-1.245134115219116211e+00,-9.762186408042907715e-01,1.190340280532836914e+00,4.373606443405151367e-01,8.563004732131958008e-01,5.000691413879394531e-01,-1.778310298919677734e+00,2.446981191635131836e+00,-1.273851633071899414e+00,2.003636598587036133e+00,4.322831034660339355e-01,2.227436602115631104e-01,-9.686738848686218262e-01,1.415381789207458496e+00,5.283377170562744141e-01,-7.579417526721954346e-02,-8.228012323379516602e-01,4.966309070587158203e-01,3.619425594806671143e-01,1.434131383895874023e+00,-2.650489211082458496e-01,7.413118481636047363e-01,4.087576270103454590e-01,4.851841628551483154e-01,7.280562818050384521e-02,1.563313245773315430e+00,4.143476858735084534e-02,5.356052517890930176e-01,1.129136681556701660e+00,1.746248006820678711e-01,1.709075868129730225e-01,-7.149896025657653809e-01,8.401951789855957031e-01,1.709053218364715576e-01,3.359930217266082764e-01,1.380892753601074219e+00,-1.462336659431457520e+00,-9.625477790832519531e-01,2.067993134260177612e-01,-2.520596504211425781e+00,7.822840213775634766e-01,2.791142836213111877e-02,3.579024374485015869e-01,5.077412128448486328e-01,-9.880116581916809082e-01,-1.846753805875778198e-01,2.603949308395385742e-01,-3.139735460281372070e+00,9.166195392608642578e-01,5.558035373687744141e-01,-5.366059392690658569e-02,3.873022496700286865e-01,-9.637758731842041016e-01,4.439592957496643066e-01,5.670523047447204590e-01,-2.167346701025962830e-02,-9.708718061447143555e-01,-8.454235792160034180e-01,-2.004415035247802734e+00,6.291109323501586914e-01,-1.612922310829162598e+00,4.518904983997344971e-01
-8.018714189529418945e-01,-4.024254083633422852e-01,3.498721495270729065e-02,6.847993731498718262e-01,2.325159758329391479e-01,-9.598885774612426758e-01,-4.670674800872802734e-01,-1.870550990104675293e+00,3.172315657138824463e-01,-6.065917611122131348e-01,-5.252410769462585449e-01,-1.526814937591552734e+00,1.498688757419586182e-01,-1.291375398635864258e+00,8.214411735534667969e-01,-5.165432095527648926e-01,2.128913402557373047e-01,4.573938846588134766e-01,6.966654658317565918e-01,-4.619923233985900879e-01,2.850335836410522461e-01,-4.706063568592071533e-01,7.631178013980388641e-03,-2.777375578880310059e-01,-7.618104219436645508e-01,-8.252573609352111816e-01,1.315725326538085938e+00,-1.779995203018188477e+00,-6.200771331787109375e-01,2.598835527896881104e-01,6.815747022628784180e-01,1.980654150247573853e-01,3.438974618911743164e-01,-1.294234693050384521e-01,-1.143220663070678711e+00,-1.423039555549621582e+00,-8.193035721778869629e-01,-9.633744955062866211e-01,-4.606187045574188232e-01,4.122272431850433350e-01,-8.579670786857604980e-01,1.329131573438644409e-01,1.043121099472045898e+00,-4.573363065719604492e-01,1.315495371818542480e-01,2.290484607219696045e-01,8.000660538673400879e-01,-8.555878400802612305e-01,2.783970534801483154e-01,-8.831319212913513184e-01,1.869542300701141357e-01,-1.017370223999023438e+00,8.238225430250167847e-02,-5.284053087234497070e-02,1.065158750861883163e-02,1.949727386236190796e-01,-1.280819810926914215e-02,-6.294687986373901367e-01,6.736963391304016113e-01,-1.851982623338699341e-01,1.959592998027801514e-01,1.345962405204772949e+00,-9.078195095062255859e-01,-1.133120536804199219e+00,-3.212825655937194824e-01,7.072585225105285645e-01,-2.372264385223388672e+00,-2.513306140899658203e-01,-3.188980519771575928e-01,-3.620652258396148682e-01,-1.229166030883789062e+00,-4.508783221244812012e-01,2.494306415319442749e-01,1.644681207835674286e-02,-9.746671319007873535e-01,-1.792833209037780762e+00,1.003439784049987793e+00,-5.903172492980957031e-02,-1.077248811721801758e+00,5.705543756484985352e-01,1.528059124946594238e+00,1.746347844600677490e-01,-5.663688778877258301e-01,-5.326026678085327148e-01,-1.678504824638366699e+00,-6.416593492031097412e-02,-4.744323790073394775e-01,2.309330254793167114e-01,-1.190996646881103516e+00,-8.935309648513793945e-01,-8.218008875846862793e-01,-2.196704447269439697e-01,-1.933460682630538940e-02,-9.832823276519775391e-01,5.082888007164001465e-01,8.268604427576065063e-02,-9.308725595474243164e-03,-4.613621830940246582e-01,2.669991739094257355e-02,-8.254413008689880371e-01
-1.458039879798889160e+00,1.561997056007385254e+00,3.377653658390045166e-01,1.226115152239799500e-01,-7.217424511909484863e-01,-7.913911342620849609e-01,2.180193901062011719e+00,2.698099315166473389e-01,-1.109223008155822754e+00,2.464374527335166931e-02,-5.311639308929443359e-01,-6.481265425682067871e-01,-9.164454936981201172e-01,1.275523185729980469e+00,-7.210494279861450195e-01,-2.266239970922470093e-01,3.203379213809967041e-01,-4.870287179946899414e-01,4.524208307266235352e-01,1.676948428153991699e+00,-1.560160875320434570e+00,1.606456160545349121e+00,6.931620836257934570e-01,-5.541408658027648926e-01,9.950318932533264160e-01,5.117831230163574219e-01,9.143746495246887207e-01,7.353671789169311523e-01,-1.454780936241149902e+00,4.629188179969787598e-01,-2.937130033969879150e-01,-1.186155080795288086e+00,-3.934993147850036621e-01,-2.747452259063720703e-01,-6.705844998359680176e-01,-3.342383205890655518e-01,1.175626397132873535e+00,-5.342742204666137695e-01,-6.944061517715454102e-01,-1.519850194454193115e-01,-1.996845006942749023e-02,-7.504561543464660645e-02,4.585838913917541504e-01,-1.487809658050537109e+00,1.751431375741958618e-01,9.469340443611145020e-01,-1.188366651535034180e+00,-1.138282656669616699e+00,-4.287001788616180420e-01,8.140976727008819580e-02,-6.240139007568359375e-01,1.248835921287536621e+00,-4.430704414844512939e-01,4.563186317682266235e-02,2.549829483032226562e+00,1.244566917419433594e+00,-7.110021710395812988e-01,-1.272317290306091309e+00,1.612375527620315552e-01,-9.879158735275268555e-01,-1.250000119209289551e+00,-6.570045948028564453e-01,1.430255174636840820e+00,-2.005703210830688477e+00,1.169989228248596191e+00,2.437620609998703003e-02,9.222900867462158203e-01,1.967329978942871094e+00,5.781272053718566895e-01,-9.132335186004638672e-01,1.699220538139343262e+00,-8.625879287719726562e-01,1.205529421567916870e-01,7.707983255386352539e-01,-2.655020236968994141e+00,-3.588992953300476074e-01,-2.415467500686645508e-01,4.132592082023620605e-01,1.892966270446777344e+00,4.569289088249206543e-01,7.705087065696716309e-01,1.363691985607147217e-01,1.664967536926269531e+00,6.675416231155395508e-01,-1.957988590002059937e-01,2.756244540214538574e-01,-8.267123252153396606e-03,-9.510401636362075806e-03,2.347748577594757080e-01,-1.773038804531097412e-01,7.768304646015167236e-02,-7.969411015510559082e-01,1.161836683750152588e-01,-3.327145576477050781e-01,-9.606117606163024902e-01,5.577952265739440918e-01,6.797820329666137695e-02,-2.311722040176391602e+00,-1.068336129188537598e+00,-1.043932676315307617e+00
-2.855288982391357422e-01,-8.093604817986488342e-03,-2.085161805152893066e-01,-1.338283658027648926e+00,6.279598474502563477e-01,-6.459860205650329590e-01,-1.242201685905456543e+00,3.244339823722839355e-01,-2.097022056579589844e+00,3.756680488586425781e-01,-9.204437583684921265e-02,-1.689549565315246582e+00,1.263589262962341309e+00,6.630831360816955566e-01,1.938102990388870239e-01,-1.992231369018554688e+00,-7.248030900955200195e-01,4.392956495285034180e-01,-1.464755088090896606e-01,-6.580207943916320801e-01,-1.017734885215759277e+00,-1.441751003265380859e+00,1.369165897369384766e+00,1.011157035827636719e+00,1.700087785720825195e-01,-1.731486558914184570e+00,-6.530249714851379395e-01,-5.060762166976928711e-01,-3.285556435585021973e-01,-1.273824810981750488e+00,-9.199876189231872559e-01,-2.009761631488800049e-01,-6.218960285186767578e-01,6.820449233055114746e-02,9.655007123947143555e-01,3.146239519119262695e-01,-6.767303943634033203e-01,6.889346837997436523e-01,-8.809922933578491211e-01,4.167701303958892822e-01,-1.115374863147735596e-01,1.286112189292907715e+00,1.697224825620651245e-01,1.203396677970886230e+00,8.729296922683715820e-02,9.841223955154418945e-01,-2.009459972381591797e+00,-1.423987597227096558e-01,4.122093021869659424e-01,1.370072603225708008e+00,2.055436372756958008e-01,1.966656565666198730e+00,5.073914527893066406e-01,8.511657714843750000e-01,1.593173027038574219e+00,-1.884297490119934082e+00,-4.724309146404266357e-01,-1.297055006027221680e+00,9.287724494934082031e-01,6.874216198921203613e-01,-1.035596847534179688e+00,-2.165606737136840820e+00,3.201721981167793274e-02,1.302325725555419922e-01,2.501657605171203613e-01,-2.632855176925659180e-01,-1.463515162467956543e-01,1.066899895668029785e+00,1.599492907524108887e+00,-3.708257675170898438e-01,1.866648197174072266e+00,2.772911787033081055e-01,-1.443529605865478516e+00,-2.197420835494995117e+00,1.409650087356567383e+00,-1.591236233711242676e+00,3.302581235766410828e-02,1.577653050422668457e+00,4.631215631961822510e-01,-3.243809640407562256e-01,-9.655957818031311035e-01,6.566507816314697266e-01,9.732468724250793457e-01,1.852494478225708008e-01,-8.316152095794677734e-01,-1.499184966087341309e+00,2.590816617012023926e-01,-6.485586166381835938e-01,-1.289670705795288086e+00,-1.234361886978149414e+00,-3.314184248447418213e-01,2.482583373785018921e-01,9.441430568695068359e-01,1.628332495689392090e+00,-1.822588324546813965e+00,1.080521941184997559e+00,7.162157297134399414e-01,9.498233795166015625e-01,5.733336210250854492e-01,3.688374161720275879e-01
1.691249370574951172e+00,-4.678966701030731201e-01,6.378064751625061035e-01,-2.334810048341751099e-01,-7.222467064857482910e-01,1.370969653129577637e+00,-3.361759781837463379e-01,-1.254593878984451294e-01,2.236558198928833008e-01,1.259004950523376465e+00,1.575753688812255859e-01,-1.044163465499877930e+00,1.890357971191406250e+00,-1.452766180038452148e+00,-4.367206692695617676e-01,1.015948057174682617e+00,-1.457593083381652832e+00,3.089475445449352264e-02,1.318259686231613159e-01,-2.779200553894042969e+00,3.178119182586669922e+00,1.148736178874969482e-01,2.444889210164546967e-02,-1.032178163528442383e+00,1.310955286026000977e+00,-3.008948825299739838e-02,4.962159395217895508e-01,8.586008846759796143e-02,2.719699740409851074e-01,-1.105605602264404297e+00,-1.045396804809570312e+00,-1.457139968872070312e+00,-1.352674126625061035e+00,1.419516839087009430e-02,-1.144186615943908691e+00,2.031370162963867188e+00,-1.785049796104431152e+00,1.125981435179710388e-01,-2.289219141006469727e+00,-2.289678454399108887e-01,-7.431231141090393066e-01,-5.389590859413146973e-01,3.633314371109008789e-01,-1.201630234718322754e+00,1.672648340463638306e-01,5.618734359741210938e-01,-1.168496251106262207e+00,8.056365847587585449e-01,1.784929990768432617e+00,-1.901752948760986328e+00,1.198269724845886230e+00,-3.982942998409271240e-01,-1.298975229263305664e+00,-1.368808299303054810e-01,-1.313278079032897949e+00,-3.591814935207366943e-01,6.542948633432388306e-02,6.522099971771240234e-01,9.261354207992553711e-01,-5.985897406935691833e-02,8.118306398391723633e-01,1.767625451087951660e+00,-2.515006661415100098e-01,7.553966641426086426e-01,1.425758600234985352e+00,-5.304315313696861267e-02,-3.486708104610443115e-01,6.882465481758117676e-01,1.078928470611572266e+00,-8.507099747657775879e-01,-1.869150400161743164e-01,-1.476819515228271484e-01,1.174533247947692871e+00,-5.167323946952819824e-01,-3.616075962781906128e-02,-1.700698733329772949e-01,1.617620736360549927e-01,1.175666570663452148e+00,5.432264208793640137e-01,-1.974749192595481873e-02,7.578647732734680176e-01,1.159854054450988770e+00,-1.775271259248256683e-02,-2.624502778053283691e-01,2.974075675010681152e-01,-8.390896320343017578e-01,-3.230043053627014160e-01,1.420794963836669922e+00,1.829377889633178711e+00,-1.114837408065795898e+00,1.274247169494628906e+00,5.628502368927001953e-01,4.751872718334197998e-01,-2.178775787353515625e+00,5.131068825721740723e-01,-6.432668566703796387e-01,-5.583487153053283691e-01,-6.160475611686706543e-01,-4.931980669498443604e-01,7.796260118484497070e-01
-2.745122015476226807e-01,1.497189849615097046e-01,4.302172921597957611e-03,-5.242419838905334473e-01,4.701273441314697266e-01,2.253957092761993408e-01,-9.214042425155639648e-01,3.399835228919982910e-01,-1.294473290443420410e+00,1.090614795684814453e+00,-2.567599296569824219e+00,-4.131891727447509766e-01,2.030462265014648438e+00,2.115848809480667114e-01,2.161440372467041016e+00,-6.306338906288146973e-01,-4.725440219044685364e-02,1.835057854652404785e+00,8.885855674743652344e-01,1.376235961914062500e+00,1.290008068084716797e+00,-9.020726680755615234e-01,6.019462943077087402e-01,6.711437702178955078e-01,7.268211245536804199e-01,1.651377320289611816e+00,9.295067191123962402e-01,1.130328178405761719e+00,-1.300938129425048828e-01,2.947816550731658936e-01,-5.389170050621032715e-01,-1.114425420761108398e+00,-1.248524859547615051e-01,-9.580724239349365234e-01,5.397615432739257812e-01,6.148747205734252930e-01,3.627357482910156250e-01,1.021255373954772949e+00,6.247415542602539062e-01,8.321350812911987305e-01,1.300677418708801270e+00,-1.705789685249328613e+00,1.597127914428710938e-01,-1.888482689857482910e+00,-7.875298261642456055e-01,3.377285957336425781e+00,4.116576015949249268e-01,5.317666530609130859e-01,-1.597709417343139648e+00,7.213662266731262207e-01,-1.141285225749015808e-01,5.879345536231994629e-01,-2.033772468566894531e+00,-7.951465249061584473e-01,7.145467400550842285e-01,5.113967657089233398e-01,-9.378534555435180664e-01,1.259791254997253418e+00,1.612064003944396973e+00,-1.265240609645843506e-01,-1.297524452209472656e+00,1.095557451248168945e+00,-1.128663063049316406e+00,-7.708702087402343750e-01,9.853509068489074707e-01,-1.573859810829162598e+00,-1.697792530059814453e+00,8.957504630088806152e-01,-6.265770792961120605e-01,6.282516717910766602e-01,-1.295169234275817871e+00,1.943525433540344238e+00,-1.894264340400695801e+00,1.882840543985366821e-01,1.114516481757164001e-01,5.705293416976928711e-01,9.900766611099243164e-01,-5.327973961830139160e-01,-1.689656615257263184e+00,1.665321469306945801e+00,1.272991895675659180e+00,8.881747722625732422e-01,5.817005038261413574e-01,3.426743298768997192e-02,1.086069345474243164e+00,-1.204856514930725098e+00,2.218646556138992310e-01,6.635034084320068359e-01,2.412675023078918457e-01,9.634571671485900879e-01,-2.163723558187484741e-01,-1.407635688781738281e+00,1.222080230712890625e+00,-7.471909373998641968e-02,1.831435799598693848e+00,1.360170006752014160e+00,1.952743679285049438e-01,1.007546782493591309e+00,-7.822266817092895508e-01,-2.237318277359008789e+00
-2.140931338071823120e-01,-3.557917475700378418e-01,-8.246899843215942383e-01,-6.658858656883239746e-01,-1.339588642120361328e+00,-1.447753548622131348e+00,1.367187738418579102e+00,1.403288841247558594e-01,-2.194254398345947266e-01,-2.233850359916687012e-01,-4.896505549550056458e-02,4.112985730171203613e-02,3.758867084980010986e-01,-1.307490825653076172e+00,2.062855362892150879e-01,1.216149806976318359e+00,1.702656507492065430e+00,-2.719347476959228516e-01,1.045271992683410645e+00,5.101089477539062500e-01,5.323069095611572266e-01,3.196602761745452881e-01,-1.245927929878234863e+00,-1.151126503944396973e+00,6.943982839584350586e-02,9.724992513656616211e-02,3.102648258209228516e-01,-3.394117355346679688e-01,6.043570637702941895e-01,3.816232383251190186e-01,1.590587735176086426e+00,1.344698309898376465e+00,-2.353162169456481934e-01,6.376737356185913086e-01,6.703044474124908447e-02,1.818961977958679199e+00,2.165909767150878906e+00,2.902196943759918213e-01,-1.127143800258636475e-01,-1.149599194526672363e+00,-4.636462330818176270e-01,9.115983247756958008e-01,-1.316478252410888672e-01,1.578256934881210327e-01,-4.027786105871200562e-02,3.954911231994628906e-01,-2.120064258575439453e+00,-9.349262714385986328e-01,-2.779041290283203125e+00,-6.388407349586486816e-01,5.783961415290832520e-01,1.743310131132602692e-02,-4.921489953994750977e-01,-1.512050479650497437e-01,-1.543239235877990723e+00,7.138092517852783203e-01,-1.499762296676635742e+00,-1.197657704353332520e+00,-2.122022867202758789e+00,-1.076261639595031738e+00,5.177450180053710938e-01,-5.880293846130371094e-01,1.994022846221923828e+00,1.957350373268127441e-01,-1.120097875595092773e+00,-6.073097586631774902e-01,2.948041260242462158e-02,-1.025894284248352051e+00,-8.022926449775695801e-01,1.857326626777648926e+00,-1.261805653572082520e+00,5.307553410530090332e-01,1.014633297920227051e+00,4.544269442558288574e-01,5.560556650161743164e-01,-6.581677198410034180e-01,-1.503754407167434692e-01,4.171166568994522095e-02,1.025346040725708008e+00,9.419854879379272461e-01,-4.583612978458404541e-01,-1.630692958831787109e+00,-1.055764317512512207e+00,5.981403589248657227e-01,-1.588669717311859131e-01,1.308242559432983398e+00,-1.243794485926628113e-01,-9.980967044830322266e-01,1.838643312454223633e+00,-1.163580656051635742e+00,4.553970992565155029e-01,1.361086845397949219e+00,4.919589459896087646e-01,-1.364583611488342285e+00,1.262808084487915039e+00,1.802572160959243774e-01,-1.106163263320922852e+00,1.373808622360229492e+00,-4.195866882801055908e-01,-1.182752490043640137e+00
3.369320034980773926e-01,8.386020064353942871e-01,-4.358765780925750732e-01,-4.221516847610473633e-01,8.438636064529418945e-01,3.712673187255859375e-01,9.599240422248840332e-01,7.851948738098144531e-01,7.399383187294006348e-01,-4.098314046859741211e-01,4.067305028438568115e-01,-6.383522152900695801e-01,-1.938705444335937500e-01,-4.099746942520141602e-01,-1.791828036308288574e+00,7.039142251014709473e-01,7.866933941841125488e-01,-2.313348531723022461e+00,-1.214703321456909180e+00,-2.256608754396438599e-01,5.065448284149169922e-01,-3.741717040538787842e-01,1.152453660964965820e+00,-5.378476977348327637e-01,3.305538296699523926e-01,8.323897123336791992e-01,-1.719531059265136719e+00,-1.035283684730529785e+00,-8.469751477241516113e-01,-2.853740453720092773e-01,-2.451531291007995605e-01,-1.847223758697509766e+00,1.391681313514709473e+00,-2.404692649841308594e+00,4.681045114994049072e-01,-1.169109821319580078e+00,2.909956574440002441e-01,2.532229423522949219e+00,-9.220762848854064941e-01,-1.354105949401855469e+00,-6.966785788536071777e-01,-6.309178471565246582e-01,-5.746746808290481567e-02,1.868795901536941528e-01,-1.247010350227355957e+00,9.380940198898315430e-01,-1.344573259353637695e+00,3.698695302009582520e-01,-1.072363331913948059e-01,4.933190643787384033e-01,7.542701959609985352e-01,1.227841153740882874e-01,6.018828749656677246e-01,-7.391550540924072266e-01,1.153329253196716309e+00,1.332611203193664551e+00,2.414354495704174042e-02,-2.018110156059265137e-01,1.685364097356796265e-01,-5.647104978561401367e-01,-5.983456373214721680e-01,4.685347676277160645e-01,1.274095416069030762e+00,1.044264674186706543e+00,-6.117607466876506805e-03,-2.240697145462036133e+00,-2.121697664260864258e+00,-1.185574293136596680e+00,-8.327088356018066406e-01,-2.014467120170593262e-01,1.195347428321838379e+00,1.542749524116516113e+00,2.287388563156127930e+00,1.035420298576354980e+00,1.680389195680618286e-01,1.389568746089935303e-01,-2.879975557327270508e+00,7.404785752296447754e-01,-8.336808085441589355e-01,3.778332173824310303e-01,-1.261730909347534180e+00,-1.932034730911254883e+00,-1.719016879796981812e-01,-1.315849661827087402e+00,8.002907037734985352e-01,4.922593384981155396e-02,1.445235490798950195e+00,1.206622600555419922e+00,3.748201131820678711e-01,8.843407034873962402e-01,-1.061579108238220215e+00,-2.985798940062522888e-02,1.951386630535125732e-01,-1.048389554023742676e+00,2.261492609977722168e-01,-1.617728352546691895e+00,1.861791253089904785e+00,4.774435460567474365e-01,-2.129495859146118164e+00,-7.878123521804809570e-01
-2.816165685653686523e-01,8.267778158187866211e-01,-1.529216766357421875e+00,2.957312345504760742e+00,-3.593792393803596497e-02,-1.571771502494812012e+00,-5.217671394348144531e-01,1.523959755897521973e+00,-1.653691172599792480e+00,-4.113957285881042480e-02,4.067757129669189453e-01,-6.301845312118530273e-01,-1.089746475219726562e+00,1.497245073318481445e+00,-3.387519717216491699e-02,2.306242883205413818e-01,-1.162243366241455078e+00,1.122168183326721191e+00,-6.297287344932556152e-01,6.611626744270324707e-01,1.153070688247680664e+00,-1.418465189635753632e-02,-1.031463980674743652e+00,5.570415258407592773e-01,1.460576534271240234e+00,1.375927090644836426e+00,-6.699034571647644043e-02,2.206185162067413330e-01,-7.311563491821289062e-01,1.727689266204833984e+00,7.009603381156921387e-01,1.842742443084716797e+00,3.710629642009735107e-01,1.344937384128570557e-01,2.011536598205566406e+00,4.942465126514434814e-01,7.174822688102722168e-01,-4.795238375663757324e-01,8.072482347488403320e-01,-6.278033852577209473e-01,1.232505679130554199e+00,-4.119582176208496094e-01,-6.541967391967773438e-01,-7.163116335868835449e-01,9.303432703018188477e-01,1.328890770673751831e-01,-1.912330985069274902e+00,2.153498679399490356e-01,-1.193076133728027344e+00,6.644517183303833008e-01,-1.519340038299560547e+00,-1.123811244964599609e+00,2.340730875730514526e-01,-9.171490669250488281e-01,9.979835748672485352e-01,-4.220328330993652344e-01,9.683882594108581543e-01,-7.947770357131958008e-01,2.635232210159301758e-01,1.175726205110549927e-01,-1.405973672866821289e+00,4.207011759281158447e-01,-4.604237377643585205e-01,5.917447209358215332e-01,5.358700156211853027e-01,1.031860709190368652e+00,8.189731836318969727e-01,-1.021468400955200195e+00,6.963773965835571289e-01,1.917461633682250977e+00,1.403407752513885498e-01,5.617836713790893555e-01,1.034369587898254395e+00,6.033240556716918945e-01,1.269607543945312500e+00,-2.254147976636886597e-01,-3.359058871865272522e-02,4.565870165824890137e-01,3.584845960140228271e-01,-5.932607501745223999e-02,1.912667751312255859e-01,-4.325143992900848389e-01,3.857062757015228271e-01,-2.280509844422340393e-02,-3.036291301250457764e-01,-4.012663066387176514e-01,1.020293384790420532e-01,-1.022942438721656799e-01,9.730606675148010254e-01,2.499200105667114258e+00,-6.344144940376281738e-01,1.046731829643249512e+00,-8.778088688850402832e-01,-4.518173635005950928e-01,1.396204590797424316e+00,-1.905018091201782227e+00,1.388314664363861084e-01,6.862741708755493164e-02,-1.141997098922729492e+00,-1.159213185310363770e+00
-6.071149110794067383e-01,-1.260453343391418457e+00,-1.714854985475540161e-01,1.316564083099365234e+00,-9.200623035430908203e-01,4.474756419658660889e-01,8.280320167541503906e-01,-3.352631032466888428e-01,-1.786446094512939453e+00,3.927208855748176575e-02,-1.907791048288345337e-01,-1.039950028061866760e-01,1.726882815361022949e+00,2.468386739492416382e-01,1.227851986885070801e+00,1.796949267387390137e+00,4.936869442462921143e-01,6.454252600669860840e-01,4.926693737506866455e-01,8.339502215385437012e-01,5.301316976547241211e-01,2.356428951025009155e-01,3.304404020309448242e-01,-1.506403565406799316e+00,3.747881948947906494e-01,-8.736773580312728882e-02,7.516081929206848145e-01,-4.536873698234558105e-01,-4.009093046188354492e-01,-2.182508945465087891e+00,-1.434245944023132324e+00,-8.019432425498962402e-01,3.535719215869903564e-01,4.441504478454589844e-01,-1.267619967460632324e+00,-4.029599130153656006e-01,2.025750160217285156e+00,-3.129520416259765625e-01,-2.805835306644439697e-01,1.183074951171875000e+00,8.928703665733337402e-01,1.919266432523727417e-01,6.658974289894104004e-01,-7.838178873062133789e-01,-4.587245285511016846e-01,3.370956480503082275e-01,3.969752490520477295e-01,1.626996874809265137e+00,1.384391784667968750e+00,1.228047609329223633e-01,1.290477991104125977e+00,-3.147733956575393677e-02,-3.236964941024780273e-01,3.909650444984436035e-01,2.493048906326293945e-01,5.753120183944702148e-01,3.792008161544799805e-01,-6.257843971252441406e-01,6.440963149070739746e-01,5.364485979080200195e-01,-4.530664682388305664e-01,1.659951955080032349e-01,3.130657672882080078e-01,-6.699773669242858887e-01,-8.901329040527343750e-01,1.517300009727478027e+00,-2.144237518310546875e+00,1.296811223030090332e+00,1.595422744750976562e+00,-1.193591713905334473e+00,1.387365907430648804e-01,-1.084887504577636719e+00,2.290436774492263794e-01,-1.869066357612609863e+00,-1.104080080986022949e+00,1.040769815444946289e+00,2.632736206054687500e+00,1.287124037742614746e+00,2.235080152750015259e-01,6.597362756729125977e-01,7.534956336021423340e-01,-7.329108715057373047e-01,-9.496439695358276367e-01,3.811200559139251709e-01,-5.186305642127990723e-01,-1.936252862215042114e-01,3.546890914440155029e-01,6.564384102821350098e-01,7.304115295410156250e-01,-1.365569114685058594e+00,-3.676313161849975586e-01,9.000228643417358398e-01,-6.249300837516784668e-01,1.285300850868225098e+00,-1.217923641204833984e+00,-8.976875543594360352e-01,-6.688066720962524414e-01,-9.085935354232788086e-01,7.215201258659362793e-01,2.074386835098266602e+00
5.647467374801635742e-01,-1.248102784156799316e+00,6.383237242698669434e-02,6.064075231552124023e-01,-1.167655810713768005e-01,4.285908043384552002e-01,-5.309205055236816406e-01,-1.841322898864746094e+00,-8.380143642425537109e-01,-1.341005206108093262e+00,-9.081750512123107910e-01,-7.493837475776672363e-01,-3.449900448322296143e-02,-1.867855072021484375e+00,-2.891621887683868408e-01,9.351506829261779785e-01,2.083636999130249023e+00,-3.767116367816925049e-01,7.774871587753295898e-02,6.428167968988418579e-02,-5.417314767837524414e-01,3.072656393051147461e-01,-1.309019684791564941e+00,-2.611467242240905762e-01,9.061841964721679688e-01,-5.294208526611328125e-01,-9.880809187889099121e-01,-2.216743230819702148e+00,-5.661646723747253418e-01,-3.660491406917572021e-01,-7.183114290237426758e-01,1.385806679725646973e+00,-9.624875187873840332e-01,-1.113515377044677734e+00,1.371131062507629395e+00,1.801056861877441406e-01,2.439107745885848999e-01,-1.558596968650817871e+00,-4.318478405475616455e-01,1.200243353843688965e+00,3.318324089050292969e-01,7.528705596923828125e-01,-5.708432197570800781e-01,1.741771697998046875e+00,-1.138588786125183105e+00,1.598437070846557617e+00,2.158974409103393555e+00,2.785891890525817871e-01,-3.665202856063842773e-01,5.258188843727111816e-01,1.424751043319702148e+00,-3.745533823966979980e-01,-9.312113374471664429e-02,-6.254699230194091797e-01,6.140702590346336365e-02,-1.067512929439544678e-01,6.151175498962402344e-01,-9.192016720771789551e-01,-1.052224636077880859e+00,-1.990968704223632812e+00,1.359613418579101562e+00,5.068217962980270386e-02,7.741420865058898926e-01,-1.190407752990722656e+00,2.031875610351562500e+00,-1.455833435058593750e+00,-1.361433863639831543e+00,8.706211447715759277e-01,-3.734804093837738037e-01,5.778751373291015625e-01,-1.323968172073364258e+00,3.590502142906188965e-01,-1.016610383987426758e+00,1.413725018501281738e-01,-1.587080001831054688e+00,2.332782268524169922e+00,1.707735210657119751e-01,-1.051415562629699707e+00,3.849584758281707764e-01,-2.245620250701904297e+00,5.208678841590881348e-01,-1.144935846328735352e+00,1.983061552047729492e+00,1.421829462051391602e+00,-6.843575239181518555e-01,-8.467853069305419922e-01,-1.627398848533630371e+00,-1.943568587303161621e+00,-1.042912378907203674e-01,1.656707525253295898e+00,2.430941313505172729e-01,-1.375807672739028931e-01,-1.453526616096496582e+00,-4.620846807956695557e-01,8.106948435306549072e-02,9.029317498207092285e-01,1.822193503379821777e+00,-6.890861988067626953e-01,-6.724299192428588867e-01,1.554902672767639160e+00
-1.021827459335327148e+00,-7.169050574302673340e-01,-4.901543557643890381e-01,-7.639521956443786621e-01,1.783860921859741211e+00,1.128402829170227051e+00,3.130018711090087891e-02,-1.547518610954284668e+00,2.011796474456787109e+00,-1.552728533744812012e+00,1.156522557139396667e-01,6.863757371902465820e-01,-6.991595029830932617e-02,-1.067597270011901855e+00,2.584972679615020752e-01,-1.350919716060161591e-02,1.061352640390396118e-01,-3.905670344829559326e-01,1.915992617607116699e+00,1.702727437019348145e+00,1.137019753456115723e+00,6.200114488601684570e-01,3.026483580470085144e-02,-2.065847963094711304e-01,2.618753910064697266e-01,1.406723499298095703e+00,3.839794099330902100e-01,1.582279205322265625e+00,-6.792266964912414551e-01,1.068575024604797363e+00,-5.757841467857360840e-02,-7.881182432174682617e-01,2.312627583742141724e-01,8.052637577056884766e-01,-7.652843594551086426e-01,-1.902964562177658081e-01,-1.039244771003723145e+00,-4.216040670871734619e-01,6.990846395492553711e-01,1.050532698631286621e+00,-1.329110860824584961e-01,-3.449075520038604736e-01,-1.534795522689819336e+00,-6.803004145622253418e-01,-5.598856806755065918e-01,-9.131609201431274414e-01,-1.321531772613525391e+00,1.563560247421264648e+00,8.544696569442749023e-01,-1.229167804121971130e-01,7.327463030815124512e-01,8.330926895141601562e-01,-8.340086340904235840e-01,-1.654587507247924805e+00,-1.386544704437255859e-01,1.098377108573913574e+00,6.899288296699523926e-01,-5.181778669357299805e-01,1.112819671630859375e+00,-4.273546487092971802e-02,1.194701194763183594e-01,-7.784464359283447266e-01,-1.546578049659729004e+00,-8.364387750625610352e-01,1.243457272648811340e-01,-1.177262187004089355e+00,-1.508298873901367188e+00,-2.760545313358306885e-01,1.719001650810241699e+00,7.332422137260437012e-01,-6.987437009811401367e-01,-7.214534282684326172e-01,1.823710203170776367e-01,-9.301789402961730957e-01,1.210694317705929279e-03,-1.597045421600341797e+00,-9.404109418392181396e-02,1.844937920570373535e+00,4.850192964076995850e-01,-5.550963878631591797e-01,-1.555155158042907715e+00,-9.275681972503662109e-01,2.997598350048065186e-01,-8.867912292480468750e-01,-8.309759497642517090e-01,2.109235674142837524e-01,-1.157584428787231445e+00,-9.241343140602111816e-01,4.303116321563720703e+00,-5.944778323173522949e-01,7.723841071128845215e-01,-1.036856532096862793e+00,1.063251271843910217e-01,5.583328008651733398e-01,2.137259960174560547e+00,7.975350618362426758e-01,4.925347566604614258e-01,-9.005478620529174805e-01,-8.045584559440612793e-01,-1.525149941444396973e+00
1.328346729278564453e+00,-5.546587109565734863e-01,-1.027026101946830750e-01,-4.189581871032714844e-01,2.140759080648422241e-01,-2.458913326263427734e+00,1.786639243364334106e-01,1.559709548950195312e+00,-6.561510562896728516e-01,-7.696650028228759766e-01,7.836696505546569824e-01,9.468759596347808838e-02,9.790755063295364380e-02,5.068815946578979492e-01,-6.486495733261108398e-01,6.094022989273071289e-01,-1.070546954870223999e-01,-1.750813871622085571e-01,-1.537320375442504883e+00,8.240451216697692871e-01,-3.157356977462768555e-01,-1.414695858955383301e+00,4.424731731414794922e-01,1.027102947235107422e+00,2.276427447795867920e-01,1.259631514549255371e+00,2.743281126022338867e-01,1.139671802520751953e+00,-1.083998680114746094e+00,6.565954685211181641e-01,7.975245118141174316e-01,2.457737624645233154e-01,-1.628124266862869263e-01,-2.044499397277832031e+00,-1.068697214126586914e+00,2.372449636459350586e-01,2.637062072753906250e+00,-1.719817705452442169e-02,1.285867810249328613e+00,-4.331064820289611816e-01,-7.465166449546813965e-01,2.941625118255615234e-01,1.345766186714172363e+00,1.378857046365737915e-01,4.913687109947204590e-01,-2.733486652374267578e+00,5.215716361999511719e-01,-9.699176549911499023e-01,1.681732416152954102e+00,-1.885971426963806152e+00,-1.619814872741699219e+00,-8.520872145891189575e-02,-3.298432528972625732e-01,-7.135133743286132812e-01,-5.179940462112426758e-01,-6.101711988449096680e-01,1.446310877799987793e-01,-1.814149141311645508e+00,1.017514824867248535e+00,-1.470055699348449707e+00,1.003442287445068359e+00,-7.475687861442565918e-01,-4.994810521602630615e-01,9.973064810037612915e-02,-5.678460001945495605e-01,-4.349811673164367676e-01,-1.154911756515502930e+00,-3.618261516094207764e-01,2.236875534057617188e+00,4.436656236648559570e-01,-1.022860929369926453e-01,-1.696362853050231934e+00,-1.303905129432678223e+00,1.777443289756774902e-01,-4.871470034122467041e-01,2.013420104980468750e+00,2.076133340597152710e-01,1.208685755729675293e+00,1.100523829460144043e+00,-8.130740523338317871e-01,-1.121854066848754883e+00,-2.702901840209960938e+00,-1.046424865722656250e+00,1.464479207992553711e+00,-5.575674772262573242e-01,-7.569919228553771973e-01,-2.185469493269920349e-02,-1.928154468536376953e+00,-1.499738395214080811e-01,1.065766096115112305e+00,-4.944216310977935791e-01,5.560570955276489258e-01,2.503238677978515625e+00,-3.253989666700363159e-02,-1.318750500679016113e+00,-1.562910526990890503e-01,-1.367182731628417969e+00,-1.111596465110778809e+00,-1.397955715656280518e-01,-7.345834374427795410e-02
-1.852560400962829590e+00,-7.345479130744934082e-01,6.794717907905578613e-01,1.593996286392211914e-01,-5.490686893463134766e-01,-1.682077348232269287e-01,7.267557978630065918e-01,1.072264075279235840e+00,-9.115018248558044434e-01,-4.245904982089996338e-01,1.520802855491638184e+00,1.518255710601806641e+00,6.847246885299682617e-01,-8.980213999748229980e-01,-1.457479834556579590e+00,1.224309206008911133e+00,1.648452758789062500e+00,-2.938022911548614502e-01,1.521108597517013550e-01,1.341877460479736328e+00,1.438969254493713379e+00,-2.812774479389190674e-01,-3.069453239440917969e-01,4.191121459007263184e-01,1.811722815036773682e-01,-9.023407101631164551e-01,2.629559934139251709e-01,1.340275287628173828e+00,1.912577152252197266e+00,8.930388092994689941e-02,1.129699468612670898e+00,1.432885885238647461e+00,-5.197385698556900024e-02,1.387555122375488281e+00,4.673081934452056885e-01,-9.250103235244750977e-01,-2.541364133358001709e-01,-6.204410195350646973e-01,-1.909569740295410156e+00,1.957579515874385834e-02,-9.482911229133605957e-01,-1.290426015853881836e+00,5.473638772964477539e-01,-2.323775440454483032e-01,-8.521751165390014648e-01,-8.109001517295837402e-01,1.334080457687377930e+00,1.062967896461486816e+00,1.140100479125976562e+00,6.215816736221313477e-01,-1.730230927467346191e+00,-8.534505963325500488e-02,1.108744859695434570e+00,1.872898101806640625e+00,-6.974162459373474121e-01,-1.326822787523269653e-01,3.297018408775329590e-01,-4.375272989273071289e-01,-3.814961612224578857e-01,3.434892892837524414e-01,2.028556823730468750e+00,2.311033606529235840e-01,-7.267004847526550293e-01,9.967358708381652832e-01,-3.246009051799774170e-01,5.097681283950805664e-01,1.254310272634029388e-02,7.335316389799118042e-02,-5.151678323745727539e-01,-1.399790525436401367e+00,-6.123303771018981934e-01,-1.346162855625152588e-01,5.996097326278686523e-01,-3.528756499290466309e-01,8.374170064926147461e-01,1.455951035022735596e-01,6.707889437675476074e-01,2.323927581310272217e-01,1.658826828002929688e+00,-2.099793910980224609e+00,-1.106184959411621094e+00,-5.939679145812988281e-01,1.190445303916931152e+00,-7.635474950075149536e-02,1.329608917236328125e+00,-2.421060085296630859e+00,1.505112409591674805e+00,2.059050559997558594e+00,-1.099801659584045410e+00,-9.222264289855957031e-01,-1.663421750068664551e+00,7.794103771448135376e-02,1.343904018402099609e+00,1.886031389236450195e+00,2.765067517757415771e-01,3.232290148735046387e-01,3.327617421746253967e-02,6.366906762123107910e-01,2.397918514907360077e-02,6.420695185661315918e-01
-1.219679489731788635e-01,-1.197765301913022995e-02,-1.126066088676452637e+00,9.315842986106872559e-01,1.338742017745971680e+00,-1.680567860603332520e-01,-6.707289814949035645e-01,-1.236867308616638184e-01,3.507902100682258606e-02,-1.278625607490539551e+00,3.356266617774963379e-01,1.368605375289916992e+00,-6.636881232261657715e-01,2.360882908105850220e-01,3.714863061904907227e-01,5.053564906120300293e-01,-2.005267858505249023e+00,1.069307923316955566e+00,-8.058503270149230957e-02,-9.367041587829589844e-01,7.011494785547256470e-02,2.233547210693359375e+00,9.928221702575683594e-01,1.005584359169006348e+00,-5.485348701477050781e-01,2.489359527826309204e-01,4.431362450122833252e-01,9.696785807609558105e-01,-2.232549428939819336e+00,5.965338945388793945e-01,-3.461650609970092773e-01,-7.532078623771667480e-01,1.106779456138610840e+00,-4.383157193660736084e-01,6.369236111640930176e-01,7.011616826057434082e-01,-5.296810865402221680e-01,-8.655936121940612793e-01,-1.055002450942993164e+00,5.083464980125427246e-01,7.838122248649597168e-01,-6.657330989837646484e-01,1.774588346481323242e+00,-1.082722663879394531e+00,-2.139977931976318359e+00,-1.101041674613952637e+00,-1.389809370040893555e+00,5.040112137794494629e-01,-3.915877044200897217e-01,4.087237417697906494e-01,-4.097999095916748047e+00,-5.975402891635894775e-02,1.129896715283393860e-01,-1.007493972778320312e+00,7.104374766349792480e-01,2.029645591974258423e-01,-3.408441841602325439e-01,-1.114849805831909180e+00,1.452269196510314941e+00,-4.277727007865905762e-01,-1.578418254852294922e+00,4.049650430679321289e-01,7.661964893341064453e-01,2.570153772830963135e-01,-1.639927387237548828e+00,-1.056474447250366211e+00,7.689147591590881348e-01,3.964493572711944580e-01,8.598462343215942383e-01,-1.314070940017700195e+00,2.099967956542968750e+00,1.017242193222045898e+00,6.292831897735595703e-01,-4.624095857143402100e-01,1.132137775421142578e+00,4.609425067901611328e-01,1.610200881958007812e+00,-1.121648669242858887e+00,5.443974733352661133e-01,-1.925325989723205566e-01,7.796040177345275879e-01,-1.898115515708923340e+00,1.550800323486328125e+00,-3.773551285266876221e-01,4.564604163169860840e-01,-3.998179435729980469e-01,8.117421865463256836e-01,-5.323347449302673340e-02,7.920622825622558594e-01,3.698845952749252319e-02,-2.924336493015289307e-01,6.980017423629760742e-01,-4.908441901206970215e-01,1.238035202026367188e+00,1.405846357345581055e+00,5.849525928497314453e-01,1.037389785051345825e-01,-2.001490443944931030e-01,-4.420028626918792725e-01,1.228329539299011230e+00
6.786050200462341309e-01,1.057011842727661133e+00,-2.010934501886367798e-01,-1.280484318733215332e+00,-1.970015466213226318e-01,6.131024956703186035e-01,3.406925201416015625e-01,-7.124137282371520996e-01,6.721682548522949219e-01,-1.376018762588500977e+00,-3.948663473129272461e-01,-2.338976860046386719e-01,8.723934292793273926e-01,5.656403303146362305e-01,-8.465793728828430176e-01,1.098792314529418945e+00,4.894687235355377197e-01,4.997226595878601074e-01,-6.286754608154296875e-01,-8.546245098114013672e-02,-7.647405862808227539e-01,5.313675403594970703e-01,-8.848488330841064453e-02,-5.040386319160461426e-01,4.478791654109954834e-01,1.184826865792274475e-01,-6.362394690513610840e-01,-5.688980221748352051e-02,2.126096338033676147e-01,-7.858116626739501953e-01,-5.076845884323120117e-01,3.020504415035247803e-01,-1.308211684226989746e+00,7.217746973037719727e-01,-3.057702779769897461e-01,1.929183602333068848e+00,1.222246766090393066e+00,-5.359044075012207031e-01,-9.593724608421325684e-01,5.445230603218078613e-01,-8.055703639984130859e-01,-1.816937327384948730e+00,7.522467523813247681e-02,7.358570098876953125e-01,9.076079726219177246e-01,-8.370343446731567383e-01,-1.306560277938842773e+00,1.118962407112121582e+00,-6.857549548149108887e-01,8.152742385864257812e-01,1.224277853965759277e+00,-1.449545919895172119e-01,-4.946250021457672119e-01,-9.834048151969909668e-02,6.642491221427917480e-01,-2.628911256790161133e+00,-6.883330345153808594e-01,1.915038228034973145e+00,4.455585181713104248e-01,-1.092396259307861328e+00,2.457815647125244141e+00,-9.401534795761108398e-01,6.676973402500152588e-02,2.864156961441040039e-01,-3.029422461986541748e-01,-5.270431637763977051e-01,9.778582453727722168e-01,1.116562247276306152e+00,-1.619409561157226562e+00,-6.179516911506652832e-01,8.620417714118957520e-01,3.688723742961883545e-01,7.137078642845153809e-01,-6.192966699600219727e-01,-3.245528042316436768e-02,9.369523525238037109e-01,8.253450691699981689e-02,4.270460922271013260e-03,-1.225197315216064453e+00,-6.265130639076232910e-02,-7.221239209175109863e-01,-1.139942765235900879e+00,1.262451767921447754e+00,7.555408477783203125e-01,-1.849128723144531250e+00,-4.550353288650512695e-01,-4.918662011623382568e-01,-2.601701617240905762e-01,-6.447681188583374023e-01,-7.947094440460205078e-01,-8.715995550155639648e-01,-5.616814494132995605e-01,2.975516319274902344e-01,-6.923462748527526855e-01,1.350246369838714600e-01,-1.177138328552246094e+00,3.618051111698150635e-01,5.732156634330749512e-01,-1.676312327384948730e+00,-4.146158322691917419e-02
7.063914537429809570e-01,3.285483121871948242e-01,-9.987494349479675293e-01,-7.493957281112670898e-01,8.864509314298629761e-02,-6.243533492088317871e-01,-6.569210439920425415e-02,1.181269764900207520e+00,-3.891859948635101318e-01,-1.711920201778411865e-01,4.138493835926055908e-01,4.744693040847778320e-01,4.794841706752777100e-01,-1.763293147087097168e-01,1.049705982208251953e+00,1.024660110473632812e+00,7.366509437561035156e-01,-3.184920847415924072e-01,-7.035196423530578613e-01,-1.102202534675598145e+00,1.605350613594055176e+00,1.759050369262695312e+00,1.240308061242103577e-01,1.180339097976684570e+00,4.281978309154510498e-02,-5.614480376243591309e-01,-1.306072950363159180e+00,-1.963835507631301880e-01,5.283635854721069336e-01,-4.953210949897766113e-01,1.141647219657897949e+00,9.500374197959899902e-01,-5.421745181083679199e-01,-1.631345748901367188e-01,-2.463959455490112305e+00,-9.615023732185363770e-01,-1.515116214752197266e+00,-2.651218473911285400e-01,-1.016581892967224121e+00,-1.036247134208679199e+00,6.464490294456481934e-01,2.328779399394989014e-01,4.280109703540802002e-01,8.077591657638549805e-01,1.309416055679321289e+00,-4.531621038913726807e-01,2.302341610193252563e-01,-8.538215421140193939e-03,-5.835481882095336914e-01,4.637718796730041504e-01,1.190771222114562988e+00,9.243086576461791992e-01,-2.162596434354782104e-01,3.961422443389892578e-01,6.364922523498535156e-01,-2.381515055894851685e-01,4.003458470106124878e-02,-1.429102778434753418e+00,-3.973073661327362061e-01,7.371898889541625977e-01,1.567373633384704590e+00,7.473697066307067871e-01,-7.551715373992919922e-01,4.420754015445709229e-01,1.060379385948181152e+00,1.685153365135192871e+00,-7.678834199905395508e-01,1.471725344657897949e+00,-6.332240700721740723e-01,4.788965582847595215e-01,6.232263986021280289e-03,-1.173574328422546387e+00,1.579689420759677887e-02,3.510507345199584961e-01,9.727829694747924805e-01,-9.724360704421997070e-01,-8.274944424629211426e-01,2.989888787269592285e-01,1.687535345554351807e-01,-4.517526328563690186e-01,-1.286457180976867676e+00,5.479782223701477051e-01,4.323731660842895508e-01,-1.397002190351486206e-01,9.092150926589965820e-01,5.795930027961730957e-01,-8.299901485443115234e-01,6.385173201560974121e-01,1.254567861557006836e+00,6.152559444308280945e-02,1.665236949920654297e+00,-6.419516801834106445e-01,-7.757565379142761230e-01,4.608198106288909912e-01,-2.675607101991772652e-03,1.497251272201538086e+00,9.339128732681274414e-01,-4.530174285173416138e-02,-9.037225842475891113e-01,-3.250755667686462402e-01
-4.182367920875549316e-01,-6.460696458816528320e-01,-1.530434727668762207e+00,1.288826107978820801e+00,7.568573355674743652e-01,-2.069808989763259888e-01,-2.129389762878417969e+00,1.087801694869995117e+00,1.380323410034179688e+00,-5.910931229591369629e-01,3.688141703605651855e-01,9.251803159713745117e-01,-9.932238459587097168e-01,-2.978922128677368164e-01,1.582037687301635742e+00,-7.024064660072326660e-01,1.353198409080505371e+00,-2.721066772937774658e-01,1.237060904502868652e+00,-8.993595838546752930e-01,7.266952991485595703e-01,-6.263554692268371582e-01,1.070172071456909180e+00,-7.531282305717468262e-01,3.617536723613739014e-01,-2.831805497407913208e-02,7.834309935569763184e-01,2.632647156715393066e-01,-1.302597284317016602e+00,3.337135016918182373e-01,-3.508853018283843994e-01,6.829503774642944336e-01,-5.986278653144836426e-01,-2.560560107231140137e-01,1.033073782920837402e+00,3.647616505622863770e-01,-1.806646466255187988e+00,4.966306686401367188e-01,-2.152238368988037109e+00,-3.483029007911682129e-01,-1.503482162952423096e-01,6.386542916297912598e-01,-7.875509262084960938e-01,-1.811968922615051270e+00,-7.443490028381347656e-01,-3.029970526695251465e-01,-6.009849309921264648e-01,1.799553871154785156e+00,-7.076574563980102539e-01,-1.250712156295776367e+00,8.133663982152938843e-02,-5.682642385363578796e-02,2.197414487600326538e-01,1.563623994588851929e-01,1.439884066581726074e+00,7.996274232864379883e-01,4.141479134559631348e-01,-6.131516695022583008e-01,4.583567976951599121e-01,6.114503741264343262e-01,5.092151165008544922e-01,9.141525030136108398e-01,-1.212044954299926758e+00,-1.645146608352661133e-01,-5.937451124191284180e-01,-7.275329828262329102e-01,7.779979109764099121e-01,4.842151105403900146e-01,1.155324578285217285e+00,-1.566082358360290527e+00,-1.517493009567260742e+00,-1.129988357424736023e-01,6.908879280090332031e-01,-3.969047069549560547e-01,-6.586747765541076660e-01,-4.865889847278594971e-01,-1.386116266250610352e+00,4.170677065849304199e-01,-1.733438372611999512e+00,-5.465159416198730469e-01,6.903512477874755859e-01,1.589173227548599243e-01,-8.616296947002410889e-02,2.210873365402221680e+00,1.076739430427551270e+00,2.293112576007843018e-01,9.550438523292541504e-01,1.488051176071166992e+00,1.482130885124206543e-01,-6.552547812461853027e-01,-6.174710392951965332e-01,-4.658660292625427246e-01,-1.381976127624511719e+00,-4.757434725761413574e-01,-7.148681879043579102e-01,-2.633842825889587402e-01,1.999338030815124512e+00,-8.794651031494140625e-01,-1.247932314872741699e+00,1.393978476524353027e+00
7.934845089912414551e-01,-3.600550293922424316e-01,1.103068947792053223e+00,4.296669960021972656e-01,3.591791689395904541e-01,-3.215260803699493408e-01,1.424912691116333008e+00,-3.945297598838806152e-01,-3.748191893100738525e-01,2.327788919210433960e-01,-1.143444538116455078e+00,-7.211181521415710449e-01,7.984823584556579590e-01,3.405604362487792969e-01,1.656084179878234863e+00,-9.022726416587829590e-01,4.535882771015167236e-01,7.298051118850708008e-01,-9.124477505683898926e-01,1.109344363212585449e+00,-2.275586605072021484e+00,-1.775605678558349609e+00,1.021087884902954102e+00,-7.560866475105285645e-01,5.893579721450805664e-01,-6.957770884037017822e-02,-4.783809483051300049e-01,-9.143486022949218750e-01,-7.713997960090637207e-01,-4.390784502029418945e-01,9.875981211662292480e-01,2.763481736183166504e-01,-6.670898795127868652e-01,2.583922818303108215e-02,-2.543660879135131836e+00,1.907659292221069336e+00,-2.691826820373535156e-01,-1.716865450143814087e-01,5.824073553085327148e-01,-1.482274770736694336e+00,-2.641681432723999023e+00,-1.945320814847946167e-01,2.462149411439895630e-01,6.720167398452758789e-01,-3.633507527410984039e-03,-1.604660302400588989e-01,5.006213188171386719e-01,-4.545775949954986572e-01,-1.084214687347412109e+00,-3.147631168365478516e+00,9.450356364250183105e-01,5.317621827125549316e-01,6.994985938072204590e-01,-4.078379273414611816e-01,-1.080126464366912842e-01,-9.903804659843444824e-01,1.459404230117797852e+00,-9.176649451255798340e-01,7.752410769462585449e-01,-1.559684514999389648e+00,-1.377204775810241699e+00,-2.772884964942932129e-01,8.386574685573577881e-02,-4.711774289608001709e-01,9.789381027221679688e-01,3.225169479846954346e-01,-2.789763808250427246e-01,-4.028742015361785889e-01,-2.581167966127395630e-02,1.997588425874710083e-01,-1.557918310165405273e+00,1.229524970054626465e+00,3.932528495788574219e-01,5.465185046195983887e-01,2.352328747510910034e-01,-9.711107015609741211e-01,-1.305800199508666992e+00,8.155903816223144531e-01,6.970611810684204102e-01,-1.589602231979370117e+00,7.280471920967102051e-01,-8.572024106979370117e-01,3.591809272766113281e-01,2.237116098403930664e-01,-6.287480592727661133e-01,-3.873517215251922607e-01,8.811368346214294434e-01,3.357225060462951660e-01,2.867265343666076660e-01,-3.517890274524688721e-01,7.112680375576019287e-02,-9.214366674423217773e-01,4.542239010334014893e-01,-1.808948278427124023e+00,-3.860724866390228271e-01,-2.551635541021823883e-02,-7.422087788581848145e-01,-9.636245369911193848e-01,2.109964638948440552e-01,1.291071891784667969e+00
-1.528692692518234253e-01,-2.717981934547424316e-01,1.375015497207641602e+00,-2.681808732450008392e-02,-4.096893966197967529e-01,-2.124147653579711914e+00,-3.331608772277832031e-01,9.716846346855163574e-01,5.242492556571960449e-01,-4.985886812210083008e-01,1.713092565536499023e+00,-1.297483891248703003e-01,-2.540362775325775146e-01,3.333464860916137695e-01,1.315928548574447632e-01,2.668687701225280762e-01,-4.571680426597595215e-01,1.517399311065673828e+00,-1.718376040458679199e+00,-6.743183732032775879e-01,1.455366969108581543e+00,-3.782430291175842285e-01,-1.736953854560852051e+00,-1.407108783721923828e+00,-7.695291042327880859e-01,-6.643434762954711914e-01,1.109166860580444336e+00,2.297955036163330078e+00,-5.912675261497497559e-01,-1.353905946016311646e-01,1.318802475929260254e+00,3.943161368370056152e-01,1.176777362823486328e+00,-8.761000633239746094e-01,4.931554570794105530e-02,-6.729379892349243164e-01,-4.878810942173004150e-01,1.947885751724243164e-01,8.496899008750915527e-01,4.780675843358039856e-02,6.865614652633666992e-01,-3.167343437671661377e-01,-1.338614225387573242e+00,-1.451739549636840820e+00,-1.902605175971984863e+00,-4.151065275073051453e-02,6.264594197273254395e-01,4.329481124877929688e-01,1.169951081275939941e+00,4.839558303356170654e-01,-6.008680462837219238e-01,6.613568663597106934e-01,1.863095313310623169e-01,8.305411338806152344e-01,9.675298929214477539e-01,4.113526344299316406e-01,-7.271285057067871094e-01,1.074978351593017578e+00,4.941591918468475342e-01,8.732049465179443359e-01,2.851969301700592041e-01,-2.052308619022369385e-01,-2.583171240985393524e-02,6.176399588584899902e-01,8.657986521720886230e-01,1.469566207379102707e-02,7.414777278900146484e-01,5.922837853431701660e-01,-6.750082969665527344e-01,6.502480506896972656e-01,6.410401463508605957e-01,-2.127513736486434937e-01,-7.712068557739257812e-01,1.600230857729911804e-02,-1.174365520477294922e+00,-2.907554626464843750e+00,8.456071615219116211e-01,1.563064098358154297e+00,-2.534173429012298584e-01,5.574003458023071289e-01,1.311321020126342773e+00,5.865636467933654785e-01,-2.916556298732757568e-01,2.563321590423583984e-01,5.381670594215393066e-01,-2.025419950485229492e+00,-1.222155213356018066e+00,2.988060414791107178e-01,8.367710113525390625e-01,-7.250545173883438110e-02,-1.233569622039794922e+00,-3.788184821605682373e-01,-7.929850816726684570e-01,-9.445616044104099274e-03,1.781420707702636719e+00,1.818159669637680054e-01,1.077435612678527832e+00,2.159623146057128906e+00,7.058243751525878906e-01,-1.235273957252502441e+00
8.101112842559814453e-01,-1.942287206649780273e+00,-1.914098381996154785e+00,1.185767769813537598e+00,1.234570741653442383e+00,-1.523168757557868958e-02,1.019141748547554016e-01,-2.076806128025054932e-01,-4.276383519172668457e-01,-2.103404521942138672e+00,1.006670117378234863e+00,-2.071789093315601349e-02,2.348663657903671265e-01,8.796723484992980957e-01,-1.048629403114318848e+00,1.525483876466751099e-01,-4.731375724077224731e-03,7.988559603691101074e-01,-4.435150325298309326e-01,1.044163823127746582e+00,5.892079472541809082e-01,4.831835031509399414e-01,5.660487413406372070e-01,-1.976835608482360840e+00,-1.648270897567272186e-02,-1.491773426532745361e-01,-6.363739371299743652e-01,1.317386776208877563e-01,1.242774486541748047e+00,9.231642633676528931e-02,1.049664020538330078e+00,-2.340439260005950928e-01,8.857585191726684570e-01,-2.093407213687896729e-01,-1.190689921379089355e+00,1.433596134185791016e+00,-4.807831346988677979e-01,-7.624208331108093262e-01,1.129934549331665039e+00,1.197169780731201172e+00,-4.420635402202606201e-01,7.713841795921325684e-01,-6.158310174942016602e-01,4.081555008888244629e-01,1.094200491905212402e+00,8.391143679618835449e-01,6.401067376136779785e-01,2.907717227935791016e-01,1.725003480911254883e+00,-2.050834149122238159e-02,-2.276329278945922852e+00,6.653790473937988281e-01,5.971794202923774719e-02,1.684998512268066406e+00,-1.538782477378845215e+00,2.563039958477020264e-01,-2.851197719573974609e-01,8.713672757148742676e-01,-5.884662866592407227e-01,1.081990152597427368e-01,-5.245630145072937012e-01,-8.415942192077636719e-01,1.752740025520324707e+00,6.772061586380004883e-01,-1.224136114120483398e+00,1.142784357070922852e+00,-3.815788924694061279e-01,3.599369227886199951e-01,7.299734652042388916e-02,-1.095064401626586914e+00,-1.643645316362380981e-01,-5.107551813125610352e-01,4.429370164871215820e-01,-1.483092188835144043e+00,5.674659609794616699e-01,-4.427617788314819336e-01,-1.522480249404907227e+00,-6.784008741378784180e-01,1.664598226547241211e+00,-1.940185546875000000e+00,-3.499988913536071777e-01,2.230585575103759766e+00,7.885761857032775879e-01,6.176369190216064453e-01,1.214539766311645508e+00,-5.240888595581054688e-01,9.738373756408691406e-01,-1.524112582206726074e+00,-6.644871830940246582e-01,-1.120486140251159668e+00,-4.049554765224456787e-01,-2.174333572387695312e+00,-1.308997273445129395e+00,-5.455481410026550293e-01,4.112955182790756226e-02,4.991738796234130859e-01,1.895738542079925537e-01,-1.485056877136230469e+00,-1.000934839248657227e+00,1.338759064674377441e+00
1.424566745758056641e+00,3.888973966240882874e-02,6.105293035507202148e-01,6.159354448318481445e-01,4.880349040031433105e-01,1.151929855346679688e+00,-3.254526853561401367e-01,1.453374624252319336e+00,7.423760890960693359e-01,6.058356165885925293e-01,4.700071811676025391e-01,-7.735399603843688965e-01,3.042010962963104248e-01,-1.011675357818603516e+00,-4.583160579204559326e-01,-6.458768844604492188e-01,1.791591942310333252e-02,-4.690468013286590576e-01,-6.515777111053466797e-01,-6.979259848594665527e-01,1.253994107246398926e+00,-1.301117539405822754e+00,-4.878709912300109863e-01,-5.315943360328674316e-01,4.479683935642242432e-01,-1.699471920728683472e-01,5.610848069190979004e-01,5.697823762893676758e-01,-2.733403444290161133e-01,1.177206754684448242e+00,5.359225869178771973e-01,6.007489562034606934e-01,-5.867639183998107910e-01,-9.756167978048324585e-02,-3.078836202621459961e-01,5.195448398590087891e-01,7.017936706542968750e-01,-6.116617918014526367e-01,1.254648685455322266e+00,8.539602160453796387e-01,-1.385048985481262207e+00,1.839878410100936890e-01,-4.626388549804687500e-01,-3.961685299873352051e-01,1.711582243442535400e-01,9.622880220413208008e-01,1.598725020885467529e-01,6.986069679260253906e-01,1.455536603927612305e+00,-2.953462898731231689e-01,-7.375155091285705566e-01,-1.186130881309509277e+00,-2.636583708226680756e-02,-1.146252989768981934e+00,1.708104848861694336e+00,4.240447878837585449e-01,-4.225738346576690674e-01,-5.632295012474060059e-01,-9.536104202270507812e-01,1.563041687011718750e+00,1.073925122618675232e-01,-1.753908634185791016e+00,-6.521213650703430176e-01,-9.583859890699386597e-02,-6.200576424598693848e-01,-3.522216975688934326e-01,-7.812911272048950195e-01,1.150042787194252014e-01,3.416071180254220963e-03,-1.076432108879089355e+00,-1.187753602862358093e-01,2.037481784820556641e+00,9.379703998565673828e-01,-5.545570254325866699e-01,-1.628726363182067871e+00,1.787919282913208008e+00,4.274991154670715332e-02,-9.921139478683471680e-01,-1.313993215560913086e+00,-8.647912144660949707e-01,-5.290253758430480957e-01,-5.156452655792236328e-01,-5.550644993782043457e-01,-6.066134572029113770e-01,1.124229133129119873e-01,-1.320679664611816406e+00,-4.139239341020584106e-02,-8.654948472976684570e-01,7.697072625160217285e-01,2.440515607595443726e-01,-7.128630280494689941e-01,9.470418691635131836e-01,5.676194429397583008e-01,-1.361557364463806152e+00,-5.481213927268981934e-01,5.166815593838691711e-03,7.726638913154602051e-01,-1.372090458869934082e+00,1.373164057731628418e+00,-1.981942653656005859e-01
