7.959626913070678711e-01,1.807942152023315430e+00,-4.257581233978271484e-01,-1.044683814048767090e+00,-4.416413903236389160e-01,-1.237384319305419922e+00,1.846160441637039185e-01,-8.728224039077758789e-01,-1.580346226692199707e+00,-6.758681684732437134e-02,-4.632930755615234375e-01,1.568251371383666992e+00,4.778996407985687256e-01,5.843982696533203125e-01,1.164723396301269531e+00,-1.348446249961853027e+00,-1.408785730600357056e-01,-1.194670081138610840e+00,2.202872991561889648e+00,1.041679859161376953e+00,-1.734618842601776123e-01,3.027101159095764160e-01,-1.271254897117614746e+00,-1.099355101585388184e+00,-6.110473275184631348e-01,7.217434644699096680e-01,1.132068037986755371e-02,3.886156082153320312e-01,9.157279133796691895e-01,-4.447839260101318359e-01,-1.767904877662658691e+00,9.609119296073913574e-01,1.638645887374877930e+00,-8.581305146217346191e-01,3.723812997341156006e-01,-1.425051212310791016e+00,7.441802024841308594e-01,-4.089379906654357910e-01,1.467344522476196289e+00,4.869294166564941406e-02,-8.503063917160034180e-01,2.279399156570434570e+00,9.392846226692199707e-01,-7.797738909721374512e-01,-1.178396344184875488e+00,-1.763168424367904663e-01,1.162674903869628906e+00,-8.923078179359436035e-01,-1.392310500144958496e+00,9.933275580406188965e-01,1.029711484909057617e+00,-1.947740465402603149e-01,-6.223641037940979004e-01,-2.691667377948760986e-01,-7.786026000976562500e-01,-1.034509301185607910e+00,6.486877202987670898e-01,9.397583603858947754e-01,1.693302690982818604e-01,5.494835972785949707e-01,-7.887402772903442383e-01,8.191468715667724609e-01,3.589256107807159424e-01,4.568007886409759521e-01,3.799002468585968018e-01,-1.247720360755920410e+00,8.321877717971801758e-01,-1.343204826116561890e-01,-4.013155996799468994e-01,-8.934143781661987305e-01,-1.716411411762237549e-01,-1.753018021583557129e+00,1.573062688112258911e-01,5.685111284255981445e-01,-3.326527774333953857e-01,3.271841108798980713e-01,1.594221949577331543e+00,-1.861171841621398926e+00,-1.170945167541503906e+00,-3.809816017746925354e-02,-2.893437445163726807e-01,-1.450908184051513672e-01,-4.422745406627655029e-01,-8.500573039054870605e-02,-1.164533257484436035e+00,5.052582621574401855e-01,-8.534458279609680176e-01,1.382753849029541016e+00,4.324996173381805420e-01,7.430635094642639160e-01,4.565442204475402832e-01,1.519274950027465820e+00,3.400721549987792969e-01,-7.098212242126464844e-01,1.477043628692626953e+00,4.785772264003753662e-01,6.532765626907348633e-01,-2.296584606170654297e+00,-5.366172194480895996e-01,-1.441246747970581055e+00
6.214427947998046875e-01,-4.759747684001922607e-01,7.157323956489562988e-01,1.038523688912391663e-01,-2.452461242675781250e+00,4.012426435947418213e-01,-6.016298532485961914e-01,-1.093354225158691406e-01,9.060429334640502930e-01,2.147827995941042900e-03,-6.907512545585632324e-01,-1.118608713150024414e+00,-1.164114713668823242e+00,-1.331110358238220215e+00,2.377563118934631348e-01,1.041112542152404785e+00,-1.299898266792297363e+00,1.423215866088867188e+00,1.552793383598327637e+00,1.522405862808227539e+00,9.857308119535446167e-02,1.243925690650939941e-01,1.224025368690490723e+00,1.486816644668579102e+00,1.419019460678100586e+00,2.265381813049316406e-01,-6.001331806182861328e-01,1.065957307815551758e+00,-3.247205018997192383e-01,1.713678240776062012e+00,7.986854016780853271e-02,2.987180471420288086e+00,-1.610210895538330078e+00,-1.060000181198120117e+00,-4.106096029281616211e-01,4.616690874099731445e-01,-5.287479236721992493e-02,-1.198812484741210938e+00,3.378314971923828125e-01,1.115839481353759766e+00,3.090558350086212158e-01,2.956787049770355225e-01,-3.160347342491149902e-01,-2.081975638866424561e-01,-1.268109083175659180e+00,1.498013615608215332e+00,6.963987350463867188e-01,-4.749305546283721924e-01,1.264049172401428223e+00,6.619541049003601074e-01,1.042506933212280273e+00,-1.529966950416564941e+00,9.832249283790588379e-01,1.517274975776672363e-01,-1.742786407470703125e+00,-9.958661198616027832e-01,-5.251422524452209473e-01,-1.385610848665237427e-01,-2.012705326080322266e+00,-8.733004927635192871e-01,1.241261005401611328e+00,1.190329432487487793e+00,-1.225500226020812988e+00,-1.861854493618011475e-01,9.756879508495330811e-02,1.027423501014709473e+00,-7.956830263137817383e-01,3.914581835269927979e-01,1.628034591674804688e+00,9.856791496276855469e-01,-5.817549824714660645e-01,-1.591982543468475342e-01,-7.565478682518005371e-01,-1.853991746902465820e-01,-7.451070845127105713e-02,9.336221218109130859e-01,-1.134433388710021973e+00,-3.873612880706787109e-01,-9.213688373565673828e-01,-5.779111385345458984e-01,-8.336299061775207520e-01,-9.490364193916320801e-01,-3.431579768657684326e-01,5.807096362113952637e-01,6.090611815452575684e-01,3.373093605041503906e-01,-3.347422778606414795e-01,-5.290162563323974609e-01,-6.202539205551147461e-01,3.337357640266418457e-01,1.179885119199752808e-03,1.445947140455245972e-01,1.229476094245910645e+00,7.889071702957153320e-01,2.378953218460083008e+00,-3.004132211208343506e-02,-1.025871396064758301e+00,4.740535020828247070e-01,1.979367136955261230e+00,-4.411855936050415039e-01
-3.515031099319458008e+00,-7.199148535728454590e-01,1.679502367973327637e+00,1.651578396558761597e-01,-6.879400610923767090e-01,1.295852214097976685e-01,-4.325443208217620850e-01,-1.340510368347167969e+00,1.272881388664245605e+00,4.571064412593841553e-01,-2.662801444530487061e-01,-7.178060412406921387e-01,-1.288512587547302246e+00,5.471611022949218750e-01,-1.113145798444747925e-01,1.520279049873352051e+00,-1.203036546707153320e+00,1.164375305175781250e+00,5.816597938537597656e-01,1.168639898300170898e+00,5.364756584167480469e-01,9.775285124778747559e-01,-1.031965613365173340e+00,-2.197250425815582275e-01,-5.857981443405151367e-01,5.189917683601379395e-01,1.172545552253723145e+00,-1.235140919685363770e+00,-6.490419507026672363e-01,-1.853646636009216309e-01,-4.700117707252502441e-01,5.684922933578491211e-01,-7.355275750160217285e-02,4.135772585868835449e-01,-1.093751668930053711e+00,1.150444746017456055e+00,1.377309679985046387e+00,-9.156141430139541626e-03,-1.212776899337768555e+00,3.721112608909606934e-01,-1.481735587120056152e+00,-1.162711858749389648e+00,-5.154859423637390137e-01,-4.649913609027862549e-01,-1.427959322929382324e+00,-5.726483464241027832e-01,-8.163101673126220703e-01,4.679765701293945312e-01,-6.647368669509887695e-01,1.135228425264358521e-01,6.331000924110412598e-01,-9.110819697380065918e-01,1.794764518737792969e+00,-7.021906971931457520e-01,-1.425129324197769165e-01,1.110191822052001953e+00,-5.717448592185974121e-01,8.329021334648132324e-01,2.570692598819732666e-01,6.262680888175964355e-01,4.849927723407745361e-01,9.734146296977996826e-02,-1.327449917793273926e+00,7.758846282958984375e-01,-2.197611331939697266e-01,-6.548681259155273438e-01,-1.340429902076721191e+00,5.228331089019775391e-01,7.562009692192077637e-01,-1.498723030090332031e+00,-2.958859503269195557e-01,9.333591461181640625e-01,-1.044193506240844727e+00,-7.657813429832458496e-01,9.517793059349060059e-01,-2.944128811359405518e-01,8.440697193145751953e-01,-1.383143186569213867e+00,3.120774328708648682e-01,-3.654969930648803711e-01,-1.339717581868171692e-02,-3.723438084125518799e-01,3.265874087810516357e-01,5.361537933349609375e-01,-1.308287024497985840e+00,1.987844556570053101e-01,-1.368254065513610840e+00,1.038528084754943848e+00,-6.067637801170349121e-01,-9.492096304893493652e-01,4.368053078651428223e-01,-1.459174633026123047e+00,6.088336110115051270e-01,1.169909238815307617e+00,-1.147551536560058594e+00,3.169615268707275391e-01,2.119751453399658203e+00,8.783932328224182129e-01,3.068889379501342773e-01,-1.107146516442298889e-01
2.310618758201599121e-01,1.233095765113830566e+00,-4.277854561805725098e-01,7.805367708206176758e-01,1.701715588569641113e-01,7.292231917381286621e-01,4.238421618938446045e-01,-8.006909489631652832e-01,4.408887624740600586e-01,-4.823336899280548096e-01,1.242355823516845703e+00,1.060767054557800293e+00,-9.395240247249603271e-02,7.914432883262634277e-02,-8.959730267524719238e-01,-3.232235014438629150e-01,4.059817492961883545e-01,5.576245784759521484e-01,-9.978026151657104492e-01,8.564000725746154785e-01,7.109068036079406738e-01,7.465143203735351562e-01,-3.313595950603485107e-01,1.791535735130310059e+00,1.043494462966918945e+00,5.190585851669311523e-01,-1.157063126564025879e+00,-1.320409417152404785e+00,-2.098476737737655640e-01,1.272103667259216309e+00,5.531173944473266602e-01,-1.665770888328552246e+00,4.129745662212371826e-01,5.491222739219665527e-01,1.881572842597961426e+00,-1.686612010002136230e+00,5.259619355201721191e-01,4.094655215740203857e-01,-1.455977559089660645e+00,-1.200906515121459961e+00,1.197073578834533691e+00,6.367669999599456787e-02,-9.408993721008300781e-01,4.436888732016086578e-03,-5.624183416366577148e-01,8.597626090049743652e-01,6.136211752891540527e-01,-2.425940781831741333e-01,2.811573259532451630e-02,-6.125295162200927734e-01,-8.510896563529968262e-02,-1.136677265167236328e+00,-5.721424818038940430e-01,2.138870239257812500e+00,1.291038513183593750e+00,-1.000638484954833984e+00,4.127413034439086914e-01,6.334335803985595703e-01,4.020967781543731689e-01,-1.059045433998107910e+00,4.460919201374053955e-01,-9.035140872001647949e-01,1.773725986480712891e+00,1.183326840400695801e+00,-3.237449750304222107e-02,1.107096791267395020e+00,6.690248101949691772e-02,1.928617238998413086e+00,-1.510480523109436035e+00,-1.380749821662902832e+00,5.773275494575500488e-01,1.076241731643676758e+00,-1.507354974746704102e+00,1.746928811073303223e+00,-1.294906497001647949e+00,-1.548358917236328125e+00,2.807852923870086670e-01,7.348987460136413574e-02,-1.225772142410278320e+00,1.745279908180236816e+00,1.372821331024169922e+00,8.989765644073486328e-01,-1.134754270315170288e-01,-5.337570309638977051e-01,6.049498319625854492e-01,-8.155784606933593750e-01,-6.898929476737976074e-01,2.514782845973968506e-01,7.317823171615600586e-01,1.167667269706726074e+00,-1.070333242416381836e+00,6.556073427200317383e-01,3.897345066070556641e-01,1.228268861770629883e+00,5.034825205802917480e-01,-5.281695127487182617e-01,-1.478422164916992188e+00,-3.364331647753715515e-02,-9.857644438743591309e-01,2.889693975448608398e-01
-5.404932051897048950e-02,1.788465976715087891e+00,-1.275339007377624512e+00,-4.695155471563339233e-02,4.614284932613372803e-01,-1.424010246992111206e-01,-1.608818888664245605e+00,-1.614702939987182617e+00,-1.282657742500305176e+00,8.565896153450012207e-01,-1.615077406167984009e-01,-1.238486051559448242e+00,1.645761489868164062e+00,-4.924340546131134033e-01,2.321220874786376953e+00,2.386848479509353638e-01,-8.569484949111938477e-01,1.481915593147277832e+00,1.186246633529663086e+00,-5.312610268592834473e-01,4.670197889208793640e-02,2.880365550518035889e-01,1.790353953838348389e-01,2.035818248987197876e-01,8.415807485580444336e-01,9.747695326805114746e-01,7.054756879806518555e-01,8.829005360603332520e-01,5.179541707038879395e-01,9.442377686500549316e-01,1.419800162315368652e+00,-5.043589472770690918e-01,1.020494222640991211e+00,2.179622650146484375e+00,-1.167458891868591309e+00,4.474959075450897217e-01,-2.848094105720520020e-01,1.315301418304443359e+00,6.155340671539306641e-01,-1.059986829757690430e+00,-1.290545463562011719e-01,-1.311391472816467285e+00,-1.550464481115341187e-01,9.110734462738037109e-01,-3.155504465103149414e-01,-8.005748391151428223e-01,-7.999824285507202148e-01,-3.751779198646545410e-01,-1.733082652091979980e+00,9.499715566635131836e-01,1.496961526572704315e-02,2.838005721569061279e-01,-2.891311645507812500e-01,3.111038506031036377e-01,-2.024121284484863281e+00,1.223272159695625305e-01,-1.366281628608703613e+00,7.690526843070983887e-01,-1.318210244178771973e+00,2.029452085494995117e+00,-1.875797659158706665e-01,6.750706583261489868e-02,2.548625767230987549e-01,-1.299756765365600586e+00,-1.944574475288391113e+00,5.551901459693908691e-01,-2.953257560729980469e-01,-1.866251975297927856e-01,1.328661918640136719e+00,3.197253942489624023e-01,1.658626914024353027e+00,6.378048658370971680e-02,-4.506537020206451416e-01,5.705110430717468262e-01,1.375605702400207520e+00,3.854146301746368408e-01,-5.751949548721313477e-01,2.050006836652755737e-01,-7.820882201194763184e-01,1.196300506591796875e+00,3.999961316585540771e-01,3.038169257342815399e-02,-4.981433749198913574e-01,-6.265400648117065430e-01,1.157053589820861816e+00,-1.931385546922683716e-01,-1.370235085487365723e+00,-8.917278796434402466e-02,1.684466451406478882e-01,-1.439083367586135864e-01,-1.669046878814697266e+00,2.231400310993194580e-01,-2.468132734298706055e+00,3.847501277923583984e-01,-1.390411734580993652e+00,1.113027215003967285e+00,-1.033656954765319824e+00,1.550771296024322510e-01,1.198250532150268555e+00,-5.996049195528030396e-02
-1.474145770072937012e+00,2.379592508077621460e-01,6.808997988700866699e-01,-1.468634724617004395e+00,-1.274516940116882324e+00,2.318980693817138672e-01,-9.858224391937255859e-01,-1.014457225799560547e+00,-1.193234562873840332e+00,-1.216051101684570312e+00,-2.896914724260568619e-03,-4.137088358402252197e-01,-3.222376480698585510e-02,-4.659151136875152588e-01,-1.243554472923278809e+00,-8.471058607101440430e-01,4.851865470409393311e-01,-3.499123752117156982e-01,-6.759530901908874512e-01,6.282161921262741089e-02,-2.407511174678802490e-01,-1.499346494674682617e+00,-5.756143331527709961e-01,-5.130974054336547852e-01,-9.043824672698974609e-01,-9.537454247474670410e-01,2.125679701566696167e-01,-5.757263898849487305e-01,1.035135149955749512e+00,1.678345918655395508e+00,-3.519038483500480652e-02,-9.391227960586547852e-01,7.516350746154785156e-01,-3.194675147533416748e-01,-7.372860908508300781e-01,-2.935402095317840576e-01,-1.813432693481445312e+00,-1.385775208473205566e+00,4.747100174427032471e-01,1.450608372688293457e+00,4.753939807415008545e-01,8.493824601173400879e-01,5.134349465370178223e-01,1.145150423049926758e+00,1.310261607170104980e+00,5.667519569396972656e-01,7.105310261249542236e-02,6.298535466194152832e-01,4.314978122711181641e-01,4.130177199840545654e-01,2.035715579986572266e+00,3.588091135025024414e-01,2.194970473647117615e-02,-3.402953147888183594e-01,2.398826330900192261e-01,3.189552426338195801e-01,-5.941241383552551270e-01,1.006915941834449768e-01,7.295632362365722656e-01,2.154346853494644165e-01,-4.292008876800537109e-01,2.212073057889938354e-01,1.796253323554992676e+00,1.911596208810806274e-01,8.172659575939178467e-02,-1.954589605331420898e+00,-1.253549814224243164e+00,1.337234854698181152e+00,2.001565456390380859e+00,-6.007381901144981384e-02,7.970871925354003906e-01,9.846404790878295898e-01,-1.158592224121093750e+00,-1.098875924944877625e-01,-1.100493788719177246e+00,-1.283000946044921875e+00,-2.777783572673797607e-01,-1.018214106559753418e+00,-8.353280425071716309e-01,-4.123382568359375000e-01,8.654301166534423828e-01,-9.717521071434020996e-01,5.671591162681579590e-01,-1.345548033714294434e+00,-9.003658294677734375e-01,-3.841268122196197510e-01,2.947342693805694580e-01,4.941114187240600586e-01,1.436635732650756836e+00,3.730857670307159424e-01,1.325203776359558105e+00,8.697712421417236328e-01,6.299072504043579102e-01,-3.968698680400848389e-01,5.919180512428283691e-01,-8.010249137878417969e-01,-1.343386322259902954e-01,5.578186511993408203e-01,1.094811558723449707e+00,-7.399353384971618652e-01
1.423772811889648438e+00,1.744467467069625854e-01,2.011653184890747070e-01,8.141393065452575684e-01,1.543496251106262207e-01,-5.709336400032043457e-01,2.011002302169799805e+00,9.075750708580017090e-01,-8.753210902214050293e-01,-7.203623056411743164e-01,4.740710556507110596e-01,-1.531658887863159180e+00,-1.009075641632080078e+00,-8.357124328613281250e-01,-6.872534751892089844e-01,1.243492841720581055e+00,-1.831638693809509277e+00,7.328390479087829590e-01,9.903732538223266602e-01,-1.812214493751525879e+00,1.402745366096496582e+00,-1.691102862358093262e+00,-1.692014932632446289e-02,9.994594454765319824e-01,3.148632943630218506e-01,1.629816055297851562e+00,3.756033182144165039e-01,-8.436216115951538086e-01,-6.545689105987548828e-01,-3.808580636978149414e-01,8.767772912979125977e-01,-1.353399753570556641e+00,-1.246897697448730469e+00,-1.227633953094482422e-01,-6.609337925910949707e-01,2.515943646430969238e-01,8.510686755180358887e-01,7.724092602729797363e-01,-1.231718778610229492e+00,3.381812013685703278e-03,-9.103850722312927246e-01,2.630801200866699219e-01,1.007477283477783203e+00,7.521573305130004883e-01,-6.160767078399658203e-01,-7.954021543264389038e-02,-1.966483443975448608e-01,1.031101584434509277e+00,-2.156492881476879120e-02,-4.561686217784881592e-01,1.398450851440429688e+00,-9.951696395874023438e-01,1.757660150527954102e+00,4.098736643791198730e-01,-1.306264400482177734e+00,1.458159446716308594e+00,6.084035634994506836e-01,-4.480551779270172119e-01,3.583950698375701904e-01,-7.392155528068542480e-01,4.319516941905021667e-02,9.155790805816650391e-01,-5.919864177703857422e-01,1.572826355695724487e-01,-1.873723231256008148e-03,-8.063235282897949219e-01,-2.169863134622573853e-01,-1.453716635704040527e+00,-7.240139842033386230e-01,-5.442103147506713867e-01,8.502187728881835938e-01,-1.003306865692138672e+00,-3.221870213747024536e-02,-7.830734252929687500e-01,-1.891479849815368652e+00,1.150546550750732422e+00,-2.555946111679077148e-01,-9.854447245597839355e-01,5.994458794593811035e-01,7.589384913444519043e-01,6.773787140846252441e-01,-1.247899889945983887e+00,4.228536784648895264e-02,1.622745633125305176e+00,2.053143501281738281e+00,1.676583737134933472e-01,-4.376537799835205078e-01,-2.734870016574859619e-01,1.783097535371780396e-01,3.584637939929962158e-01,-4.666250646114349365e-01,-9.325006008148193359e-01,2.980094254016876221e-01,-1.313499331474304199e+00,-2.143742322921752930e+00,1.774016499519348145e+00,-8.575011491775512695e-01,1.341055989265441895e+00,1.263470053672790527e+00,-8.292251825332641602e-01
-1.877182126045227051e+00,-1.784704566001892090e+00,-1.780859708786010742e+00,8.610090613365173340e-01,-5.024386048316955566e-01,6.435286998748779297e-02,-1.041862249374389648e+00,3.340648710727691650e-01,-2.625176608562469482e-01,1.261153817176818848e+00,5.342683196067810059e-01,-5.588436126708984375e-01,-1.082652330398559570e+00,7.490714192390441895e-01,1.284756183624267578e+00,9.354965090751647949e-01,-1.034099459648132324e+00,1.605818271636962891e+00,-5.806682109832763672e-01,-1.964454293251037598e+00,1.155015230178833008e+00,-6.448904871940612793e-01,-2.634063661098480225e-01,-2.373231500387191772e-01,-3.060960173606872559e-01,-6.224306821823120117e-01,-1.370976090431213379e+00,-5.457989573478698730e-01,-1.144612431526184082e+00,-6.120793223381042480e-01,-1.385213494300842285e+00,6.151534914970397949e-01,3.937445282936096191e-01,-1.058672219514846802e-01,3.441739082336425781e-01,3.244966268539428711e-01,7.815507799386978149e-02,-2.678994238376617432e-01,5.151129364967346191e-01,4.421924799680709839e-02,-3.020220994949340820e-01,1.304724931716918945e+00,2.826454304158687592e-02,7.223960757255554199e-01,1.232033133506774902e+00,-2.460534870624542236e-01,-5.259448289871215820e-01,-7.281187772750854492e-01,-1.947093904018402100e-01,4.027683436870574951e-01,1.929273366928100586e+00,2.932118177413940430e-01,4.697121977806091309e-01,-2.509595453739166260e-01,-9.946385622024536133e-01,1.105026245117187500e+00,-1.603307485580444336e+00,-1.807844042778015137e-01,-1.211396336555480957e+00,-1.955433130264282227e+00,3.536883294582366943e-01,-1.462366461753845215e+00,-2.169709503650665283e-01,-4.332455992698669434e-01,-7.291781902313232422e-01,8.579721450805664062e-01,9.638101458549499512e-01,1.133010029792785645e+00,1.006870269775390625e-01,1.016186829656362534e-02,2.130213260650634766e+00,-9.019897580146789551e-01,2.022436618804931641e+00,9.769942164421081543e-01,-3.892293870449066162e-01,-3.268074095249176025e-01,1.718858003616333008e+00,-5.851823091506958008e-01,5.416302084922790527e-01,7.709133028984069824e-01,1.639262080192565918e+00,-8.160082697868347168e-01,-5.217506289482116699e-01,-5.901855826377868652e-01,-8.622699379920959473e-01,-1.213440179824829102e+00,6.375316977500915527e-01,-5.964590907096862793e-01,3.691160082817077637e-01,-1.183447957038879395e+00,8.497579693794250488e-01,-1.180408716201782227e+00,5.550418496131896973e-01,-4.614683687686920166e-01,2.940339148044586182e-01,-7.480779290199279785e-01,-2.891322672367095947e-01,5.279141664505004883e-01,-8.020287752151489258e-01,1.258464932441711426e+00
7.283356785774230957e-01,1.011100411415100098e+00,2.150979042053222656e+00,1.527739644050598145e+00,-1.232076644897460938e+00,2.305039644241333008e+00,8.757221698760986328e-01,-4.114894270896911621e-01,-1.261543929576873779e-01,1.039112448692321777e+00,-3.811360597610473633e-01,-1.311236262321472168e+00,-1.245446920394897461e+00,-2.706741988658905029e-01,4.319873154163360596e-01,2.356053739786148071e-01,1.433764994144439697e-01,6.476513147354125977e-01,5.592467784881591797e-01,8.239133954048156738e-01,1.253915071487426758e+00,1.632569432258605957e-01,-2.515515387058258057e-01,-2.259080298244953156e-02,2.246624231338500977e-01,7.972993850708007812e-01,9.381284713745117188e-01,-1.117571711540222168e+00,1.679928541183471680e+00,1.490166783332824707e+00,1.592497348785400391e+00,1.523126244544982910e+00,-7.317891120910644531e-01,4.849854111671447754e-01,7.918651103973388672e-01,-2.932120561599731445e-01,-2.501138448715209961e+00,1.242485418915748596e-01,-3.154840171337127686e-01,-1.814060807228088379e+00,1.988179922103881836e+00,-1.182878136634826660e+00,4.375472664833068848e-01,-8.530697822570800781e-01,-2.055149525403976440e-01,8.515471220016479492e-01,2.227861404418945312e+00,-6.381382942199707031e-01,-8.191907405853271484e-01,9.527933783829212189e-03,2.043246328830718994e-01,7.396042943000793457e-01,6.269199252128601074e-01,7.258217334747314453e-01,2.136316448450088501e-01,4.882487356662750244e-01,5.137968659400939941e-01,-1.254036426544189453e-01,-1.938916921615600586e+00,-7.971826195716857910e-01,3.003499805927276611e-01,1.537305712699890137e+00,8.843095898628234863e-01,-6.797536015510559082e-01,-2.487782478332519531e+00,-1.996460705995559692e-01,-4.064555466175079346e-01,1.123443126678466797e+00,6.757258772850036621e-01,-8.764969706535339355e-01,-7.663584947586059570e-01,-1.071059226989746094e+00,2.733129978179931641e+00,-5.483646988868713379e-01,-4.682300984859466553e-01,-5.118000321090221405e-03,-1.457708775997161865e-01,-3.779122829437255859e-01,-5.917434096336364746e-01,-1.828979998826980591e-01,2.824934013187885284e-02,-1.390485763549804688e+00,-1.474275827407836914e+00,-7.769480943679809570e-01,-9.218580722808837891e-01,1.684032440185546875e+00,-2.182114124298095703e+00,1.915444135665893555e-01,-4.869002699851989746e-01,-6.937441229820251465e-02,8.505665063858032227e-01,5.384641140699386597e-02,6.856337189674377441e-01,-8.691123723983764648e-01,-7.598067522048950195e-01,5.747405290603637695e-01,-2.120802849531173706e-01,-1.608217597007751465e+00,9.582646489143371582e-01,-4.476042389869689941e-01
2.378319650888442993e-01,-2.222038030624389648e+00,7.351787686347961426e-01,1.142000079154968262e+00,-4.694874584674835205e-01,-2.721678279340267181e-02,-4.011891484260559082e-01,-1.224280968308448792e-01,1.704330563545227051e+00,1.125076636672019958e-01,4.529757201671600342e-01,-1.031924318522214890e-02,-5.936915874481201172e-01,7.472562789916992188e-01,-1.444175839424133301e+00,1.214817285537719727e+00,1.682837009429931641e+00,-2.727129161357879639e-01,2.449166029691696167e-01,4.463862776756286621e-01,-4.076422750949859619e-01,5.359335541725158691e-01,-6.818748712539672852e-01,-1.306116700172424316e+00,-2.721000671386718750e+00,-9.373766183853149414e-01,3.211666047573089600e-01,-2.477788329124450684e-01,4.010267257690429688e-01,-3.002178966999053955e-01,-8.858982920646667480e-01,8.050101995468139648e-02,1.226924180984497070e+00,-1.540842652320861816e-01,-1.327777504920959473e+00,-1.461777687072753906e+00,1.151131987571716309e+00,-9.541323184967041016e-01,1.804688125848770142e-01,1.236038446426391602e+00,2.046316146850585938e+00,-5.836192965507507324e-01,6.105531454086303711e-01,6.677220463752746582e-01,-9.594233632087707520e-01,-2.557060122489929199e-01,4.773488342761993408e-01,7.458348870277404785e-01,-3.450931310653686523e-01,-5.971938967704772949e-01,1.931913793087005615e-01,1.412194669246673584e-01,9.258067607879638672e-01,-1.745883345603942871e+00,-4.470066726207733154e-01,1.004479527473449707e+00,-7.531008869409561157e-02,1.161043882369995117e+00,-8.192899823188781738e-01,3.924345672130584717e-01,-1.722616791725158691e+00,7.750423550605773926e-01,6.697610020637512207e-02,1.478943705558776855e+00,7.674722671508789062e-01,1.732895016670227051e+00,-5.031868815422058105e-01,-5.123088359832763672e-01,1.808533817529678345e-01,6.906648874282836914e-01,-2.215654134750366211e+00,-4.143339991569519043e-01,1.835433095693588257e-01,-3.567578196525573730e-01,8.261899352073669434e-01,-7.798855900764465332e-01,-1.487476564943790436e-02,7.225378751754760742e-01,7.832850217819213867e-01,5.643614530563354492e-01,-2.497841715812683105e-01,1.303600311279296875e+00,4.604608118534088135e-01,-7.551016211509704590e-01,1.144014954566955566e+00,3.661396801471710205e-01,7.526347637176513672e-01,9.821727275848388672e-01,1.266437888145446777e+00,-9.223806262016296387e-01,3.096480369567871094e-01,-2.226577997207641602e+00,2.077165603637695312e+00,-1.772740006446838379e+00,-2.174186557531356812e-01,3.387551605701446533e-01,-3.055446743965148926e-01,1.687299609184265137e+00,8.126952648162841797e-01,1.596586108207702637e-01
-1.075928732752799988e-01,9.720040559768676758e-01,-6.891867518424987793e-01,-2.049031734466552734e+00,1.794959306716918945e+00,7.497243285179138184e-01,-1.270330846309661865e-01,-2.921071648597717285e-02,-9.038045406341552734e-01,1.786075830459594727e+00,1.304415225982666016e+00,-1.882234215736389160e+00,-1.024758145213127136e-01,6.395993232727050781e-01,1.262480258941650391e+00,9.422173500061035156e-01,-6.602806597948074341e-02,6.359282732009887695e-01,-4.084286838769912720e-02,2.279955148696899414e+00,8.227067440748214722e-02,3.432724475860595703e-01,-4.081675112247467041e-01,-5.743515491485595703e-01,-2.031362056732177734e+00,1.741156697273254395e+00,1.606766730546951294e-01,-1.160640597343444824e+00,1.026876330375671387e+00,-4.819394946098327637e-01,-1.366189837455749512e+00,1.129801154136657715e+00,5.721473600715398788e-03,-1.000072717666625977e+00,8.062114939093589783e-04,1.919502735137939453e+00,3.659307956695556641e-02,9.143292158842086792e-02,-1.119741678237915039e+00,-3.904943168163299561e-01,1.150910183787345886e-01,1.313223004341125488e+00,-7.034940719604492188e-01,-2.505612792447209358e-03,-2.122136592864990234e+00,-1.160382747650146484e+00,6.157436966896057129e-01,-1.749095082283020020e+00,-3.865498304367065430e-02,-5.334435105323791504e-01,2.397079706192016602e+00,-1.327249765396118164e+00,-9.665191173553466797e-01,-1.383263468742370605e+00,7.823276519775390625e-01,-1.581079363822937012e-01,-1.100667119026184082e+00,9.122642874717712402e-01,1.559412181377410889e-01,1.538558840751647949e+00,-2.108717441558837891e+00,3.343048393726348877e-01,-1.417277455329895020e-01,1.257829070091247559e+00,1.460787653923034668e+00,3.418731987476348877e-01,-6.248078942298889160e-01,8.986894786357879639e-02,-9.292984008789062500e-01,4.393992424011230469e-01,5.218078494071960449e-01,7.536243796348571777e-01,-1.315273880958557129e+00,1.733169555664062500e+00,7.529560010880231857e-03,2.320161819458007812e+00,4.677347838878631592e-01,-1.906390905380249023e+00,1.447798907756805420e-01,-2.001385450363159180e+00,3.883099555969238281e-02,1.201123595237731934e+00,2.462510019540786743e-01,-4.579111635684967041e-01,8.132548332214355469e-01,-1.368443131446838379e+00,-3.386525809764862061e-01,-3.148943185806274414e-01,-2.923684716224670410e-01,-5.363513231277465820e-01,1.048661947250366211e+00,2.378489077091217041e-01,1.397792343050241470e-02,7.310876846313476562e-01,-1.539880394935607910e+00,5.469858050346374512e-01,7.134099602699279785e-01,-1.000465452671051025e-01,-1.252454876899719238e+00,1.438949823379516602e+00
-7.744043320417404175e-02,-2.673357911407947540e-02,1.849791646003723145e+00,-2.604892253875732422e+00,1.264609932899475098e+00,7.766584157943725586e-01,3.065779507160186768e-01,4.040702283382415771e-01,-1.359199404716491699e+00,1.447285056114196777e+00,1.332836031913757324e+00,5.428274869918823242e-01,-9.816197156906127930e-01,6.871197223663330078e-01,2.815646529197692871e-01,1.549195498228073120e-01,-2.020810842514038086e-01,-5.480136256664991379e-03,3.376608788967132568e-01,-9.474169611930847168e-01,1.096093177795410156e+00,1.053499937057495117e+00,1.062003448605537415e-01,-1.727065443992614746e-01,5.698463320732116699e-01,3.766907453536987305e-01,2.366503715515136719e+00,-1.783210486173629761e-01,-1.426963806152343750e+00,8.406487703323364258e-01,-7.120097279548645020e-01,-1.363479495048522949e+00,-1.875703930854797363e+00,1.984294354915618896e-01,-2.245747298002243042e-01,7.420444488525390625e-01,2.071511268615722656e+00,-8.637219667434692383e-01,3.539383709430694580e-01,-1.742642372846603394e-01,1.107117414474487305e+00,1.482039093971252441e+00,-5.463237166404724121e-01,1.215392947196960449e-01,-7.527132630348205566e-01,-6.503520607948303223e-01,-1.447233080863952637e+00,2.062086910009384155e-01,-2.907395660877227783e-01,5.061324238777160645e-01,7.716331481933593750e-01,-1.316419124603271484e+00,-1.681429266929626465e+00,-7.266193032264709473e-01,-6.433938145637512207e-01,-2.134683370590209961e+00,-3.427468836307525635e-01,-1.561326622962951660e+00,-1.523169279098510742e+00,1.665110707283020020e+00,1.214890480041503906e+00,5.063143968582153320e-01,1.028864026069641113e+00,1.363586783409118652e+00,-5.829398036003112793e-01,-5.505851507186889648e-01,6.270325928926467896e-02,1.513013601303100586e+00,5.847898125648498535e-01,9.562292098999023438e-01,-6.037426590919494629e-01,-7.834638357162475586e-01,-1.080421805381774902e+00,-1.075713396072387695e+00,6.068804264068603516e-01,1.655047655105590820e+00,3.639327883720397949e-01,-5.233346819877624512e-01,-2.607603669166564941e-01,-8.956311345100402832e-01,1.199172139167785645e-01,-3.059052824974060059e-01,-1.335265874862670898e+00,-4.453397393226623535e-01,8.511286228895187378e-02,-1.105709299445152283e-01,1.243109703063964844e+00,5.895429253578186035e-01,2.980822324752807617e-01,-6.179492473602294922e-01,7.263855338096618652e-01,2.751883268356323242e+00,1.684727191925048828e+00,-1.154181718826293945e+00,-8.014660477638244629e-01,1.258731245994567871e+00,-3.246987462043762207e-01,4.834232330322265625e-01,-9.217787981033325195e-01,5.070170164108276367e-01
1.308221936225891113e+00,-5.648248791694641113e-01,-7.705618739128112793e-01,-5.298627614974975586e-01,4.416605532169342041e-01,-6.137598156929016113e-01,8.005223870277404785e-01,9.102476239204406738e-01,-1.069604516029357910e+00,1.616561651229858398e+00,1.626033484935760498e-01,-4.514980018138885498e-01,-5.927995443344116211e-01,3.035141825675964355e-01,-3.437944352626800537e-01,6.434662938117980957e-01,-3.359412252902984619e-01,2.929615736007690430e+00,-4.938052594661712646e-02,4.296783804893493652e-01,-4.620837420225143433e-02,-3.905954360961914062e-01,2.573735415935516357e-01,1.701788306236267090e-01,5.582006573677062988e-01,-5.400985479354858398e-01,6.150853037834167480e-01,2.444691397249698639e-02,1.028886675834655762e+00,-2.294808387756347656e+00,1.470806360244750977e+00,-9.953638315200805664e-01,1.551823616027832031e-01,-3.140634596347808838e-01,-7.095063924789428711e-01,-8.328111171722412109e-01,-1.688966035842895508e+00,1.276669740676879883e+00,2.219607591629028320e+00,7.113820910453796387e-01,1.504960507154464722e-01,-1.405774831771850586e+00,-2.349137067794799805e-01,6.472278833389282227e-01,3.680883944034576416e-01,-1.133819669485092163e-01,-1.219995617866516113e+00,1.216732859611511230e+00,1.171351432800292969e+00,-5.172144174575805664e-01,9.340921044349670410e-01,-1.106882452964782715e+00,1.756021380424499512e+00,-6.664165854454040527e-01,-5.717492699623107910e-01,1.829124450683593750e+00,-8.592762947082519531e-01,4.112278670072555542e-02,5.590500831604003906e-01,-3.372454643249511719e-01,-3.548261821269989014e-01,-2.074460089206695557e-01,-1.561407446861267090e+00,-2.050292789936065674e-01,-1.146488547325134277e+00,-6.322173476219177246e-01,-5.824152827262878418e-01,-2.990716099739074707e-01,3.793078660964965820e-01,1.181720495223999023e+00,-5.391807481646537781e-02,1.303325295448303223e-01,-1.520803570747375488e+00,-2.952241897583007812e-01,-3.934326469898223877e-01,7.476506233215332031e-01,2.744839712977409363e-02,5.696613192558288574e-01,-2.825463712215423584e-01,-2.029143422842025757e-01,4.846732616424560547e-01,7.403686642646789551e-01,1.348166108131408691e+00,-4.251806437969207764e-02,-1.546070218086242676e+00,6.636619567871093750e-01,-1.110275268554687500e+00,-1.696641087532043457e+00,3.744226396083831787e-01,2.792572379112243652e-01,1.990983843803405762e+00,1.216134309768676758e+00,-7.221189737319946289e-01,-1.699892163276672363e+00,-4.984341263771057129e-01,-2.332131624221801758e+00,-3.832821547985076904e-01,4.941566884517669678e-01,-1.413018822669982910e+00,9.350109696388244629e-01
-2.287431806325912476e-01,-1.210070013999938965e+00,-1.058925867080688477e+00,7.197065353393554688e-01,1.434553861618041992e+00,2.080367565155029297e+00,-6.244162917137145996e-01,-4.133762121200561523e-01,-4.704143386334180832e-03,-8.359664082527160645e-01,9.688828587532043457e-01,-1.182225942611694336e+00,5.329827070236206055e-01,1.183994650840759277e+00,-5.510050654411315918e-01,-2.457831650972366333e-01,8.093638420104980469e-01,1.390305519104003906e+00,4.472737312316894531e-01,5.742254853248596191e-01,1.037152647972106934e+00,-1.842338085174560547e+00,3.063157200813293457e-01,1.602356135845184326e-01,1.979092717170715332e+00,5.576840043067932129e-01,2.532018125057220459e-01,-3.030290603637695312e-01,2.487210512161254883e+00,-8.025500178337097168e-01,-1.216097950935363770e+00,2.990242242813110352e-01,-4.388816952705383301e-01,-2.456300973892211914e+00,5.665525421500205994e-02,-5.855972766876220703e-01,-9.261146783828735352e-01,-1.223131656646728516e+00,1.633087038993835449e+00,-1.933316737413406372e-01,-2.102506905794143677e-01,-5.096114426851272583e-02,-1.061740159988403320e+00,-1.435076355934143066e+00,-2.452259361743927002e-01,-7.883608937263488770e-01,-1.474836468696594238e+00,-7.182416915893554688e-01,1.455070257186889648e+00,9.995279312133789062e-01,1.051867485046386719e+00,-1.838744282722473145e-01,5.826981067657470703e-01,-6.560234427452087402e-01,-2.196610569953918457e-01,-3.378337025642395020e-01,-7.186831831932067871e-01,-7.627835273742675781e-01,3.071068525314331055e-01,-5.544682741165161133e-01,7.389639019966125488e-01,-2.352834790945053101e-01,2.088470935821533203e+00,-1.587046384811401367e+00,3.439268469810485840e-01,-4.046305716037750244e-01,-8.611364960670471191e-01,-1.640865683555603027e+00,2.889878153800964355e-01,-1.263927936553955078e+00,1.326569199562072754e+00,-8.242751955986022949e-01,-4.720995724201202393e-01,-1.446995735168457031e+00,1.399739980697631836e-01,-7.298185825347900391e-01,1.118095755577087402e+00,1.047266960144042969e+00,-2.080345451831817627e-01,-1.654535889625549316e+00,6.545629501342773438e-01,1.015790939331054688e+00,4.843812882900238037e-01,4.464865624904632568e-01,1.819518804550170898e+00,-8.379917144775390625e-01,-9.504298567771911621e-01,-5.898892879486083984e-01,1.862359046936035156e+00,1.175251826643943787e-01,5.184034705162048340e-01,-2.602174580097198486e-01,4.099647700786590576e-01,3.820587694644927979e-01,8.227877616882324219e-01,-9.795767068862915039e-01,-7.247893810272216797e-01,1.940084546804428101e-01,-4.173739850521087646e-01,1.486516714096069336e+00
-3.612210974097251892e-02,-5.460897684097290039e-01,3.023692965507507324e-01,2.300886660814285278e-01,-8.253147006034851074e-01,3.113057911396026611e-01,-9.003562927246093750e-01,-6.434423327445983887e-01,7.584564089775085449e-01,6.060662865638732910e-01,1.957866430282592773e+00,-1.408256530761718750e+00,-2.727830410003662109e-01,-1.700111627578735352e-01,-1.832249045372009277e+00,1.205121994018554688e+00,-8.737503737211227417e-02,1.518905520439147949e+00,-1.769604563713073730e+00,1.954003691673278809e+00,-5.172241926193237305e-01,-4.343340992927551270e-01,-1.504043340682983398e-01,-9.034531116485595703e-01,4.000906348228454590e-01,5.460425615310668945e-01,-8.031529784202575684e-01,6.554466485977172852e-01,-6.118427515029907227e-01,-1.065653085708618164e+00,-1.490499615669250488e+00,-4.347338676452636719e-01,1.923921346664428711e+00,3.650205433368682861e-01,8.202403783798217773e-02,2.617997229099273682e-01,-4.780072718858718872e-02,1.683329224586486816e+00,3.170338571071624756e-01,2.081836760044097900e-01,-1.707866340875625610e-01,-2.380606383085250854e-01,-8.937612771987915039e-01,5.413863062858581543e-01,-4.981694817543029785e-01,9.830196499824523926e-01,3.077096462249755859e+00,5.802543759346008301e-01,-7.469896674156188965e-01,2.339670062065124512e-01,3.631394803524017334e-01,-6.355954408645629883e-01,1.258866429328918457e+00,-2.217213064432144165e-01,-5.717263817787170410e-01,1.690210103988647461e+00,-1.256858229637145996e+00,-4.116618931293487549e-01,-7.173145562410354614e-02,-1.051007986068725586e+00,-5.682163238525390625e-01,4.238564968109130859e-01,8.651836514472961426e-01,-8.976244181394577026e-02,3.321004211902618408e-01,2.513558268547058105e-01,1.510403990745544434e+00,-1.304709315299987793e+00,-4.054713547229766846e-01,-2.463116884231567383e+00,1.380765080451965332e+00,-1.081452742218971252e-01,1.210602641105651855e+00,8.455141186714172363e-01,7.504065632820129395e-01,4.620148837566375732e-01,-2.077218294143676758e+00,-3.966547548770904541e-02,6.875734925270080566e-01,2.887017428874969482e-01,6.604505181312561035e-01,-1.560450196266174316e+00,-6.799426674842834473e-01,3.058193624019622803e-01,2.160462737083435059e-01,7.921086549758911133e-01,5.430061817169189453e-01,5.785031318664550781e-01,-3.128692805767059326e-01,-1.043715715408325195e+00,7.147192955017089844e-01,1.586701393127441406e+00,-7.458457946777343750e-01,-1.187466621398925781e+00,-3.060382008552551270e-01,-6.915646791458129883e-01,1.447684049606323242e+00,-8.984729647636413574e-01,4.312395751476287842e-01,1.694733262062072754e+00
7.404553890228271484e-01,3.350313305854797363e-01,-1.210107564926147461e+00,-9.167037010192871094e-01,-1.309552602469921112e-02,-3.314149081707000732e-01,-3.056060522794723511e-02,-4.177604019641876221e-01,-1.731874108314514160e+00,-1.458716750144958496e+00,-4.088654518127441406e-01,1.496025919914245605e+00,-2.654117941856384277e-01,2.888088524341583252e-01,-1.604026675224304199e+00,4.037932455539703369e-01,-3.273025620728731155e-03,-1.761567711830139160e+00,-7.271366715431213379e-01,-1.326562017202377319e-01,1.903270632028579712e-01,2.581681728363037109e+00,-9.639990925788879395e-01,2.930537760257720947e-01,-2.390442848205566406e+00,-3.544732332229614258e-01,-6.491253376007080078e-01,6.280242800712585449e-01,1.056535482406616211e+00,1.430335640907287598e-01,-5.394276380538940430e-01,-7.512421607971191406e-01,1.076761960983276367e+00,-1.351525783538818359e-01,6.318933516740798950e-02,-7.900002598762512207e-01,5.260026454925537109e-01,2.578822672367095947e-01,7.269725203514099121e-01,-1.314886927604675293e+00,-1.891923308372497559e+00,-1.722888350486755371e-01,-8.831397891044616699e-01,1.364828228950500488e+00,-7.136389017105102539e-01,1.357015252113342285e+00,-8.038697391748428345e-02,-7.020294666290283203e-01,-4.336865842342376709e-01,-2.108615785837173462e-01,1.910976469516754150e-01,3.009483218193054199e-01,-1.080305576324462891e+00,-1.123406171798706055e+00,-6.342129707336425781e-01,7.537680268287658691e-01,-5.068185329437255859e-01,4.576309323310852051e-01,1.244830608367919922e+00,1.355972051620483398e+00,-1.738307029008865356e-01,-6.433475613594055176e-01,-7.694883346557617188e-01,4.411630928516387939e-01,9.204972386360168457e-01,9.646850824356079102e-01,6.452338099479675293e-01,6.023567318916320801e-01,1.690024882555007935e-01,1.504906080663204193e-02,-1.414458274841308594e+00,1.581021308898925781e+00,1.317956745624542236e-01,3.646618127822875977e-01,-2.734034061431884766e-01,-4.275605827569961548e-02,4.696640372276306152e-01,-1.897862315177917480e+00,2.454574704170227051e-01,-1.027610063552856445e+00,-2.565379142761230469e-01,1.434493184089660645e+00,9.605706334114074707e-01,3.377569839358329773e-02,-1.299275010824203491e-01,1.026266455650329590e+00,-9.730832278728485107e-02,-6.608251482248306274e-02,-1.794072508811950684e+00,3.854506015777587891e-01,-1.244866132736206055e+00,-1.180889382958412170e-01,-1.125548481941223145e+00,-5.624657869338989258e-01,-1.718612611293792725e-01,3.841071128845214844e-01,-4.088667631149291992e-01,1.094806551933288574e+00,-2.175912261009216309e-01,-1.772358417510986328e+00
8.001521229743957520e-01,-1.084443107247352600e-01,1.175209581851959229e-01,6.062286496162414551e-01,6.692127138376235962e-02,-9.749017357826232910e-01,-1.199661850929260254e+00,5.874734520912170410e-01,-2.569400072097778320e-01,1.094161629676818848e+00,3.429655730724334717e-01,-3.021396100521087646e-01,1.542502343654632568e-01,-1.291858106851577759e-01,-7.247571349143981934e-01,3.641448318958282471e-01,1.309067130088806152e+00,-1.271946668624877930e+00,6.408856716006994247e-03,-2.190718412399291992e+00,-4.529738128185272217e-01,-1.396959900856018066e+00,-5.366702675819396973e-01,3.607273101806640625e-01,7.710400819778442383e-01,4.309541359543800354e-02,2.262439578771591187e-03,-1.788479328155517578e+00,2.534707486629486084e-01,4.443323612213134766e-02,-3.875472843647003174e-01,-9.157831668853759766e-01,-2.090662270784378052e-01,-8.489608764648437500e-01,1.856195330619812012e-01,-9.952228665351867676e-01,1.134836912155151367e+00,7.501772791147232056e-02,1.651194095611572266e-01,-4.851036369800567627e-01,-1.177326068282127380e-01,-7.139803171157836914e-01,6.433384418487548828e-01,2.074946910142898560e-01,-7.544800043106079102e-01,1.673379421234130859e+00,-1.258921265602111816e+00,-5.756542086601257324e-01,-5.469915866851806641e-01,1.586002588272094727e+00,-2.655141651630401611e-01,7.742847204208374023e-01,-8.416977524757385254e-01,-2.979187071323394775e-01,-1.467251181602478027e+00,7.043157219886779785e-01,4.380877912044525146e-01,-9.329465031623840332e-01,1.286849498748779297e+00,1.499964445829391479e-01,5.328143239021301270e-01,1.299146533012390137e+00,-5.108125805854797363e-01,4.250537157058715820e-01,1.198211908340454102e+00,-5.394464731216430664e-01,-1.564463376998901367e+00,-5.924069285392761230e-01,1.154287457466125488e-01,-1.404808014631271362e-01,-3.650898933410644531e-01,6.383423805236816406e-01,6.433249115943908691e-01,-7.286800146102905273e-01,4.565447568893432617e-02,7.187018990516662598e-01,-5.527628660202026367e-01,-5.071024298667907715e-01,-1.694321185350418091e-01,-8.723081946372985840e-01,2.645034790039062500e+00,8.395462036132812500e-01,-5.065832659602165222e-02,6.001379489898681641e-01,-3.528727591037750244e-01,8.070684671401977539e-01,4.350214898586273193e-01,-3.387765884399414062e-01,-1.190617457032203674e-01,-3.211461305618286133e-01,7.318555116653442383e-01,-1.152123332023620605e+00,-1.976550370454788208e-01,-1.678058952093124390e-01,2.239115983247756958e-01,1.683565378189086914e+00,6.857342720031738281e-01,-3.670443892478942871e-01,-9.449790716171264648e-01,-2.040780708193778992e-02
-1.065538525581359863e+00,1.312215179204940796e-01,9.421833157539367676e-01,-7.292385697364807129e-01,2.062135696411132812e+00,-3.300908207893371582e-02,6.107560992240905762e-01,3.602406680583953857e-01,-8.271641135215759277e-01,6.299688816070556641e-01,-6.649924516677856445e-01,-4.220769703388214111e-01,-7.960879206657409668e-01,-8.818663358688354492e-01,-2.270958662033081055e+00,-6.063935160636901855e-01,-4.227920621633529663e-02,-1.290561437606811523e+00,-7.097764611244201660e-01,-1.534363865852355957e+00,-1.350255608558654785e+00,-1.456853508949279785e+00,5.669139623641967773e-01,3.036713004112243652e-01,-1.171560406684875488e+00,-6.860135197639465332e-01,-4.360933229327201843e-02,2.238810062408447266e-01,-1.945196032524108887e+00,1.058626055717468262e+00,-1.524126291275024414e+00,5.658805966377258301e-01,3.055852651596069336e-01,3.885833919048309326e-01,1.719163507223129272e-01,9.531435370445251465e-01,-4.104556143283843994e-01,4.335218667984008789e-01,-2.650854885578155518e-01,-1.598089575767517090e+00,-2.218536436557769775e-01,-1.632872223854064941e+00,1.133980989456176758e+00,8.522182703018188477e-01,1.144927978515625000e+00,3.836351037025451660e-01,-1.004540443420410156e+00,7.117244005203247070e-01,1.082660079002380371e+00,5.344636440277099609e-01,7.249100133776664734e-03,9.003655910491943359e-01,9.070111513137817383e-01,-7.386019080877304077e-02,-2.629174292087554932e-01,5.693497061729431152e-01,-6.363741159439086914e-01,3.009121716022491455e-01,-1.498934626579284668e-01,2.988744974136352539e-01,-8.313240408897399902e-01,1.070914030075073242e+00,-1.467069052159786224e-02,-2.236100673675537109e+00,-1.525650262832641602e+00,1.271731495857238770e+00,8.155847787857055664e-01,8.048853874206542969e-01,4.096888601779937744e-01,-5.955567955970764160e-01,4.898560047149658203e-01,-2.189206033945083618e-01,-7.455428838729858398e-01,4.412513673305511475e-01,5.510765686631202698e-02,2.793665826320648193e-01,1.264443397521972656e+00,-1.200506649911403656e-02,-5.845309048891067505e-02,2.667525112628936768e-01,1.628065824508666992e+00,-4.460298921912908554e-03,-9.667707681655883789e-01,9.060215950012207031e-01,2.638206481933593750e-01,-4.158350080251693726e-02,6.470453143119812012e-01,-4.266238212585449219e-01,-1.485455513000488281e+00,-5.497416853904724121e-01,-3.196000754833221436e-01,-1.380950331687927246e+00,4.769369661808013916e-01,-1.031011939048767090e+00,-1.869315385818481445e+00,-1.247675418853759766e+00,1.380778700113296509e-01,6.661768071353435516e-03,-8.585157990455627441e-01,1.139292418956756592e-01
-1.424479931592941284e-01,7.548645734786987305e-01,-2.407917231321334839e-01,1.271608710289001465e+00,5.148529410362243652e-01,7.372127175331115723e-01,3.379944562911987305e+00,2.728733420372009277e-01,-7.922691702842712402e-01,1.888048768043518066e+00,-1.169247031211853027e+00,7.521292567253112793e-01,1.405788183212280273e+00,1.099751353263854980e+00,6.066512465476989746e-01,-5.541754886507987976e-02,-2.389018774032592773e+00,4.066595062613487244e-02,7.143998146057128906e-01,1.002579092979431152e+00,-6.303058564662933350e-02,9.018064737319946289e-01,4.749384820461273193e-01,7.281545400619506836e-01,2.692822217941284180e-01,-2.477227896451950073e-02,-2.044435024261474609e+00,5.627310276031494141e-01,2.746453285217285156e-01,7.562907934188842773e-01,1.132614731788635254e+00,1.554250568151473999e-01,1.360750436782836914e+00,9.209920763969421387e-01,-1.414086937904357910e+00,-1.216779112815856934e+00,5.613527074456214905e-02,-4.648284912109375000e-01,6.589066982269287109e-01,-1.111743688583374023e+00,-1.852945923805236816e+00,-9.573159813880920410e-01,1.130264163017272949e+00,5.275593996047973633e-01,1.269267082214355469e+00,-2.672990560531616211e-01,1.530711174011230469e+00,-3.229632079601287842e-01,8.051421642303466797e-01,-9.278498888015747070e-01,1.935889720916748047e-01,-1.872606396675109863e+00,-2.918230295181274414e-01,9.394916296005249023e-01,1.067248940467834473e+00,9.582873582839965820e-01,-7.312846183776855469e-01,1.157869100570678711e+00,-9.620454907417297363e-01,1.799879908561706543e+00,-5.405527353286743164e-02,3.342069387435913086e-01,7.324410676956176758e-01,-1.412601023912429810e-01,4.723704159259796143e-01,1.664802312850952148e+00,6.386103630065917969e-01,-5.724545121192932129e-01,-1.529596596956253052e-01,-1.400419831275939941e+00,1.151329636573791504e+00,-1.027339696884155273e+00,-1.607326984405517578e+00,7.725900411605834961e-02,-7.460887730121612549e-02,5.804180502891540527e-01,2.746904611587524414e+00,1.072474271059036255e-01,-3.581833243370056152e-01,-1.453531682491302490e-01,5.528453588485717773e-01,-9.119485616683959961e-01,1.189648628234863281e+00,7.171394228935241699e-01,-9.415773302316665649e-02,-1.554163336753845215e+00,-5.964336991310119629e-01,1.723327189683914185e-01,-8.461059927940368652e-01,1.233490705490112305e-01,-8.610830903053283691e-01,-3.110121726989746094e+00,1.444710969924926758e+00,3.388788402080535889e-01,9.913628548383712769e-02,-4.762744903564453125e-01,-1.856200456619262695e+00,1.706355094909667969e+00,2.312585592269897461e+00,1.477084457874298096e-01
9.489430785179138184e-01,-7.577609419822692871e-01,-3.290757238864898682e-01,9.018935561180114746e-01,-3.281780332326889038e-02,-9.076742529869079590e-01,1.680747509002685547e+00,-2.566245496273040771e-01,1.346601396799087524e-01,4.360495507717132568e-01,1.781009316444396973e+00,3.968835771083831787e-01,2.497392892837524414e-01,-6.746947765350341797e-01,-4.120309948921203613e-01,1.156851649284362793e+00,-6.210466623306274414e-01,-3.012760281562805176e-01,-7.089138031005859375e-01,-1.597610473632812500e+00,7.564517110586166382e-02,-9.581208825111389160e-01,-8.265722990036010742e-01,-1.230077520012855530e-01,-4.760661423206329346e-01,1.247146010398864746e+00,-7.251895964145660400e-02,-1.049882769584655762e+00,1.709906458854675293e+00,1.103825807571411133e+00,-9.186557531356811523e-01,3.922623395919799805e-01,5.244004726409912109e-01,1.103332042694091797e+00,-1.033383131027221680e+00,6.111414432525634766e-01,-8.123229146003723145e-01,7.690201997756958008e-01,-1.845063447952270508e+00,-1.097108840942382812e+00,-3.217836380004882812e+00,-5.377864241600036621e-01,2.186086177825927734e+00,-8.607756495475769043e-01,-1.451582908630371094e+00,2.581432461738586426e-01,1.729584671556949615e-02,2.475967071950435638e-02,-3.060042262077331543e-01,-4.959281384944915771e-01,-6.714169383049011230e-01,-9.582811594009399414e-01,5.110128968954086304e-02,2.239194154739379883e+00,5.892837047576904297e-01,7.271760702133178711e-01,-7.695897221565246582e-01,-1.012047648429870605e+00,-7.090625762939453125e-01,-3.592313826084136963e-01,-2.097560405731201172e+00,-4.137058258056640625e-01,1.089144200086593628e-01,8.057848215103149414e-01,5.485545396804809570e-01,1.018405258655548096e-01,-4.463291466236114502e-01,9.372156858444213867e-01,1.604482412338256836e+00,4.949403405189514160e-01,-2.917974293231964111e-01,3.881687298417091370e-02,-1.485785245895385742e+00,3.533839881420135498e-01,8.387370109558105469e-01,1.030239462852478027e+00,-1.645943284034729004e+00,-9.315540641546249390e-02,-1.619609892368316650e-01,-1.452974677085876465e+00,-1.124552130699157715e+00,-1.401994347572326660e+00,5.175108313560485840e-01,6.907787322998046875e-01,1.493878126144409180e+00,-4.419890940189361572e-01,-2.889570593833923340e-01,4.545210599899291992e-01,-1.102713942527770996e+00,-1.645732164382934570e+00,-6.371850371360778809e-01,-1.101644039154052734e+00,-1.064898014068603516e+00,4.926390349864959717e-01,-1.653337478637695312e+00,-6.605359166860580444e-02,-5.688716769218444824e-01,-1.528901338577270508e+00,5.082931518554687500e-01,4.484341479837894440e-04
-1.108506545424461365e-01,-5.815618634223937988e-01,1.016595244407653809e+00,6.492920964956283569e-02,-1.208198547363281250e+00,1.886505484580993652e-01,-7.009055614471435547e-01,1.094144821166992188e+00,1.962517857551574707e+00,-3.715628981590270996e-01,1.617272973060607910e+00,-1.024541020393371582e+00,6.240403056144714355e-01,-4.769591093063354492e-01,-6.201065182685852051e-01,-1.399245738983154297e+00,1.671860575675964355e+00,4.440354704856872559e-01,3.984246253967285156e-01,-2.452256232500076294e-01,-6.312602758407592773e-01,9.792652726173400879e-01,-1.198159083724021912e-01,7.510113120079040527e-01,9.517461061477661133e-01,8.220499157905578613e-01,5.444296002388000488e-01,-5.193129777908325195e-01,-4.139158427715301514e-01,-9.459635615348815918e-01,-8.924419879913330078e-01,6.187763810157775879e-01,-3.276017010211944580e-01,5.148862600326538086e-01,-6.097581386566162109e-01,-7.370691895484924316e-01,5.511951074004173279e-02,1.222190499305725098e+00,7.292971014976501465e-01,4.908221364021301270e-01,1.706253051757812500e+00,1.521730870008468628e-01,8.884096741676330566e-01,5.233550667762756348e-01,-1.259947776794433594e+00,2.614088654518127441e-01,-2.966132640838623047e+00,-3.945788741111755371e-01,8.975884914398193359e-01,5.180460810661315918e-01,1.205205559730529785e+00,-9.806618690490722656e-01,-2.750499248504638672e-01,-1.411550194025039673e-01,-7.218981981277465820e-01,1.174887776374816895e+00,-3.906907141208648682e-01,-1.469634287059307098e-02,-6.217024326324462891e-01,-6.624744534492492676e-01,-1.110794208943843842e-02,-8.835622668266296387e-01,-2.275376081466674805e+00,9.324491620063781738e-01,5.526224374771118164e-01,4.525017738342285156e-01,1.590418577194213867e+00,-5.077898502349853516e-01,1.006522774696350098e+00,1.058374047279357910e+00,2.556703090667724609e-01,-8.342225849628448486e-02,-6.531396508216857910e-01,1.013416647911071777e-01,-1.358916878700256348e+00,-5.034132599830627441e-01,-1.092436552047729492e+00,2.121737718582153320e+00,6.733871698379516602e-01,3.129428029060363770e-01,1.703231215476989746e+00,-9.332036375999450684e-01,1.208498716354370117e+00,8.098027110099792480e-01,1.051589965820312500e+00,-9.624242037534713745e-02,9.027124196290969849e-02,-7.270343899726867676e-01,1.411764144897460938e+00,1.527631878852844238e+00,-1.261798501014709473e+00,1.045400872826576233e-01,1.025002837181091309e+00,-1.417434930801391602e+00,-3.970652222633361816e-01,-1.498867571353912354e-01,-1.448545455932617188e+00,-8.923766613006591797e-01,-6.651836037635803223e-01,-1.119429111480712891e+00
1.889978885650634766e+00,2.500500977039337158e-01,-1.166928336024284363e-01,-8.446891307830810547e-01,4.143608808517456055e-01,-3.767765760421752930e-01,-3.665555119514465332e-01,2.882389783859252930e+00,-3.333546519279479980e-01,-1.116183400154113770e+00,1.147892117500305176e+00,-1.190393924713134766e+00,4.263360202312469482e-01,5.177017450332641602e-01,-1.337315201759338379e+00,-1.496281504631042480e+00,1.823190331459045410e+00,-4.678469896316528320e-02,-6.489617228507995605e-01,1.715652823448181152e+00,-6.284957379102706909e-02,4.649358987808227539e-01,-1.104287743568420410e+00,1.831689476966857910e+00,-1.038598060607910156e+00,7.995852231979370117e-01,1.289246201515197754e+00,5.766527056694030762e-01,-7.855062484741210938e-01,-8.872889280319213867e-01,5.880935192108154297e-01,7.080947756767272949e-01,-5.702100992202758789e-01,-8.795645833015441895e-01,6.732976436614990234e-02,-9.481824040412902832e-01,-2.851391434669494629e-01,-1.825871467590332031e+00,-1.833763718605041504e+00,-1.333876609802246094e+00,5.324510335922241211e-01,1.386905908584594727e-01,-6.844139099121093750e-01,1.656973958015441895e+00,-7.098329067230224609e-01,1.441574215888977051e+00,-2.597344219684600830e-01,-1.502536296844482422e+00,9.989595413208007812e-01,1.366914033889770508e+00,-1.238720417022705078e+00,-6.231906414031982422e-01,-3.065590001642704010e-02,-5.233283638954162598e-01,-9.733130335807800293e-01,1.614076197147369385e-01,3.913557231426239014e-01,9.582370519638061523e-01,-3.677372336387634277e-01,-5.442563295364379883e-01,-1.626901984214782715e+00,6.120806336402893066e-01,-1.400059223175048828e+00,1.604665875434875488e+00,-1.037747114896774292e-01,1.383971571922302246e+00,-8.297699093818664551e-01,4.710395336151123047e-01,-6.120606660842895508e-01,-8.102872967720031738e-01,-2.909220159053802490e-01,2.095688134431838989e-01,-1.046019315719604492e+00,7.826992273330688477e-01,-9.761021137237548828e-01,-4.761404991149902344e-01,1.646502852439880371e+00,-1.236617207527160645e+00,1.122061833739280701e-01,3.819938302040100098e-01,4.217529892921447754e-01,4.707697629928588867e-01,-1.095715910196304321e-01,-3.112396597862243652e-01,-1.772135376930236816e+00,-9.905113279819488525e-02,-6.528086028993129730e-03,-1.051603198051452637e+00,2.139328047633171082e-02,1.454099297523498535e+00,-1.695955842733383179e-01,1.443801522254943848e+00,1.194741129875183105e+00,-1.650863289833068848e+00,2.647959887981414795e-01,7.419461011886596680e-01,6.440756320953369141e-01,1.242873072624206543e+00,9.283511638641357422e-01,7.192533463239669800e-02
1.852824330329895020e+00,6.602272391319274902e-01,6.766507625579833984e-01,1.126884102821350098e+00,-2.061828672885894775e-01,-1.910800814628601074e+00,1.185868859291076660e+00,1.579554557800292969e+00,-5.016025900840759277e-01,-2.188196331262588501e-01,-1.692876577377319336e+00,-1.962736129760742188e+00,-8.569466471672058105e-01,-1.710312128067016602e+00,8.747090101242065430e-01,-2.155535072088241577e-01,8.212979435920715332e-01,-1.101841092109680176e+00,6.636831164360046387e-01,7.267439365386962891e-01,-3.061389625072479248e-01,9.334343671798706055e-02,-1.393491744995117188e+00,1.658770322799682617e+00,1.612798333168029785e+00,1.610760450363159180e+00,1.388243317604064941e+00,-4.147415757179260254e-01,1.270311474800109863e-01,5.807398557662963867e-01,-6.394238471984863281e-01,-1.983530074357986450e-01,7.493261098861694336e-01,-6.212549805641174316e-01,9.981822967529296875e-01,-4.956313669681549072e-01,5.176677107810974121e-01,8.367954194545745850e-02,3.228361606597900391e-01,4.881184399127960205e-01,9.096533656120300293e-01,3.622094988822937012e-01,-1.767008066177368164e+00,-5.906233191490173340e-01,-1.806028008460998535e+00,-8.547026515007019043e-01,-1.292437791824340820e+00,1.654760718345642090e+00,8.071680665016174316e-01,-5.280368924140930176e-01,-7.960945367813110352e-01,-1.738648772239685059e+00,-1.288289070129394531e+00,-6.983788013458251953e-01,-3.308396041393280029e-02,2.696640253067016602e+00,-6.443567574024200439e-02,1.518651604652404785e+00,-1.069780826568603516e+00,3.405022621154785156e-01,8.436039090156555176e-01,-1.195311784744262695e+00,-7.991105914115905762e-01,7.931551337242126465e-01,3.937405943870544434e-01,-8.821115493774414062e-01,-2.747985124588012695e-01,8.469944000244140625e-01,5.367583036422729492e-01,-1.242202073335647583e-01,-4.648824036121368408e-01,-4.000923633575439453e-01,-1.536395192146301270e+00,8.940823674201965332e-01,-7.588613033294677734e-01,-6.982558965682983398e-01,-1.032487034797668457e+00,9.632878303527832031e-01,2.525222897529602051e-01,7.453394532203674316e-01,-6.338884234428405762e-01,-1.027571037411689758e-01,1.605877757072448730e+00,-1.165298298001289368e-01,1.269206047058105469e+00,1.035045027732849121e+00,-1.806967854499816895e+00,-1.163402318954467773e+00,7.550048232078552246e-01,8.059135675430297852e-01,-1.060198187828063965e+00,-3.223360180854797363e-01,-2.903639078140258789e-01,3.359845578670501709e-01,-3.012474775314331055e-01,-2.415233403444290161e-01,-2.214340269565582275e-01,-5.951494351029396057e-02,-4.076829254627227783e-01,6.010227203369140625e-01
1.873197197914123535e+00,-4.317881464958190918e-01,8.163374066352844238e-01,4.101122617721557617e-01,-8.509425818920135498e-02,1.353279948234558105e-01,7.363396883010864258e-01,-1.971292495727539062e-01,7.064173817634582520e-01,6.149401068687438965e-01,1.046423912048339844e+00,-1.492482274770736694e-01,2.519335150718688965e-01,1.863804697990417480e+00,2.414335489273071289e+00,-1.034265279769897461e+00,-1.510407328605651855e+00,5.773789882659912109e-01,1.003949165344238281e+00,3.528945147991180420e-01,8.400476574897766113e-01,1.778374671936035156e+00,-5.449513196945190430e-01,1.184210896492004395e+00,1.951766163110733032e-01,-3.149463236331939697e-01,7.400544881820678711e-01,-1.464378118515014648e+00,-8.962939977645874023e-01,9.633482694625854492e-01,-4.822491407394409180e-01,1.122965455055236816e+00,-2.463013678789138794e-01,-1.027774885296821594e-01,7.409657239913940430e-01,-7.529033422470092773e-01,-2.096424996852874756e-01,-6.782454252243041992e-01,1.814787745475769043e+00,-1.723162084817886353e-01,1.109818816184997559e-01,-4.364693164825439453e-01,-9.311900138854980469e-01,-7.041223049163818359e-01,1.256138235330581665e-01,-3.616590201854705811e-01,9.320070743560791016e-01,1.761914193630218506e-01,-7.198514938354492188e-01,4.824222028255462646e-01,7.873680591583251953e-01,-1.376161813735961914e+00,5.446990728378295898e-01,3.034265637397766113e-01,-4.410617053508758545e-01,3.744986653327941895e-01,1.688930951058864594e-02,6.690021157264709473e-01,-4.647639393806457520e-01,-3.456834852695465088e-01,-5.738659501075744629e-01,2.579033374786376953e-01,4.885307550430297852e-01,2.582903146743774414e+00,-1.363503932952880859e+00,4.906418323516845703e-01,-2.787917137145996094e+00,3.963531851768493652e-01,7.690485715866088867e-01,-1.754492074251174927e-01,-7.303584218025207520e-01,1.512319147586822510e-01,-1.544866681098937988e+00,-5.053047537803649902e-01,-5.156769752502441406e-01,9.562746882438659668e-01,2.094825744628906250e+00,-1.840015202760696411e-01,-5.093334987759590149e-02,1.937011599540710449e+00,-4.847295582294464111e-01,2.325343191623687744e-01,2.495670765638351440e-01,7.793473601341247559e-01,7.431442141532897949e-01,-4.320668578147888184e-01,-2.828930914402008057e-01,5.068079829216003418e-01,-1.500117182731628418e+00,7.190467715263366699e-01,1.265930771827697754e+00,5.995630025863647461e-01,2.185773402452468872e-01,-5.741875171661376953e-01,-2.817543745040893555e-01,-1.579775810241699219e+00,2.076812833547592163e-01,-2.070587873458862305e+00,4.859032034873962402e-01,5.825305581092834473e-01
-7.350636720657348633e-01,9.065717458724975586e-01,-1.023932337760925293e+00,3.693933486938476562e-01,-9.298212528228759766e-01,1.993519306182861328e+00,6.994631290435791016e-01,-1.530369758605957031e+00,-1.714207977056503296e-01,1.222660422325134277e+00,-7.809707522392272949e-01,-6.857715249061584473e-01,1.275055050849914551e+00,6.533644795417785645e-01,1.414460778236389160e+00,1.088159799575805664e+00,-1.633634090423583984e+00,1.611775606870651245e-01,-1.915400922298431396e-01,-8.996697068214416504e-01,-6.884680688381195068e-02,-1.455072164535522461e+00,7.173818349838256836e-01,-5.914688110351562500e-01,1.737820804119110107e-01,1.955686211585998535e-01,1.721701979637145996e+00,2.068991810083389282e-01,1.038052678108215332e+00,-5.860692262649536133e-01,2.671786248683929443e-01,-4.034147560596466064e-01,-3.242716312408447266e+00,-1.595301389694213867e+00,7.485663890838623047e-02,4.102783277630805969e-03,4.698825478553771973e-01,-1.605544447898864746e+00,-3.044101297855377197e-01,-2.049894183874130249e-01,9.798136949539184570e-01,-4.261901974678039551e-01,-1.473276734352111816e+00,-4.627802371978759766e-01,-5.517592430114746094e-01,-8.514130711555480957e-01,2.073755413293838501e-01,-1.228103399276733398e+00,-7.420707941055297852e-01,1.020147651433944702e-01,8.129253983497619629e-02,-1.264056116342544556e-01,3.465292453765869141e-01,-5.834984779357910156e-01,-9.427672624588012695e-01,4.226206541061401367e-01,-1.442155957221984863e+00,7.432862520217895508e-01,5.684698224067687988e-01,-2.376823425292968750e-01,-1.194549202919006348e+00,7.461086511611938477e-01,-1.219026803970336914e+00,-3.242698609828948975e-01,1.007881760597229004e+00,-3.104732036590576172e-01,7.303130626678466797e-01,7.950679957866668701e-02,-1.111130136996507645e-02,3.841340169310569763e-02,3.479817807674407959e-01,-3.212051391601562500e-01,-2.059147953987121582e-01,7.776806354522705078e-01,-2.464245110750198364e-01,-1.769110321998596191e+00,1.345089077949523926e-01,7.111278772354125977e-01,5.459439754486083984e-01,8.101052045822143555e-02,5.940806865692138672e-01,-4.144488871097564697e-01,6.771764159202575684e-02,7.047117948532104492e-01,5.525640211999416351e-03,-1.268627166748046875e+00,9.615150094032287598e-01,1.014311313629150391e-01,5.487557873129844666e-02,3.793650567531585693e-01,2.517349123954772949e-01,-1.032740473747253418e+00,9.737827181816101074e-01,-1.753219246864318848e+00,-2.110934257507324219e-02,3.531236648559570312e-01,-7.924360036849975586e-01,2.198458611965179443e-01,1.591982483863830566e+00,2.581539750099182129e-01
4.295174777507781982e-01,-5.794351696968078613e-01,1.184025764465332031e+00,-7.442847490310668945e-01,2.509339094161987305e+00,-7.888216376304626465e-01,2.457744359970092773e+00,-1.270965218544006348e+00,-1.739588737487792969e+00,-5.568305253982543945e-01,4.272432625293731689e-01,1.360184788703918457e+00,1.631206274032592773e-01,-1.559238910675048828e+00,1.008270502090454102e+00,-1.094469904899597168e+00,1.036967784166336060e-01,-2.332994341850280762e-01,5.430155396461486816e-01,-1.805163919925689697e-01,2.258331030607223511e-01,3.945781588554382324e-01,6.361379027366638184e-01,8.136959671974182129e-01,8.525611758232116699e-01,1.758029699325561523e+00,-7.586197257041931152e-01,1.041597604751586914e+00,-1.398089826107025146e-01,1.846815347671508789e-01,5.230997204780578613e-01,-4.415290802717208862e-02,5.378255844116210938e-01,6.288422942161560059e-01,6.988705992698669434e-01,1.716372966766357422e-01,3.688228845596313477e+00,-1.372126817703247070e+00,2.760235965251922607e-01,-7.580419182777404785e-01,9.165651202201843262e-01,2.070168256759643555e+00,-5.665014386177062988e-01,9.709684252738952637e-01,-5.055271983146667480e-01,2.272164821624755859e-01,2.045641899108886719e+00,-8.973913788795471191e-01,1.493199229240417480e+00,-6.172786653041839600e-02,4.378017187118530273e-01,8.124669641256332397e-02,1.192261099815368652e+00,-1.132772088050842285e+00,1.213426828384399414e+00,-1.669895648956298828e-01,1.024228096008300781e+00,-1.380021452903747559e+00,-1.434799075126647949e+00,4.029135406017303467e-01,-1.157049894332885742e+00,-1.850387573242187500e+00,1.014581441879272461e+00,1.300233304500579834e-01,6.213595271110534668e-01,7.922337055206298828e-01,-1.025815010070800781e-01,-7.505925893783569336e-01,-7.719439268112182617e-01,-1.113662958145141602e+00,-1.458250164985656738e+00,-3.292799293994903564e-01,8.427356928586959839e-02,7.936430573463439941e-01,-9.144676327705383301e-01,-2.547187089920043945e+00,3.305546343326568604e-01,1.255043864250183105e+00,1.408643126487731934e-01,-1.261569499969482422e+00,-2.299715131521224976e-01,-1.505323052406311035e-01,-2.720506429672241211e+00,-8.636432290077209473e-01,9.341276288032531738e-01,-5.748162269592285156e-01,-1.999665856361389160e+00,9.332126379013061523e-01,9.363951683044433594e-01,-1.384036093950271606e-01,-1.492290347814559937e-01,1.442898996174335480e-02,-5.486011505126953125e-01,6.226213574409484863e-01,1.490001201629638672e+00,5.139609575271606445e-01,4.366075694561004639e-01,1.739096522331237793e+00,6.075639724731445312e-01,1.817852377891540527e+00
-3.507515788078308105e-01,1.986692845821380615e-01,-3.760924637317657471e-01,-7.456609606742858887e-01,1.648551821708679199e-01,1.630548357963562012e+00,1.313357234001159668e+00,6.213742494583129883e-01,1.489215046167373657e-01,2.441566586494445801e-01,-1.601235121488571167e-01,1.456467509269714355e+00,-1.511266827583312988e-01,-7.930101752281188965e-01,-1.027994513511657715e+00,-3.804627656936645508e-01,2.215493321418762207e-01,-1.291327118873596191e+00,-1.055723547935485840e+00,-2.032433599233627319e-01,1.487586736679077148e+00,1.335488557815551758e+00,8.649002760648727417e-02,6.703438162803649902e-01,2.935188114643096924e-01,-5.762857198715209961e-01,7.038593292236328125e-01,-3.651095181703567505e-02,3.209041357040405273e-01,1.976997107267379761e-01,-2.200727462768554688e+00,1.570669651031494141e+00,5.736575126647949219e-01,-1.594355821609497070e+00,-5.210946798324584961e-01,-1.281576752662658691e+00,-1.571038365364074707e-01,-1.029800653457641602e+00,4.867055714130401611e-01,-8.993020653724670410e-01,-1.926538720726966858e-02,1.360722184181213379e-01,1.592381596565246582e+00,5.570586025714874268e-02,-1.304908275604248047e+00,-1.956916928291320801e+00,-1.207839965820312500e+00,3.703770339488983154e-01,-6.941201090812683105e-01,-2.525079846382141113e-01,-2.405012026429176331e-03,-4.322911500930786133e-01,-7.464770227670669556e-02,1.629452943801879883e+00,3.968148306012153625e-02,8.933306932449340820e-01,1.230755209922790527e+00,-3.404188752174377441e-01,-5.593409389257431030e-02,2.225026935338973999e-01,-2.224172651767730713e-01,8.420062065124511719e-01,-8.961952924728393555e-01,-1.092895150184631348e+00,7.059034109115600586e-01,-6.406500935554504395e-01,1.300683170557022095e-01,-7.171335816383361816e-01,1.504419803619384766e+00,2.427907437086105347e-01,-1.316607356071472168e+00,-1.882315129041671753e-01,-7.144855856895446777e-01,-3.323872983455657959e-01,-8.019032478332519531e-01,1.630585312843322754e+00,-3.797196745872497559e-01,-4.572161436080932617e-01,7.724653482437133789e-01,1.039224386215209961e+00,-7.979375720024108887e-01,-2.316783368587493896e-02,1.123057007789611816e+00,-8.167166113853454590e-01,1.591364294290542603e-01,1.178165793418884277e+00,-1.934026241302490234e+00,-7.087007164955139160e-01,-1.071156039834022522e-01,7.657486796379089355e-01,-8.588316440582275391e-01,2.539114475250244141e+00,-6.677139401435852051e-01,-1.292085170745849609e+00,1.515019834041595459e-01,-4.291349947452545166e-01,-3.770254552364349365e-01,8.289074897766113281e-01,1.419837236404418945e+00,-5.829535126686096191e-01
4.318387508392333984e-01,-8.556971549987792969e-01,1.966296911239624023e+00,1.162608504295349121e+00,-1.765671849250793457e+00,4.897836446762084961e-01,1.928166300058364868e-01,8.299065828323364258e-01,1.466874837875366211e+00,-3.107912540435791016e-01,-6.365472823381423950e-02,3.882144391536712646e-01,4.197795093059539795e-01,-1.129763245582580566e+00,-1.475703120231628418e+00,7.401278018951416016e-01,-1.208510518074035645e+00,-9.752967208623886108e-02,6.927005052566528320e-01,3.260598480701446533e-01,-7.817960381507873535e-01,-8.259841054677963257e-02,3.958539664745330811e-01,1.413510203361511230e+00,4.953979849815368652e-01,-2.103718370199203491e-01,-6.272634267807006836e-01,-4.348827004432678223e-01,6.236311197280883789e-01,1.382494926452636719e+00,1.841425597667694092e-01,7.260540127754211426e-01,-5.174250602722167969e-01,3.193903565406799316e-01,-9.358008503913879395e-01,-1.653122305870056152e+00,-1.931691765785217285e+00,-1.127970218658447266e+00,6.629328131675720215e-01,-9.505695104598999023e-01,-1.289747476577758789e+00,-1.169098377227783203e+00,5.945102572441101074e-01,2.532351389527320862e-02,-9.971522688865661621e-01,-1.702673316001892090e+00,-1.518125552684068680e-02,4.078958332538604736e-01,-2.801812291145324707e-01,3.139792680740356445e-01,5.893423557281494141e-01,8.717933893203735352e-01,-2.224783420562744141e+00,-9.660714864730834961e-01,-1.061404824256896973e+00,-6.735309958457946777e-01,1.450432538986206055e+00,-1.349306106567382812e+00,-2.516737580299377441e-01,-7.231576442718505859e-01,-1.834907680749893188e-01,1.205970644950866699e+00,-4.421230554580688477e-01,-9.998044967651367188e-01,-3.377593755722045898e-01,-1.839184880256652832e+00,2.300582170486450195e+00,-1.411621093750000000e+00,2.143565118312835693e-01,5.393029451370239258e-01,1.114047765731811523e-01,-1.006909608840942383e+00,-1.356307744979858398e+00,3.262344002723693848e-01,1.228951573371887207e+00,3.287085592746734619e-01,-2.676947116851806641e+00,8.833280205726623535e-01,1.182974815368652344e+00,6.984232068061828613e-01,7.444465756416320801e-01,-1.114721775054931641e+00,-4.723421037197113037e-01,1.876056790351867676e-01,1.595571517944335938e+00,-8.802522718906402588e-02,1.346201896667480469e-01,-1.740548759698867798e-01,-7.772747874259948730e-01,-1.500711560249328613e+00,-5.660853385925292969e-01,-1.404363662004470825e-01,-9.345988631248474121e-01,5.506792068481445312e-01,1.671525835990905762e-01,-8.313835263252258301e-01,-1.078421354293823242e+00,-6.292279362678527832e-01,-2.166026830673217773e+00,-1.590774297714233398e+00
1.030838012695312500e+00,-1.160701036453247070e+00,-3.253743648529052734e-01,-8.885414004325866699e-01,-7.992179393768310547e-01,-1.093717068433761597e-01,-2.899755239486694336e-01,7.388544082641601562e-01,3.747798800468444824e-01,7.768832445144653320e-01,-1.172839641571044922e+00,-1.300742384046316147e-02,-3.205899000167846680e-01,4.565351605415344238e-01,5.891473293304443359e-01,-2.372580170631408691e-01,1.985048949718475342e-01,-6.719377636909484863e-01,7.975867390632629395e-01,1.401175856590270996e-01,-3.412291705608367920e-01,-2.566954493522644043e-01,1.495297193527221680e+00,-1.522143602371215820e+00,-1.570775985717773438e+00,7.546156048774719238e-01,1.419714570045471191e+00,9.601321071386337280e-02,1.276365280151367188e+00,8.035259842872619629e-01,8.117592334747314453e-01,-6.063192486763000488e-01,6.333746910095214844e-01,-1.903041124343872070e+00,6.965113878250122070e-01,4.470004737377166748e-01,2.508153617382049561e-01,3.829903900623321533e-01,8.769602775573730469e-01,2.020468473434448242e+00,-1.758053064346313477e+00,2.280228137969970703e-01,-3.448315262794494629e-01,7.462451457977294922e-01,-3.107795119285583496e-01,-6.917124390602111816e-01,7.185595631599426270e-01,5.720775723457336426e-01,5.070894956588745117e-01,1.236332356929779053e-01,1.190219745039939880e-01,7.064821124076843262e-01,-3.878180384635925293e-01,1.900715708732604980e+00,-1.345801949501037598e+00,1.847316741943359375e+00,-2.355697751045227051e-01,-5.047470331192016602e-01,1.812511384487152100e-01,-2.417613029479980469e+00,-1.387334316968917847e-01,-1.604334563016891479e-01,-3.235649168491363525e-01,-3.019520640373229980e-01,1.136848688125610352e+00,6.757860779762268066e-01,-1.050007700920104980e+00,-5.395098328590393066e-01,1.684043705463409424e-01,7.301086783409118652e-01,-1.236184537410736084e-01,-2.189295887947082520e-01,-4.164760708808898926e-01,1.225365519523620605e+00,1.605995893478393555e+00,-7.572558522224426270e-01,-2.057071477174758911e-01,-9.129810333251953125e-01,2.697507619857788086e+00,-1.084803104400634766e+00,5.085403323173522949e-01,1.824187487363815308e-01,-1.046197772026062012e+00,-4.624609947204589844e-01,2.198019176721572876e-01,6.021651253104209900e-02,1.887203603982925415e-01,6.070197224617004395e-01,1.091983795166015625e+00,-2.524206340312957764e-01,4.076624214649200439e-01,1.657769978046417236e-01,8.994462341070175171e-02,7.865571379661560059e-01,4.013176262378692627e-01,-3.690955936908721924e-01,-3.395465910434722900e-01,-5.730602145195007324e-01,1.187364578247070312e+00,-9.352357387542724609e-01
-1.116639614105224609e+00,-3.315418064594268799e-01,-2.020669132471084595e-01,-1.463684558868408203e+00,2.453986644744873047e+00,2.237883567810058594e+00,1.726941704750061035e+00,-5.538973808288574219e-01,3.463940322399139404e-01,-6.232680007815361023e-02,-7.500452399253845215e-01,-7.129985094070434570e-02,7.813174128532409668e-01,-4.909257590770721436e-01,1.184311151504516602e+00,-1.193902969360351562e+00,5.806027650833129883e-01,7.381482981145381927e-03,8.313901424407958984e-01,-1.375351786613464355e+00,1.011807560920715332e+00,1.269541501998901367e+00,-5.886142253875732422e-01,-8.502287864685058594e-01,4.278000816702842712e-02,2.539514601230621338e-01,-1.824701905250549316e+00,-1.146578669548034668e+00,9.934818148612976074e-01,-5.871226191520690918e-01,1.661949306726455688e-01,3.617378473281860352e-01,-3.126411437988281250e-01,-8.102728724479675293e-01,2.494021877646446228e-02,-6.861811280250549316e-01,5.173237323760986328e-01,-1.014089941978454590e+00,7.576665282249450684e-02,5.335241556167602539e-01,3.580591678619384766e-01,1.386142611503601074e+00,-1.461427092552185059e+00,-5.297745466232299805e-01,-1.297014117240905762e+00,-2.086056619882583618e-01,-9.363116025924682617e-01,9.787866473197937012e-01,-5.197842121124267578e-01,6.652289628982543945e-01,-1.562393158674240112e-01,-1.843668073415756226e-01,7.039305567741394043e-01,1.301451206207275391e+00,-5.417608022689819336e-01,-1.019272327423095703e+00,7.232334017753601074e-01,-4.424550533294677734e-01,-1.260150790214538574e+00,5.270088911056518555e-01,-7.927228212356567383e-01,4.111492931842803955e-01,1.295188784599304199e+00,9.405624866485595703e-01,5.289135575294494629e-01,1.031289994716644287e-01,-5.553669333457946777e-01,-1.676069378852844238e+00,-1.193577796220779419e-01,1.409093379974365234e+00,6.437298655509948730e-01,-1.453570842742919922e+00,-8.558024168014526367e-01,1.660191297531127930e+00,-6.812039613723754883e-01,-4.673110246658325195e-01,-1.226527571678161621e+00,5.282531976699829102e-01,3.917979598045349121e-01,1.884439349174499512e+00,-2.506680786609649658e-01,1.493900656700134277e+00,-2.265975713729858398e+00,1.122691988945007324e+00,-2.339893281459808350e-01,1.254461050033569336e+00,6.115479469299316406e-01,5.802059173583984375e-01,7.159770131111145020e-01,5.251415967941284180e-01,-7.116860747337341309e-01,1.172483325004577637e+00,-2.979911267757415771e-01,-1.096776008605957031e+00,1.487609028816223145e+00,3.522128164768218994e-01,-3.511832654476165771e-01,-2.314562797546386719e-01,-9.776299595832824707e-01,6.883781403303146362e-02
-1.542927473783493042e-01,-1.158351153135299683e-01,2.018883228302001953e+00,7.130881547927856445e-01,7.367049455642700195e-01,-3.951575756072998047e-01,-1.851156711578369141e+00,1.681927323341369629e+00,-7.006683945655822754e-01,1.510396122932434082e+00,-6.014263033866882324e-01,-8.183547854423522949e-01,-1.717377901077270508e-01,-1.686581969261169434e+00,-6.251815557479858398e-01,2.051941394805908203e+00,6.011112928390502930e-01,-1.432938814163208008e+00,1.489533662796020508e+00,8.030655980110168457e-01,-7.303985357284545898e-01,2.893363535404205322e-01,5.249988436698913574e-01,4.137009680271148682e-01,2.199575155973434448e-01,2.000289857387542725e-01,1.579797863960266113e-01,-8.354035615921020508e-01,7.802422642707824707e-01,1.162599802017211914e+00,-2.843964993953704834e-01,1.282546281814575195e+00,2.208795845508575439e-01,-6.337088942527770996e-01,-1.932040691375732422e+00,9.314790964126586914e-01,7.012460231781005859e-01,3.152137100696563721e-01,7.715042829513549805e-01,1.030739545822143555e+00,-2.630879171192646027e-02,-1.119333505630493164e+00,-7.808486223220825195e-01,1.932673156261444092e-01,9.912806749343872070e-02,9.807414561510086060e-02,8.802720308303833008e-01,5.266861245036125183e-02,-6.512961387634277344e-01,-8.032737970352172852e-01,-1.035353422164916992e+00,8.396764397621154785e-01,-1.163805052638053894e-01,6.934311985969543457e-01,-9.781488180160522461e-01,9.275025725364685059e-01,-7.530149221420288086e-01,-9.502902030944824219e-01,4.585426673293113708e-02,3.833238780498504639e-01,-1.540904045104980469e-01,-2.251451760530471802e-01,8.013757318258285522e-02,-1.121624350547790527e+00,-3.701888024806976318e-01,-3.983306586742401123e-01,-2.107946015894412994e-02,6.833884119987487793e-01,4.751088917255401611e-01,-5.072216391563415527e-01,-7.515909671783447266e-01,-1.122394919395446777e+00,-1.444552302360534668e+00,1.887017607688903809e+00,-9.434621930122375488e-01,-2.867358028888702393e-01,4.321567118167877197e-01,5.809700489044189453e-01,-5.464594364166259766e-01,8.488110899925231934e-01,-1.259659886360168457e+00,-3.643751740455627441e-01,-9.311050772666931152e-01,9.096737504005432129e-01,6.341791749000549316e-01,3.604217767715454102e-01,-6.180892586708068848e-01,-4.151418805122375488e-01,1.308886054903268814e-02,3.825699537992477417e-02,3.948415815830230713e-01,-4.342225492000579834e-01,-8.826371431350708008e-01,-6.462539434432983398e-01,7.485374212265014648e-01,-2.138874053955078125e+00,1.532673001289367676e+00,1.518248915672302246e-01,-5.919324755668640137e-01,1.088124990463256836e+00
1.525381565093994141e+00,-2.967253923416137695e-01,4.297748506069183350e-01,1.362130790948867798e-01,-9.086970090866088867e-01,-6.365742683410644531e-01,1.148139476776123047e+00,-3.829625546932220459e-01,-1.328491091728210449e+00,-1.113932490348815918e+00,6.539143919944763184e-01,1.552867531776428223e+00,3.409339785575866699e-01,-3.213486969470977783e-01,1.293728053569793701e-01,1.379367113113403320e+00,-1.010903239250183105e+00,1.115299344062805176e+00,-1.839601039886474609e+00,1.021633073687553406e-01,-1.624140501022338867e+00,6.159870028495788574e-01,4.813516139984130859e-01,-1.021968841552734375e+00,8.508674502372741699e-01,1.512402534484863281e+00,7.995196580886840820e-01,2.078198939561843872e-01,4.810148179531097412e-01,6.862389445304870605e-01,2.333946526050567627e-01,4.564505517482757568e-01,-7.616235017776489258e-01,6.993855535984039307e-02,2.123507484793663025e-02,8.767803907394409180e-01,9.671276211738586426e-01,-2.126909732818603516e+00,-1.623691797256469727e+00,-2.802601456642150879e-01,-8.787652254104614258e-01,-1.368387043476104736e-01,-3.388724625110626221e-01,-8.825297355651855469e-01,-7.470315098762512207e-01,-3.910284638404846191e-01,-3.497338294982910156e-01,-5.105367898941040039e-01,9.398839473724365234e-01,-6.930261850357055664e-01,-1.042528390884399414e+00,6.485958695411682129e-01,-3.724042773246765137e-01,5.184428095817565918e-01,-1.336297988891601562e-01,2.348906993865966797e+00,7.340381741523742676e-01,8.065182566642761230e-01,1.811857223510742188e-01,5.023649930953979492e-01,9.283953905105590820e-01,-7.871726751327514648e-01,9.484864473342895508e-01,2.620435357093811035e-01,3.196762204170227051e-01,-1.610918998718261719e+00,8.684058785438537598e-01,1.430590897798538208e-01,1.426519632339477539e+00,-7.885872125625610352e-01,9.014164805412292480e-01,6.121558547019958496e-01,1.486346244812011719e+00,2.147906303405761719e+00,-7.189228385686874390e-02,1.887043118476867676e+00,-1.650493890047073364e-01,-6.716855764389038086e-01,-5.732518434524536133e-01,3.020211458206176758e-01,1.926495134830474854e-01,1.044359087944030762e+00,-4.026657342910766602e-01,-1.202512383460998535e-01,1.071587726473808289e-01,-8.992450833320617676e-01,-1.022896051406860352e+00,-1.357649207115173340e+00,-9.822006225585937500e-01,-1.197703599929809570e+00,1.270510554313659668e+00,1.177306413650512695e+00,-4.992054700851440430e-01,-1.216346383094787598e+00,2.349313050508499146e-01,1.240443438291549683e-01,6.804022192955017090e-01,-4.326898753643035889e-01,5.210015773773193359e-01,4.868648350238800049e-01
1.097012519836425781e+00,1.500232934951782227e+00,1.239663660526275635e-01,-1.194037437438964844e+00,4.560015797615051270e-01,7.195453047752380371e-01,-1.758956074714660645e+00,-1.458450220525264740e-02,-4.520874321460723877e-01,-1.481042057275772095e-01,4.092901013791561127e-03,-4.953754246234893799e-01,-1.544009745121002197e-01,5.858650207519531250e-01,-1.980647802352905273e+00,-2.817675769329071045e-01,1.489747047424316406e+00,1.455711126327514648e-01,-5.068696141242980957e-01,-5.754687190055847168e-01,-5.129974707961082458e-02,-7.972549796104431152e-01,-1.350860118865966797e+00,1.730411887168884277e+00,2.116023153066635132e-01,1.314425468444824219e+00,-1.393585085868835449e+00,1.008517146110534668e+00,1.685487747192382812e+00,-1.686339855194091797e+00,1.123966932296752930e+00,2.495495975017547607e-01,-1.084890007972717285e+00,-8.810914158821105957e-01,-9.904727935791015625e-01,-3.470052182674407959e-01,-1.690575718879699707e+00,-1.024854853749275208e-01,-3.925126492977142334e-01,2.207009866833686829e-02,9.823798537254333496e-01,4.297254979610443115e-01,-1.651119887828826904e-01,-1.029110312461853027e+00,-2.296893596649169922e-01,-7.504109740257263184e-01,5.916534736752510071e-02,9.960620403289794922e-01,8.857266902923583984e-01,2.182019948959350586e+00,-8.027144074440002441e-01,-4.170074164867401123e-01,-2.614969313144683838e-01,1.231939315795898438e+00,6.303626894950866699e-01,-1.695576667785644531e+00,8.633930087089538574e-01,-3.544614613056182861e-01,-9.797213673591613770e-01,9.923576712608337402e-01,1.785350322723388672e+00,-5.354806780815124512e-01,-3.636784553527832031e-01,-6.522662043571472168e-01,1.171550750732421875e-01,-1.554374217987060547e+00,8.406787514686584473e-01,-1.345329761505126953e+00,3.732968568801879883e-01,9.071274995803833008e-01,7.035859823226928711e-01,2.019242346286773682e-01,-1.108967185020446777e+00,5.576711297035217285e-01,-8.710842728614807129e-01,4.330704808235168457e-01,2.513712048530578613e-01,6.608906984329223633e-01,1.226243257522583008e+00,6.782041788101196289e-01,7.719798684120178223e-01,3.900473713874816895e-01,-1.132302641868591309e+00,9.252589344978332520e-01,-1.107322573661804199e+00,-1.871067762374877930e+00,-1.387157440185546875e+00,-2.227774709463119507e-01,-1.117017507553100586e+00,8.364605903625488281e-01,-6.555124521255493164e-01,3.569110482931137085e-02,1.315792441368103027e+00,-1.822571307420730591e-01,-6.411297917366027832e-01,-9.538680315017700195e-01,1.224647641181945801e+00,-1.791847944259643555e+00,-1.861710250377655029e-01,2.090322226285934448e-01
-1.827042400836944580e-01,-1.173653304576873779e-01,-2.234804779291152954e-01,-1.868461608886718750e+00,1.579135775566101074e+00,-6.289859116077423096e-02,-5.604830384254455566e-01,1.178350970149040222e-01,1.854191124439239502e-01,4.951940476894378662e-01,1.632372617721557617e+00,-1.714786410331726074e+00,7.536179423332214355e-01,-1.243549808859825134e-01,1.671584844589233398e-01,-5.417044833302497864e-02,5.390796661376953125e-01,8.366019129753112793e-01,-5.223116874694824219e-01,7.750726938247680664e-01,9.709893465042114258e-01,-1.403723597526550293e+00,3.364675939083099365e-01,-1.064554810523986816e+00,7.093513011932373047e-01,-9.195417910814285278e-02,1.063619852066040039e+00,1.401716113090515137e+00,1.948182135820388794e-01,5.459322333335876465e-01,6.894852519035339355e-01,4.972384572029113770e-01,8.451002240180969238e-01,7.632735967636108398e-01,1.512723267078399658e-01,-8.599607944488525391e-01,1.087107300758361816e+00,7.480071187019348145e-01,-1.224824070930480957e+00,-1.910874724388122559e+00,2.091670632362365723e-01,6.475026607513427734e-01,8.164298534393310547e-02,7.150515317916870117e-01,9.855262637138366699e-01,6.582371145486831665e-02,-1.284322142601013184e+00,7.977219223976135254e-01,-6.737897992134094238e-01,1.406665921211242676e+00,5.879063606262207031e-01,-9.226112812757492065e-02,-1.892566829919815063e-01,-9.161175489425659180e-01,5.625178217887878418e-01,6.555678844451904297e-01,-7.532382607460021973e-01,9.035792350769042969e-01,3.749866783618927002e-01,-2.265920400619506836e+00,-5.148699507117271423e-02,-9.743757545948028564e-02,9.597743749618530273e-01,-6.631513833999633789e-01,-1.683807373046875000e+00,-8.958293199539184570e-01,-4.325822740793228149e-02,3.443754315376281738e-01,-6.688909530639648438e-01,-1.104222387075424194e-01,-2.142528057098388672e+00,-6.820049881935119629e-01,-6.653156876564025879e-01,1.782081574201583862e-01,1.933972597122192383e+00,1.649134993553161621e+00,5.047257989645004272e-02,1.368372887372970581e-01,2.004100084304809570e+00,-5.643368363380432129e-01,8.462204337120056152e-01,-3.981274738907814026e-02,1.747253179550170898e+00,1.787140488624572754e+00,1.030296564102172852e+00,-3.844308853149414062e-02,1.456012278795242310e-01,-5.580925941467285156e-01,1.125381231307983398e+00,-5.038762688636779785e-01,-1.172241806983947754e+00,-3.948452174663543701e-01,1.310153126716613770e+00,-1.119503304362297058e-01,-3.736031651496887207e-01,-1.878111839294433594e+00,-6.195148080587387085e-02,9.946929216384887695e-01,5.799174308776855469e-01,-1.844963788986206055e+00
9.202858805656433105e-01,1.340049147605895996e+00,8.042204976081848145e-01,1.988696902990341187e-01,1.035559549927711487e-01,-1.480368338525295258e-02,3.369705975055694580e-01,2.306467741727828979e-01,5.744882822036743164e-01,-1.019339084625244141e+00,8.893055915832519531e-01,1.418837785720825195e+00,-1.958040595054626465e-01,-2.043234586715698242e+00,-1.354024112224578857e-01,-2.028412818908691406e-01,-1.046447157859802246e+00,1.117640495300292969e+00,5.025009512901306152e-01,-5.036581754684448242e-01,-5.940356850624084473e-01,4.735848307609558105e-02,5.704108476638793945e-01,-2.807239592075347900e-01,-1.854900002479553223e+00,-6.757826805114746094e-01,9.399352967739105225e-02,-1.684013307094573975e-01,-5.144734978675842285e-01,-8.038831353187561035e-01,1.822464704513549805e+00,-3.080892264842987061e-01,2.700116038322448730e-01,5.101510882377624512e-01,2.964917123317718506e-01,1.695392370223999023e+00,-1.026884675025939941e+00,7.089462280273437500e-01,1.914241760969161987e-01,3.847625106573104858e-02,-7.202868461608886719e-01,2.704085350036621094e+00,3.782761394977569580e-01,-6.896159648895263672e-01,1.416863687336444855e-02,-7.064133286476135254e-01,1.318383365869522095e-01,-3.036554455757141113e-01,2.702883481979370117e-01,-1.043662071228027344e+00,1.170519113540649414e+00,8.776323199272155762e-01,-1.640306115150451660e+00,4.137048423290252686e-01,1.098423838615417480e+00,-1.358036756515502930e+00,-1.218989372253417969e+00,1.615721464157104492e+00,-8.542760610580444336e-01,-2.111493051052093506e-01,-1.220104098320007324e+00,-9.436771273612976074e-01,-6.068793311715126038e-02,-1.585134625434875488e+00,-5.573188662528991699e-01,-1.277613162994384766e+00,1.684333205223083496e+00,1.912172198295593262e+00,-4.078671932220458984e-01,-5.638046264648437500e-01,9.459716081619262695e-01,3.671278953552246094e-01,3.913322091102600098e-01,-6.064972281455993652e-01,1.472213268280029297e-01,6.763821840286254883e-01,1.687208771705627441e+00,-1.586680173873901367e+00,-1.428592801094055176e+00,1.202706098556518555e+00,-1.959581822156906128e-01,-1.886220127344131470e-01,5.232850909233093262e-01,1.025274276733398438e+00,1.171544194221496582e+00,-4.446013271808624268e-01,6.997423768043518066e-01,-4.898863136768341064e-01,4.376877248287200928e-01,7.336751818656921387e-01,1.242292046546936035e+00,1.384085178375244141e+00,-1.129559516906738281e+00,8.428739905357360840e-01,1.747316122055053711e-01,1.619044065475463867e+00,4.471486210823059082e-01,1.575532078742980957e+00,1.891492903232574463e-01,-1.983091980218887329e-01
1.995867133140563965e+00,2.376022100448608398e+00,-1.407550215721130371e+00,-4.067801535129547119e-01,3.876294195652008057e-02,1.193842649459838867e+00,-3.376697599887847900e-01,-2.213700771331787109e+00,1.277184605598449707e+00,-1.050160765647888184e+00,-1.224959135055541992e+00,3.064094483852386475e-01,-2.871447503566741943e-01,1.485819935798645020e+00,6.476258039474487305e-01,-1.060751557350158691e+00,3.285109698772430420e-01,-1.200438737869262695e+00,-1.703283429145812988e+00,8.489009737968444824e-01,3.026102483272552490e-01,-2.599653482437133789e+00,2.183925390243530273e+00,-6.940107941627502441e-01,-6.967808604240417480e-01,-4.180218279361724854e-01,9.011472463607788086e-01,-5.079404264688491821e-02,7.267297506332397461e-01,1.449808239936828613e+00,-1.179400920867919922e+00,1.827776283025741577e-01,9.045498073101043701e-02,5.408116579055786133e-01,1.035804033279418945e+00,-1.662592291831970215e-01,1.894713401794433594e+00,-1.715879797935485840e+00,-7.546012401580810547e-01,3.091390430927276611e-01,-4.739170074462890625e-01,-6.297622323036193848e-01,2.013968944549560547e+00,1.100225210189819336e+00,-4.697289764881134033e-01,1.073490977287292480e+00,-6.070219278335571289e-01,-9.195160269737243652e-01,-4.749307036399841309e-01,-6.965410709381103516e-01,7.459548860788345337e-02,4.719100594520568848e-01,-3.543554544448852539e-01,-3.870630860328674316e-01,4.341144859790802002e-02,1.442977666854858398e+00,3.237628638744354248e-01,2.037072777748107910e-01,1.260513216257095337e-01,1.079688668251037598e+00,1.264238357543945312e+00,-9.947717189788818359e-01,3.948318362236022949e-01,-1.004275918006896973e+00,1.034785151481628418e+00,7.359255850315093994e-02,-4.436151385307312012e-01,-4.887893497943878174e-01,5.947806835174560547e-01,1.260726690292358398e+00,-4.006509184837341309e-01,-5.067298412322998047e-01,-1.237777248024940491e-01,-2.935620844364166260e-01,1.351624846458435059e+00,1.108426570892333984e+00,3.064256906509399414e-01,4.816288948059082031e-01,-1.335670232772827148e+00,-6.889183521270751953e-01,4.514518380165100098e-01,-9.193029999732971191e-01,7.468183338642120361e-02,-4.803800582885742188e-01,-3.169135749340057373e-01,-1.253149032592773438e+00,-5.344606637954711914e-01,-4.417381286621093750e-01,3.161017000675201416e-01,-3.434953093528747559e-01,5.951576828956604004e-01,-2.777165174484252930e-02,1.900299787521362305e+00,9.475294351577758789e-01,2.311915010213851929e-01,1.691903233528137207e+00,-4.553920328617095947e-01,4.136038571596145630e-02,-9.306529164314270020e-01,-1.037112712860107422e+00
2.680558562278747559e-01,-7.600262761116027832e-04,1.429083496332168579e-01,-3.184128403663635254e-01,1.474654197692871094e+00,-1.583081364631652832e+00,1.114634037017822266e+00,-5.495707988739013672e-01,2.532505273818969727e+00,-2.206169366836547852e-01,-5.570171475410461426e-01,4.250771999359130859e-01,1.066407680511474609e+00,-2.150002956390380859e+00,1.953948289155960083e-01,-1.287195533514022827e-01,7.280583977699279785e-01,-5.901648998260498047e-01,-9.521848559379577637e-01,-1.100979447364807129e+00,-6.413509696722030640e-02,-9.770572781562805176e-01,-9.518845677375793457e-01,-2.589631080627441406e-01,-7.816193103790283203e-01,-5.984801054000854492e-01,3.271006345748901367e-01,1.046548485755920410e+00,-1.203655958175659180e+00,-1.101399660110473633e-01,1.998837590217590332e+00,-5.501512885093688965e-01,-4.228225052356719971e-01,4.361348152160644531e-01,1.106201767921447754e+00,-7.317141294479370117e-01,3.039814829826354980e-01,-1.532724976539611816e+00,8.167441934347152710e-02,-1.010591030120849609e+00,1.647423863410949707e+00,1.409793615341186523e+00,-8.198841214179992676e-01,-8.169988393783569336e-01,-8.101002573966979980e-01,4.032479599118232727e-02,-4.337129592895507812e-01,-4.299722611904144287e-02,7.301279306411743164e-01,6.474487185478210449e-01,-8.648421764373779297e-01,1.248625665903091431e-01,-1.738054752349853516e+00,2.251408815383911133e+00,-2.102771043777465820e+00,3.450545072555541992e-01,-6.536106020212173462e-02,-3.295454680919647217e-01,7.317414879798889160e-01,-5.494551062583923340e-01,9.928982853889465332e-01,1.587127923965454102e+00,-1.028262138366699219e+00,7.672350406646728516e-01,1.426146268844604492e+00,-4.721900522708892822e-01,-1.026438593864440918e+00,1.373618602752685547e+00,9.875217676162719727e-01,1.783902525901794434e+00,-2.200846821069717407e-01,9.401575326919555664e-01,3.355847597122192383e-01,-4.579946696758270264e-01,1.801833748817443848e+00,1.123367473483085632e-01,-4.334577322006225586e-01,-4.856127798557281494e-01,8.093960881233215332e-01,-1.420381814241409302e-01,-8.129923939704895020e-01,-3.284998834133148193e-01,-5.433025360107421875e-01,-7.615847140550613403e-02,-1.030372977256774902e+00,-1.048183441162109375e+00,1.009563326835632324e+00,-1.195650577545166016e+00,1.948049545288085938e+00,6.847563982009887695e-01,-1.708487033843994141e+00,-3.229528069496154785e-01,9.985592365264892578e-01,-1.331344246864318848e+00,1.409453749656677246e+00,-5.267137661576271057e-02,1.571247458457946777e+00,1.407081842422485352e+00,-6.228812932968139648e-01,-7.462916374206542969e-01
1.237314581871032715e+00,-2.261641740798950195e+00,1.286416769027709961e+00,8.708876967430114746e-01,-1.315814971923828125e+00,-8.602122068405151367e-01,-3.350377678871154785e-01,2.761308252811431885e-01,7.763054966926574707e-01,5.818083882331848145e-01,-1.628294587135314941e-01,1.878979802131652832e-01,-8.067963123321533203e-01,3.826763927936553955e-01,-4.910575747489929199e-01,-4.291284680366516113e-01,-1.802310466766357422e+00,-1.608124971389770508e+00,2.328736931085586548e-01,3.718292713165283203e-01,-3.159790486097335815e-02,9.416177272796630859e-01,9.991049766540527344e-01,-7.540767192840576172e-01,1.201108098030090332e+00,-1.274880290031433105e+00,4.083193093538284302e-02,2.034262657165527344e+00,2.163625806570053101e-01,1.463780641555786133e+00,1.764043688774108887e+00,3.714448809623718262e-01,7.847002148628234863e-01,-2.939205989241600037e-02,1.939048022031784058e-01,-2.147594690322875977e+00,-5.637272596359252930e-01,2.440645396709442139e-01,-4.534856081008911133e-01,-1.560642868280410767e-01,2.271137833595275879e-01,1.033050656318664551e+00,1.319778084754943848e+00,2.585099339485168457e-01,-1.390729546546936035e+00,-3.702476322650909424e-01,-6.687985658645629883e-01,-5.179417133331298828e-01,-1.312706947326660156e+00,1.945313215255737305e-01,-9.862843155860900879e-01,-1.335207819938659668e+00,-7.136189937591552734e-01,-7.705789804458618164e-01,1.058060288429260254e+00,-2.741129636764526367e+00,-1.201814532279968262e+00,3.167807161808013916e-01,-1.725986003875732422e+00,8.123661875724792480e-01,9.118486642837524414e-01,-1.800047039985656738e+00,2.328349828720092773e+00,1.055295109748840332e+00,1.671999096870422363e+00,1.755668818950653076e-01,-9.544767737388610840e-01,-9.696987867355346680e-01,-3.241961300373077393e-01,1.001481294631958008e+00,-2.151015996932983398e-01,-1.743721961975097656e+00,-7.713621258735656738e-01,8.870400190353393555e-01,-3.382539749145507812e-01,2.354629278182983398e+00,-5.889017581939697266e-01,-2.188452780246734619e-01,-3.897223621606826782e-02,1.166598200798034668e+00,1.664305806159973145e+00,4.840679466724395752e-02,-8.553020656108856201e-03,6.795700639486312866e-02,9.158973693847656250e-01,5.460966229438781738e-01,-1.023653864860534668e+00,2.217287302017211914e+00,9.012933373451232910e-01,6.802652478218078613e-01,-9.429226517677307129e-01,5.753417313098907471e-02,-2.548468671739101410e-02,1.133052825927734375e+00,3.814738988876342773e-01,2.574244737625122070e-01,1.149177551269531250e+00,-6.287373900413513184e-01,-1.002478361129760742e+00,-1.532672524452209473e+00
-2.076452225446701050e-01,-5.911278128623962402e-01,-9.048565626144409180e-01,-2.091650485992431641e+00,-2.830565869808197021e-01,2.134016752243041992e-01,1.557433366775512695e+00,1.156236886978149414e+00,7.508252263069152832e-01,-8.679268956184387207e-01,-8.492215871810913086e-01,6.678683757781982422e-01,8.143806457519531250e-01,9.286230206489562988e-01,-1.011105895042419434e+00,-8.519763946533203125e-01,-1.251518819481134415e-02,-9.689002633094787598e-01,6.411288380622863770e-01,9.381210803985595703e-01,-3.449553549289703369e-01,-3.869619965553283691e-01,-3.801729083061218262e-01,1.037448167800903320e+00,4.020764231681823730e-01,-6.554551720619201660e-01,8.054240942001342773e-01,1.378029584884643555e+00,-3.480228483676910400e-01,-6.308806687593460083e-02,1.516856074333190918e+00,-9.073282480239868164e-01,1.412105113267898560e-01,-7.642382383346557617e-02,1.228534817695617676e+00,5.131399035453796387e-01,-4.945811331272125244e-01,-1.203400373458862305e+00,-8.959127664566040039e-01,1.253842949867248535e+00,4.460992217063903809e-01,2.111711800098419189e-01,5.363926291465759277e-02,4.382389783859252930e-02,1.621672987937927246e+00,-1.453554630279541016e+00,-9.452063441276550293e-01,-7.888737320899963379e-01,1.867167353630065918e-01,2.775120735168457031e-01,-2.254879236221313477e+00,-9.147610664367675781e-01,1.567459702491760254e+00,-5.332151055335998535e-01,-2.278568148612976074e-01,2.217851579189300537e-01,1.592002511024475098e+00,-1.296563744544982910e+00,7.484323978424072266e-01,-8.645772933959960938e-01,-1.212772607803344727e+00,9.129096865653991699e-01,8.377547860145568848e-01,8.322267532348632812e-01,2.669849097728729248e-01,-6.873836368322372437e-02,-1.015825152397155762e+00,-1.229676678776741028e-01,6.149639487266540527e-01,8.235688507556915283e-02,-6.712217926979064941e-01,2.706741333007812500e+00,2.199157774448394775e-01,-1.349298208951950073e-01,-2.241599559783935547e+00,-7.256507277488708496e-01,2.094485908746719360e-01,1.577724218368530273e+00,-6.917527914047241211e-01,-1.344600677490234375e+00,-7.512764930725097656e-01,-2.222113758325576782e-01,-8.516964912414550781e-01,7.643038630485534668e-01,-3.232481956481933594e+00,7.261824011802673340e-01,-9.990159422159194946e-02,5.677421689033508301e-01,-8.326176553964614868e-02,-1.384202837944030762e+00,-6.433538347482681274e-02,8.430429697036743164e-01,1.435092538595199585e-01,9.235307574272155762e-01,2.198140472173690796e-01,4.461795389652252197e-01,-3.910240232944488525e-01,9.315823763608932495e-02,-6.237103939056396484e-01,-1.237618446350097656e+00
4.569322764873504639e-01,-9.994599819183349609e-01,-1.487817645072937012e+00,8.578430414199829102e-01,-7.913697957992553711e-01,1.097772479057312012e+00,-3.817462623119354248e-01,6.493623256683349609e-01,1.181421726942062378e-01,2.127538442611694336e+00,-1.026851534843444824e+00,-1.750645041465759277e+00,2.859787940979003906e+00,-9.259247779846191406e-01,2.368650197982788086e+00,-1.049913763999938965e-01,-6.566930413246154785e-01,1.272116541862487793e+00,1.951153278350830078e-01,3.255776166915893555e-01,7.334142178297042847e-02,-9.011416435241699219e-01,1.151544332504272461e+00,-8.347633481025695801e-01,7.086534798145294189e-02,5.826816335320472717e-02,-5.944280624389648438e-01,8.365343213081359863e-01,1.225188612937927246e+00,-5.518416762351989746e-01,-3.994261026382446289e-01,1.627947330474853516e+00,1.424147337675094604e-01,3.745066523551940918e-01,-1.197475552558898926e+00,-1.687485277652740479e-01,1.141647934913635254e+00,-5.485389381647109985e-02,-5.111498236656188965e-01,-3.095299191772937775e-02,4.022916555404663086e-01,-4.557653367519378662e-01,-2.076957970857620239e-01,-4.364098310470581055e-01,1.073856711387634277e+00,6.144881248474121094e-01,-1.324971199035644531e+00,-1.149988546967506409e-01,8.377052545547485352e-01,-2.343283146619796753e-01,1.117571234703063965e+00,7.974211573600769043e-01,5.805597901344299316e-01,4.241423010826110840e-01,1.873564004898071289e+00,3.477800488471984863e-01,4.719192087650299072e-01,1.221507191658020020e-01,8.315265178680419922e-01,-3.356778025627136230e-01,2.973653078079223633e-01,6.211248040199279785e-01,4.525772035121917725e-01,-7.996734976768493652e-01,7.170278429985046387e-01,1.541598320007324219e+00,8.086816966533660889e-02,3.532424271106719971e-01,-5.024405717849731445e-01,1.888893842697143555e+00,-2.921992242336273193e-01,3.097413778305053711e-01,-1.444304585456848145e-01,-4.651180207729339600e-01,1.369576930999755859e+00,1.560335159301757812e+00,-1.145123124122619629e+00,1.137586236000061035e+00,7.755089318379759789e-04,-6.465218663215637207e-01,-3.536310493946075439e-01,-4.444541633129119873e-01,8.132987022399902344e-01,2.116313934326171875e+00,-1.883744478225708008e+00,1.419295072555541992e+00,-1.027840375900268555e+00,-1.824606299400329590e+00,6.470526456832885742e-01,3.004269003868103027e-01,-1.434318780899047852e+00,-8.486600518226623535e-01,-1.010091066360473633e+00,-4.710897058248519897e-02,1.264987979084253311e-03,-9.657774865627288818e-02,7.383846677839756012e-04,7.878935933113098145e-01,-1.527272224426269531e+00,6.947293281555175781e-01
3.970557153224945068e-01,6.633728742599487305e-02,-3.166310787200927734e+00,1.312495172023773193e-01,4.131885617971420288e-02,-2.541239738464355469e+00,5.981083512306213379e-01,1.190377593040466309e+00,5.623334646224975586e-01,1.010952472686767578e+00,9.935405254364013672e-01,1.811000823974609375e+00,1.712795376777648926e+00,5.533179640769958496e-01,5.657113790512084961e-01,-3.431982278823852539e+00,1.830702871084213257e-01,8.436286449432373047e-01,7.839255928993225098e-01,-5.054026246070861816e-01,-1.273793935775756836e+00,1.260759402066469193e-02,-7.470674514770507812e-01,1.389450430870056152e-01,-1.825794935226440430e+00,-1.625645279884338379e+00,-1.060038924217224121e+00,-2.868407964706420898e-01,2.932709753513336182e-01,1.388071537017822266e+00,-2.221644818782806396e-01,-6.120940446853637695e-01,-1.635193526744842529e-01,-6.912557482719421387e-01,1.453627467155456543e+00,1.466378927230834961e+00,6.660584807395935059e-01,-6.896364092826843262e-01,-4.056430459022521973e-01,-9.018174409866333008e-01,-4.234890639781951904e-01,-6.941928267478942871e-01,-4.032793343067169189e-01,-2.627977728843688965e-01,-1.063689827919006348e+00,-9.897294044494628906e-01,-5.797329172492027283e-02,2.655033767223358154e-01,-1.562040299177169800e-01,5.240950584411621094e-01,1.469497799873352051e+00,-3.079510927200317383e-01,-4.460464417934417725e-01,2.436360269784927368e-01,-3.528971076011657715e-01,5.500553846359252930e-01,-8.193705081939697266e-01,1.542887449264526367e+00,1.016459822654724121e+00,-5.742142796516418457e-01,-1.469844937324523926e+00,4.444599449634552002e-01,1.688287496566772461e+00,2.311806529760360718e-01,-2.589728236198425293e-01,1.192104220390319824e+00,5.962829589843750000e-01,-6.251280903816223145e-01,1.784751005470752716e-02,3.701452910900115967e-02,1.693481504917144775e-01,-1.506158113479614258e+00,-5.392207503318786621e-01,5.855584740638732910e-01,7.739538550376892090e-01,9.302669167518615723e-01,1.136587381362915039e+00,-1.146387219429016113e+00,7.624162733554840088e-02,1.030888631939888000e-01,-1.217523097991943359e+00,-8.851574659347534180e-01,6.482255458831787109e-01,-1.296302437782287598e+00,5.014345645904541016e-01,2.563407123088836670e-01,2.035713434219360352e+00,8.554595708847045898e-01,2.279159069061279297e+00,-7.053706049919128418e-01,-5.588266849517822266e-01,7.313151955604553223e-01,1.286105155944824219e+00,-2.410265654325485229e-01,-3.058684766292572021e-01,6.767661571502685547e-01,2.035954713821411133e+00,-2.120993286371231079e-01,-1.179893687367439270e-01,3.588434755802154541e-01
-2.013434469699859619e-01,1.845063805580139160e+00,-2.198552489280700684e-01,-6.634900718927383423e-02,8.428595662117004395e-01,-1.683443337678909302e-01,-7.696579694747924805e-01,1.016947329044342041e-01,4.246117770671844482e-01,6.336069703102111816e-01,1.089611768722534180e+00,8.535476326942443848e-01,3.486890792846679688e-01,3.075295984745025635e-01,-1.043242931365966797e+00,9.096296876668930054e-02,1.986068964004516602e+00,8.085170388221740723e-01,2.090157985687255859e+00,-2.125876188278198242e+00,-1.469182074069976807e-01,4.121515154838562012e-01,2.367179691791534424e-01,1.808515787124633789e+00,-2.368931174278259277e-01,1.624358296394348145e+00,9.114144742488861084e-02,-4.547932446002960205e-01,-1.283542998135089874e-02,3.643401339650154114e-02,1.505700230598449707e+00,4.157093167304992676e-01,6.352450847625732422e-01,-9.876799583435058594e-01,-5.980235934257507324e-01,-2.542677819728851318e-01,5.699808597564697266e-01,-1.018766760826110840e+00,2.139092385768890381e-01,-3.297929167747497559e-01,1.037578701972961426e+00,1.333222150802612305e+00,2.223517596721649170e-01,-6.773317605257034302e-02,7.448432445526123047e-01,7.782948613166809082e-01,1.295831561088562012e+00,5.761035084724426270e-01,2.108185589313507080e-01,-1.298179268836975098e+00,2.007316797971725464e-01,4.568823277950286865e-01,-2.254215478897094727e+00,1.961593270301818848e+00,2.036044597625732422e+00,-1.453372836112976074e-01,1.304646253585815430e+00,1.258509993553161621e+00,-1.180029660463333130e-01,1.633754223585128784e-01,-7.143250703811645508e-01,-1.113614320755004883e+00,4.652401804924011230e-02,-7.977342605590820312e-01,3.482474386692047119e-01,-1.352352797985076904e-01,3.095622062683105469e-01,7.826011180877685547e-01,-2.786331772804260254e-01,2.828453481197357178e-01,-1.177591681480407715e-01,1.600199699401855469e+00,1.320279836654663086e+00,3.961222767829895020e-01,-1.085128664970397949e+00,-7.243272066116333008e-01,-1.275375634431838989e-01,-5.743021890521049500e-02,-1.474371314048767090e+00,-6.131913065910339355e-01,-4.903595745563507080e-01,3.146911859512329102e-01,9.874169230461120605e-01,1.923957169055938721e-01,9.665700793266296387e-01,6.972868442535400391e-01,-1.300531148910522461e+00,-7.461242377758026123e-02,2.122781753540039062e+00,6.914035081863403320e-01,-1.399613261222839355e+00,-1.664879202842712402e+00,2.354101836681365967e-01,-8.920160531997680664e-01,9.216162562370300293e-01,-2.916348576545715332e-01,-7.422688603401184082e-01,-1.833262085914611816e+00,-5.965729951858520508e-01,1.631374955177307129e+00
1.595523655414581299e-01,-7.074303030967712402e-01,1.101764798164367676e+00,6.202238053083419800e-02,-1.015674948692321777e+00,1.143359318375587463e-01,-9.367750287055969238e-01,-2.593173980712890625e-01,-1.595290541648864746e+00,4.187113344669342041e-01,6.038120388984680176e-01,9.752303361892700195e-01,-6.158366203308105469e-01,1.427818298339843750e+00,-9.013335108757019043e-01,5.034911632537841797e-01,-2.402448505163192749e-01,-1.009659051895141602e+00,6.346031427383422852e-01,5.491988062858581543e-01,4.935432076454162598e-01,-4.127107262611389160e-01,-1.556033372879028320e+00,-3.820620477199554443e-01,5.157468318939208984e-01,3.840250074863433838e-01,-9.888004660606384277e-01,1.160715341567993164e+00,-2.177902460098266602e+00,-2.480450391769409180e+00,3.825622498989105225e-01,-8.631316423416137695e-01,2.065052509307861328e+00,5.096720457077026367e-01,-1.403018593788146973e+00,1.662032485008239746e+00,2.502421438694000244e-01,1.143176913261413574e+00,8.238218426704406738e-01,1.436613798141479492e+00,-1.264495134353637695e+00,1.561989903450012207e+00,-8.744353652000427246e-01,-8.105131983757019043e-01,1.217059373855590820e+00,1.104588270187377930e+00,-8.803589344024658203e-01,2.020783126354217529e-01,8.933573961257934570e-01,-1.135884404182434082e+00,5.127406716346740723e-01,1.105737015604972839e-01,-1.290248513221740723e+00,-5.456092953681945801e-02,-1.593760371208190918e+00,6.740387082099914551e-01,-1.617055088281631470e-01,-7.268186807632446289e-01,1.870277374982833862e-01,-6.412010192871093750e-01,1.465925693511962891e+00,8.616747260093688965e-01,-5.726791620254516602e-01,-7.980272769927978516e-01,-9.251780509948730469e-01,8.397297263145446777e-01,-1.634449243545532227e+00,1.107414126396179199e+00,1.511193811893463135e-01,2.415836155414581299e-01,-1.561656713485717773e+00,-5.695400834083557129e-01,1.200031876564025879e+00,8.661316633224487305e-01,5.442336201667785645e-01,9.376003742218017578e-01,-1.256288439035415649e-01,1.765618026256561279e-01,-1.087432742118835449e+00,1.097970724105834961e+00,-7.893056869506835938e-01,-1.527053713798522949e-01,7.806201577186584473e-01,-1.766589641571044922e+00,-2.545495927333831787e-01,-5.990809202194213867e-01,-1.050356745719909668e+00,1.413603067398071289e+00,1.629615575075149536e-02,1.572816729545593262e+00,-1.241324543952941895e+00,1.095801591873168945e+00,-2.372455745935440063e-01,-9.563764929771423340e-02,-6.149082779884338379e-01,-9.660777449607849121e-01,-1.266948223114013672e+00,3.036932945251464844e-01,5.772393345832824707e-01,-6.586121320724487305e-01
8.764689564704895020e-01,5.558393597602844238e-01,2.314446687698364258e+00,-6.171239018440246582e-01,-3.706200420856475830e-01,-1.426774024963378906e+00,-3.693507313728332520e-01,-1.205745220184326172e+00,7.104386389255523682e-02,1.460441201925277710e-01,-7.333865761756896973e-01,6.751103997230529785e-01,-4.727881848812103271e-01,-3.903851509094238281e-01,-1.076867103576660156e+00,-2.648154497146606445e+00,2.346380233764648438e+00,6.088606119155883789e-01,7.351699471473693848e-01,-1.530187487602233887e+00,5.507459044456481934e-01,-3.295143544673919678e-01,1.453533530235290527e+00,8.235966414213180542e-02,-2.782928645610809326e-01,1.337924718856811523e+00,-1.717990636825561523e-01,7.434453368186950684e-01,4.023507833480834961e-01,2.111442089080810547e+00,-1.527622789144515991e-01,-9.926980137825012207e-01,-1.223604679107666016e-01,1.165450334548950195e+00,1.092419028282165527e-02,7.091386318206787109e-01,9.197922945022583008e-01,8.423840403556823730e-01,-1.387919306755065918e+00,1.071041107177734375e+00,5.123763084411621094e-01,-8.669871091842651367e-01,-1.435885667800903320e+00,1.993517160415649414e+00,1.755825132131576538e-01,-7.702273726463317871e-01,1.826361775398254395e+00,6.444066166877746582e-01,1.364017724990844727e+00,1.192099750041961670e-01,-1.025928463786840439e-02,2.588909566402435303e-01,1.477307438850402832e+00,-3.171865642070770264e-01,-6.594920158386230469e-01,1.435610532760620117e+00,-2.421511560678482056e-01,1.044466376304626465e+00,-8.503459692001342773e-01,-1.125940084457397461e+00,3.576761484146118164e-01,-1.046554446220397949e+00,1.538883596658706665e-01,4.782603383064270020e-01,5.086478218436241150e-02,-2.606646060943603516e+00,4.800260066986083984e-01,6.603850722312927246e-01,-2.365084588527679443e-01,1.418214201927185059e+00,-1.681137919425964355e+00,1.535480260848999023e+00,1.851985096931457520e+00,-6.529655456542968750e-01,7.065717577934265137e-01,-9.421273469924926758e-01,1.318908572196960449e+00,-5.611923336982727051e-01,7.139605879783630371e-01,6.891762614250183105e-01,8.713744282722473145e-01,-1.509775876998901367e+00,-3.793477714061737061e-01,6.090886592864990234e-01,-3.047662079334259033e-01,4.049887061119079590e-01,9.026393890380859375e-01,2.204200774431228638e-01,-5.330377221107482910e-01,-1.247108340263366699e+00,1.292065083980560303e-01,1.438109278678894043e+00,-4.024041071534156799e-02,9.809717535972595215e-01,-3.603467941284179688e-01,-4.463855326175689697e-01,-7.501038908958435059e-01,-2.235175609588623047e+00,-1.603944182395935059e+00,3.709593415260314941e-01
7.105687260627746582e-01,1.060870885848999023e+00,-1.836190342903137207e+00,-1.844442486763000488e+00,1.088277339935302734e+00,-4.008789062500000000e-01,2.385028004646301270e-01,2.179713547229766846e-01,6.965875029563903809e-01,-5.663720965385437012e-01,3.884750902652740479e-01,-1.287655234336853027e+00,-1.879378408193588257e-01,2.172132954001426697e-02,-1.776186078786849976e-01,1.477466702461242676e+00,-3.177268058061599731e-02,1.640361994504928589e-01,3.342214040458202362e-04,7.973027825355529785e-01,-1.142024993896484375e+00,2.805838584899902344e-01,-2.373521775007247925e-01,1.193384975194931030e-01,7.532499432563781738e-01,-5.417330265045166016e-01,-1.867586612701416016e+00,1.970364689826965332e+00,-1.274310708045959473e+00,-2.702830433845520020e-01,1.912293434143066406e+00,1.230630040168762207e+00,5.707754492759704590e-01,-2.684090375900268555e+00,-3.372595459222793579e-02,1.462469458580017090e+00,6.336258649826049805e-01,-1.354552388191223145e+00,2.995611429214477539e-01,1.771344304084777832e+00,2.018969804048538208e-01,-1.502913236618041992e+00,-1.553805828094482422e+00,-1.651982665061950684e-01,-4.835575222969055176e-01,1.006071329116821289e+00,-1.006996154785156250e+00,3.006088733673095703e-01,8.766188025474548340e-01,1.177995681762695312e+00,5.449435114860534668e-01,-5.465032458305358887e-01,-2.707034647464752197e-01,-1.337178111076354980e+00,8.394832611083984375e-01,8.086636066436767578e-01,1.753821492195129395e+00,1.859723806381225586e+00,-9.572800397872924805e-01,1.119778633117675781e+00,1.299613952636718750e+00,7.082684040069580078e-01,-8.200005888938903809e-01,-1.439565658569335938e+00,-1.177722573280334473e+00,-1.728636980056762695e+00,-2.551887333393096924e-01,-4.062039256095886230e-01,-1.269883394241333008e+00,1.599480867385864258e+00,1.598272562026977539e+00,-1.106039643287658691e+00,2.828090190887451172e+00,1.522215604782104492e+00,1.098862648010253906e+00,-1.856137275695800781e+00,6.491186618804931641e-01,-6.956517100334167480e-01,-7.261275053024291992e-01,1.891455203294754028e-01,6.643972992897033691e-01,-1.569302797317504883e+00,-1.261384606361389160e+00,-2.360529303550720215e-01,-1.785746812820434570e+00,5.668099522590637207e-01,-6.637999415397644043e-01,-1.279468238353729248e-01,-1.302710473537445068e-01,4.184108078479766846e-01,-6.542622447013854980e-01,-9.783086180686950684e-01,1.136187791824340820e+00,-7.692991495132446289e-01,6.087052822113037109e-02,4.702558740973472595e-02,8.253443837165832520e-01,-2.426977157592773438e-01,-8.215683698654174805e-01,-6.531015038490295410e-01
-6.541088223457336426e-01,7.699493169784545898e-01,1.164712429046630859e+00,-7.809532433748245239e-02,-3.534483015537261963e-01,3.267554342746734619e-01,2.591750323772430420e-01,2.861879765987396240e-01,1.403703451156616211e+00,2.646637260913848877e-01,8.351939916610717773e-01,7.500044703483581543e-01,6.589033007621765137e-01,-4.126062616705894470e-02,5.223729014396667480e-01,-9.632644057273864746e-01,1.406081676483154297e+00,-2.574001550674438477e-01,2.903512716293334961e-01,-3.060956113040447235e-02,1.391306638717651367e+00,9.105733036994934082e-01,-1.759079992771148682e-01,-4.767482280731201172e-01,-1.230018377304077148e+00,9.414750933647155762e-01,-1.708530545234680176e+00,-2.242259383201599121e-01,8.187288045883178711e-01,8.318979144096374512e-01,-5.776173472404479980e-01,-1.116109862923622131e-01,-1.257779240608215332e+00,-9.637504220008850098e-01,-4.070130586624145508e-01,1.103107690811157227e+00,6.350979804992675781e-01,1.909064054489135742e-01,5.799070596694946289e-01,5.674957036972045898e-01,-2.706984877586364746e-01,-4.580878913402557373e-01,3.294501304626464844e-01,-1.765895485877990723e+00,-3.286847472190856934e-01,5.439310073852539062e-01,-6.066504716873168945e-01,-3.944772183895111084e-01,-5.236064791679382324e-01,3.935586512088775635e-01,1.323212265968322754e+00,-2.311296612024307251e-01,-1.385436803102493286e-01,-1.143648624420166016e+00,-5.608051419258117676e-01,-1.736912250518798828e+00,3.117706440389156342e-02,8.483496308326721191e-01,1.693401038646697998e-01,5.459757447242736816e-01,2.958473861217498779e-01,2.270631641149520874e-01,-7.964652180671691895e-01,-2.439901083707809448e-01,5.138702988624572754e-01,1.533487677574157715e+00,-2.903663516044616699e-01,-2.038577795028686523e+00,4.422849714756011963e-01,6.230034232139587402e-01,7.780386805534362793e-01,-8.368738293647766113e-01,6.920654177665710449e-01,3.891567587852478027e-01,-1.988821849226951599e-02,-8.005324602127075195e-01,-1.177374571561813354e-01,6.863497495651245117e-01,-1.912251234054565430e+00,1.278410196304321289e+00,1.713972210884094238e+00,-8.098565340042114258e-01,-3.108729422092437744e-01,-9.551199078559875488e-01,9.647384881973266602e-01,2.603031694889068604e-01,-2.700223445892333984e+00,3.836592435836791992e-01,-3.601391017436981201e-01,3.452762216329574585e-02,1.387912869453430176e+00,5.164255499839782715e-01,-6.204991936683654785e-01,-1.793949842453002930e+00,2.582849264144897461e-01,-1.846696376800537109e+00,-1.471870839595794678e-01,-3.154979348182678223e-01,1.242345213890075684e+00,1.093621969223022461e+00
1.329339623451232910e+00,-1.587633252143859863e+00,5.414707064628601074e-01,-1.850021444261074066e-02,2.838909924030303955e-01,4.047727882862091064e-01,1.253457367420196533e-01,5.682064294815063477e-01,-9.312000274658203125e-01,2.466506958007812500e+00,1.331592321395874023e+00,8.982237428426742554e-03,-3.431159257888793945e-01,-1.206043124198913574e+00,-4.934932887554168701e-01,-2.791419327259063721e-01,1.057976484298706055e-01,1.461231231689453125e+00,1.144851818680763245e-01,6.079844236373901367e-01,-2.599884986877441406e+00,5.423980355262756348e-01,-1.151029348373413086e+00,-8.556345850229263306e-02,-3.790812492370605469e-01,3.462381660938262939e-01,1.246994853019714355e+00,-3.159486353397369385e-01,2.060966253280639648e+00,-6.990705132484436035e-01,2.258958294987678528e-02,-1.306346356868743896e-01,1.272184610366821289e+00,9.228359162807464600e-02,5.112866163253784180e-01,-8.465012907981872559e-01,-9.086271524429321289e-01,-1.911440938711166382e-01,-4.601547122001647949e-01,-1.021695137023925781e+00,-2.085815370082855225e-01,-7.429370880126953125e-01,-6.393052935600280762e-01,-1.633081734180450439e-01,-4.786256849765777588e-01,2.042975425720214844e+00,1.822288483381271362e-01,-7.493573427200317383e-02,1.852353960275650024e-01,7.882012724876403809e-01,2.393930107355117798e-01,-5.091833472251892090e-01,2.788148224353790283e-01,-9.530092477798461914e-01,-1.390031456947326660e+00,-2.430872619152069092e-01,6.021732091903686523e-02,-4.139311909675598145e-01,1.730117797851562500e+00,-5.604153126478195190e-02,-7.268651723861694336e-01,-1.515016794204711914e+00,1.542120128870010376e-01,5.719671249389648438e-01,-2.918148636817932129e-01,9.949644207954406738e-01,3.797807097434997559e-01,2.985771000385284424e-01,5.263741686940193176e-02,3.915084004402160645e-01,3.030007481575012207e-01,9.192490577697753906e-02,-1.507617115974426270e+00,1.984341293573379517e-01,-5.582343339920043945e-01,2.701643943786621094e+00,-2.159527540206909180e+00,5.328070521354675293e-01,2.345503330230712891e+00,3.261605799198150635e-01,6.706837415695190430e-01,-5.393857955932617188e-01,4.040893316268920898e-01,5.016295909881591797e-01,1.815515160560607910e+00,1.689221411943435669e-01,-8.393002748489379883e-01,8.131340146064758301e-01,-2.696396112442016602e-01,9.304338097572326660e-01,-4.571929574012756348e-01,1.505461037158966064e-01,-1.097126245498657227e+00,-5.077475309371948242e-01,-4.770379960536956787e-01,-5.925067067146301270e-01,2.506669163703918457e-01,3.600640967488288879e-02,3.031121492385864258e-01,-4.105686396360397339e-02
1.118615388870239258e+00,-8.660911917686462402e-01,1.044678688049316406e+00,-4.989823997020721436e-01,6.069063544273376465e-01,7.180030345916748047e-01,8.285315036773681641e-01,-3.218493223190307617e+00,1.453731298446655273e+00,-1.146725058555603027e+00,5.536670088768005371e-01,-3.534718155860900879e-01,3.268470764160156250e-01,-1.733666777610778809e+00,-1.027401566505432129e+00,2.440994501113891602e+00,-1.995528340339660645e+00,-1.533562421798706055e+00,-4.076498746871948242e-01,-8.024915121495723724e-03,3.127747297286987305e+00,5.292589068412780762e-01,-3.911552131175994873e-01,5.988802909851074219e-01,6.350204944610595703e-01,2.092021703720092773e-01,2.780522406101226807e-01,-7.480581402778625488e-01,2.188491523265838623e-01,-9.125567674636840820e-01,1.011496424674987793e+00,-3.516794741153717041e-01,-1.400924921035766602e+00,5.140929296612739563e-02,4.002880454063415527e-01,1.398518085479736328e+00,-3.360936045646667480e-01,-7.067674994468688965e-01,8.517991900444030762e-01,1.438446164131164551e+00,-4.783710464835166931e-02,1.913952112197875977e+00,-8.239430189132690430e-01,-3.144687712192535400e-01,-1.926064193248748779e-01,-7.346082925796508789e-01,1.515350580215454102e+00,3.354142308235168457e-01,-1.223119616508483887e+00,6.419686675071716309e-01,7.799657583236694336e-01,2.956859171390533447e-01,-1.304385066032409668e+00,4.047470390796661377e-01,1.020498037338256836e+00,-2.556110173463821411e-02,8.011832833290100098e-02,-6.018266677856445312e-01,-4.022163450717926025e-01,2.980242669582366943e-01,2.904781103134155273e-01,-3.504738509654998779e-01,2.092574089765548706e-01,-1.670270115137100220e-01,-2.533195912837982178e-01,-1.993912458419799805e+00,-1.500635981559753418e+00,4.909886792302131653e-02,1.320420145988464355e+00,-2.014743387699127197e-01,8.213325142860412598e-01,-7.572222352027893066e-01,1.375953078269958496e+00,9.876266866922378540e-02,-1.618978679180145264e-01,4.493467211723327637e-01,1.632605940103530884e-01,-4.758683741092681885e-01,-3.340774476528167725e-01,7.678953409194946289e-01,1.184859991073608398e+00,-5.972124338150024414e-01,-7.497247457504272461e-01,-1.186019062995910645e+00,-1.104830622673034668e+00,-8.529878854751586914e-01,8.333240449428558350e-02,-3.590466082096099854e-01,-5.879163742065429688e-01,1.217304229736328125e+00,3.052523434162139893e-01,-6.905305981636047363e-01,-9.636547565460205078e-01,1.398937821388244629e+00,-1.351677060127258301e+00,-2.409158796072006226e-01,-1.638503551483154297e+00,-9.799421429634094238e-01,-2.704913727939128876e-02,-2.076175659894943237e-01
3.442233204841613770e-01,9.397677779197692871e-01,-5.606795549392700195e-01,6.344109773635864258e-01,-5.399368330836296082e-02,-6.347452998161315918e-01,-1.182474493980407715e+00,2.387523204088211060e-01,-7.662089169025421143e-02,8.283701539039611816e-01,6.388846039772033691e-01,1.853363037109375000e+00,-9.287711381912231445e-01,1.492696642875671387e+00,5.403609871864318848e-01,-1.095890626311302185e-02,1.149995565414428711e+00,-1.386115789413452148e+00,2.044027805328369141e+00,-3.247675597667694092e-01,-1.419581770896911621e+00,-1.622613549232482910e+00,5.865626335144042969e-01,3.628415167331695557e-01,3.395313769578933716e-02,1.383609652519226074e+00,1.399630427360534668e+00,-4.772152900695800781e-01,1.463715434074401855e+00,-1.322419643402099609e+00,1.213528513908386230e+00,-2.005730420351028442e-01,-6.713920831680297852e-01,9.886662364006042480e-01,2.108564615249633789e+00,1.411045670509338379e+00,-1.807015061378479004e+00,3.824764490127563477e-01,-2.768432497978210449e-01,1.831744790077209473e+00,-7.806249856948852539e-01,-2.279856652021408081e-01,-3.062315583229064941e-01,-1.864460825920104980e+00,-8.897652029991149902e-01,-1.348176360130310059e+00,1.485453724861145020e+00,8.544878363609313965e-01,1.108195185661315918e+00,-1.748582534492015839e-02,-1.757759451866149902e-01,1.523167252540588379e+00,3.537713885307312012e-01,-2.021835327148437500e+00,1.479217112064361572e-01,-1.643320798873901367e+00,1.279827207326889038e-01,8.654686808586120605e-01,-1.504456549882888794e-01,-1.366997241973876953e+00,1.134702444076538086e+00,-7.830829024314880371e-01,8.718288540840148926e-01,-5.929092764854431152e-01,-4.201262891292572021e-01,-2.969529926776885986e-01,1.232842326164245605e+00,-2.989180199801921844e-02,-9.670163393020629883e-01,-2.129015445709228516e+00,-1.229229927062988281e+00,1.453462958335876465e+00,-4.358601272106170654e-01,1.506475329399108887e+00,1.410104274749755859e+00,8.446681499481201172e-01,-1.014517992734909058e-01,1.225905269384384155e-01,-1.111756637692451477e-01,2.160392552614212036e-01,-5.593733191490173340e-01,1.345594048500061035e+00,1.018466234207153320e+00,-8.527848124504089355e-01,7.045797109603881836e-01,-6.270520687103271484e-01,8.472813963890075684e-01,8.499618172645568848e-01,1.756701022386550903e-01,7.094248533248901367e-01,1.342443078756332397e-01,4.104050397872924805e-01,-7.795403003692626953e-01,-9.271395206451416016e-01,-4.495386481285095215e-01,5.873852595686912537e-02,1.649663090705871582e+00,-5.785213708877563477e-01,-9.494081139564514160e-01,-6.431735754013061523e-01
-1.780344545841217041e-01,1.838274717330932617e+00,-1.871599107980728149e-01,-6.377909779548645020e-01,-9.870162233710289001e-03,-2.362166047096252441e-01,4.737137556076049805e-01,1.083564013242721558e-01,-8.298355937004089355e-01,1.347550034523010254e+00,5.972185730934143066e-01,2.071233093738555908e-01,-1.479194045066833496e+00,8.628937602043151855e-01,1.014665484428405762e+00,5.540146231651306152e-01,7.530927062034606934e-01,-2.100953608751296997e-01,9.324112534523010254e-02,-3.809547424316406250e-01,5.988116934895515442e-02,1.185790657997131348e+00,2.446280568838119507e-01,5.734755992889404297e-01,-6.772758439183235168e-03,5.029303431510925293e-01,5.473966002464294434e-01,1.163304805755615234e+00,2.816172316670417786e-02,4.118375852704048157e-02,-5.888994932174682617e-01,9.035094976425170898e-01,-8.206170797348022461e-01,3.187831640243530273e-01,9.668571352958679199e-01,8.346205949783325195e-01,-1.140316128730773926e+00,-1.089378118515014648e+00,7.545653730630874634e-02,3.244735598564147949e-01,1.307747960090637207e-01,1.727700591087341309e+00,-3.960246145725250244e-01,-3.419719636440277100e-01,-9.813483357429504395e-01,-1.056235074996948242e+00,-5.367569923400878906e-01,8.772190213203430176e-01,-1.108996272087097168e-01,-1.834443807601928711e-01,1.726014614105224609e+00,-4.106735289096832275e-01,4.039291441440582275e-01,1.325959339737892151e-02,1.582562208175659180e+00,-5.310229063034057617e-01,3.840140700340270996e-01,4.516906663775444031e-02,2.005789130926132202e-01,-2.771869897842407227e-01,-1.334780454635620117e-01,-1.874844431877136230e+00,9.876996278762817383e-02,8.947169780731201172e-01,-1.291385769844055176e+00,1.346408009529113770e+00,-4.891767799854278564e-01,-2.472151070833206177e-01,6.144475191831588745e-02,1.674336314201354980e+00,1.384651899337768555e+00,2.880538702011108398e+00,-6.175718307495117188e-01,-2.409273013472557068e-02,-1.341088712215423584e-01,5.838796496391296387e-01,1.061996221542358398e+00,1.510234028100967407e-01,-8.374505043029785156e-01,-5.483368635177612305e-01,-7.646676898002624512e-01,1.480504721403121948e-01,1.121158480644226074e+00,-1.916130661964416504e+00,-1.097883135080337524e-01,-5.163637548685073853e-02,7.804602980613708496e-01,-1.682875603437423706e-01,-3.927675187587738037e-01,8.679441809654235840e-01,8.939474821090698242e-01,4.320559501647949219e-01,-1.585849642753601074e+00,-7.231370210647583008e-01,1.404847621917724609e+00,-1.536287903785705566e+00,-1.196081042289733887e+00,-5.683915615081787109e-01,-1.857541918754577637e+00,1.016174674034118652e+00
-9.906849265098571777e-01,-3.531034588813781738e-01,4.825150072574615479e-01,1.502321362495422363e+00,1.828371137380599976e-01,-8.357699513435363770e-01,1.998448669910430908e-01,2.026024818420410156e+00,-1.465353369712829590e+00,4.221023060381412506e-03,2.375881910324096680e+00,-3.103429675102233887e-01,-1.108093500137329102e+00,6.370279192924499512e-01,-3.787156939506530762e-02,4.868390560150146484e-01,1.019546613097190857e-01,3.805955648422241211e-01,-2.828089296817779541e-01,1.448812007904052734e+00,-2.828848958015441895e-01,-4.834549035876989365e-03,5.066008567810058594e-01,3.776237070560455322e-01,-2.233813405036926270e-01,9.447502493858337402e-01,-2.747254371643066406e-01,1.397572398185729980e+00,-1.078923106193542480e+00,-6.075935363769531250e-01,-1.860774636268615723e+00,-5.043262839317321777e-01,9.926872849464416504e-01,-8.033173084259033203e-01,4.217806756496429443e-01,1.115910887718200684e+00,-7.646954655647277832e-01,1.367074370384216309e+00,7.102106213569641113e-01,-6.061134934425354004e-01,-3.135046064853668213e-01,-6.536150574684143066e-01,-1.770602226257324219e+00,9.818691015243530273e-01,-9.858629703521728516e-01,-1.331126242876052856e-01,-1.924998164176940918e-01,-2.234634011983871460e-01,-1.236984506249427795e-01,-1.292037069797515869e-01,-1.090771675109863281e+00,2.339175902307033539e-02,4.616555571556091309e-01,2.034416198730468750e+00,3.260503113269805908e-01,-8.098351210355758667e-02,-3.376620635390281677e-02,3.285430371761322021e-01,1.325340032577514648e+00,-5.171248316764831543e-01,-3.797567188739776611e-01,5.935572385787963867e-01,1.416438445448875427e-02,-6.965287774801254272e-02,-9.448729753494262695e-01,3.962363600730895996e-01,3.481462895870208740e-01,-2.215157985687255859e+00,-8.469521403312683105e-01,-1.231691837310791016e+00,3.935557976365089417e-02,1.501793026924133301e+00,-1.573703169822692871e+00,-7.725353538990020752e-02,4.369734525680541992e-01,1.383040904998779297e+00,2.711864709854125977e-01,7.416601777076721191e-01,-7.303567230701446533e-02,-2.050927430391311646e-01,-9.339110255241394043e-01,1.331114172935485840e+00,9.082646965980529785e-01,-5.671138763427734375e-01,6.783353686332702637e-01,1.474996954202651978e-01,-1.085875630378723145e+00,5.687822699546813965e-01,-1.221010088920593262e+00,-4.668157994747161865e-01,1.286639094352722168e+00,1.442538261413574219e+00,-1.063940227031707764e-01,-3.980355858802795410e-01,-1.705215930938720703e+00,-1.140199184417724609e+00,-2.742395363748073578e-02,-1.955571889877319336e+00,-3.838232755661010742e-01,5.341794490814208984e-01
1.553328275680541992e+00,-5.630904436111450195e-02,-7.000160813331604004e-01,2.128753662109375000e+00,8.424226045608520508e-01,3.370532095432281494e-01,-2.900053262710571289e-01,-8.017013072967529297e-01,5.282945185899734497e-02,1.139322757720947266e+00,4.145019948482513428e-01,7.432826161384582520e-01,3.042624890804290771e-01,-7.442298531532287598e-01,-1.406369954347610474e-01,-6.624045968055725098e-01,-1.218705415725708008e+00,1.081971749663352966e-01,-4.022881388664245605e-01,-6.872695684432983398e-01,6.339875608682632446e-02,5.185168236494064331e-02,4.111760482192039490e-02,5.371099710464477539e-01,1.430635303258895874e-01,-1.552266359329223633e+00,-5.504471063613891602e-01,-5.325929448008537292e-02,-3.273156881332397461e-01,-2.187655568122863770e-01,2.403962612152099609e+00,-3.854546844959259033e-01,-1.284400582313537598e+00,3.353731036186218262e-01,2.699865698814392090e-01,6.938393115997314453e-01,3.017905950546264648e+00,9.132981896400451660e-01,1.688231229782104492e+00,2.222024351358413696e-01,-2.379042655229568481e-01,9.485449641942977905e-02,1.196931488811969757e-02,5.792222023010253906e-01,-6.693771481513977051e-01,1.123276233673095703e+00,4.033055305480957031e-01,4.976983070373535156e-01,-6.122189164161682129e-01,4.629491642117500305e-02,-1.173819154500961304e-01,-1.671479821205139160e+00,1.964407801628112793e+00,1.309152245521545410e+00,-1.423398375511169434e+00,-1.974790692329406738e+00,1.565529853105545044e-01,3.043343544006347656e+00,1.558362990617752075e-01,-5.294284820556640625e-01,-1.294606208801269531e+00,2.123236060142517090e-01,2.181076407432556152e-01,1.732265114784240723e+00,-1.270791888236999512e+00,9.312067031860351562e-01,1.747227907180786133e+00,3.577429652214050293e-01,1.253629922866821289e+00,8.112808465957641602e-01,-1.058572292327880859e+00,-1.216261744499206543e+00,6.237177252769470215e-01,-5.648352205753326416e-02,9.646774828433990479e-02,-1.077730581164360046e-01,-2.093204498291015625e+00,3.555861711502075195e-01,1.592677593231201172e+00,-5.812294483184814453e-01,5.310105085372924805e-01,1.975972205400466919e-01,5.517227649688720703e-01,-1.183695912361145020e+00,-1.760859489440917969e+00,4.988779425621032715e-01,-2.432839393615722656e+00,5.241432785987854004e-01,-1.316215991973876953e+00,-1.509816795587539673e-01,6.928545236587524414e-02,1.361005306243896484e+00,-9.953820109367370605e-01,6.323916316032409668e-01,-1.231357812881469727e+00,-8.986146003007888794e-02,-1.552850842475891113e+00,1.057684421539306641e+00,-1.068770051002502441e+00,1.914428919553756714e-01
3.681630194187164307e-01,7.516781091690063477e-01,7.717056870460510254e-01,6.755680590867996216e-02,7.126593589782714844e-01,-8.462141156196594238e-01,2.120180130004882812e+00,-6.733327507972717285e-01,7.415410280227661133e-01,1.771178394556045532e-01,3.822820186614990234e-01,-1.001486420631408691e+00,2.371303290128707886e-01,4.421398416161537170e-02,1.782629132270812988e+00,1.961542844772338867e+00,1.073454737663269043e+00,-1.195846557617187500e+00,2.789646387100219727e-01,-7.540797591209411621e-01,-1.529452681541442871e+00,-4.185439348220825195e-01,-9.992202520370483398e-01,-8.499792777001857758e-03,1.415557384490966797e+00,1.348816156387329102e+00,-5.824851393699645996e-01,-7.145920395851135254e-02,3.044893443584442139e-01,1.764066219329833984e+00,-8.394116163253784180e-01,4.698162898421287537e-02,2.497572183609008789e+00,-1.355710983276367188e+00,5.702836513519287109e-01,-2.996250689029693604e-01,-3.547035157680511475e-01,-1.146084628999233246e-02,4.104894101619720459e-01,1.538583874702453613e+00,7.707579135894775391e-01,5.207349658012390137e-01,-1.406831890344619751e-01,-1.182641625404357910e+00,1.227937817573547363e+00,-6.110005974769592285e-01,-2.267431765794754028e-01,-7.066152691841125488e-01,-7.801443338394165039e-01,-1.549608349800109863e+00,5.473277345299720764e-02,-4.343598484992980957e-01,-9.937655329704284668e-01,-2.186145484447479248e-01,3.374387696385383606e-02,1.175946593284606934e+00,-3.988789319992065430e-01,3.896278329193592072e-03,-1.390836983919143677e-01,-4.446987211704254150e-01,-7.868290543556213379e-01,7.471073865890502930e-01,-3.954427242279052734e-01,1.857056915760040283e-01,-1.752895951271057129e+00,-5.861839056015014648e-01,-1.979404211044311523e+00,6.589598655700683594e-01,1.688498854637145996e-01,-1.423371434211730957e+00,-3.534877896308898926e-01,4.872135519981384277e-01,-8.955189585685729980e-01,-9.037736058235168457e-01,2.027338027954101562e+00,-2.095305204391479492e+00,-1.290639400482177734e+00,-8.715458512306213379e-01,-1.713001847267150879e+00,-2.276798933744430542e-01,2.518829889595508575e-03,1.348914861679077148e+00,-1.585138440132141113e+00,7.075272202491760254e-01,-9.903883934020996094e-02,-4.409881830215454102e-01,4.625090360641479492e-01,7.659239172935485840e-01,1.106383919715881348e+00,-5.568788647651672363e-01,1.111362934112548828e+00,-9.098169393837451935e-03,-2.028362989425659180e+00,-3.677781820297241211e-01,1.192363739013671875e+00,-9.449020624160766602e-01,-5.922863483428955078e-01,9.005547314882278442e-02,4.748787283897399902e-01,-1.166486978530883789e+00
-5.838385224342346191e-01,6.047284603118896484e-01,-2.316322177648544312e-01,-5.122073292732238770e-01,-6.830327510833740234e-01,-3.033739328384399414e-01,-7.584301233291625977e-01,-3.940780460834503174e-01,-3.264971673488616943e-01,1.398994445800781250e+00,2.838159799575805664e+00,-1.117289900779724121e+00,7.803509235382080078e-01,-8.307137489318847656e-01,-4.418177306652069092e-01,1.981527328491210938e+00,-4.019423425197601318e-01,7.379679381847381592e-02,-1.255253851413726807e-01,5.900929570198059082e-01,-1.906206645071506500e-02,3.394470214843750000e-01,3.765514194965362549e-01,-7.218224406242370605e-01,3.306882679462432861e-01,9.665166139602661133e-01,1.158241391181945801e+00,4.283928871154785156e-02,-4.144345223903656006e-01,8.784654736518859863e-01,-1.671944499015808105e+00,-8.962613940238952637e-01,-1.307097911834716797e+00,1.602766871452331543e+00,1.842295050621032715e+00,1.180881500244140625e+00,-1.429291963577270508e+00,1.125732421875000000e+00,2.827522754669189453e-01,4.795698821544647217e-01,5.494281053543090820e-01,4.696060121059417725e-01,-4.795115068554878235e-02,1.529323220252990723e+00,3.915274739265441895e-01,-4.507945477962493896e-01,2.172828197479248047e+00,-4.433256685733795166e-01,-8.485831618309020996e-01,-1.009860515594482422e+00,-1.683491170406341553e-01,1.027122735977172852e+00,7.870603203773498535e-01,-7.374004125595092773e-01,-1.217234611511230469e+00,2.597541809082031250e+00,6.655523180961608887e-01,-1.989153265953063965e+00,1.704620003700256348e+00,1.458180248737335205e-01,5.002316236495971680e-01,9.503962993621826172e-01,-1.130168914794921875e+00,-1.799399614334106445e+00,5.681474804878234863e-01,-1.586587667465209961e+00,-1.601189076900482178e-01,-6.671677827835083008e-01,1.390088319778442383e+00,-1.570632934570312500e+00,-1.944184154272079468e-01,-7.832690477371215820e-01,5.586686730384826660e-01,-2.776377201080322266e-01,-1.835817247629165649e-01,2.970856726169586182e-01,-1.687668710947036743e-01,3.145253956317901611e-01,-6.265882253646850586e-01,6.984863281250000000e-01,-1.814288020133972168e+00,2.852593362331390381e-01,-1.626066416501998901e-01,-5.919863581657409668e-01,1.472795158624649048e-01,6.815890967845916748e-02,3.919578492641448975e-01,5.214766263961791992e-01,9.484611749649047852e-01,2.024847269058227539e+00,-1.482318520545959473e+00,9.621412158012390137e-01,-2.676906883716583252e-01,1.156502485275268555e+00,-9.831573963165283203e-01,1.365092396736145020e+00,-4.922831654548645020e-01,1.751005351543426514e-01,-6.741636991500854492e-01,8.423693180084228516e-01
-1.271710157394409180e+00,-4.050716459751129150e-01,9.344290494918823242e-01,9.142705798149108887e-01,-9.380881190299987793e-01,6.978129148483276367e-01,1.405828833580017090e+00,6.306722760200500488e-01,2.714731395244598389e-01,1.315885782241821289e+00,-6.946952342987060547e-01,-4.244000613689422607e-01,-1.324446082115173340e+00,1.407292038202285767e-01,4.680695235729217529e-01,-6.189372539520263672e-01,-1.192303538322448730e+00,-1.041597008705139160e+00,2.204010784626007080e-01,-7.902837395668029785e-01,3.138877749443054199e-01,1.188119649887084961e-01,1.306972622871398926e+00,-4.785871505737304688e-01,1.318224191665649414e+00,1.168230295181274414e+00,1.631977081298828125e+00,5.203186869621276855e-01,1.743553429841995239e-01,5.020776763558387756e-02,-1.712243795394897461e+00,-1.058835864067077637e+00,-8.423570990562438965e-01,1.550612688064575195e+00,1.009037017822265625e+00,-1.371144175529479980e+00,9.761323928833007812e-01,-2.778523564338684082e-01,-2.223828792572021484e+00,-1.405426859855651855e+00,-3.006364822387695312e+00,-6.075341701507568359e-01,1.809194684028625488e+00,5.678419470787048340e-01,2.049983739852905273e+00,-7.445490956306457520e-01,-6.836428493261337280e-02,3.162406086921691895e-01,3.166182339191436768e-01,1.579740047454833984e+00,1.655027627944946289e+00,2.937476336956024170e-01,-1.008950948715209961e+00,-2.473102509975433350e-01,-6.219069957733154297e-01,1.034622073173522949e+00,-5.130980014801025391e-01,-9.047491550445556641e-01,-1.298973560333251953e+00,-2.486651986837387085e-01,-2.185978442430496216e-01,1.487945616245269775e-01,1.024751588702201843e-01,1.347051024436950684e+00,3.854762911796569824e-01,-4.182428419589996338e-01,-9.376078844070434570e-01,1.657938599586486816e+00,5.309798121452331543e-01,-8.663746714591979980e-01,-1.316910624504089355e+00,-1.104051947593688965e+00,6.571131944656372070e-01,1.188840150833129883e+00,1.916662454605102539e-01,-1.388682246208190918e+00,6.921502947807312012e-02,-2.307047694921493530e-01,4.230786561965942383e-01,2.470501959323883057e-01,-9.094335883855819702e-02,6.474454700946807861e-02,-1.272194504737854004e+00,9.402747750282287598e-01,-3.796203732490539551e-01,-3.786795139312744141e-01,-8.120890259742736816e-01,-4.066633060574531555e-02,-1.310541927814483643e-01,-1.305939197540283203e+00,-9.922075867652893066e-01,-4.373701214790344238e-01,2.448461800813674927e-01,-1.744705200195312500e+00,5.639650225639343262e-01,4.118198752403259277e-01,1.612787365913391113e+00,6.713650226593017578e-01,-3.135937929153442383e+00,8.228350877761840820e-01
-8.563431501388549805e-01,9.272055029869079590e-01,9.543657898902893066e-01,1.327692031860351562e+00,-3.708082251250743866e-03,-1.009140968322753906e+00,5.886634588241577148e-01,-6.238102540373802185e-02,1.834367990493774414e+00,5.518656373023986816e-01,-8.233061432838439941e-01,-3.098618686199188232e-01,1.076331138610839844e-01,-5.235137343406677246e-01,9.679448604583740234e-02,-6.916484236717224121e-01,-1.621606826782226562e+00,1.133995652198791504e+00,-1.151217579841613770e+00,1.042629331350326538e-01,6.775508522987365723e-01,-8.651505708694458008e-01,-6.952602267265319824e-01,-1.523991972208023071e-01,-1.971100211143493652e+00,1.678963303565979004e+00,1.656939864158630371e+00,-9.942250847816467285e-01,4.077570438385009766e-01,1.082671046257019043e+00,2.242584675550460815e-01,-7.204692363739013672e-01,3.777817189693450928e-01,-7.436633110046386719e-01,-1.372335553169250488e+00,8.680842518806457520e-01,-4.627719521522521973e-02,-1.091869473457336426e+00,-5.346058607101440430e-01,6.301451921463012695e-01,1.603310465812683105e+00,5.253757536411285400e-02,-1.017012476921081543e+00,1.680117487907409668e+00,7.778754234313964844e-01,-9.671602249145507812e-01,8.366550803184509277e-01,1.535872936248779297e+00,1.123028874397277832e+00,5.474418401718139648e-01,8.474807143211364746e-01,1.599591493606567383e+00,-1.951848506927490234e+00,-1.617676854133605957e+00,-6.545168161392211914e-01,1.944930076599121094e+00,1.562904268503189087e-01,1.064434766769409180e+00,-7.985829710960388184e-01,-3.232889473438262939e-01,-2.024341970682144165e-01,-8.617095351219177246e-01,3.999757468700408936e-01,-1.673316478729248047e+00,1.688351631164550781e+00,5.900067090988159180e-01,-8.575279712677001953e-01,7.708614319562911987e-02,7.525703907012939453e-01,-1.921876192092895508e+00,7.282720208168029785e-01,-2.439372062683105469e+00,1.787343621253967285e+00,1.105914264917373657e-01,4.129977226257324219e-01,1.155429124832153320e+00,-2.849664986133575439e-01,-3.179597556591033936e-01,-1.432915449142456055e+00,1.469846606254577637e+00,-9.639753699302673340e-01,-1.575550884008407593e-01,-8.570858836174011230e-01,-3.597145974636077881e-01,-5.276764035224914551e-01,1.731429219245910645e+00,1.187807321548461914e+00,-6.493592858314514160e-01,-2.306859493255615234e-01,-4.225986301898956299e-01,-2.702382393181324005e-02,-1.991784572601318359e-02,-3.835021555423736572e-01,-2.821553051471710205e-01,2.214082181453704834e-01,2.120513439178466797e+00,3.572890162467956543e-01,5.512712001800537109e-01,1.496542215347290039e+00,-6.896672248840332031e-01
-2.911857366561889648e-01,1.101721405982971191e+00,1.134103655815124512e+00,1.537490367889404297e+00,-8.936904370784759521e-02,-1.141908168792724609e+00,1.869257330894470215e+00,8.385177850723266602e-01,1.351282715797424316e+00,-1.514840245246887207e+00,1.017444729804992676e+00,1.060816645622253418e+00,-9.648625850677490234e-01,1.505469828844070435e-01,-2.472661733627319336e-01,-1.419615626335144043e+00,9.019567966461181641e-01,1.661323457956314087e-01,-1.534327398985624313e-02,4.348711967468261719e-01,2.583163261413574219e+00,3.086530864238739014e-01,-1.408695936203002930e+00,3.185420930385589600e-01,8.596224784851074219e-01,5.719126462936401367e-01,-5.516294240951538086e-01,-1.435933232307434082e+00,1.222667574882507324e+00,-7.028351426124572754e-01,5.956397652626037598e-01,4.407320916652679443e-02,-5.482962727546691895e-01,-3.191553056240081787e-01,-6.028130054473876953e-01,2.086322307586669922e+00,3.525141477584838867e-01,-1.378422882407903671e-02,1.479445457458496094e+00,1.436408519744873047e+00,-1.754059076309204102e+00,3.939557373523712158e-01,-1.240266799926757812e+00,-6.949043273925781250e-01,-6.555637717247009277e-01,-1.401912212371826172e+00,9.652302265167236328e-01,8.724406957626342773e-01,-6.737973093986511230e-01,6.452605128288269043e-01,1.334259986877441406e+00,-1.432345628738403320e+00,1.475502252578735352e+00,6.522303223609924316e-01,6.581820845603942871e-01,-1.158370256423950195e+00,1.971794724464416504e+00,-1.078138351440429688e+00,5.634623169898986816e-01,-6.390359997749328613e-01,9.896372556686401367e-01,-2.478108406066894531e-01,-8.892427682876586914e-01,1.700223803520202637e+00,6.919936537742614746e-01,-5.731062293052673340e-01,-4.056824371218681335e-02,1.223409652709960938e+00,-2.246264696121215820e+00,1.055092096328735352e+00,3.635292127728462219e-02,-5.382947921752929688e-01,-1.852566897869110107e-01,-1.015800684690475464e-01,-1.021466478705406189e-01,-1.007163166999816895e+00,-1.097019076347351074e+00,-7.501921057701110840e-01,-4.694300293922424316e-01,1.514303326606750488e+00,-2.939160764217376709e-01,-1.180363297462463379e-01,-1.644533157348632812e+00,1.171381115913391113e+00,-8.142473101615905762e-01,-1.030543327331542969e+00,5.830810070037841797e-01,7.316228002309799194e-02,-5.363242328166961670e-02,1.446983963251113892e-01,1.692397147417068481e-01,1.533982634544372559e+00,-2.447633445262908936e-01,-2.545303665101528168e-02,-1.691496372222900391e-01,-9.833486080169677734e-01,-8.721727132797241211e-01,8.477849960327148438e-01,-1.586779475212097168e+00,-4.067927598953247070e-01
-1.066574454307556152e-02,-1.401068210601806641e+00,-7.244342565536499023e-01,-3.064743876457214355e-01,4.751354753971099854e-01,-1.282066702842712402e-01,1.104159832000732422e+00,-6.435614824295043945e-01,7.577451467514038086e-01,-1.642128080129623413e-01,-3.381369411945343018e-01,4.632479548454284668e-01,4.504440724849700928e-01,1.209125757217407227e+00,5.637399554252624512e-01,-1.782906204462051392e-01,-1.673729062080383301e+00,-1.007184386253356934e+00,4.030547440052032471e-01,1.673532605171203613e+00,9.256602525711059570e-01,4.703634679317474365e-01,-6.142520904541015625e-01,5.125724673271179199e-01,-1.497592806816101074e+00,1.648426175117492676e+00,8.026924729347229004e-01,1.197028085589408875e-01,-7.186961174011230469e-01,-1.744374819099903107e-02,3.950817584991455078e-01,-1.846726685762405396e-01,-7.515981793403625488e-01,-4.962321519851684570e-01,1.883800745010375977e+00,4.339728951454162598e-01,-4.498215913772583008e-01,-3.605662584304809570e-01,-1.524028778076171875e-01,1.056432247161865234e+00,1.207730770111083984e+00,-1.675028562545776367e+00,-5.063773393630981445e-01,3.302831351757049561e-01,1.410543322563171387e-01,-9.028097987174987793e-01,-1.400776058435440063e-01,6.778919696807861328e-01,2.095877408981323242e+00,-7.456465959548950195e-01,-2.686440646648406982e-01,-7.020279169082641602e-01,-1.047563433647155762e+00,1.430215239524841309e+00,1.299733161926269531e+00,9.530651569366455078e-01,1.083024069666862488e-01,-1.278795599937438965e+00,-7.178391516208648682e-02,1.245222538709640503e-01,-2.509795188903808594e+00,1.689168512821197510e-01,1.199897527694702148e+00,-1.481179356575012207e+00,-1.277294754981994629e+00,5.517237782478332520e-01,-1.391120851039886475e-01,-2.223776817321777344e+00,-2.728826999664306641e-01,-2.362278699874877930e-01,1.450610309839248657e-01,9.031578898429870605e-01,-3.697543591260910034e-02,1.013213247060775757e-01,-3.751951158046722412e-01,-1.992339611053466797e+00,-7.331716269254684448e-02,-8.154078722000122070e-01,-2.886941730976104736e-01,-1.147285848855972290e-01,-4.272834658622741699e-01,-1.196689605712890625e+00,1.347867131233215332e+00,-1.089261651039123535e+00,-1.279460638761520386e-01,-5.671231076121330261e-02,-8.368319272994995117e-01,-2.399392366409301758e+00,1.006792902946472168e+00,1.279585003852844238e+00,4.265588521957397461e-01,2.239755354821681976e-02,-9.084905385971069336e-01,-6.016662344336509705e-02,7.753137946128845215e-01,1.154556393623352051e+00,1.006370186805725098e+00,-1.100122094154357910e+00,2.344094514846801758e-01,9.187950491905212402e-01
-7.420174777507781982e-02,-1.240116000175476074e+00,-4.080406129360198975e-01,-7.786301374435424805e-01,1.376561284065246582e+00,-1.211053013801574707e+00,-1.120615482330322266e+00,8.090677261352539062e-01,6.080505847930908203e-01,-2.126810997724533081e-01,-1.207035064697265625e+00,-1.858870863914489746e+00,-8.001312613487243652e-02,1.132487058639526367e+00,-4.632422029972076416e-01,9.215794801712036133e-01,-5.839377045631408691e-01,-3.127040266990661621e-01,9.736693501472473145e-01,-1.863420009613037109e-02,3.929998278617858887e-01,1.407072544097900391e+00,-7.022501826286315918e-01,-1.041848808526992798e-01,7.120169401168823242e-01,-8.253428339958190918e-01,1.652261763811111450e-01,-1.112628936767578125e+00,9.148868322372436523e-01,2.622625827789306641e+00,1.663086891174316406e+00,-3.366910517215728760e-01,-1.595783978700637817e-01,-2.568380236625671387e-01,-2.953526675701141357e-01,1.227729916572570801e+00,1.283074170351028442e-01,2.600754737854003906e+00,3.297502696514129639e-01,8.937536478042602539e-01,3.926779925823211670e-01,1.386138916015625000e+00,-2.471832484006881714e-01,-1.559349536895751953e+00,3.131684958934783936e-01,-4.720446169376373291e-01,-1.990805417299270630e-01,-1.012026071548461914e+00,-1.565695285797119141e+00,-9.160547256469726562e-01,-1.341604828834533691e+00,1.154548525810241699e+00,7.041378617286682129e-01,-1.853213608264923096e-01,-1.108624100685119629e+00,4.401442408561706543e-01,-5.625681281089782715e-01,6.403280049562454224e-02,-8.554990887641906738e-01,8.005189299583435059e-01,1.402439951896667480e+00,6.797134876251220703e-01,1.119089841842651367e+00,7.272944450378417969e-01,7.029850482940673828e-01,-5.503280758857727051e-01,-1.208443790674209595e-01,1.914506196975708008e+00,6.017464995384216309e-01,-1.482156157493591309e+00,1.834410190582275391e+00,6.408565640449523926e-01,-3.458673655986785889e-01,-1.320960998535156250e+00,-1.487635850906372070e+00,-9.490445852279663086e-01,4.631516337394714355e-02,-1.158695444464683533e-01,-1.389021873474121094e+00,-4.455313384532928467e-01,5.597099065780639648e-01,-2.578675448894500732e-01,-6.296111941337585449e-01,1.880660802125930786e-01,4.784682393074035645e-01,-3.180750086903572083e-02,4.499762952327728271e-01,-1.346994161605834961e+00,1.521357774734497070e+00,1.609514653682708740e-01,-1.354207992553710938e+00,1.871165335178375244e-01,-5.755893141031265259e-02,-8.062575012445449829e-02,-1.738782048225402832e+00,-7.251254469156265259e-02,3.946062922477722168e-01,-1.076116487383842468e-01,-3.291811943054199219e-01,-9.628511220216751099e-02
-9.533083438873291016e-01,-5.357007980346679688e-01,1.281835317611694336e+00,7.137648761272430420e-02,-5.716147422790527344e-01,3.299690783023834229e-01,1.118477344512939453e+00,-2.990268170833587646e-01,-1.366779655218124390e-01,1.669983625411987305e+00,3.256093561649322510e-01,-5.253301262855529785e-01,-3.430439233779907227e-01,-1.783300889655947685e-03,-2.170240730047225952e-01,-3.385325195267796516e-03,-2.884741306304931641e+00,8.144860863685607910e-01,-9.419230818748474121e-01,-8.596668019890785217e-03,5.594077706336975098e-01,1.261968016624450684e+00,-2.188682556152343750e+00,-2.942895889282226562e-01,1.419381424784660339e-02,-4.375126659870147705e-01,-3.776445388793945312e-01,-9.866926819086074829e-02,5.181412696838378906e-01,-1.321800708770751953e+00,-2.090429812669754028e-01,9.393672943115234375e-01,1.049137115478515625e+00,-1.002134680747985840e+00,-4.419803917407989502e-01,8.907753229141235352e-01,6.865236759185791016e-01,4.939398765563964844e-01,1.011948704719543457e+00,5.173049569129943848e-01,-1.228330969810485840e+00,1.138059973716735840e+00,-1.850021630525588989e-01,2.429629564285278320e-01,-1.205589413642883301e+00,-3.453686237335205078e-01,-1.068103551864624023e+00,-6.986585259437561035e-01,-4.944217205047607422e-01,3.390120565891265869e-01,-1.015197992324829102e+00,4.311461746692657471e-01,-4.484589397907257080e-01,-3.637193441390991211e-01,7.473792433738708496e-01,2.987119436264038086e+00,1.323574185371398926e+00,-9.349138289690017700e-02,-4.672214686870574951e-01,-3.244584798812866211e-01,8.844156265258789062e-01,-4.830771982669830322e-01,-5.883768200874328613e-01,7.516353726387023926e-01,1.561214566230773926e+00,-7.514562606811523438e-01,1.064233779907226562e+00,7.007294893264770508e-01,-7.126849889755249023e-01,7.983433604240417480e-01,-4.435174763202667236e-01,-3.953941464424133301e-01,1.357133984565734863e+00,1.564549505710601807e-01,1.156347393989562988e+00,9.549081921577453613e-01,4.236661791801452637e-01,7.158455848693847656e-01,-7.164301872253417969e-01,8.791255950927734375e-01,-1.129992008209228516e+00,2.350929021835327148e+00,-1.072069108486175537e-01,-2.774279415607452393e-01,1.681234240531921387e+00,-6.061814427375793457e-01,-4.398627281188964844e-01,-5.295128226280212402e-01,-1.262342780828475952e-01,8.527794480323791504e-01,-9.077243208885192871e-01,1.355634808540344238e+00,2.388665676116943359e+00,1.332833170890808105e-01,-2.042676448822021484e+00,7.072726488113403320e-01,9.237176924943923950e-02,9.441368281841278076e-03,9.709631204605102539e-01,-1.298389673233032227e+00
-2.244172334671020508e+00,2.724139988422393799e-01,5.715476870536804199e-01,-6.537564992904663086e-01,-1.517092902213335037e-02,2.619432508945465088e-01,1.303387999534606934e+00,1.247935533523559570e+00,-2.282434403896331787e-01,4.906890988349914551e-01,3.516091704368591309e-01,2.028284817934036255e-01,-1.642332673072814941e+00,-3.739264607429504395e-01,1.637315750122070312e+00,1.558024525642395020e+00,-7.641116380691528320e-01,-1.106540322303771973e+00,-1.644731283187866211e+00,5.274556875228881836e-01,1.176534891128540039e+00,-2.837404236197471619e-02,3.568595051765441895e-01,-1.675097584724426270e+00,-8.565029501914978027e-01,2.060963362455368042e-01,8.254527449607849121e-01,-4.632969498634338379e-01,-8.990920186042785645e-01,3.396574258804321289e+00,1.284699559211730957e+00,-1.408242285251617432e-01,5.347561836242675781e-01,4.910866618156433105e-01,-6.249194145202636719e-01,1.388168573379516602e+00,-8.301604986190795898e-01,-4.741612076759338379e-01,7.971963882446289062e-01,9.917337298393249512e-01,3.529826104640960693e-01,7.161785960197448730e-01,-7.365745306015014648e-01,5.540547370910644531e-01,4.938777908682823181e-02,-1.990059465169906616e-01,1.777424097061157227e+00,-3.678076341748237610e-02,-1.622631698846817017e-01,6.170266866683959961e-01,3.562669828534126282e-02,-6.118751168251037598e-01,1.396287798881530762e+00,-9.055523276329040527e-01,1.094862580299377441e+00,-9.724103212356567383e-01,7.136388421058654785e-01,5.475485920906066895e-01,2.897768318653106689e-01,6.832463741302490234e-01,-5.348253846168518066e-01,1.778941035270690918e+00,-1.102874040603637695e+00,-9.960262104868888855e-03,-4.749898016452789307e-01,-1.643310189247131348e+00,-9.517124891281127930e-01,6.879019141197204590e-01,-1.480060368776321411e-01,2.404077291488647461e+00,3.864153027534484863e-01,-3.643097162246704102e+00,-2.201569825410842896e-01,9.217797517776489258e-01,6.998439431190490723e-01,-3.883842825889587402e-01,-1.123253628611564636e-01,2.048428505659103394e-01,1.069102287292480469e+00,-9.027907252311706543e-01,5.336511731147766113e-01,-7.842925786972045898e-01,2.585211992263793945e-01,-9.035977125167846680e-01,6.716682910919189453e-01,9.459080100059509277e-01,1.191222593188285828e-01,-1.331917285919189453e+00,3.171637952327728271e-01,-3.089367449283599854e-01,1.540516167879104614e-01,-1.499308645725250244e-01,-2.773254513740539551e-01,-1.027725815773010254e+00,-1.383105397224426270e+00,2.052487283945083618e-01,4.891562834382057190e-02,-2.819778621196746826e-01,-3.205491900444030762e-01,1.606662720441818237e-01
2.041283547878265381e-01,-2.620898485183715820e-01,7.808346152305603027e-01,8.765980005264282227e-01,6.081342101097106934e-01,-1.722995042800903320e+00,-1.071972370147705078e+00,-1.411785364151000977e+00,5.839642286300659180e-01,7.239852547645568848e-01,9.310603737831115723e-01,-8.125311732292175293e-01,1.949142575263977051e+00,-1.223250150680541992e+00,5.831504464149475098e-01,1.622094988822937012e+00,-1.548231124877929688e+00,1.753172755241394043e+00,-1.475395083427429199e+00,8.067833781242370605e-01,-1.866927266120910645e+00,-1.014045476913452148e+00,1.153832435607910156e+00,-2.099696546792984009e-01,1.211691379547119141e+00,6.787511706352233887e-02,-1.753646969795227051e+00,-6.409150362014770508e-02,-4.887047410011291504e-01,2.140815854072570801e-01,-3.377009332180023193e-01,-2.858677804470062256e-01,1.028184145689010620e-01,-8.475271463394165039e-01,-2.113705277442932129e-01,-2.077756822109222412e-01,1.184595108032226562e+00,1.513520479202270508e+00,-1.247106671333312988e+00,-2.523437142372131348e-01,-8.457611203193664551e-01,5.682892799377441406e-01,5.548253655433654785e-01,-4.899401962757110596e-01,1.259478569030761719e+00,1.661864668130874634e-01,1.761301010847091675e-01,3.567162156105041504e-01,8.852635025978088379e-01,7.146666049957275391e-01,9.836770296096801758e-01,-5.208464264869689941e-01,1.457087159156799316e+00,-9.273100495338439941e-01,7.952678203582763672e-01,1.549673378467559814e-01,-2.381924152374267578e+00,-3.949798643589019775e-01,6.990811824798583984e-01,-5.369139462709426880e-02,-6.481669545173645020e-01,-3.187263965606689453e+00,7.441183924674987793e-01,6.086286902427673340e-01,5.679490566253662109e-01,9.669985771179199219e-01,-2.697804942727088928e-03,-7.746413350105285645e-01,8.135329484939575195e-01,-7.774859666824340820e-02,2.450771480798721313e-01,4.151170849800109863e-01,-4.101005196571350098e-01,-4.087261557579040527e-01,1.923341155052185059e-01,5.459387898445129395e-01,-7.863964438438415527e-01,-1.450119495391845703e+00,6.453005969524383545e-02,-9.617419838905334473e-01,-1.696858644485473633e+00,2.101130783557891846e-01,-1.015710473060607910e+00,-4.724066555500030518e-01,7.226709723472595215e-01,1.620178520679473877e-01,3.551503121852874756e-01,-6.202578917145729065e-02,-1.324343681335449219e+00,5.202223062515258789e-01,-2.493262737989425659e-01,7.208724617958068848e-01,-6.165512204170227051e-01,9.412694722414016724e-02,-1.109748244285583496e+00,9.822474718093872070e-01,-4.405028223991394043e-01,9.809675812721252441e-02,-1.081909179687500000e+00,9.271812438964843750e-01
-3.359918892383575439e-01,1.732320070266723633e+00,5.311113595962524414e-01,9.766436815261840820e-01,9.141405224800109863e-01,2.230349928140640259e-03,-1.357247829437255859e+00,6.076574921607971191e-01,1.371638655662536621e+00,-6.903347969055175781e-01,-4.297293722629547119e-01,6.048686504364013672e-01,6.322796940803527832e-01,9.952132701873779297e-01,1.190967202186584473e+00,-5.154721140861511230e-01,-1.450252532958984375e+00,-1.417995810508728027e+00,-1.409542202949523926e+00,1.433071374893188477e+00,1.922417283058166504e-01,9.678266644477844238e-01,1.502611041069030762e+00,-1.297123432159423828e+00,5.189874768257141113e-01,-1.936012208461761475e-01,-1.813059687614440918e+00,1.560199707746505737e-01,-2.531667351722717285e-01,1.565261632204055786e-01,5.438784360885620117e-01,2.550880014896392822e-01,6.397953629493713379e-01,2.823229134082794189e-01,-8.202220201492309570e-01,3.768680989742279053e-01,-5.043566226959228516e-01,-6.537959575653076172e-01,1.793678402900695801e+00,-1.328217267990112305e+00,-1.220923900604248047e+00,-8.591884970664978027e-01,-1.125804543495178223e+00,-1.559072017669677734e+00,-1.275958061218261719e+00,-1.019073367118835449e+00,2.682546675205230713e-01,-1.718870520591735840e+00,-4.332726597785949707e-01,-3.076328039169311523e-01,-1.631859689950942993e-01,1.122817873954772949e+00,3.490342795848846436e-01,7.227920293807983398e-01,2.897290289402008057e-01,-1.373534798622131348e-01,-8.153878450393676758e-01,-8.896037936210632324e-01,-4.159496426582336426e-01,-1.111673355102539062e+00,-3.421112000942230225e-01,-6.860977411270141602e-01,-8.231459259986877441e-01,1.491472244262695312e+00,1.080628991127014160e+00,8.502255678176879883e-01,3.312643766403198242e-01,-1.381159573793411255e-01,1.037069559097290039e+00,1.077753543853759766e+00,9.993507862091064453e-01,1.504436135292053223e-02,-1.177406758069992065e-01,-4.998195767402648926e-01,-4.764095544815063477e-01,-3.920367658138275146e-01,1.129721283912658691e+00,-8.763936758041381836e-01,8.491068482398986816e-01,6.259787678718566895e-01,-2.456391572952270508e+00,1.002093195915222168e+00,-8.666372895240783691e-01,2.949704170227050781e+00,-1.036368846893310547e+00,9.732264280319213867e-02,1.554858684539794922e+00,-1.909394562244415283e-01,7.916209697723388672e-01,9.218248128890991211e-01,-3.261051177978515625e+00,1.583334922790527344e+00,9.909826517105102539e-02,-3.277429044246673584e-01,-1.144550070166587830e-01,-1.146556735038757324e+00,-1.488778442144393921e-01,9.811510890722274780e-02,9.464232325553894043e-01,-1.392339706420898438e+00
-1.676596045494079590e+00,-7.974492907524108887e-01,1.702289283275604248e-01,-7.238011360168457031e-01,1.030822563916444778e-02,1.045365482568740845e-01,-9.931498765945434570e-01,1.492552280426025391e+00,-2.510185539722442627e-01,-2.049298763275146484e+00,1.638787865638732910e+00,-2.036718875169754028e-01,1.084426641464233398e+00,-3.011400252580642700e-02,1.212159276008605957e+00,4.787409901618957520e-01,-5.138917565345764160e-01,-2.909872829914093018e-01,-3.887165784835815430e-01,-2.147245109081268311e-01,-5.943629145622253418e-01,1.397136598825454712e-01,-2.792824506759643555e-01,1.160380363464355469e+00,2.059341907501220703e+00,1.060273200273513794e-01,-1.040610194206237793e+00,5.479106903076171875e-01,1.329268813133239746e+00,-3.655620515346527100e-01,2.921102643013000488e-01,1.112796589732170105e-01,-5.214121937751770020e-01,-1.360582709312438965e-01,-8.638471961021423340e-01,1.720932275056838989e-01,-1.238973736763000488e+00,-8.894217610359191895e-01,-2.317523956298828125e-01,-3.164700791239738464e-02,9.333137869834899902e-01,-1.924202442169189453e-01,-3.024871945381164551e-01,-1.197469949722290039e+00,-1.326417803764343262e+00,-2.925372600555419922e+00,-2.041053056716918945e+00,-1.980281114578247070e+00,3.402059674263000488e-01,2.276554256677627563e-01,6.889804601669311523e-01,5.836746692657470703e-01,-1.070135116577148438e+00,-8.080205917358398438e-01,3.921517729759216309e-01,-3.570535182952880859e-01,1.493112683296203613e+00,-5.295625925064086914e-01,8.814243078231811523e-01,7.778027653694152832e-01,4.513843357563018799e-01,1.560269594192504883e-01,4.027613699436187744e-01,-1.222095489501953125e+00,3.336374461650848389e-01,-6.527560353279113770e-01,-1.052141785621643066e+00,4.314757883548736572e-01,-5.542374849319458008e-01,-4.439726844429969788e-02,2.649571657180786133e+00,-1.143926158547401428e-01,-6.294887065887451172e-01,2.323111295700073242e-01,5.051462911069393158e-03,-6.594501733779907227e-01,4.126242697238922119e-01,-3.319214582443237305e-01,-6.886972188949584961e-01,-1.372072100639343262e+00,8.033673167228698730e-01,-1.675726890563964844e+00,-3.250310122966766357e-01,8.038824796676635742e-01,7.415283918380737305e-01,7.198075056076049805e-01,7.705101370811462402e-01,9.259207248687744141e-01,2.686107158660888672e-01,-1.679602503776550293e+00,-8.188156038522720337e-02,-7.418095469474792480e-01,-1.395190477371215820e+00,-1.301736712455749512e+00,-3.882340192794799805e-01,-5.615518689155578613e-01,-1.076484799385070801e+00,-3.207765221595764160e-01,2.189894467592239380e-01,2.392834186553955078e+00
-2.938320040702819824e-01,5.158076286315917969e-01,-2.132820129394531250e+00,1.288869023323059082e+00,1.427105426788330078e+00,-7.528671622276306152e-01,1.930082030594348907e-02,-5.601006746292114258e-01,8.186109066009521484e-01,8.980917334556579590e-01,-1.338928580284118652e+00,6.582614779472351074e-01,-1.977472566068172455e-02,1.596535891294479370e-01,-5.110064148902893066e-01,-9.758967757225036621e-01,1.155909061431884766e+00,-1.303618669509887695e+00,1.608358144760131836e+00,6.596527099609375000e-01,-6.205465197563171387e-01,-3.392271995544433594e-01,-7.272504270076751709e-02,1.116145014762878418e+00,-9.026089310646057129e-01,3.146156296133995056e-02,5.894764065742492676e-01,1.919022560119628906e+00,-9.364472031593322754e-01,1.188510894775390625e+00,3.690123558044433594e-01,9.267783164978027344e-01,-1.047888755798339844e+00,-1.410435199737548828e+00,-1.625890851020812988e+00,1.336299180984497070e+00,-7.614267468452453613e-01,1.796092748641967773e+00,2.807210683822631836e-01,-1.133528828620910645e+00,2.174195766448974609e+00,-8.304414749145507812e-01,-1.578926205635070801e+00,2.869178652763366699e-01,5.075016245245933533e-02,-7.762780785560607910e-01,-3.038959503173828125e-01,-4.936718642711639404e-01,1.966354489326477051e+00,5.876199603080749512e-01,-2.140316665172576904e-01,-8.238165378570556641e-01,-6.510540843009948730e-01,-1.733526110649108887e+00,8.802922964096069336e-01,-1.347811341285705566e+00,7.641808390617370605e-01,-4.712599813938140869e-01,1.897079646587371826e-01,1.760097742080688477e+00,1.149237632751464844e+00,7.675653100013732910e-01,-1.054591313004493713e-01,3.194581270217895508e-01,3.089986741542816162e-01,4.362540245056152344e-01,1.516877770423889160e+00,-5.345181226730346680e-01,-1.203789710998535156e+00,1.057661533355712891e+00,4.703227877616882324e-01,-4.344019293785095215e-01,1.760444760322570801e+00,1.047036647796630859e+00,6.438845396041870117e-01,1.306308507919311523e+00,-6.262171268463134766e-01,-4.907338023185729980e-01,-2.257498502731323242e-01,8.804507851600646973e-01,6.014604568481445312e-01,6.584703177213668823e-02,4.464287161827087402e-01,-9.931271076202392578e-01,4.975263178348541260e-01,2.930443584918975830e-01,5.195564627647399902e-01,7.136914730072021484e-01,2.330603897571563721e-01,1.360708355903625488e+00,1.431843161582946777e+00,-4.274561107158660889e-01,-3.438612222671508789e-01,-7.881152629852294922e-01,-4.934036433696746826e-01,-8.929424881935119629e-01,3.999381512403488159e-02,1.204004168510437012e+00,-1.174630284309387207e+00,4.696180224418640137e-01
1.833131432533264160e+00,-3.091045916080474854e-01,7.054100185632705688e-02,-1.316054612398147583e-01,-4.799723923206329346e-01,9.859066009521484375e-01,-4.878957569599151611e-01,-1.901657730340957642e-01,-7.472662329673767090e-01,-1.969113945960998535e+00,2.993873655796051025e-01,2.709435939788818359e+00,-6.178703308105468750e-01,-2.219456672668457031e+00,1.036725163459777832e+00,-9.269462823867797852e-01,1.694848090410232544e-01,-5.612847208976745605e-01,-3.653200864791870117e-01,2.634965777397155762e-01,-3.384367004036903381e-02,6.263665556907653809e-01,-7.981920838356018066e-01,-4.841537177562713623e-01,5.288025736808776855e-01,-2.542516291141510010e-01,-1.643858194351196289e+00,-4.850408434867858887e-01,4.104631543159484863e-01,1.224178075790405273e+00,5.797823071479797363e-01,1.793581962585449219e+00,1.214621439576148987e-01,1.019793391227722168e+00,1.409840434789657593e-01,-6.901601552963256836e-01,3.049256503582000732e-01,4.588827192783355713e-01,1.880238771438598633e+00,-5.527458786964416504e-01,2.799721658229827881e-01,6.351667046546936035e-01,-7.367100119590759277e-01,-1.447859406471252441e-01,-1.686046957969665527e+00,9.554685950279235840e-01,7.589846849441528320e-01,-7.829339057207107544e-02,1.593022704124450684e+00,1.666905581951141357e-01,1.347530484199523926e-01,-7.991802692413330078e-01,9.700139164924621582e-01,-1.142333626747131348e+00,1.279261112213134766e+00,2.060858532786369324e-02,1.009466409683227539e+00,-3.751863241195678711e-01,-5.487228035926818848e-01,1.585644602775573730e+00,1.358112096786499023e+00,8.880245089530944824e-01,-2.223728150129318237e-01,2.109182596206665039e+00,2.813017964363098145e-01,-7.292541861534118652e-01,9.105541706085205078e-01,-1.903167963027954102e-01,-2.750912010669708252e-01,-5.426340550184249878e-02,-1.070053219795227051e+00,2.902775704860687256e-01,-2.708525061607360840e-01,6.027883291244506836e-01,4.478258788585662842e-01,-5.927678346633911133e-01,1.277965866029262543e-02,-1.374915122985839844e+00,1.620962142944335938e+00,2.564224004745483398e-01,8.129271864891052246e-01,2.876485288143157959e-01,-2.219287604093551636e-01,-4.188453555107116699e-01,-1.891965389251708984e+00,-1.666466593742370605e-01,-1.746627315878868103e-02,7.879465073347091675e-02,1.374595642089843750e+00,1.377594947814941406e+00,3.326306641101837158e-01,-2.092160098254680634e-02,-1.767458468675613403e-01,2.309460639953613281e+00,1.595915675163269043e+00,-3.213965892791748047e-01,5.249374508857727051e-01,-5.275343060493469238e-01,8.966318964958190918e-01,1.241003125905990601e-01
-1.894187182188034058e-01,-5.098278522491455078e-01,-1.145672440528869629e+00,-1.030127525329589844e+00,1.461074709892272949e+00,9.893770515918731689e-02,-1.039993047714233398e+00,1.258896231651306152e+00,-6.036585569381713867e-01,5.458589792251586914e-01,1.961571931838989258e+00,-9.719031453132629395e-01,2.224531650543212891e+00,2.673554897308349609e+00,-6.620332598686218262e-01,-1.378232598304748535e+00,-2.913772761821746826e-01,5.885968208312988281e-01,-5.181856155395507812e-01,-1.002274036407470703e+00,6.641799211502075195e-01,-2.081040591001510620e-01,-1.651929020881652832e+00,1.627148985862731934e-01,-7.626131176948547363e-01,2.036090195178985596e-01,-4.848203063011169434e-01,-1.213668227195739746e+00,5.139424800872802734e-01,-1.107079908251762390e-02,1.336926817893981934e+00,1.726239204406738281e+00,1.152257323265075684e+00,-1.186761379241943359e+00,-1.432644844055175781e+00,5.847988724708557129e-01,4.905420541763305664e-01,-4.540620446205139160e-01,-2.031924575567245483e-01,-1.661450743675231934e+00,-2.632171809673309326e-01,6.117247343063354492e-01,1.769093722105026245e-01,-1.162757158279418945e+00,-2.170486927032470703e+00,1.046644568443298340e+00,1.989457249641418457e+00,1.246903061866760254e+00,-3.104818463325500488e-01,-2.358637809753417969e+00,1.054039001464843750e+00,1.675245165824890137e+00,-2.672537088394165039e+00,-5.722648501396179199e-01,1.173299908638000488e+00,-1.274905920028686523e+00,-3.654382824897766113e-01,-6.264361143112182617e-01,-6.864308118820190430e-01,1.609682589769363403e-01,5.268083810806274414e-01,-5.784661769866943359e-01,1.190582871437072754e+00,-3.983029127120971680e-01,-6.819444242864847183e-03,-1.060144901275634766e+00,-1.113925457000732422e+00,2.703696489334106445e-01,-2.099265813827514648e+00,-3.303812444210052490e-01,2.747574746608734131e-01,9.221705049276351929e-02,4.951491057872772217e-01,1.296453028917312622e-01,-1.153393983840942383e+00,1.457308828830718994e-01,5.069492012262344360e-02,-5.756943821907043457e-01,5.460535883903503418e-01,9.982453584671020508e-01,-1.782935976982116699e+00,2.992483079433441162e-01,1.445188164710998535e+00,-4.214677214622497559e-01,-2.057212114334106445e+00,2.506790757179260254e-01,-8.896461129188537598e-01,2.295462608337402344e+00,-6.320354938507080078e-01,9.140955209732055664e-01,6.993392109870910645e-02,1.104884505271911621e+00,5.184691399335861206e-02,-6.784210205078125000e-01,-3.508911728858947754e-01,-9.266312122344970703e-01,1.184821009635925293e+00,9.779580868780612946e-03,1.621389389038085938e+00,2.500245273113250732e-01
5.902851223945617676e-01,-1.645557880401611328e-01,3.015106618404388428e-01,4.947231709957122803e-01,-1.895186901092529297e-01,-1.767542362213134766e+00,-9.379507303237915039e-01,-1.712045669555664062e+00,1.124691128730773926e+00,4.189846813678741455e-01,1.995771676301956177e-01,-5.871793031692504883e-01,-9.146062135696411133e-01,-9.843578934669494629e-01,3.130282461643218994e-01,-2.022408097982406616e-01,-9.589966535568237305e-01,7.296961545944213867e-01,8.813548833131790161e-02,3.796414732933044434e-01,-6.013455986976623535e-01,-2.318617552518844604e-01,-9.093142151832580566e-01,1.335784316062927246e+00,3.043158352375030518e-02,1.719864487648010254e+00,9.792448878288269043e-01,1.217991948127746582e+00,-6.337449550628662109e-01,3.025024831295013428e-01,9.268855452537536621e-01,-1.365521311759948730e+00,2.174435704946517944e-01,1.564399152994155884e-01,-2.078156709671020508e+00,1.910184770822525024e-01,-7.210520505905151367e-01,-5.104453563690185547e-01,7.383587360382080078e-01,-8.119112811982631683e-03,1.194567203521728516e+00,2.093596905469894409e-01,-1.838361144065856934e+00,4.914845153689384460e-02,-4.217688441276550293e-01,8.919716477394104004e-01,-2.361043542623519897e-02,-1.868858784437179565e-01,1.064615845680236816e+00,8.732120990753173828e-01,-1.372023344039916992e+00,-5.505142211914062500e-01,1.568184196949005127e-01,-1.897420644760131836e+00,-1.742173880338668823e-01,1.714103102684020996e+00,6.721353530883789062e-01,1.019181966781616211e+00,-7.774767875671386719e-01,-1.507321238517761230e+00,5.641763657331466675e-02,-4.616675376892089844e-01,5.694727301597595215e-01,6.075307726860046387e-01,5.643501877784729004e-01,-6.742640137672424316e-01,1.673224210739135742e+00,2.551951706409454346e-01,-4.408655762672424316e-01,5.383392572402954102e-01,-6.472760811448097229e-03,8.476752042770385742e-01,1.250651121139526367e+00,-4.926061928272247314e-01,2.974376976490020752e-01,9.407530426979064941e-01,-1.024917840957641602e+00,-5.758495330810546875e-01,-7.105515003204345703e-01,-1.847621649503707886e-01,-2.951431989669799805e+00,-7.833869457244873047e-01,3.687632679939270020e-01,4.822998642921447754e-01,2.362611055374145508e+00,1.154514908790588379e+00,1.996631771326065063e-01,-1.265926003456115723e+00,2.144536018371582031e+00,-8.836352229118347168e-01,-5.339906811714172363e-01,-1.920822381973266602e+00,-9.528461694717407227e-01,5.340268611907958984e-01,-6.625896096229553223e-01,-1.102101922035217285e+00,-2.075165033340454102e+00,3.246485292911529541e-01,1.400562286376953125e+00,1.788955092430114746e+00
-3.765574190765619278e-03,1.255270600318908691e+00,1.218904733657836914e+00,3.685732781887054443e-01,-5.973370075225830078e-01,-3.680372536182403564e-01,1.874511092901229858e-01,-4.200863242149353027e-01,6.583401560783386230e-01,4.099634885787963867e-01,1.028424501419067383e+00,1.128903031349182129e+00,2.069457434117794037e-03,2.187446355819702148e-01,1.366261720657348633e+00,9.145208597183227539e-01,-2.537771463394165039e-01,-4.053267538547515869e-01,1.240013837814331055e+00,2.507461309432983398e-01,-9.763076305389404297e-01,8.919630050659179688e-01,6.615543365478515625e-01,-2.459551990032196045e-01,-1.208512306213378906e+00,-2.206263989210128784e-01,-1.339059591293334961e+00,1.344448477029800415e-01,-2.234391450881958008e+00,-1.021390318870544434e+00,1.124062895774841309e+00,-6.024866104125976562e-01,4.284575954079627991e-02,7.269811034202575684e-01,6.385976672172546387e-01,-3.649770021438598633e-01,-2.385744601488113403e-01,-1.291634082794189453e+00,3.481775522232055664e-02,1.164189457893371582e+00,3.651367127895355225e-02,1.243233323097229004e+00,-8.301534652709960938e-01,3.934278786182403564e-01,-3.280153572559356689e-01,2.264853864908218384e-01,6.663444042205810547e-01,8.460550308227539062e-01,-8.368523716926574707e-01,1.001495957374572754e+00,-4.348231256008148193e-01,2.752426624298095703e+00,6.073744893074035645e-01,6.263809204101562500e-01,4.609959423542022705e-01,-1.693764567375183105e+00,-2.186242789030075073e-01,8.307389616966247559e-01,1.687785029411315918e+00,1.074728012084960938e+00,9.577788412570953369e-02,-7.092413902282714844e-01,-1.663858145475387573e-01,-4.304056465625762939e-01,8.281505107879638672e-01,7.798207998275756836e-01,-2.084679752588272095e-01,6.614642143249511719e-01,3.659920394420623779e-01,2.860519848763942719e-02,5.480626821517944336e-01,2.854025959968566895e-01,8.444114327430725098e-01,-3.849172592163085938e-02,8.734346032142639160e-01,-5.702750757336616516e-02,-2.003539562225341797e+00,1.891937404870986938e-01,7.608666419982910156e-01,-2.448831319808959961e+00,-2.078361511230468750e-01,4.991840124130249023e-01,-7.006827592849731445e-01,1.055968523025512695e+00,9.920734167098999023e-02,2.617234587669372559e-01,8.039146661758422852e-01,-1.425282478332519531e+00,1.172427177429199219e+00,-1.688129454851150513e-01,1.017457365989685059e+00,-5.926763266324996948e-02,5.290689468383789062e-01,7.447884678840637207e-01,-1.429908871650695801e+00,-2.415414094924926758e+00,-6.427552700042724609e-01,-3.249267637729644775e-01,-9.672195464372634888e-02,7.596852779388427734e-01
7.354402542114257812e-01,1.602251648902893066e+00,6.226602196693420410e-01,5.644715428352355957e-01,-5.354782938957214355e-01,-1.295993566513061523e+00,1.284174084663391113e+00,5.777066200971603394e-02,6.445572972297668457e-01,-2.104514539241790771e-01,-7.885687053203582764e-02,-1.881785690784454346e-02,-9.212229847908020020e-01,7.700403928756713867e-01,-1.795678257942199707e+00,2.831747233867645264e-01,4.436125457286834717e-01,-1.047665953636169434e+00,-1.030981779098510742e+00,1.277535557746887207e+00,1.057145118713378906e+00,9.812235236167907715e-01,-5.344563722610473633e-01,-1.169120669364929199e+00,-1.849175453186035156e+00,3.279093205928802490e-01,-1.390653133392333984e+00,4.170638322830200195e-01,-1.651960730552673340e+00,-4.025662690401077271e-02,-8.236239552497863770e-01,1.566942691802978516e+00,-2.577941179275512695e+00,-8.888322114944458008e-01,2.118248939514160156e-01,1.332359194755554199e+00,7.365859150886535645e-01,1.284825086593627930e+00,1.419799327850341797e-01,1.274239551275968552e-02,1.749591469764709473e+00,-2.910627424716949463e-01,9.041830897331237793e-01,-1.553740650415420532e-01,3.365463614463806152e-01,9.571744799613952637e-01,2.807622551918029785e-01,-8.352453112602233887e-01,9.071814417839050293e-01,1.318221807479858398e+00,-8.610960841178894043e-01,-1.855887532234191895e+00,-2.931947261095046997e-02,1.892091155052185059e+00,-1.132784008979797363e+00,8.032989501953125000e-01,-1.068017840385437012e+00,-7.768850028514862061e-02,-5.765160918235778809e-01,1.081509113311767578e+00,-1.090520501136779785e+00,1.100345015525817871e+00,1.202624797821044922e+00,-7.428371906280517578e-02,-1.556316912174224854e-01,-5.125040411949157715e-01,1.509539604187011719e+00,2.962235212326049805e-01,1.903627634048461914e+00,6.166890859603881836e-01,2.376554310321807861e-01,6.226773858070373535e-01,4.982508122920989990e-01,-5.099162459373474121e-01,-2.402182370424270630e-01,-1.642662644386291504e+00,9.266602993011474609e-01,-1.519467353820800781e+00,2.704237699508666992e+00,-2.358174417167901993e-03,6.608256101608276367e-01,-8.374331593513488770e-01,1.192423850297927856e-01,1.654409766197204590e+00,-6.840206980705261230e-01,-1.666450798511505127e-01,5.398542284965515137e-01,-7.495126128196716309e-01,-4.548956453800201416e-02,1.242813110351562500e+00,-1.392799258232116699e+00,-1.551595211029052734e+00,-8.596856594085693359e-01,1.253549218177795410e+00,-5.345907807350158691e-01,-1.012191772460937500e+00,1.407162189483642578e+00,1.165674686431884766e+00,-1.107347488403320312e+00,-1.486238360404968262e+00
-1.573128223419189453e+00,-2.658204920589923859e-02,1.376675009727478027e+00,7.154814153909683228e-02,9.163630008697509766e-01,7.855865359306335449e-01,1.255394220352172852e+00,-6.291598677635192871e-01,-7.787366509437561035e-01,-2.510936498641967773e+00,1.296539783477783203e+00,2.333883568644523621e-02,-2.981179654598236084e-01,9.392868727445602417e-02,-1.699929594993591309e+00,-1.761948108673095703e+00,5.044594034552574158e-02,-1.635001182556152344e+00,1.044526398181915283e-01,1.400644183158874512e+00,1.355635762214660645e+00,-6.561862230300903320e-01,-7.649412155151367188e-01,2.069988012313842773e+00,3.245359957218170166e-01,9.777033925056457520e-01,1.370645165443420410e+00,9.961149692535400391e-01,6.388787627220153809e-01,-9.045858681201934814e-02,1.351426362991333008e+00,1.877665400505065918e+00,-8.516088724136352539e-01,-2.100093126296997070e+00,1.104952022433280945e-02,1.004123240709304810e-01,4.169670343399047852e-01,4.582506418228149414e-01,1.380641698837280273e+00,1.987664222717285156e+00,1.022080853581428528e-01,-3.947394490242004395e-01,-8.620589971542358398e-01,-1.785055279731750488e+00,4.361781477928161621e-01,-1.197528719902038574e+00,8.993940353393554688e-01,-1.231929898262023926e+00,-1.451375186443328857e-01,1.487047910690307617e+00,-1.413335949182510376e-01,1.374712467193603516e+00,-1.325416713953018188e-01,-1.034290865063667297e-01,-5.729501843452453613e-01,-9.252945780754089355e-01,-8.139521479606628418e-01,2.480050474405288696e-01,-1.241333127021789551e+00,-2.815147876739501953e+00,-1.291538000106811523e+00,6.748565286397933960e-02,5.692014694213867188e-01,5.629851222038269043e-01,-1.489361226558685303e-01,2.445182204246520996e-01,-3.110734224319458008e-01,-1.708256244659423828e+00,4.511606693267822266e-01,-6.803372502326965332e-01,5.507427453994750977e-01,-7.804227471351623535e-01,1.074047923088073730e+00,-7.364967465400695801e-02,8.981389403343200684e-01,-8.839627504348754883e-01,1.890076160430908203e+00,-1.036762952804565430e+00,-3.050837516784667969e-01,-1.327876806259155273e+00,9.938741922378540039e-01,-6.282857060432434082e-01,-1.423802018165588379e+00,-3.727076768875122070e+00,-7.787691950798034668e-01,-1.226220011711120605e+00,5.788308382034301758e-02,5.508757196366786957e-03,2.166972875595092773e+00,-4.612141549587249756e-01,-1.864025145769119263e-01,1.042827010154724121e+00,1.404574364423751831e-01,-3.886600583791732788e-02,7.160722613334655762e-01,-1.650722384452819824e+00,2.386507391929626465e-01,-6.659237742424011230e-01,-2.386396527290344238e-01,-8.913052082061767578e-01
1.192010045051574707e+00,1.685088500380516052e-02,3.529169261455535889e-01,-3.810313642024993896e-01,9.628285169601440430e-01,1.229142189025878906e+00,-1.670189023017883301e+00,9.612885713577270508e-01,2.199104242026805878e-02,3.910027742385864258e-01,1.455462336540222168e+00,1.547914624214172363e+00,-1.128719210624694824e+00,-3.083206713199615479e-03,-8.245097398757934570e-01,4.556746780872344971e-01,-4.439354538917541504e-01,2.899221181869506836e-01,1.107005104422569275e-01,4.899711534380912781e-02,-1.329317808151245117e+00,3.705481290817260742e-01,-1.482280969619750977e+00,-6.813991665840148926e-01,-8.504279255867004395e-01,1.006889820098876953e+00,-4.039373397827148438e-01,-4.822558462619781494e-01,9.626404643058776855e-01,-4.995003044605255127e-01,-3.562826514244079590e-01,1.022818803787231445e+00,-3.608214259147644043e-01,8.981370329856872559e-01,1.118405222892761230e+00,-1.228344559669494629e+00,4.845188856124877930e-01,-9.606682658195495605e-01,5.328966975212097168e-01,2.088258266448974609e+00,4.571555852890014648e-01,1.823197156190872192e-01,-1.523591019213199615e-02,-2.435997128486633301e-01,1.329418420791625977e-01,1.328541636466979980e+00,1.014243125915527344e+00,-7.288114428520202637e-01,1.383835315704345703e+00,-4.689434468746185303e-01,6.735541224479675293e-01,1.496393531560897827e-01,1.108310580253601074e+00,-6.683288812637329102e-01,9.372417926788330078e-01,-1.709021687507629395e+00,7.302138805389404297e-01,-1.173112750053405762e+00,1.253843307495117188e-02,1.510442018508911133e+00,2.837209701538085938e-01,3.280243575572967529e-01,1.501048326492309570e+00,2.860547304153442383e-01,3.699380159378051758e-01,1.285049676895141602e+00,-1.077162146568298340e+00,-9.707353115081787109e-01,1.355077266693115234e+00,-4.376327097415924072e-01,-8.514593243598937988e-01,5.580145716667175293e-01,8.610787391662597656e-01,-1.008353352546691895e+00,-4.166943132877349854e-01,-3.878158330917358398e-01,1.779575496912002563e-01,-1.746960639953613281e+00,-1.246931124478578568e-02,2.362994551658630371e-01,-3.000725507736206055e-01,2.821705043315887451e-01,1.351791858673095703e+00,-4.319835901260375977e-01,1.339909195899963379e+00,2.403728663921356201e-01,-3.882802128791809082e-01,-1.075301051139831543e+00,1.378483533859252930e+00,-6.721509099006652832e-01,-1.614365577697753906e+00,-5.265156626701354980e-01,8.068146705627441406e-01,-8.764092624187469482e-02,-3.375213742256164551e-01,4.536862373352050781e-01,6.280344724655151367e-01,3.592852056026458740e-01,3.935198783874511719e-01,4.778163135051727295e-01
-3.870052099227905273e-01,-5.600954294204711914e-01,-3.183987736701965332e-01,1.091141819953918457e+00,-1.071669578552246094e+00,-1.308884263038635254e+00,-4.341678619384765625e-01,-1.926221013069152832e+00,-1.906409025192260742e+00,1.971152871847152710e-01,4.889122247695922852e-01,2.350797504186630249e-02,-1.049227237701416016e+00,2.589682638645172119e-01,1.627696514129638672e+00,1.357437133789062500e+00,-4.791954755783081055e-01,-7.344080805778503418e-01,7.443739175796508789e-01,7.576320767402648926e-01,-1.217542409896850586e+00,2.686212956905364990e-01,1.594582080841064453e+00,-3.060906231403350830e-01,-5.103134512901306152e-01,3.912023901939392090e-01,7.393857240676879883e-01,-4.618029892444610596e-01,-1.558425784111022949e+00,-1.353731393814086914e+00,9.631773233413696289e-01,1.314543724060058594e+00,-3.167347908020019531e-01,-4.093199670314788818e-01,-1.944132328033447266e+00,1.694402575492858887e+00,-2.266201972961425781e-01,-4.301486313343048096e-01,-3.289040923118591309e-01,1.244063854217529297e+00,3.014079034328460693e-01,5.157830938696861267e-02,-7.224495410919189453e-01,1.348401665687561035e+00,-6.397185325622558594e-01,1.961750388145446777e-01,-1.392700523138046265e-01,-1.125990152359008789e-01,1.150297164916992188e+00,2.874064922332763672e+00,2.154270745813846588e-02,1.108643651008605957e+00,-9.943214058876037598e-01,-6.734306216239929199e-01,-1.530425250530242920e-01,-3.340040519833564758e-02,-8.401874899864196777e-01,1.358596920967102051e+00,-2.414377629756927490e-01,2.796049118041992188e-01,-1.123948216438293457e+00,-3.555199503898620605e-01,1.443034291267395020e+00,4.496756196022033691e-01,-8.209805488586425781e-01,-1.106014728546142578e+00,2.585588097572326660e-01,1.517469048500061035e+00,8.057481646537780762e-01,1.609051942825317383e+00,-9.135503172874450684e-01,5.376525521278381348e-01,-9.759715199470520020e-02,2.232593774795532227e+00,-3.368920683860778809e-01,1.123911142349243164e+00,-2.428815215826034546e-01,1.602029800415039062e+00,-1.468238234519958496e+00,-2.026853084564208984e+00,-1.153717041015625000e+00,3.807722032070159912e-01,-1.723180174827575684e+00,2.977322936058044434e-01,-1.730151325464248657e-01,-1.459426999092102051e+00,3.755454719066619873e-01,-2.201136052608489990e-01,9.939180612564086914e-01,-4.305432736873626709e-01,-2.662962973117828369e-01,-1.248744368553161621e+00,-1.170437097549438477e+00,-3.058494627475738525e-01,-1.980350255966186523e+00,-7.847149372100830078e-01,-2.191792726516723633e+00,-1.163268089294433594e+00,1.236538171768188477e+00,9.086841344833374023e-01
-1.735300421714782715e+00,3.937397897243499756e-01,-1.913985967636108398e+00,-5.727493762969970703e-01,-6.195513606071472168e-01,8.002089262008666992e-01,-1.382461309432983398e+00,-6.807725429534912109e-01,8.254772424697875977e-01,7.533999085426330566e-01,-9.130177497863769531e-01,1.044769212603569031e-01,1.240560293197631836e+00,1.080207228660583496e+00,7.113382220268249512e-01,-9.790641069412231445e-01,-8.738647103309631348e-01,9.676499366760253906e-01,9.766497611999511719e-01,-1.370831489562988281e+00,-8.910444378852844238e-01,1.314059495925903320e+00,1.503833055496215820e+00,7.546759247779846191e-01,2.038357108831405640e-01,-1.302333027124404907e-01,1.351187705993652344e+00,4.423789680004119873e-02,-8.995280861854553223e-01,3.607586622238159180e-01,1.828545451164245605e+00,1.135790228843688965e+00,-9.192440509796142578e-01,-5.450292229652404785e-01,-3.751942813396453857e-01,7.595470547676086426e-01,6.153313517570495605e-01,5.361631512641906738e-01,-8.290939927101135254e-01,-8.684486746788024902e-01,7.966783642768859863e-01,1.176921606063842773e+00,-1.144513726234436035e+00,-1.372267961502075195e+00,-2.965473175048828125e+00,1.887933254241943359e+00,-8.300802707672119141e-01,5.561333894729614258e-01,-1.662638068199157715e+00,-3.049226999282836914e-01,-3.529603779315948486e-01,1.344759345054626465e+00,-8.616280555725097656e-01,6.474795341491699219e-01,6.984770298004150391e-01,1.879817843437194824e+00,-1.562903165817260742e+00,7.373230457305908203e-01,1.245954513549804688e+00,1.096986770629882812e+00,-9.272632747888565063e-02,-1.072711110115051270e+00,-5.718236565589904785e-01,-1.744560003280639648e+00,-7.619510293006896973e-01,-2.684669010341167450e-02,7.871849536895751953e-01,-1.215318799018859863e+00,1.478056311607360840e+00,-1.163622498512268066e+00,4.723022878170013428e-01,3.770648539066314697e-01,1.906052231788635254e-01,-8.861774802207946777e-01,-2.232373803853988647e-01,-9.264456480741500854e-02,2.329559773206710815e-01,-1.363414645195007324e+00,3.784975707530975342e-01,2.952014803886413574e-01,-9.400725364685058594e-01,1.342559933662414551e+00,-7.082856893539428711e-01,-2.284207642078399658e-01,1.586989521980285645e+00,1.084381341934204102e+00,-5.790440440177917480e-01,-2.199024558067321777e-01,-1.557314991950988770e+00,-2.035154998302459717e-01,-1.244907975196838379e+00,-4.203947633504867554e-02,-1.462200760841369629e+00,-1.120142817497253418e+00,5.217322707176208496e-01,1.564352273941040039e+00,-1.642153501510620117e+00,6.238201260566711426e-01,1.090408205986022949e+00,1.040617585182189941e+00
-1.454744219779968262e+00,-9.578271508216857910e-01,-6.654149889945983887e-01,-7.774636745452880859e-01,1.141942977905273438e+00,1.736678361892700195e+00,5.239907503128051758e-01,5.420889854431152344e-01,2.044131308794021606e-01,1.043963670730590820e+00,-2.515404224395751953e-01,9.849936366081237793e-01,4.462182223796844482e-01,-7.313497066497802734e-01,-1.251766562461853027e+00,3.719381093978881836e-01,-2.538133263587951660e-01,1.139929652214050293e+00,5.433070659637451172e-01,3.197621703147888184e-01,-1.645788669586181641e+00,8.452869057655334473e-01,1.992619395256042480e+00,-2.015595436096191406e-01,-5.981614589691162109e-01,2.830962240695953369e-01,-1.076545044779777527e-01,-9.365729093551635742e-01,-4.429651424288749695e-02,-2.352362155914306641e+00,-1.641862988471984863e-01,7.396251559257507324e-01,-1.026822209358215332e+00,-3.895181231200695038e-03,2.339344471693038940e-01,3.060573041439056396e-01,1.238110959529876709e-01,1.333892941474914551e+00,-2.503901124000549316e-01,-2.472639679908752441e-01,-1.231799960136413574e+00,3.653554618358612061e-01,5.135294198989868164e-01,2.783170938491821289e-01,-3.884229660034179688e-01,-4.573988318443298340e-01,-8.157731294631958008e-01,-2.001979589462280273e+00,2.088025331497192383e+00,6.130496263504028320e-01,-8.901597857475280762e-01,-6.901952028274536133e-01,-8.289970755577087402e-01,5.100668072700500488e-01,-7.601051926612854004e-01,-9.492526203393936157e-02,2.304008483886718750e+00,-8.460440635681152344e-01,-4.938118755817413330e-01,1.347074508666992188e-01,-5.044397711753845215e-01,8.021090924739837646e-02,-3.597443401813507080e-01,9.323045015335083008e-01,-1.409029603004455566e+00,-3.908076882362365723e-01,-1.632814764976501465e+00,2.008413553237915039e+00,1.746806144714355469e+00,-9.571700096130371094e-01,-1.202495694160461426e+00,7.106235623359680176e-01,-5.476657748222351074e-01,-1.181889653205871582e+00,-1.343398332595825195e+00,1.062985181808471680e+00,1.980975270271301270e+00,-5.341332554817199707e-01,-1.426318407058715820e+00,-9.441842883825302124e-02,-8.703873753547668457e-01,-1.281751036643981934e+00,1.235196813941001892e-01,-3.976955413818359375e-01,1.607377886772155762e+00,-7.262993454933166504e-01,1.374871134757995605e+00,1.935095429420471191e+00,4.271180182695388794e-02,-2.328921318054199219e+00,-1.662881523370742798e-01,1.202312111854553223e+00,-2.547851502895355225e-01,6.988341808319091797e-01,4.942026436328887939e-01,8.817279934883117676e-01,-6.342486143112182617e-01,4.000398889183998108e-02,1.033775135874748230e-01,4.280881490558385849e-03
-4.081466794013977051e-01,1.093749046325683594e+00,6.543061733245849609e-01,-5.839306116104125977e-02,1.187769889831542969e+00,-1.988557726144790649e-02,1.023764967918395996e+00,-4.446521997451782227e-01,1.397059261798858643e-01,1.769143939018249512e+00,-2.067430973052978516e+00,7.341396808624267578e-01,2.679201364517211914e-01,1.147037863731384277e+00,-1.137892365455627441e+00,-1.146295309066772461e+00,3.407255709171295166e-01,7.570357322692871094e-01,-3.835582733154296875e-02,-1.822144627571105957e+00,-6.587108969688415527e-01,7.597489953041076660e-01,1.074693202972412109e+00,6.846668124198913574e-01,8.602102398872375488e-01,1.198118776082992554e-01,-8.663148283958435059e-01,-7.491655349731445312e-01,1.008641198277473450e-01,1.397430300712585449e+00,5.869989991188049316e-01,1.014779210090637207e+00,8.590495586395263672e-01,-9.117785692214965820e-01,4.357334971427917480e-01,-2.204097747802734375e+00,-7.709420323371887207e-01,-1.817891836166381836e+00,-4.782266616821289062e-01,-3.203376531600952148e-01,9.785230755805969238e-01,-3.996521830558776855e-01,-7.575659751892089844e-01,2.567709684371948242e-01,2.060549736022949219e+00,4.835028201341629028e-03,9.558774232864379883e-01,8.971378207206726074e-01,-6.416128873825073242e-01,2.378204762935638428e-01,1.854033589363098145e+00,2.265452034771442413e-02,-1.469349861145019531e-01,-2.173231601715087891e+00,-8.253176212310791016e-01,2.971503138542175293e-01,-4.809561669826507568e-01,-5.221239328384399414e-01,-6.659202575683593750e-01,-8.904649615287780762e-01,-1.110894680023193359e+00,8.560819625854492188e-01,-1.321543455123901367e-01,-7.841059565544128418e-01,-1.756743788719177246e-01,1.593507289886474609e+00,-1.674806237220764160e+00,-1.949091553688049316e-01,1.475886344909667969e+00,1.038684606552124023e+00,6.749211549758911133e-01,-9.113159775733947754e-01,-8.884706497192382812e-01,5.210317969322204590e-01,1.073652625083923340e+00,-1.058346033096313477e+00,-7.185849547386169434e-01,2.937009334564208984e-01,-1.132510900497436523e+00,-3.984069824218750000e-02,-1.884564757347106934e-02,1.154695749282836914e-01,-1.137391924858093262e+00,2.625346779823303223e-01,6.271670013666152954e-02,8.792016506195068359e-01,4.910961091518402100e-01,9.114422798156738281e-01,1.126739025115966797e+00,7.589501738548278809e-01,8.115028142929077148e-01,5.686663389205932617e-01,3.076479136943817139e-01,-3.315370157361030579e-02,9.867310523986816406e-02,1.073898434638977051e+00,4.721173048019409180e-01,-3.268756866455078125e-01,-1.422902643680572510e-01,1.699526906013488770e+00
8.595477044582366943e-02,-2.407673597335815430e+00,1.727227419614791870e-01,3.226342797279357910e-01,-3.820371031761169434e-01,-3.389201685786247253e-02,-5.226787328720092773e-01,-7.329574227333068848e-01,1.860338807106018066e+00,-7.470594644546508789e-01,-1.310171365737915039e+00,-3.153302669525146484e-01,-3.729012012481689453e-01,-1.091448068618774414e+00,1.378790020942687988e+00,1.537292242050170898e+00,2.362516403198242188e+00,-1.128444075584411621e+00,1.085662245750427246e+00,-1.248163342475891113e+00,-1.461174130439758301e+00,-7.293174862861633301e-01,-1.324085354804992676e+00,-1.748374104499816895e+00,-6.767017841339111328e-01,8.656085729598999023e-01,-2.720412313938140869e-01,3.527540862560272217e-01,-1.976463943719863892e-01,-1.109764873981475830e-01,-7.430986762046813965e-01,9.005869925022125244e-02,9.463017433881759644e-02,1.366863250732421875e+00,-1.148406744003295898e+00,-1.864494681358337402e-01,5.666667819023132324e-01,-9.308311343193054199e-02,-6.150759458541870117e-01,5.249936580657958984e-01,9.744404554367065430e-01,1.717376708984375000e-01,8.141750693321228027e-01,4.585300087928771973e-01,1.859961748123168945e+00,-3.412884771823883057e-01,-1.045150399208068848e+00,-7.391618937253952026e-02,-2.400887310504913330e-01,-1.042101144790649414e+00,-3.049271404743194580e-01,2.706121504306793213e-01,-8.065047264099121094e-01,-1.417682766914367676e+00,7.680386304855346680e-01,2.060047909617424011e-02,1.630173444747924805e+00,-6.604281663894653320e-01,-1.026912331581115723e+00,2.836236953735351562e-01,1.085106849670410156e+00,1.074212789535522461e+00,1.113963127136230469e+00,1.694585829973220825e-01,-2.970000207424163818e-01,-6.011964082717895508e-01,6.450477838516235352e-01,2.254737466573715210e-01,4.423240721225738525e-01,3.336399793624877930e-01,-9.926980733871459961e-01,1.613021612167358398e+00,9.492131471633911133e-01,-4.399648606777191162e-01,9.900924563407897949e-01,2.216346263885498047e-01,-1.378016829490661621e+00,-3.379073143005371094e-01,1.797176122665405273e+00,1.213324666023254395e-01,1.372768878936767578e-01,-6.096823215484619141e-01,6.023261547088623047e-01,-2.839157283306121826e-01,-5.591138005256652832e-01,3.599397540092468262e-01,9.651911854743957520e-01,1.319073081016540527e+00,-8.545378446578979492e-01,1.495681881904602051e+00,1.521221518516540527e+00,3.997380435466766357e-01,-1.106830477714538574e+00,1.467120647430419922e+00,-7.032684981822967529e-02,4.584974050521850586e-01,4.850623309612274170e-01,5.289715528488159180e-01,-3.987709283828735352e-01,-1.300196290016174316e+00
-9.064976125955581665e-02,-2.924583619460463524e-03,-1.802143096923828125e+00,-3.591199517250061035e-01,1.239186763763427734e+00,-3.222249150276184082e-01,-5.428529381752014160e-01,-8.435904383659362793e-01,-9.831417798995971680e-01,-3.761788308620452881e-01,-1.157992839813232422e+00,-1.143454551696777344e+00,-1.029423832893371582e+00,-7.073686718940734863e-01,9.001001119613647461e-01,2.070868730545043945e+00,1.331634759902954102e+00,-5.734195113182067871e-01,-3.529835343360900879e-01,-1.117493271827697754e+00,-1.151138186454772949e+00,-1.089842170476913452e-01,6.451624631881713867e-01,-2.134773582220077515e-01,1.315357536077499390e-01,7.779085636138916016e-01,7.100585103034973145e-02,-1.233387887477874756e-01,3.670011758804321289e-01,-6.157316565513610840e-01,1.870244145393371582e+00,2.003223180770874023e+00,2.683765888214111328e-01,-1.081834211945533752e-01,-1.784776926040649414e+00,-4.220811724662780762e-01,-2.993454933166503906e+00,-1.162413001060485840e+00,1.633872509002685547e+00,-2.345494508743286133e+00,-3.634492158889770508e-01,-1.506933450698852539e+00,-7.769320905208587646e-02,-3.732208162546157837e-02,9.929600358009338379e-02,-8.442034125328063965e-01,5.792774558067321777e-01,1.049575328826904297e+00,-2.689254283905029297e-01,-1.566789031028747559e+00,-1.238667294383049011e-01,-9.370374679565429688e-01,1.330126047134399414e+00,-8.799097537994384766e-01,-3.616694211959838867e-01,2.742980122566223145e-01,7.601113915443420410e-01,-8.560508489608764648e-01,-6.756495237350463867e-01,1.199698224663734436e-01,5.664443373680114746e-01,3.081704676151275635e-01,-5.659958720207214355e-01,5.280801653861999512e-01,-6.361926198005676270e-01,-1.009373426437377930e+00,-2.178431451320648193e-01,8.144099116325378418e-01,-1.655960440635681152e+00,1.085755586624145508e+00,-1.555251240730285645e+00,2.629955708980560303e-01,-1.624236464500427246e+00,-5.586576461791992188e-01,-6.668960452079772949e-01,-7.042702436447143555e-01,6.239665150642395020e-01,-6.932479739189147949e-01,6.479478627443313599e-02,-8.513948917388916016e-01,-1.514750361442565918e+00,-1.467180013656616211e+00,4.807479381561279297e-01,7.942630648612976074e-01,1.420848369598388672e+00,-1.334671735763549805e+00,-5.081072449684143066e-01,1.187773227691650391e+00,3.048265278339385986e-01,-8.322255611419677734e-01,-7.562215626239776611e-02,-7.319974899291992188e-02,-3.311798721551895142e-02,-2.708294391632080078e-01,-7.128588557243347168e-01,1.095146179199218750e+00,-3.463675379753112793e-01,-1.073172092437744141e+00,6.875714063644409180e-01,-2.200136423110961914e+00
7.322312146425247192e-02,-1.275771498680114746e+00,1.243218064308166504e+00,3.901833295822143555e-02,-1.024611830711364746e+00,-1.118611335754394531e+00,-2.557972908020019531e+00,-9.416032582521438599e-02,-5.556037425994873047e-01,-1.461544990539550781e+00,-4.709100723266601562e-02,-1.092431783676147461e+00,-9.959838986396789551e-01,8.682013750076293945e-01,-7.729046344757080078e-01,1.597474336624145508e+00,1.496766209602355957e+00,-2.835114896297454834e-01,5.139789581298828125e-01,-7.442129850387573242e-01,-7.485148310661315918e-01,2.992620766162872314e-01,3.590129911899566650e-01,1.702889084815979004e+00,1.359717845916748047e+00,-1.791001796722412109e+00,8.660691380500793457e-01,4.940428435802459717e-01,-4.332184195518493652e-01,4.348662495613098145e-01,1.531470566987991333e-01,1.085133314132690430e+00,-7.662865519523620605e-01,-7.944586277008056641e-01,1.969642043113708496e-01,-6.076487302780151367e-01,1.084464669227600098e+00,-3.648639023303985596e-01,-2.067293643951416016e+00,-4.064441621303558350e-01,4.244050085544586182e-01,6.458334326744079590e-01,2.974003553390502930e-01,-1.033989667892456055e+00,2.075786590576171875e+00,-1.203246861696243286e-01,-2.681223630905151367e+00,9.502596855163574219e-01,8.644323945045471191e-01,-5.229581594467163086e-01,1.515577435493469238e-01,2.906760573387145996e-02,-1.025083065032958984e+00,-8.091250658035278320e-01,-8.512837886810302734e-01,-2.912348508834838867e-01,9.767538905143737793e-01,-7.276450395584106445e-01,8.201982378959655762e-01,-1.744952984154224396e-02,-8.579611182212829590e-01,8.453942537307739258e-01,6.736948490142822266e-01,-4.471016824245452881e-01,-6.768410801887512207e-01,-1.475156784057617188e+00,-4.045458734035491943e-01,-1.434994220733642578e+00,5.170084834098815918e-01,1.174855113029479980e+00,1.433755010366439819e-01,1.912351697683334351e-01,6.807020902633666992e-01,1.311265468597412109e+00,-1.519897222518920898e+00,5.255361795425415039e-01,-1.109097525477409363e-01,-2.982295677065849304e-02,2.036298036575317383e+00,-3.113999962806701660e-01,1.128980159759521484e+00,-2.296673059463500977e-01,2.790091633796691895e-01,-5.017921328544616699e-01,-1.364778995513916016e+00,6.689324378967285156e-01,1.228220835328102112e-01,-1.362256288528442383e+00,5.408998727798461914e-01,1.651272773742675781e-01,8.306719064712524414e-01,-1.631735563278198242e-01,-6.350999474525451660e-01,-2.497482746839523315e-01,2.272911548614501953e+00,-1.050265654921531677e-01,5.911031961441040039e-01,-7.643059492111206055e-01,-3.387063145637512207e-01,1.858185172080993652e+00
1.166794419288635254e+00,-1.971018195152282715e+00,1.447345614433288574e-01,6.100440025329589844e-01,7.932128906250000000e-01,9.083654284477233887e-01,-1.260711193084716797e+00,-5.156120657920837402e-02,7.959896326065063477e-01,9.917595386505126953e-01,-3.694328963756561279e-01,2.719759643077850342e-01,-5.647518634796142578e-01,9.897534549236297607e-02,-1.889971494674682617e+00,5.567793250083923340e-01,2.382835447788238525e-01,2.618436515331268311e-01,-1.072648167610168457e-01,-9.136309623718261719e-01,-9.521880149841308594e-01,-5.214007496833801270e-01,-5.890160426497459412e-02,7.581758499145507812e-01,-8.119691610336303711e-01,1.606750011444091797e+00,2.593654870986938477e+00,6.415720283985137939e-02,2.264421731233596802e-01,-3.377549648284912109e-01,-1.179950118064880371e+00,-6.783366203308105469e-01,1.360765457153320312e+00,-9.895101785659790039e-01,3.359375000000000000e-01,8.194369673728942871e-01,-1.605575233697891235e-01,-3.543480038642883301e-01,-8.514714986085891724e-02,1.630201376974582672e-02,1.238417863845825195e+00,3.161754459142684937e-02,8.029008507728576660e-01,-9.770081043243408203e-01,1.397784471511840820e+00,-8.105430603027343750e-01,8.592201471328735352e-01,6.861773729324340820e-01,-3.211650848388671875e-01,-5.366498231887817383e-01,-3.275783658027648926e-01,1.758026123046875000e+00,8.116821050643920898e-01,-1.858142375946044922e+00,-5.570440292358398438e-01,1.063634991645812988e+00,-6.089532375335693359e-01,-2.680652737617492676e-01,-2.699927687644958496e-01,-5.846933126449584961e-01,-3.936458826065063477e-01,2.193850427865982056e-01,-1.016239151358604431e-01,6.268111467361450195e-01,-5.399526283144950867e-02,7.701047062873840332e-01,-5.828602910041809082e-01,-5.387140512466430664e-01,-1.185575246810913086e+00,-4.858101010322570801e-01,1.107824563980102539e+00,-4.823070466518402100e-01,9.263245016336441040e-02,-1.364442825317382812e+00,-1.581488609313964844e+00,1.756931781768798828e+00,-2.454441487789154053e-01,1.370032131671905518e-01,-1.146415114402770996e+00,-2.003951072692871094e-01,-7.916753888130187988e-01,6.358835697174072266e-01,-4.180655777454376221e-01,6.976525187492370605e-01,5.029097199440002441e-01,-4.760650098323822021e-01,2.760933041572570801e-01,-7.847006618976593018e-02,-1.803868889808654785e+00,-9.754994511604309082e-01,-5.805373787879943848e-01,-1.581793665885925293e+00,-1.297973632812500000e+00,6.711537837982177734e-01,-1.183317303657531738e+00,3.185335397720336914e-01,1.136701583862304688e+00,9.728148579597473145e-02,-6.200767755508422852e-01,-1.406868934631347656e+00
-3.865538835525512695e-01,1.659703612327575684e+00,1.241789579391479492e+00,2.471950531005859375e+00,4.902039766311645508e-01,-7.005932927131652832e-01,-4.202468097209930420e-01,-6.231214404106140137e-01,7.232353687286376953e-01,1.586275100708007812e+00,1.104313492774963379e+00,7.377855181694030762e-01,1.482764840126037598e+00,-1.276430964469909668e+00,-1.188453555107116699e+00,7.592258453369140625e-01,8.848772644996643066e-01,8.263019919395446777e-01,2.498190850019454956e-01,-2.723540663719177246e-01,1.432156443595886230e+00,9.899857640266418457e-01,-1.626474112272262573e-01,-1.118039965629577637e+00,8.185271620750427246e-01,1.735869526863098145e+00,5.319164395332336426e-01,-1.294397234916687012e+00,-7.388599514961242676e-01,1.789831370115280151e-01,-2.352206707000732422e-01,-1.162727952003479004e+00,-6.751707196235656738e-01,-4.430886805057525635e-01,1.108517765998840332e+00,-1.011721611022949219e+00,-1.025182127952575684e+00,1.413661241531372070e+00,-9.777920246124267578e-01,-1.085789322853088379e+00,-6.507884263992309570e-01,-1.187494039535522461e+00,-1.085804462432861328e+00,-2.166631519794464111e-01,-1.393265277147293091e-01,8.709901571273803711e-01,5.018373131752014160e-01,1.192413792014122009e-01,1.264691352844238281e+00,-5.828758329153060913e-02,2.209345698356628418e-01,-1.107073903083801270e+00,2.202951669692993164e+00,-1.313590407371520996e-01,1.857536137104034424e-01,-6.454084515571594238e-01,4.545795321464538574e-01,-1.146694898605346680e+00,1.014644503593444824e+00,-3.958161473274230957e-01,1.220301911234855652e-01,-1.021042108535766602e+00,6.035212874412536621e-01,-5.294054746627807617e-01,-2.343589067459106445e-01,9.333007037639617920e-03,2.494722306728363037e-01,2.806135714054107666e-01,-2.007352858781814575e-01,4.800301194190979004e-01,1.052123308181762695e+00,7.283304929733276367e-01,6.280305981636047363e-01,-1.520023643970489502e-01,-2.649036645889282227e+00,7.007093429565429688e-01,8.385383337736129761e-02,3.055843524634838104e-02,6.922633051872253418e-01,7.210425734519958496e-01,2.162843704223632812e+00,-1.299106717109680176e+00,-7.695548534393310547e-01,2.809166610240936279e-01,3.180375397205352783e-01,2.287359684705734253e-01,2.001308053731918335e-01,-3.289468288421630859e-01,6.313003301620483398e-01,-9.273300319910049438e-02,2.141685247421264648e+00,3.998035490512847900e-01,-5.997924804687500000e-01,-1.687979847192764282e-01,7.311253547668457031e-01,-9.026997089385986328e-01,1.406821250915527344e+00,2.618408799171447754e-01,5.908254981040954590e-01,-7.028533220291137695e-01
-4.173601865768432617e-01,5.880932807922363281e-01,5.985416769981384277e-01,9.828567504882812500e-01,-1.009712457656860352e+00,4.443592205643653870e-02,-2.007626295089721680e+00,-4.067545235157012939e-01,1.693457841873168945e+00,-1.934540629386901855e+00,6.843805313110351562e-01,-1.104766607284545898e+00,-1.619203925132751465e+00,-2.134768009185791016e+00,2.942351698875427246e-01,1.278950452804565430e+00,4.376590847969055176e-01,-2.135941505432128906e+00,1.240742564201354980e+00,7.057257294654846191e-01,3.820004463195800781e-01,2.804098129272460938e-01,-1.551874160766601562e+00,4.824103415012359619e-01,1.754564285278320312e+00,-2.317488670349121094e+00,-2.642002999782562256e-01,-7.264912724494934082e-01,-8.296992182731628418e-01,1.911470532417297363e+00,-4.938274621963500977e-01,-1.144541263580322266e+00,-1.237855434417724609e+00,1.400083750486373901e-01,7.051298022270202637e-01,-1.969587683677673340e+00,-7.431998848915100098e-01,9.762350320816040039e-01,-4.954727590084075928e-01,-1.126061201095581055e+00,-9.034543037414550781e-01,1.752610564231872559e+00,1.031437292695045471e-01,8.362752795219421387e-01,-5.691893100738525391e-01,4.469306766986846924e-01,8.129290342330932617e-01,-4.525305628776550293e-01,1.121288418769836426e+00,-1.696232408285140991e-01,-1.356508493423461914e+00,-9.554526805877685547e-01,-1.275203704833984375e+00,1.558532714843750000e+00,-9.304174780845642090e-01,5.568653717637062073e-02,-6.077303886413574219e-01,6.158797740936279297e-01,1.771855235099792480e+00,2.396944284439086914e+00,8.133378028869628906e-01,-5.301252007484436035e-01,3.995721340179443359e-01,-1.164546728134155273e+00,-7.677453160285949707e-01,-7.824736237525939941e-01,-2.333523333072662354e-01,-1.052852153778076172e+00,-4.267145693302154541e-01,-1.022743105888366699e+00,-1.021565794944763184e+00,6.643499732017517090e-01,-1.033385872840881348e+00,1.704461425542831421e-01,-1.192200779914855957e-01,-2.779601514339447021e-01,-1.005936741828918457e+00,1.420441269874572754e+00,1.440625548362731934e+00,-1.473587036132812500e+00,1.153830647468566895e+00,-1.256112337112426758e+00,1.090301871299743652e-01,-2.979558333754539490e-02,1.840589195489883423e-01,6.741435527801513672e-01,1.948130965232849121e+00,3.073569759726524353e-02,1.845911517739295959e-02,-1.574308425188064575e-01,1.917870715260505676e-02,-1.085654020309448242e+00,6.109423041343688965e-01,-9.640275239944458008e-01,-2.880296409130096436e-01,2.544072642922401428e-02,2.557920292019844055e-02,-1.245898485183715820e+00,7.930077910423278809e-01,2.098043560981750488e-01
5.979203432798385620e-02,-1.501845270395278931e-01,-2.987397313117980957e-01,-9.514718651771545410e-01,-7.510794997215270996e-01,4.170549660921096802e-02,-8.016774654388427734e-01,1.139150381088256836e+00,7.322768568992614746e-01,1.997995972633361816e-01,-1.126019001007080078e+00,7.990364432334899902e-01,-1.545067787170410156e+00,2.598515510559082031e+00,9.167135953903198242e-01,1.189196586608886719e+00,-6.763853430747985840e-01,-2.122266143560409546e-01,5.708734989166259766e-01,-1.729076743125915527e+00,-2.565162181854248047e-01,2.905203104019165039e-01,1.074013233184814453e+00,1.222765207290649414e+00,-7.128561139106750488e-01,-9.999160766601562500e-01,4.819762706756591797e-01,-8.200366497039794922e-01,-1.048613309860229492e+00,-1.344008326530456543e+00,-1.244333505630493164e+00,3.213654458522796631e-01,-1.972900629043579102e+00,-4.165216684341430664e-01,-3.701970875263214111e-01,-1.417898416519165039e+00,5.813016295433044434e-01,-1.137325614690780640e-01,3.026950657367706299e-01,2.453291416168212891e-01,-1.215302228927612305e+00,3.454559147357940674e-01,-1.850532770156860352e+00,-1.318844500929117203e-02,-9.434337615966796875e-01,7.337753772735595703e-01,1.166253089904785156e+00,1.114786386489868164e+00,4.406912028789520264e-01,2.646363735198974609e+00,-8.677402138710021973e-01,-2.375434160232543945e+00,-7.886121273040771484e-01,-8.101652860641479492e-01,2.190712451934814453e+00,-7.262864112854003906e-01,-2.304955482482910156e+00,-8.898093104362487793e-01,-1.934183835983276367e+00,-6.622921228408813477e-01,2.457636743783950806e-01,-5.243395566940307617e-01,7.755576074123382568e-02,1.060882449150085449e+00,-8.454470038414001465e-01,-6.066107153892517090e-01,-9.003999829292297363e-01,-1.972902193665504456e-02,1.166927218437194824e+00,2.134026288986206055e-01,2.200994044542312622e-01,-1.198206543922424316e+00,1.168070062994956970e-01,4.331079125404357910e-01,-7.638925909996032715e-01,-2.716623544692993164e-01,-4.476199746131896973e-01,-1.755255699157714844e+00,-6.742590665817260742e-01,-7.298604846000671387e-01,-1.227802038192749023e+00,9.976026415824890137e-01,-2.459400177001953125e+00,-1.355852037668228149e-01,-3.377444297075271606e-02,1.150593876838684082e+00,2.878467440605163574e-01,8.353469371795654297e-01,-1.497495055198669434e+00,1.365361511707305908e-01,5.790892839431762695e-01,5.090582370758056641e-01,-3.494596779346466064e-01,2.624466419219970703e+00,2.116303443908691406e+00,2.064363479614257812e+00,-3.146108984947204590e-01,6.095506548881530762e-01,1.194080233573913574e+00,1.037048935890197754e+00
-7.507300972938537598e-01,-1.169817805290222168e+00,-2.016886234283447266e+00,2.535770535469055176e-01,-1.806213736534118652e+00,2.061359405517578125e+00,3.919501602649688721e-01,2.938449084758758545e-01,2.373425722122192383e+00,1.148420333862304688e+00,-2.252199947834014893e-01,4.398536980152130127e-01,-2.609082937240600586e+00,1.105815172195434570e+00,2.475782483816146851e-01,1.319937825202941895e+00,1.467439532279968262e+00,-4.332475066184997559e-01,1.063776612281799316e+00,-3.324893116950988770e-01,-1.041623473167419434e+00,1.228509187698364258e+00,8.965814709663391113e-01,4.140335917472839355e-01,2.278505086898803711e+00,8.951545506715774536e-02,4.946358501911163330e-01,-6.145423650741577148e-01,-3.460505977272987366e-02,5.925947427749633789e-02,1.574707627296447754e-01,-1.226971149444580078e+00,-1.488777756690979004e+00,-1.627646207809448242e+00,-1.066751837730407715e+00,-1.508168339729309082e+00,-3.083081245422363281e-01,3.852622210979461670e-01,8.986418247222900391e-01,-1.291623353958129883e+00,1.611527919769287109e+00,-1.729600667953491211e+00,1.168577194213867188e+00,7.629917860031127930e-01,-1.379034221172332764e-01,5.952820181846618652e-01,1.187861800193786621e+00,1.536196172237396240e-01,-7.666206955909729004e-01,-5.085403919219970703e-01,-1.752806454896926880e-01,7.024294734001159668e-01,-4.122925400733947754e-01,2.768846154212951660e-01,5.249537527561187744e-03,-4.655362963676452637e-01,-3.042498975992202759e-02,2.390296906232833862e-01,7.458923459053039551e-01,-1.458317786455154419e-01,-7.264504432678222656e-01,5.272975564002990723e-01,2.666611373424530029e-01,8.497520685195922852e-01,-1.534244894981384277e+00,-2.604140639305114746e-01,1.022920608520507812e+00,1.042748332023620605e+00,-7.715504765510559082e-01,-1.326389670372009277e+00,-1.731917858123779297e-01,2.844430506229400635e-01,1.022282600402832031e+00,4.854021072387695312e-01,7.709602266550064087e-02,-9.057277441024780273e-02,5.862909555435180664e-02,1.588205695152282715e+00,-3.423450291156768799e-01,-2.132792949676513672e+00,1.091518849134445190e-01,1.744820713996887207e+00,5.379864573478698730e-01,-1.320687294006347656e+00,5.964683890342712402e-01,-4.879452586174011230e-01,-5.166518092155456543e-01,-5.713661313056945801e-01,-7.039232254028320312e-01,-1.856761455535888672e+00,5.123074650764465332e-01,1.137913465499877930e+00,-1.039698123931884766e+00,7.276663780212402344e-01,1.160301685333251953e+00,2.828927934169769287e-01,-8.323669433593750000e-01,4.415768980979919434e-01,1.113400101661682129e+00,3.983778655529022217e-01
2.528028786182403564e-01,9.425708055496215820e-01,-1.151989698410034180e+00,2.334366798400878906e+00,-5.452675223350524902e-01,7.361776232719421387e-01,-2.242057919502258301e-01,-7.306793332099914551e-01,7.237765789031982422e-01,-4.267796277999877930e-01,3.807144761085510254e-01,2.179424285888671875e+00,2.304092645645141602e+00,-1.316956758499145508e+00,4.904574751853942871e-01,-3.878014683723449707e-01,-1.015954613685607910e-01,8.549052476882934570e-01,-1.894908308982849121e+00,-3.989877104759216309e-01,1.060168981552124023e+00,-1.050323247909545898e+00,3.020349740982055664e-01,7.961682677268981934e-01,-1.219221115112304688e+00,-5.645476281642913818e-02,-7.733389735221862793e-01,1.541509509086608887e+00,-1.415804624557495117e+00,-1.384012460708618164e+00,3.569455817341804504e-02,-5.940278768539428711e-01,-1.602235555648803711e+00,-2.424759715795516968e-01,1.208878159523010254e+00,-1.635293126106262207e+00,2.556349933147430420e-01,1.592367053031921387e+00,2.806436121463775635e-01,6.790220737457275391e-01,-1.013231754302978516e+00,-8.610633015632629395e-01,9.561153650283813477e-01,-6.776889562606811523e-01,-6.297261118888854980e-01,1.219381168484687805e-01,-1.859633803367614746e+00,-5.315040349960327148e-01,1.162347555160522461e+00,1.161390662193298340e+00,-2.085099928081035614e-02,1.212860822677612305e+00,1.199062347412109375e+00,5.092588067054748535e-01,4.693320393562316895e-01,-1.640033572912216187e-01,-4.930431544780731201e-01,5.617486834526062012e-01,6.824256181716918945e-01,-4.551948308944702148e-01,1.869854927062988281e-01,3.760391175746917725e-01,8.609704375267028809e-01,1.631050407886505127e-01,-5.607091784477233887e-01,2.658397257328033447e-01,-5.195941329002380371e-01,5.863981693983078003e-02,-2.064928293228149414e+00,-1.416236311197280884e-01,6.204584836959838867e-01,7.083762288093566895e-01,1.677699685096740723e+00,3.440421223640441895e-01,6.173874735832214355e-01,-3.248680531978607178e-01,-1.282452940940856934e-01,1.462415456771850586e+00,9.597689509391784668e-01,-1.407765030860900879e+00,1.251379609107971191e+00,-1.043474793434143066e+00,-1.089684247970581055e+00,-1.256168127059936523e+00,-5.894222259521484375e-01,-2.775209546089172363e-01,-1.853954792022705078e-01,-3.698761761188507080e-01,-4.839619398117065430e-01,1.055103421211242676e+00,8.834908008575439453e-01,-1.962975114583969116e-01,3.256381154060363770e-01,2.171086788177490234e+00,1.598170638084411621e+00,-3.964950144290924072e-01,-4.377306997776031494e-01,-2.621877789497375488e-01,-1.484611392021179199e+00,-7.267981171607971191e-01
4.769903421401977539e-01,-5.372907519340515137e-01,-9.209761023521423340e-01,4.397415816783905029e-01,1.373418450355529785e+00,1.016545772552490234e+00,1.001351594924926758e+00,-1.188154697418212891e+00,-6.183009594678878784e-02,-6.935072690248489380e-02,1.394952535629272461e+00,-4.579256772994995117e-01,-8.301283717155456543e-01,3.557618260383605957e-01,4.091157764196395874e-02,1.008314341306686401e-01,-1.083809614181518555e+00,6.904693841934204102e-01,-9.613399505615234375e-01,1.026699542999267578e+00,7.933102548122406006e-02,8.588674664497375488e-01,8.749433159828186035e-01,-6.555639505386352539e-01,-1.933283358812332153e-01,-8.189418315887451172e-01,-4.379706382751464844e-01,8.542346209287643433e-02,-9.691120386123657227e-01,1.003741264343261719e+00,-5.998880788683891296e-02,1.270598649978637695e+00,2.536907792091369629e-01,-2.420955747365951538e-01,1.366524100303649902e+00,1.253703236579895020e+00,1.848882436752319336e+00,3.750135302543640137e-01,-7.914972901344299316e-01,1.406692504882812500e+00,6.895152479410171509e-02,-1.837342604994773865e-02,-1.255082249641418457e+00,2.238782405853271484e+00,1.589814305305480957e+00,8.158143162727355957e-01,9.394862651824951172e-01,2.279264688491821289e+00,1.210307359695434570e+00,-2.367406606674194336e+00,4.973653554916381836e-01,1.856323331594467163e-01,-1.400136828422546387e+00,-4.863730818033218384e-02,-7.641618140041828156e-03,-9.280270338058471680e-01,1.445502758026123047e+00,5.643354058265686035e-01,6.109002977609634399e-02,-2.504318237304687500e+00,2.471865564584732056e-01,9.024181962013244629e-01,-9.460461139678955078e-01,-1.583068370819091797e+00,1.401285290718078613e+00,1.226179242134094238e+00,-6.684117913246154785e-01,-3.794491291046142578e-01,1.377329468727111816e+00,-2.823130369186401367e+00,-1.171114921569824219e+00,-1.523263573646545410e+00,6.123433709144592285e-01,2.567835524678230286e-02,-1.080850958824157715e+00,1.740395784378051758e+00,1.198428124189376831e-01,-8.483775854110717773e-01,1.006658792495727539e+00,-7.255048751831054688e-01,-1.712401509284973145e+00,-3.113890066742897034e-03,1.037337064743041992e+00,6.697292923927307129e-01,1.430877923965454102e+00,1.393674761056900024e-01,2.174146026372909546e-01,-6.232611536979675293e-01,5.009056068956851959e-03,-3.216568231582641602e-01,-4.317552447319030762e-01,-3.232500255107879639e-01,-5.651061534881591797e-01,1.468251049518585205e-01,1.506026268005371094e+00,7.879489660263061523e-01,-1.228424549102783203e+00,1.676476746797561646e-01,6.794826984405517578e-01,-8.076108694076538086e-01
1.807705760002136230e+00,5.893298983573913574e-01,1.129566669464111328e+00,7.763858437538146973e-01,-3.860601484775543213e-01,1.572532534599304199e+00,-1.740358829498291016e+00,4.852920770645141602e-01,9.210751056671142578e-01,3.209420740604400635e-01,-4.599437490105628967e-02,-1.033273339271545410e+00,-1.140694141387939453e+00,-6.665129661560058594e-01,-1.162396669387817383e+00,1.513274908065795898e+00,4.860831890255212784e-03,1.276382803916931152e+00,-4.060513377189636230e-01,4.386530220508575439e-01,5.063881278038024902e-01,1.469623923301696777e+00,2.841628342866897583e-02,9.683520197868347168e-01,2.862550914287567139e-01,3.924691379070281982e-01,1.287254840135574341e-01,3.053689897060394287e-01,-6.928130388259887695e-01,-1.241070032119750977e+00,9.196839332580566406e-01,-1.415085792541503906e-01,-3.530198037624359131e-01,-1.162514925003051758e+00,-2.106702141463756561e-02,-1.327441692352294922e+00,-1.376146197319030762e+00,-1.355743765830993652e+00,6.744059324264526367e-01,4.432631433010101318e-01,-9.936657547950744629e-01,1.156097054481506348e-01,4.378046691417694092e-01,-5.028135180473327637e-01,1.294884830713272095e-01,3.426408171653747559e-01,9.182330965995788574e-01,-4.110406711697578430e-02,7.797347903251647949e-01,6.076720952987670898e-01,1.736412048339843750e-01,1.739536046981811523e+00,-2.908408164978027344e+00,9.876101613044738770e-01,3.863551840186119080e-02,7.066008448600769043e-01,-4.744848236441612244e-02,1.208977341651916504e+00,-2.897270023822784424e-01,1.351011514663696289e+00,-7.630249857902526855e-02,-4.979092776775360107e-01,-1.406443238258361816e+00,1.442533493041992188e+00,4.185148179531097412e-01,-7.882955670356750488e-01,-1.291855812072753906e+00,-7.666025161743164062e-01,1.861506402492523193e-01,-1.884067296981811523e+00,-6.662859916687011719e-01,-1.200501799583435059e+00,-1.845972299575805664e+00,9.740124344825744629e-01,6.706061959266662598e-01,-1.983467936515808105e+00,1.080237999558448792e-01,5.552357435226440430e-01,3.804089426994323730e-01,2.428045749664306641e+00,1.245809078216552734e+00,2.473890542984008789e+00,-5.466679334640502930e-01,-1.647338390350341797e+00,1.117470622062683105e+00,-3.835796192288398743e-02,-5.256848931312561035e-01,-1.026248335838317871e+00,-1.887772232294082642e-01,-1.561384558677673340e+00,8.750592470169067383e-01,2.697846293449401855e-01,1.084060311317443848e+00,-2.215449094772338867e+00,1.254617214202880859e+00,-2.265098571777343750e+00,-1.110172629356384277e+00,7.445524930953979492e-01,-4.540741741657257080e-01,-1.569317132234573364e-01
-6.870962679386138916e-02,2.665250301361083984e-01,-2.254456877708435059e-01,-1.171767711639404297e+00,-5.758343338966369629e-01,1.803759694099426270e+00,-1.592194288969039917e-01,-3.705899119377136230e-01,1.173381686210632324e+00,2.583844065666198730e-01,-1.139972209930419922e+00,-5.884763598442077637e-01,-1.828058958053588867e-01,-1.334856748580932617e-01,1.360027909278869629e+00,1.652884930372238159e-01,-5.138663053512573242e-01,-1.752207517623901367e+00,-8.013294935226440430e-01,-1.063774585723876953e+00,-3.558789789676666260e-01,7.847050428390502930e-01,-1.278055429458618164e+00,-7.959482073783874512e-02,1.146049052476882935e-01,-8.826739788055419922e-01,-2.780716121196746826e-01,-4.013616591691970825e-02,1.888128042221069336e+00,2.263965755701065063e-01,1.134401917457580566e+00,8.885380625724792480e-01,1.386543363332748413e-01,5.311425328254699707e-01,-1.115105152130126953e+00,1.992361307144165039e+00,9.580957144498825073e-02,1.599126458168029785e+00,1.549545079469680786e-01,4.889007210731506348e-01,-5.789597630500793457e-01,1.159224510192871094e+00,-1.503195881843566895e+00,-1.956286430358886719e+00,-1.917658895254135132e-01,1.507806420326232910e+00,5.471959114074707031e-01,1.235340356826782227e+00,5.738129019737243652e-01,2.525332272052764893e-01,4.676756262779235840e-02,6.137139201164245605e-01,-1.101032257080078125e+00,-5.089722275733947754e-01,4.956244304776191711e-02,-1.248711824417114258e+00,-5.921826958656311035e-01,-9.637852907180786133e-01,3.730018436908721924e-01,-1.031260967254638672e+00,-9.974722862243652344e-01,4.257618784904479980e-01,1.927629470825195312e+00,1.925623565912246704e-01,-1.449282288551330566e+00,7.741969078779220581e-02,1.324977278709411621e+00,-1.794925570487976074e+00,1.813915848731994629e+00,-1.040548086166381836e+00,-1.728017091751098633e+00,-1.335406005382537842e-01,1.593490540981292725e-01,-6.879068017005920410e-01,3.991755843162536621e-01,6.784545183181762695e-01,-4.222409725189208984e-01,-4.263012707233428955e-01,-1.332330346107482910e+00,-4.606684446334838867e-01,7.837831974029541016e-01,1.391494393348693848e+00,-5.341116786003112793e-01,-6.602730751037597656e-01,-2.480948269367218018e-01,2.992569804191589355e-01,6.236409768462181091e-03,6.882026791572570801e-01,-7.471578121185302734e-01,-1.443455696105957031e+00,-1.240391492843627930e+00,-8.952227234840393066e-01,-2.720041573047637939e-01,7.543570399284362793e-01,3.255084455013275146e-01,-7.838506698608398438e-01,1.473851799964904785e-01,-1.270931243896484375e+00,-8.760329484939575195e-01,2.298787593841552734e+00
8.027132749557495117e-01,-3.878954052925109863e-01,-1.050455212593078613e+00,5.446721315383911133e-01,1.126538515090942383e+00,1.449048399925231934e+00,1.365693688392639160e+00,-5.052642226219177246e-01,-5.651643127202987671e-02,-1.017041683197021484e+00,3.980674594640731812e-02,3.573662638664245605e-01,1.450098872184753418e+00,1.566071033477783203e+00,-1.542054891586303711e+00,-5.421314239501953125e-01,-8.958874270319938660e-03,-6.339603066444396973e-01,6.393293738365173340e-01,4.207263588905334473e-01,-4.129325449466705322e-01,3.024248778820037842e-01,-1.641457527875900269e-01,3.346162289381027222e-02,1.909320712089538574e+00,-1.141336917877197266e+00,-2.417605370283126831e-01,-4.543651938438415527e-01,-1.108460307121276855e+00,3.190113544464111328e+00,-2.728924527764320374e-02,-6.156409382820129395e-01,-4.724836647510528564e-01,-7.576853036880493164e-01,7.599421739578247070e-01,-8.105869404971599579e-03,-1.803248167037963867e+00,1.181578114628791809e-01,7.641312479972839355e-01,1.251756399869918823e-01,-5.249626040458679199e-01,2.367125034332275391e+00,-3.521023318171501160e-02,-1.035921350121498108e-01,-4.906176924705505371e-01,-4.132269024848937988e-01,-5.219234824180603027e-01,4.899373352527618408e-01,1.060781955718994141e+00,1.168131828308105469e+00,5.656840801239013672e-01,-3.393771648406982422e-01,1.810043573379516602e+00,-2.154165506362915039e+00,1.202895402908325195e+00,5.837855860590934753e-02,-3.233864903450012207e-01,-1.891791634261608124e-02,-2.083259105682373047e+00,-2.114726543426513672e+00,9.397190809249877930e-01,9.358872771263122559e-01,8.521712571382522583e-02,6.163706183433532715e-01,2.411131113767623901e-01,3.022232532501220703e+00,2.656410038471221924e-01,-2.115974575281143188e-01,2.291111469268798828e+00,-1.085708498954772949e+00,-1.469538211822509766e+00,1.240081563591957092e-01,1.533312559127807617e+00,-1.238732576370239258e+00,8.807638287544250488e-01,2.626720666885375977e-01,-1.000442981719970703e+00,6.712252646684646606e-02,8.190243244171142578e-01,-1.034822940826416016e+00,-4.372577667236328125e-01,-1.662779450416564941e+00,5.531548857688903809e-01,-2.435843646526336670e-01,6.881471872329711914e-01,-2.336668372154235840e-01,-6.628748774528503418e-01,6.778489351272583008e-01,-3.090539276599884033e-01,1.496537089347839355e+00,-2.607222646474838257e-02,-8.718335628509521484e-02,-1.766467332839965820e+00,4.016793668270111084e-01,5.974357724189758301e-01,1.391288399696350098e+00,2.086528390645980835e-01,-1.399174034595489502e-01,-8.311126828193664551e-01,-1.650469005107879639e-01
7.258840203285217285e-01,-3.677026629447937012e-01,3.109644353389739990e-01,-3.328580856323242188e-01,-3.173830509185791016e-01,1.079454302787780762e+00,4.624048769474029541e-01,-6.402510404586791992e-01,4.660404622554779053e-01,2.396484464406967163e-01,1.737741708755493164e+00,1.601699709892272949e+00,-7.384364604949951172e-01,-1.218217134475708008e+00,6.285409331321716309e-01,-1.667291402816772461e+00,7.852851152420043945e-01,1.407667547464370728e-01,1.826719999313354492e+00,2.403492689132690430e+00,-1.669476866722106934e+00,1.098842248320579529e-01,-1.005087018013000488e+00,-2.166729122400283813e-01,-1.392148137092590332e+00,-4.749855101108551025e-01,-1.202979564666748047e+00,1.432880520820617676e+00,2.081826210021972656e+00,-3.851109445095062256e-01,1.896977275609970093e-01,-1.140956878662109375e+00,-7.197288274765014648e-01,6.473684310913085938e-01,1.231157183647155762e+00,-6.388950347900390625e-01,-1.101611852645874023e+00,-1.257405757904052734e+00,2.707318067550659180e-01,4.599698185920715332e-01,-4.507462978363037109e-01,-6.223564743995666504e-01,1.066339164972305298e-01,-1.710213422775268555e-01,-1.044448092579841614e-02,-6.464954614639282227e-01,-9.071870148181915283e-02,1.397583037614822388e-01,-1.682228684425354004e+00,1.310112178325653076e-01,1.519952118396759033e-01,2.849715948104858398e+00,1.196178674697875977e+00,-6.645508408546447754e-01,-6.833339333534240723e-01,1.795307755470275879e+00,-2.504053115844726562e-01,-1.038806736469268799e-01,-5.626968741416931152e-01,6.542063951492309570e-01,-9.516573548316955566e-01,4.115438759326934814e-01,-1.509524226188659668e+00,-1.089864492416381836e+00,-8.751385807991027832e-01,-8.940552175045013428e-02,6.402761936187744141e-01,-8.263691663742065430e-01,-7.915850281715393066e-01,-8.990612626075744629e-01,1.226515293121337891e+00,7.456097006797790527e-01,-1.520505905151367188e+00,-3.908104598522186279e-01,5.040737986564636230e-01,-1.695553779602050781e+00,-8.661890029907226562e-01,1.401417702436447144e-01,1.421346962451934814e-01,1.288647651672363281e-01,1.281728506088256836e+00,3.205794990062713623e-01,-1.134807705879211426e+00,-2.764542102813720703e-01,7.541007399559020996e-01,-1.008344531059265137e+00,6.784004718065261841e-02,-4.006079137325286865e-01,6.500049959868192673e-03,1.979225575923919678e-01,-2.266612946987152100e-01,2.585003376007080078e-01,2.462777853012084961e+00,-1.313468575477600098e+00,6.123946309089660645e-01,3.752923309803009033e-01,-3.085537254810333252e-01,-1.441176533699035645e+00,1.007954835891723633e+00,7.873597145080566406e-01
8.692950010299682617e-01,2.036146402359008789e+00,-4.792289808392524719e-02,-9.687085747718811035e-01,-4.961682558059692383e-01,4.312091469764709473e-01,-6.622731685638427734e-01,1.000352859497070312e+00,1.139244675636291504e+00,-7.040029764175415039e-01,7.626989483833312988e-01,3.444701135158538818e-01,-3.620776534080505371e-01,8.287771344184875488e-01,2.325064130127429962e-02,5.403584837913513184e-01,1.183746576309204102e+00,3.653595149517059326e-01,5.068360567092895508e-01,-1.363227486610412598e+00,5.479431152343750000e-01,1.039392471313476562e+00,6.022757887840270996e-01,-1.038702428340911865e-01,-2.841840982437133789e+00,3.210775852203369141e-01,-1.626077592372894287e-01,4.687588810920715332e-01,6.117088794708251953e-01,1.721114516258239746e+00,-6.011494994163513184e-01,-2.268167018890380859e+00,-1.705785989761352539e+00,-4.332017302513122559e-01,-9.901479631662368774e-02,9.139903187751770020e-01,9.759005904197692871e-01,-7.714899182319641113e-01,1.072086989879608154e-01,-4.746332019567489624e-02,7.679540514945983887e-01,1.381466150283813477e+00,-6.577507853507995605e-01,-1.715775281190872192e-01,-9.220505952835083008e-01,-1.235246539115905762e+00,5.967600941658020020e-01,1.240762233734130859e+00,6.142966747283935547e-01,3.714976906776428223e-01,2.388389825820922852e+00,5.569508075714111328e-01,-8.786473274230957031e-01,-8.001804351806640625e-01,5.184989571571350098e-01,-3.554365336894989014e-01,1.900838762521743774e-01,-1.508536458015441895e+00,-4.476617872714996338e-01,-8.184254169464111328e-02,6.179485917091369629e-01,5.421996712684631348e-01,1.389124274253845215e+00,7.751467823982238770e-02,4.163974821567535400e-01,-2.306826353073120117e+00,-6.805241703987121582e-01,-2.477061152458190918e-01,1.500390529632568359e+00,-7.681462168693542480e-02,-2.998783588409423828e-01,2.861970067024230957e-01,-5.523221492767333984e-01,8.167839646339416504e-01,-4.215614199638366699e-01,9.835787415504455566e-01,-3.298845887184143066e-01,1.158137440681457520e+00,-6.506231427192687988e-01,-6.704858541488647461e-01,7.862955331802368164e-01,1.050827741622924805e+00,3.888308703899383545e-01,3.940289020538330078e-01,8.567223548889160156e-01,-1.355650186538696289e+00,-1.902985870838165283e-01,-1.070090569555759430e-03,1.598774433135986328e+00,8.684262633323669434e-02,7.244806289672851562e-01,5.231651663780212402e-02,-1.412689805030822754e+00,-2.161056995391845703e+00,7.814480662345886230e-01,-3.893766552209854126e-02,-1.570273399353027344e+00,-1.325654625892639160e+00,-4.665967822074890137e-01,-2.355450093746185303e-01
1.799885869026184082e+00,-2.314455620944499969e-02,-9.920036196708679199e-01,-1.102765917778015137e+00,1.541020393371582031e+00,9.792647361755371094e-01,1.291362166404724121e+00,-2.749802768230438232e-01,2.905028760433197021e-01,-5.045052766799926758e-01,1.101403236389160156e-01,1.229040026664733887e+00,-1.472849369049072266e+00,1.750022768974304199e+00,2.334623575210571289e+00,-6.669124364852905273e-01,-1.583642885088920593e-02,4.180558398365974426e-02,-1.148567199707031250e+00,-2.959548532962799072e-01,-3.472493588924407959e-01,-9.702529758214950562e-02,1.687443256378173828e+00,1.473688125610351562e+00,4.524507820606231689e-01,-7.362040132284164429e-02,-6.548873782157897949e-01,3.411724269390106201e-01,-4.936613515019416809e-02,4.099241793155670166e-01,-3.755805492401123047e-01,-1.020280718803405762e+00,-1.318770200014114380e-01,-9.162554740905761719e-01,-1.569232821464538574e+00,8.691213130950927734e-01,7.759855389595031738e-01,3.074706792831420898e-01,1.216769695281982422e+00,-1.028520226478576660e+00,4.229265451431274414e-02,1.253544807434082031e+00,6.766939163208007812e-01,-1.105162501335144043e-01,3.086321353912353516e-01,3.802988827228546143e-01,1.476305365562438965e+00,2.183732986450195312e+00,-2.343946218490600586e+00,-5.240663290023803711e-01,-1.042674668133258820e-02,1.173533797264099121e+00,1.354368180036544800e-01,2.003480345010757446e-01,-9.973182082176208496e-01,-4.485298097133636475e-01,-1.216688230633735657e-01,4.435509443283081055e-02,1.283449888229370117e+00,-1.555234313011169434e+00,-2.420075416564941406e+00,3.815889358520507812e-01,7.187539339065551758e-01,-2.362568378448486328e+00,2.153252363204956055e-01,6.089241504669189453e-01,-2.215583324432373047e+00,-1.566605716943740845e-01,5.230311751365661621e-01,2.086920738220214844e+00,2.568656802177429199e-01,2.294201701879501343e-01,9.742021560668945312e-02,-3.648603260517120361e-01,1.887741535902023315e-01,1.195444941520690918e+00,1.323030352592468262e+00,-1.332858324050903320e+00,1.526349186897277832e-01,-6.679729223251342773e-01,-1.140540957450866699e+00,-1.355312585830688477e+00,-2.264988124370574951e-01,3.180618584156036377e-01,-7.011973857879638672e-01,5.745168924331665039e-01,5.644536614418029785e-01,2.820928394794464111e-01,6.037589311599731445e-01,-7.000117897987365723e-01,4.357187151908874512e-01,-6.319211721420288086e-01,3.856965899467468262e-01,-5.397178530693054199e-01,4.960376918315887451e-01,-6.005648970603942871e-01,-6.345848739147186279e-02,9.782695770263671875e-02,-7.505369186401367188e-01,-9.209573268890380859e-01
1.332116007804870605e+00,-5.679548978805541992e-01,3.875633478164672852e-01,1.270184814929962158e-01,1.948960125446319580e-04,-3.747144639492034912e-01,2.718102633953094482e-01,1.200340986251831055e-01,-1.573008000850677490e-01,5.976172909140586853e-02,-1.701723575592041016e+00,-5.824570655822753906e-01,3.833084702491760254e-01,1.461275339126586914e+00,-1.805931925773620605e-01,-8.081361055374145508e-01,-1.155466198921203613e+00,2.475479990243911743e-02,-1.180688142776489258e+00,1.407463788986206055e+00,-2.577250957489013672e+00,1.517877221107482910e+00,5.509143471717834473e-01,-1.275992989540100098e+00,-5.331894755363464355e-01,-2.599553205072879791e-02,-1.794660925865173340e+00,-2.867481410503387451e-01,-6.570549607276916504e-01,-6.295498609542846680e-01,1.237860798835754395e+00,2.832004055380821228e-02,1.648348718881607056e-01,1.000808596611022949e+00,-1.044068455696105957e+00,8.872927427291870117e-01,1.634463906288146973e+00,-4.918804168701171875e-01,-9.102505445480346680e-01,9.673906564712524414e-01,-1.451877951622009277e+00,2.840006910264492035e-02,2.735734581947326660e-01,9.092010259628295898e-01,1.426289439201354980e+00,-3.481240868568420410e-01,4.488292336463928223e-01,1.262357831001281738e+00,-1.005737304687500000e+00,1.288046687841415405e-01,-1.481482684612274170e-01,-3.774079978466033936e-01,-6.691867709159851074e-01,-1.030859589576721191e+00,5.369430184364318848e-01,-5.090197920799255371e-01,-1.437726736068725586e+00,4.930216670036315918e-01,5.203269720077514648e-01,-1.517691969871520996e+00,2.732574939727783203e-01,4.093981981277465820e-01,1.584996104240417480e+00,1.006572365760803223e+00,-6.054670810699462891e-01,2.718559503555297852e-01,8.255804777145385742e-01,-5.631389617919921875e-01,3.031749129295349121e-01,-1.267795562744140625e+00,-4.663974940776824951e-01,-1.634919643402099609e+00,6.751207113265991211e-01,1.830953121185302734e+00,-7.833773642778396606e-02,6.131305098533630371e-01,-1.801917910575866699e+00,-5.267699360847473145e-01,7.242854833602905273e-01,8.838691711425781250e-01,3.911173343658447266e-01,4.835048615932464600e-01,3.395648896694183350e-01,-1.046514868736267090e+00,-1.731140971183776855e+00,-1.623334586620330811e-01,4.457242190837860107e-01,1.450142383575439453e+00,4.021444618701934814e-01,-8.498125076293945312e-01,-6.968908905982971191e-01,-3.718388378620147705e-01,-3.717184662818908691e-01,-7.748126983642578125e-01,3.752841353416442871e-01,-1.460687518119812012e+00,1.338019132614135742e+00,2.387697100639343262e-01,4.446064531803131104e-01,-4.219679236412048340e-01
1.889616012573242188e+00,-8.071647286415100098e-01,-4.991496503353118896e-01,-8.550109863281250000e-01,8.947541117668151855e-01,2.903759181499481201e-01,-8.018580079078674316e-01,-8.120217323303222656e-01,1.616220951080322266e+00,6.670625209808349609e-01,1.699133962392807007e-01,-1.047054171562194824e+00,-4.782786369323730469e-01,-3.046294450759887695e-01,8.296215534210205078e-01,-1.567744374275207520e+00,-1.077958345413208008e+00,1.637605428695678711e-01,-1.488958112895488739e-02,1.903277784585952759e-01,-2.665545046329498291e-01,-6.009368896484375000e-01,1.578909516334533691e+00,-1.361431360244750977e+00,9.354010820388793945e-01,4.689119458198547363e-01,-1.009493231773376465e+00,-1.498880386352539062e-01,3.923332691192626953e-01,-3.062947392463684082e-01,1.397233754396438599e-01,3.676726520061492920e-01,-1.187767982482910156e+00,-2.213681787252426147e-01,-1.693627595901489258e+00,-1.571992635726928711e+00,7.980696111917495728e-02,9.170183539390563965e-02,1.776933670043945312e-01,1.520237207412719727e+00,6.806513667106628418e-01,1.715350508689880371e+00,5.494141578674316406e-02,9.091324210166931152e-01,5.935983061790466309e-01,-2.050011396408081055e+00,-1.017033338546752930e+00,5.434483289718627930e-01,-9.864974021911621094e-02,-7.204968333244323730e-01,1.230082273483276367e+00,-8.444062471389770508e-01,8.480597734451293945e-01,-3.837283551692962646e-01,9.545543044805526733e-02,-1.508274972438812256e-01,-4.055254161357879639e-01,1.601685881614685059e+00,6.132676005363464355e-01,-1.079956054687500000e+00,-6.013047099113464355e-01,-1.240804195404052734e-01,1.817733287811279297e+00,1.518719673156738281e+00,-1.362196356058120728e-01,-2.845063209533691406e+00,1.088947296142578125e+00,-3.838928341865539551e-01,8.476953953504562378e-02,3.970081806182861328e-01,-1.560270428657531738e+00,-1.083679556846618652e+00,5.594767630100250244e-02,1.450753450393676758e+00,1.696431487798690796e-01,-1.002537250518798828e+00,7.336866259574890137e-01,5.855741500854492188e-01,-2.357184588909149170e-01,6.642561554908752441e-01,-9.781540632247924805e-01,-7.349042892456054688e-01,4.601069688796997070e-01,-6.617177277803421021e-04,-8.520727157592773438e-01,1.260141491889953613e+00,2.505000233650207520e-01,1.530968099832534790e-01,-8.119654059410095215e-01,4.702871739864349365e-01,-1.404211044311523438e+00,-5.887370705604553223e-01,5.605616047978401184e-02,8.160916566848754883e-01,-3.482989668846130371e-01,-5.198445320129394531e-01,-1.108376145362854004e+00,-1.391653418540954590e+00,1.015812039375305176e+00,7.573995590209960938e-01
2.536962032318115234e-01,-4.745925366878509521e-01,2.565389871597290039e-02,-1.443258285522460938e+00,7.258569598197937012e-01,-1.069047093391418457e+00,2.086207151412963867e+00,-2.764740884304046631e-01,-5.864856839179992676e-01,2.707665443420410156e+00,2.764269709587097168e-01,2.474274873733520508e+00,-1.336410939693450928e-01,1.390639096498489380e-01,-1.673848867416381836e+00,1.477836847305297852e+00,1.580282330513000488e+00,1.065578460693359375e-01,2.305700182914733887e-01,7.905088663101196289e-01,-1.734031319618225098e+00,2.470051869750022888e-02,1.315264225006103516e+00,1.234025597572326660e+00,-5.115900039672851562e-01,1.671139359474182129e+00,2.910194396972656250e+00,1.431459307670593262e+00,-3.027343451976776123e-01,1.557541728019714355e+00,-2.708580195903778076e-01,-7.264491915702819824e-01,2.681083977222442627e-01,2.539958059787750244e-01,5.664594173431396484e-01,-4.022048711776733398e-01,1.641932964324951172e+00,-9.634922146797180176e-01,-1.289855122566223145e+00,9.270197898149490356e-02,2.789960503578186035e-01,7.530556917190551758e-01,6.998061537742614746e-01,2.470302879810333252e-01,1.246629834175109863e+00,6.475945115089416504e-01,-8.164131045341491699e-01,5.623147487640380859e-01,5.402734279632568359e-01,1.332587957382202148e+00,-8.649440407752990723e-01,8.469761013984680176e-01,-7.227773666381835938e-01,-1.347012639045715332e+00,5.151804685592651367e-01,-1.172281265258789062e+00,-5.691872239112854004e-01,-5.692567825317382812e-01,-3.158541023731231689e-01,1.859266161918640137e+00,4.971560537815093994e-01,-9.168669581413269043e-01,2.338261604309082031e-01,-5.397426486015319824e-01,5.890926122665405273e-01,-2.980872690677642822e-01,6.466370820999145508e-01,1.553847193717956543e-01,4.018740057945251465e-01,7.235967516899108887e-01,6.091470718383789062e-01,-1.043469905853271484e+00,-5.228505730628967285e-01,-1.044930219650268555e+00,3.415498733520507812e-01,-1.956668496131896973e+00,8.135308027267456055e-01,1.119918078184127808e-01,-2.068143524229526520e-02,4.053032398223876953e-01,1.068712592124938965e+00,-1.125820040702819824e+00,6.405485272407531738e-01,-1.379199743270874023e+00,5.055130124092102051e-01,6.731323897838592529e-02,3.849864900112152100e-01,-4.157091975212097168e-01,-1.404421031475067139e-01,-7.603562474250793457e-01,-1.392066717147827148e+00,4.951050877571105957e-01,-1.011013388633728027e+00,-7.127202153205871582e-01,-4.165081977844238281e-01,-4.500139951705932617e-01,-9.485503435134887695e-01,6.299052238464355469e-01,-2.590582370758056641e-01,-1.468633055686950684e+00
-9.451792389154434204e-02,5.540439486503601074e-01,-1.886803507804870605e-01,-3.794022500514984131e-01,-2.045000642538070679e-01,8.128739595413208008e-01,-7.346283793449401855e-01,-6.502392888069152832e-02,7.763305902481079102e-01,-4.000260829925537109e-01,-5.420058220624923706e-02,-1.423317193984985352e+00,1.842851519584655762e+00,1.733208149671554565e-01,-5.209379196166992188e-01,1.430402398109436035e-01,-2.110023498535156250e+00,2.550342381000518799e-01,5.467897057533264160e-01,-3.453717231750488281e-01,-8.647251129150390625e-01,-1.035232901573181152e+00,1.224367856979370117e+00,1.252672553062438965e+00,-4.213417768478393555e-01,-1.823185801506042480e+00,-1.500116825103759766e+00,1.537983298301696777e+00,-3.357066810131072998e-01,-8.781351447105407715e-01,-5.687746033072471619e-02,1.570610642433166504e+00,-2.380333989858627319e-01,5.317594408988952637e-01,-3.454508185386657715e-01,-4.898031055927276611e-01,9.716078639030456543e-01,8.104046806693077087e-03,1.086404323577880859e+00,-9.843938946723937988e-01,-6.746889948844909668e-01,-1.425781130790710449e+00,4.685434997081756592e-01,1.530786752700805664e+00,9.460715651512145996e-01,-2.497011423110961914e+00,-1.847899109125137329e-01,5.986342430114746094e-01,-1.543771862983703613e+00,-5.839849710464477539e-01,6.906161904335021973e-01,9.395256042480468750e-01,-7.261776179075241089e-02,1.309243679046630859e+00,-1.004593491554260254e+00,3.451748490333557129e-01,6.395843029022216797e-01,9.610776901245117188e-01,-6.629486680030822754e-01,-7.165398001670837402e-01,-7.027189731597900391e-01,2.470425367355346680e-01,-4.726482033729553223e-01,-6.506075263023376465e-01,-3.937157988548278809e-02,-4.549416154623031616e-02,7.156804203987121582e-02,-1.228326708078384399e-01,-2.212757587432861328e+00,1.642068982124328613e+00,-9.111518263816833496e-01,2.788280248641967773e-01,1.516415238380432129e+00,5.774611830711364746e-01,-1.038105130195617676e+00,-2.917984724044799805e-01,-2.081250548362731934e-01,-6.836400628089904785e-01,1.633483648300170898e+00,1.500823855400085449e+00,-5.063351392745971680e-01,-2.258913993835449219e+00,-5.025437846779823303e-02,2.007243633270263672e+00,-2.889903783798217773e-01,7.502280473709106445e-01,-7.405925393104553223e-01,7.574701905250549316e-01,-1.039128303527832031e+00,-1.737363934516906738e+00,-3.537840247154235840e-01,-5.022209286689758301e-01,-4.715693295001983643e-01,1.244661211967468262e+00,7.477753162384033203e-01,9.378940463066101074e-01,3.498286008834838867e-01,1.911181956529617310e-01,1.151489257812500000e+00,1.441409587860107422e+00
1.041103973984718323e-01,-3.754454478621482849e-02,4.816300272941589355e-01,1.631062179803848267e-01,-9.149852395057678223e-01,2.580172419548034668e-01,-7.299950718879699707e-02,4.540410265326499939e-02,1.184876322746276855e+00,-4.804353117942810059e-01,3.417683839797973633e-01,6.514434218406677246e-01,1.187122464179992676e+00,1.862196475267410278e-01,-2.884967625141143799e-01,4.285225272178649902e-02,-3.728061020374298096e-01,1.578063517808914185e-02,-1.420514285564422607e-01,-2.207677364349365234e+00,1.106822252273559570e+00,5.019730329513549805e-01,-2.503117620944976807e-01,-9.172412753105163574e-01,-1.190097406506538391e-01,-3.774150907993316650e-01,6.412187814712524414e-01,1.515908837318420410e+00,7.898672223091125488e-01,-1.326270937919616699e+00,1.792228966951370239e-02,2.538462579250335693e-01,1.392179012298583984e+00,-9.499121904373168945e-01,-2.528207302093505859e-01,-1.682114958763122559e+00,3.574155867099761963e-01,-1.769219279289245605e+00,7.501620650291442871e-01,5.248401761054992676e-01,-1.863163262605667114e-01,6.113741993904113770e-01,-2.189884483814239502e-01,-2.470707297325134277e-01,1.237433552742004395e-01,-4.085473418235778809e-01,1.061184406280517578e+00,1.588114261627197266e+00,-1.394852876663208008e+00,6.210953742265701294e-02,8.451752364635467529e-06,1.617920845746994019e-01,1.757130265235900879e+00,-4.886546730995178223e-01,4.065880551934242249e-02,5.583313107490539551e-01,2.530620992183685303e-01,-2.285248756408691406e+00,-1.983762145042419434e+00,1.051435351371765137e+00,-9.847251176834106445e-01,3.847603201866149902e-01,-4.948309957981109619e-01,4.128932952880859375e-01,1.684386253356933594e+00,9.777114391326904297e-01,-2.287609815597534180e+00,-1.234034299850463867e-01,-8.025016784667968750e-01,-1.116453036665916443e-01,-4.700951576232910156e-01,-2.627270698547363281e+00,3.319020196795463562e-02,1.487800478935241699e+00,-1.599052190780639648e+00,-1.481178879737854004e+00,-8.959782719612121582e-01,-7.838965654373168945e-01,-1.578162193298339844e+00,2.313034385442733765e-01,5.809214711189270020e-01,3.487899899482727051e-01,1.698031574487686157e-01,2.205497026443481445e+00,1.299906611442565918e+00,-6.975619792938232422e-01,-2.002736181020736694e-01,6.912203431129455566e-01,-3.430715799331665039e-01,-9.411985874176025391e-01,-3.445312380790710449e-01,6.672832965850830078e-01,-9.133521318435668945e-01,-7.227005362510681152e-01,9.222346544265747070e-02,-1.221079826354980469e+00,1.419965177774429321e-01,-1.256153464317321777e+00,-6.604400277137756348e-01,-6.812485456466674805e-01
-1.694689273834228516e+00,-1.310383081436157227e+00,-5.726493000984191895e-01,-1.224687457084655762e+00,2.711376905441284180e+00,-4.244914650917053223e-01,-9.447289109230041504e-01,4.533345103263854980e-01,3.837535977363586426e-01,-1.137616515159606934e+00,-9.668347239494323730e-01,5.801347494125366211e-01,1.026104331016540527e+00,-8.512437343597412109e-01,-8.031575679779052734e-01,-1.673219501972198486e-01,5.242690443992614746e-01,-7.704128623008728027e-01,9.314621984958648682e-02,-1.163891330361366272e-02,-1.142378568649291992e+00,-8.384780287742614746e-01,9.236465692520141602e-01,4.459489285945892334e-01,5.747741833329200745e-02,-5.911549925804138184e-01,-2.982692718505859375e-01,1.125998377799987793e+00,1.452955156564712524e-01,-5.660475492477416992e-01,-4.454496800899505615e-01,7.058581113815307617e-01,-9.884947538375854492e-01,-1.412159651517868042e-01,-4.665026664733886719e-01,-8.119519352912902832e-01,4.835887998342514038e-02,1.159869790077209473e+00,3.273881599307060242e-02,3.999769091606140137e-01,-5.011342167854309082e-01,1.003459692001342773e+00,-5.241329073905944824e-01,-5.943127274513244629e-01,2.513445317745208740e-01,-1.476132422685623169e-01,-2.670302391052246094e-01,8.109781742095947266e-01,-3.313739299774169922e-01,-2.229645699262619019e-01,1.163010358810424805e+00,-1.814779639244079590e-02,-6.809706091880798340e-01,1.987058639526367188e+00,1.480089545249938965e+00,-6.221136450767517090e-01,-9.090426564216613770e-01,-1.727734953165054321e-01,-1.757979750633239746e+00,-7.378588318824768066e-01,-7.410471141338348389e-02,-5.384832024574279785e-01,1.272923201322555542e-01,-7.977601885795593262e-01,-9.699172377586364746e-01,-5.841206908226013184e-01,-1.770051717758178711e-01,3.946207761764526367e-01,4.948644936084747314e-01,8.689556121826171875e-01,-2.781347513198852539e+00,-5.970658659934997559e-01,9.990565776824951172e-01,1.203230261802673340e+00,-1.004018187522888184e+00,-6.608322858810424805e-01,-6.285573244094848633e-01,3.858834803104400635e-01,1.419187068939208984e+00,1.400761604309082031e+00,2.107812404632568359e+00,-8.821004629135131836e-01,-6.185267493128776550e-02,1.740520119667053223e+00,-5.250511765480041504e-01,4.779247641563415527e-01,-1.055559277534484863e+00,7.017250657081604004e-01,3.594018518924713135e-01,1.746253818273544312e-01,-6.655009835958480835e-02,1.610643744468688965e+00,5.400255918502807617e-01,5.804176330566406250e-01,-5.568192005157470703e-01,-2.804871201515197754e-01,-1.111340761184692383e+00,-1.141304969787597656e-01,-1.787465691566467285e+00,-9.687646627426147461e-01
-1.087020874023437500e+00,1.316595673561096191e+00,5.131286755204200745e-02,8.593522906303405762e-01,2.956048250198364258e-01,2.508183941245079041e-02,-2.401778697967529297e-01,-1.834931969642639160e+00,-3.981777131557464600e-01,5.643206238746643066e-01,3.631289601325988770e-01,-2.670598626136779785e-01,4.852628111839294434e-01,7.932198047637939453e-02,-1.537337779998779297e+00,6.778517961502075195e-01,-2.002747803926467896e-01,5.602785944938659668e-01,1.542280435562133789e+00,2.159985005855560303e-01,-5.853704810142517090e-01,1.476830244064331055e-01,9.086899161338806152e-01,-2.440585643053054810e-01,5.174582004547119141e-01,-8.557618856430053711e-01,-7.765177488327026367e-01,1.206383667886257172e-02,-1.398057103157043457e+00,-2.161339223384857178e-01,-4.222435951232910156e-01,-5.857393741607666016e-01,-3.021091222763061523e+00,1.513277292251586914e+00,-8.856796026229858398e-01,3.229409158229827881e-01,1.807867884635925293e+00,-1.506417274475097656e+00,-1.149238422513008118e-01,-6.347752213478088379e-01,-1.112940311431884766e-01,-2.008370608091354370e-01,1.026478856801986694e-01,-1.608490467071533203e+00,-3.678107559680938721e-01,8.852432370185852051e-01,3.754155635833740234e-01,-5.455604791641235352e-01,-1.414675474166870117e+00,6.223943233489990234e-01,4.109495580196380615e-01,3.053698062896728516e+00,-8.668000102043151855e-01,1.664441823959350586e+00,3.755068302154541016e+00,-4.600886404514312744e-01,-6.194443106651306152e-01,-1.017753720283508301e+00,-1.620713829994201660e+00,7.949824929237365723e-01,8.358100429177284241e-03,-3.597087860107421875e-01,8.693111687898635864e-02,-6.529834270477294922e-01,8.676418662071228027e-01,-3.638199567794799805e-01,6.417560577392578125e-01,-5.606472492218017578e-01,-7.003068178892135620e-02,1.497222036123275757e-01,-1.644369810819625854e-01,6.003351807594299316e-01,-5.093863233923912048e-02,-2.192944884300231934e-01,-1.044952988624572754e+00,4.952524006366729736e-01,4.424003660678863525e-01,-1.943489909172058105e-01,2.540674209594726562e-01,8.113408088684082031e-01,6.874179244041442871e-01,-3.931674957275390625e-01,-2.456954717636108398e+00,2.279746532440185547e-01,-5.807710289955139160e-01,4.270485937595367432e-01,1.581174612045288086e+00,-6.541122198104858398e-01,-8.378394246101379395e-01,8.518592119216918945e-01,1.201285362243652344e+00,-2.105773389339447021e-01,1.759551912546157837e-01,-1.554952144622802734e+00,2.176178842782974243e-01,-4.603444933891296387e-01,-1.729186773300170898e+00,-1.806079745292663574e-01,-5.863261222839355469e-01,-4.535975158214569092e-01
4.919097423553466797e-01,2.203456312417984009e-01,-1.615097165107727051e+00,6.420325040817260742e-01,-7.872318625450134277e-01,-7.903327941894531250e-01,-5.132845640182495117e-01,4.324294626712799072e-01,-6.810865551233291626e-02,-1.924146533012390137e+00,-1.559478491544723511e-01,2.982724010944366455e-01,5.390562415122985840e-01,-2.240784168243408203e-01,4.781185388565063477e-01,-2.003961801528930664e+00,1.009511947631835938e+00,-1.046301722526550293e+00,3.565046191215515137e-01,-3.388670086860656738e-01,1.508540213108062744e-01,-1.117713689804077148e+00,8.390163183212280273e-01,5.686746239662170410e-01,1.714594244956970215e+00,6.994057297706604004e-01,-1.479618906974792480e+00,-1.275092124938964844e+00,2.269903182983398438e+00,-1.060067534446716309e+00,9.860237836837768555e-01,-2.621482908725738525e-01,2.659132003784179688e+00,-2.304565191268920898e+00,-1.936558187007904053e-01,7.934336066246032715e-01,-4.958403706550598145e-01,4.350522160530090332e-02,-6.794402003288269043e-01,-1.310361862182617188e+00,-3.301399350166320801e-01,1.163872122764587402e+00,1.533283352851867676e+00,-2.363407313823699951e-01,1.140899583697319031e-02,-1.873543381690979004e+00,-2.487589269876480103e-01,3.765064179897308350e-01,-1.413895249366760254e+00,-4.961394369602203369e-01,5.915915369987487793e-01,2.083980888128280640e-01,1.013902425765991211e+00,-1.688148975372314453e-01,-2.533348202705383301e-01,1.912939667701721191e+00,5.582741498947143555e-01,3.250047862529754639e-01,1.125269770622253418e+00,4.974084198474884033e-01,-2.449196130037307739e-01,6.068386137485504150e-02,2.749715149402618408e-01,9.285067021846771240e-02,1.339609622955322266e+00,8.336055874824523926e-01,1.375567018985748291e-01,5.587141513824462891e-01,-1.278841972351074219e+00,2.110732793807983398e-01,-1.365456581115722656e+00,4.336923956871032715e-01,-1.396874070167541504e+00,-1.108422636985778809e+00,-4.448831677436828613e-01,-5.721112489700317383e-01,8.120378851890563965e-01,-1.130174040794372559e+00,1.385934233665466309e+00,1.543614745140075684e+00,2.509452402591705322e-01,-4.019191861152648926e-01,-1.325057744979858398e+00,2.158059272915124893e-03,-1.235572457313537598e+00,3.900817334651947021e-01,-7.514908909797668457e-02,2.024771451950073242e+00,1.579385876655578613e+00,-3.097533285617828369e-01,2.577141821384429932e-01,-4.618212580680847168e-01,-1.591502189636230469e+00,8.319735527038574219e-01,1.648621082305908203e+00,6.744177341461181641e-01,-9.085531234741210938e-01,-1.758945941925048828e+00,-7.764875292778015137e-01,3.595512732863426208e-02
