-6.385159492492675781e-01,7.115333676338195801e-01,-1.879255175590515137e+00,1.604649662971496582e+00,-1.562333703041076660e-01,-5.860604047775268555e-01,-3.844786882400512695e-01,1.384656876325607300e-01,5.163985490798950195e-01,-1.528897762298583984e+00,-7.380121946334838867e-01,-5.626155138015747070e-01,-6.522486209869384766e-01,-1.542602181434631348e-01,-2.219359636306762695e+00,4.143336415290832520e-02,-1.025105476379394531e+00,-8.420258164405822754e-01,-9.291048347949981689e-02,-9.929848462343215942e-02,1.994296722114086151e-02,4.857426881790161133e-01,1.307110905647277832e+00,6.117818951606750488e-01,-1.441435098648071289e+00,5.549609661102294922e-02,1.260121703147888184e+00,-6.560282707214355469e-01,-8.495538234710693359e-01,8.314533829689025879e-01,1.507377177476882935e-01,-2.375369548797607422e+00,1.480681777000427246e+00,-3.936551138758659363e-02,-2.991434812545776367e+00,-2.064498186111450195e+00,7.956607937812805176e-01,-3.953044712543487549e-01,4.005948007106781006e-01,-1.429527848958969116e-01,-6.613997220993041992e-01,-1.911255270242691040e-01,2.520226001739501953e+00,-9.704777598381042480e-01,1.917766332626342773e+00,8.396895527839660645e-01,1.193259596824645996e+00,-4.163148701190948486e-01,-4.625087976455688477e-01,6.414659321308135986e-02,2.133525609970092773e+00,-4.582745134830474854e-01,-8.452363610267639160e-01,-1.239119172096252441e+00,-1.338229775428771973e-01,-4.610975682735443115e-01,-2.531086504459381104e-01,-6.395666003227233887e-01,5.601283311843872070e-01,-1.325668573379516602e+00,6.505177021026611328e-01,-1.014092087745666504e+00,1.614929139614105225e-01,2.701098844408988953e-02,-8.327654600143432617e-01,5.589002966880798340e-01,-4.277360737323760986e-01,-8.270826935768127441e-01,-1.131206527352333069e-01,-6.792777031660079956e-02,-7.604728639125823975e-02,-6.783282160758972168e-01,-2.508848607540130615e-01,2.277801558375358582e-02,2.379366755485534668e-01,6.813228726387023926e-01,3.202273547649383545e-01,1.529569029808044434e+00,9.596732258796691895e-01,-1.918777585029602051e+00,2.870959937572479248e-01,-1.986841410398483276e-01,1.962240338325500488e-01,-4.576172828674316406e-01,-9.402010440826416016e-01,3.280008733272552490e-01,4.433922469615936279e-01,8.730276823043823242e-01,-9.411352276802062988e-01,2.755946218967437744e-01,-1.459776878356933594e+00,3.423810601234436035e-01,-1.215240120887756348e+00,1.684107631444931030e-01,5.871884897351264954e-02,8.728063106536865234e-02,-8.079487681388854980e-01,-1.363249778747558594e+00,7.865452766418457031e-02,6.817704439163208008e-01
-7.631459087133407593e-02,-1.152670025825500488e+00,2.511736191809177399e-02,-7.489164471626281738e-01,-1.968409657478332520e+00,-8.756614327430725098e-01,-1.255309104919433594e+00,-1.125425815582275391e+00,-1.600743532180786133e-01,7.071350812911987305e-01,2.385980129241943359e+00,6.114360690116882324e-01,-1.846389293670654297e+00,-5.064982771873474121e-01,6.441337466239929199e-01,4.244471788406372070e-01,8.459076285362243652e-02,-8.496459722518920898e-01,5.710005015134811401e-02,4.918402135372161865e-01,-5.721914172172546387e-01,-2.843521833419799805e-01,-7.441747784614562988e-01,-1.763092637062072754e+00,2.564054727554321289e-01,-1.695466637611389160e-01,1.547434091567993164e+00,1.264717936515808105e+00,1.913146853446960449e+00,1.922129631042480469e+00,1.129486441612243652e+00,1.362325072288513184e+00,7.400507330894470215e-01,-6.375085115432739258e-01,5.722845196723937988e-01,4.861437678337097168e-01,2.797834575176239014e-01,-1.720860719680786133e+00,-3.416680693626403809e-01,3.272908180952072144e-02,-3.836027681827545166e-01,-1.228141188621520996e+00,1.255566596984863281e+00,1.370913833379745483e-01,1.138422936201095581e-01,-6.864139437675476074e-01,2.533910870552062988e-01,1.304024457931518555e+00,-1.788908382877707481e-03,5.829183757305145264e-02,-1.274627566337585449e+00,-9.199500679969787598e-01,1.304220438003540039e+00,-1.332118272781372070e+00,4.153356254100799561e-01,-1.723880290985107422e+00,-7.823631167411804199e-02,7.306596636772155762e-01,-6.672343015670776367e-01,-2.264862060546875000e+00,9.828479588031768799e-02,6.843630224466323853e-02,3.326618969440460205e-01,1.195423126220703125e+00,-9.226641654968261719e-01,-1.545581370592117310e-01,1.723709464073181152e+00,-1.914921849966049194e-01,-1.401146799325942993e-01,3.615663945674896240e-01,4.731544256210327148e-01,-1.162177801132202148e+00,8.916541934013366699e-01,1.565717577934265137e+00,1.724101543426513672e+00,-8.682025074958801270e-01,1.345739603042602539e+00,7.610489130020141602e-01,4.235658422112464905e-02,-9.999427199363708496e-01,2.447528123855590820e+00,-3.392708301544189453e-01,-6.812993437051773071e-02,6.080906987190246582e-01,-3.848578035831451416e-01,3.856860101222991943e-01,-1.359172582626342773e+00,9.627725481986999512e-01,-7.402877509593963623e-02,2.399254083633422852e+00,-1.249459385871887207e+00,4.970144629478454590e-01,1.629425764083862305e+00,1.175980091094970703e+00,-5.072963833808898926e-01,-1.990592032670974731e-01,6.821749806404113770e-01,-1.300861835479736328e+00,8.159476518630981445e-01,1.471072435379028320e-01
5.739949345588684082e-01,-1.428227305412292480e+00,-9.992100000381469727e-01,6.526807546615600586e-01,1.144230365753173828e+00,9.769520163536071777e-01,1.263777762651443481e-01,-2.323031723499298096e-01,-2.055253028869628906e+00,3.299524784088134766e-01,-7.779967188835144043e-01,3.554015159606933594e-01,7.867903113365173340e-01,2.302552223205566406e+00,4.369486272335052490e-01,2.616094350814819336e-01,2.245091676712036133e+00,-3.806958794593811035e-01,6.741604804992675781e-01,-6.779140233993530273e-01,-1.783753037452697754e-01,-4.353222548961639404e-01,1.130869626998901367e+00,8.284804821014404297e-01,-5.988599359989166260e-02,-1.142821073532104492e+00,-1.804534316062927246e+00,-2.617529928684234619e-01,-4.621112346649169922e-01,5.375259518623352051e-01,-5.101142525672912598e-01,-1.490616559982299805e+00,-1.038414239883422852e+00,-4.848552048206329346e-01,7.529871165752410889e-02,-1.373458951711654663e-01,-1.017343759536743164e+00,2.880392372608184814e-01,5.743002891540527344e-01,4.863432347774505615e-01,2.452837973833084106e-01,-7.588725686073303223e-01,9.011176824569702148e-01,4.773926734924316406e-01,9.227724075317382812e-01,-7.116117477416992188e-01,-4.743112027645111084e-01,-9.704398512840270996e-01,-3.402234613895416260e-01,1.355376482009887695e+00,-4.286637902259826660e-01,5.408100485801696777e-01,-8.111214041709899902e-01,1.178023099899291992e+00,-8.886975049972534180e-01,-6.543649435043334961e-01,-1.218696713447570801e+00,-1.183695718646049500e-01,2.099211454391479492e+00,1.275026440620422363e+00,1.489078998565673828e+00,1.207913160324096680e-01,1.351829886436462402e+00,-6.161812543869018555e-01,2.434473991394042969e+00,-5.468941330909729004e-01,-1.092385292053222656e+00,1.269657850265502930e+00,4.249837696552276611e-01,7.221772074699401855e-01,-2.368199825286865234e-01,6.350639462471008301e-01,1.861281394958496094e+00,5.950431823730468750e-01,-4.982260763645172119e-01,3.901216387748718262e-01,3.152309358119964600e-01,-1.139573454856872559e+00,-1.139829754829406738e-01,1.499743342399597168e+00,1.726075261831283569e-01,-8.333358168601989746e-01,3.833942413330078125e-01,5.571030378341674805e-01,-4.280892014503479004e-01,7.656540274620056152e-01,-5.471149682998657227e-01,2.053388833999633789e+00,-3.728623390197753906e-01,-3.155121803283691406e-01,8.831015825271606445e-01,-1.626640856266021729e-01,2.168363519012928009e-02,-6.549633145332336426e-01,-1.642155200242996216e-01,-3.154363036155700684e-01,-2.060952901840209961e+00,8.652693629264831543e-01,-1.753878593444824219e-01,4.324428737163543701e-01
1.085221290588378906e+00,-2.603145837783813477e-01,3.506377339363098145e-02,1.042893886566162109e+00,-5.288338661193847656e-01,-5.555241703987121582e-01,1.567750692367553711e+00,2.267470359802246094e-01,-3.563697040081024170e-01,-3.656667172908782959e-01,4.911315739154815674e-01,-1.058408737182617188e+00,9.682233333587646484e-01,2.318998277187347412e-01,-4.539923071861267090e-01,-6.802852749824523926e-01,5.420645475387573242e-01,-1.959439516067504883e+00,-7.552862167358398438e-01,-2.661134302616119385e-01,-8.802646994590759277e-01,-6.111350059509277344e-01,3.063477516174316406e+00,-3.291762992739677429e-02,-1.526175618171691895e+00,-8.083298206329345703e-01,4.384172558784484863e-01,3.129791498184204102e+00,-7.274570465087890625e-01,-3.738068938255310059e-01,-1.533251643180847168e+00,-4.963652789592742920e-01,-7.515092492103576660e-01,-8.189325332641601562e-01,-1.245828628540039062e+00,-5.101299285888671875e-01,8.632903695106506348e-01,-1.107337713241577148e+00,-1.356538534164428711e+00,-8.196519613265991211e-01,6.977956891059875488e-01,-2.291072458028793335e-01,-1.576093554496765137e+00,-1.221540808677673340e+00,2.121331691741943359e+00,8.617309927940368652e-01,6.601978540420532227e-01,8.896479010581970215e-02,-3.607790172100067139e-01,-2.986619234085083008e+00,-3.085078477859497070e+00,1.490258798003196716e-02,-8.402177691459655762e-02,-6.415292620658874512e-02,-2.124427318572998047e+00,3.946463167667388916e-01,-1.199136823415756226e-01,-3.252113163471221924e-01,-1.095393538475036621e+00,-4.361071586608886719e-01,-1.628012299537658691e+00,1.590453147888183594e+00,1.177106499671936035e+00,-3.695290982723236084e-01,-1.724775910377502441e+00,-6.009013652801513672e-01,-9.773033857345581055e-02,-2.676213979721069336e-01,-8.848071098327636719e-01,4.942453801631927490e-01,-4.774640128016471863e-02,-8.766048550605773926e-01,3.752943873405456543e-01,4.040027856826782227e-01,-2.509090900421142578e+00,-9.901247024536132812e-01,-2.429722696542739868e-01,9.018606543540954590e-01,1.529271900653839111e-01,5.137485265731811523e-01,-4.583252668380737305e-01,1.397776603698730469e-01,-5.959796905517578125e-01,1.769713908433914185e-01,1.225626945495605469e+00,8.045253343880176544e-03,-2.892970144748687744e-01,-2.149082183837890625e+00,-6.006603837013244629e-01,-1.310209512710571289e+00,1.120657026767730713e-01,7.864255309104919434e-01,-1.317334890365600586e+00,-1.506644487380981445e+00,-1.157392382621765137e+00,1.338774323463439941e+00,-7.950226664543151855e-01,1.043450117111206055e+00,-1.271713733673095703e+00,-1.722681045532226562e+00
2.840051651000976562e-01,3.455302119255065918e-02,-2.987619638442993164e-01,3.409748673439025879e-01,-1.114883422851562500e+00,-1.675364017486572266e+00,7.847367525100708008e-01,-6.634705066680908203e-01,-5.825965404510498047e-01,-5.515199303627014160e-01,-3.370054662227630615e-01,3.615500032901763916e-01,1.896062016487121582e+00,-8.457053303718566895e-01,1.783733069896697998e-01,-5.316206216812133789e-01,-6.470040082931518555e-01,2.533722519874572754e-01,-7.113646268844604492e-01,8.084169030189514160e-01,-6.719217300415039062e-01,-1.295069456100463867e+00,5.720044374465942383e-01,-1.383535414934158325e-01,1.768430173397064209e-01,3.297777175903320312e-01,3.395591080188751221e-01,7.042368054389953613e-01,-1.258522272109985352e+00,-1.310772538185119629e+00,-1.786371171474456787e-01,-1.667524695396423340e+00,-4.052577167749404907e-02,4.641011357307434082e-01,-3.568357974290847778e-02,9.866130352020263672e-01,-6.139717102050781250e-01,-1.661160349845886230e+00,-1.844043731689453125e+00,-1.233532905578613281e+00,4.122232794761657715e-01,-3.345343768596649170e-01,-9.848253726959228516e-01,-1.867472410202026367e+00,1.225992441177368164e-01,-7.497899532318115234e-01,-1.559080600738525391e+00,7.685172557830810547e-02,-1.713718295097351074e+00,-1.733559131622314453e+00,-6.795074343681335449e-01,-5.753641724586486816e-01,1.630166649818420410e+00,-9.511054754257202148e-01,-1.455989241600036621e+00,1.426001787185668945e+00,-8.804669976234436035e-01,7.746757268905639648e-01,-6.446695923805236816e-01,-2.790085971355438232e-01,6.874914765357971191e-01,-1.348797678947448730e+00,-4.642968177795410156e-01,4.729414284229278564e-01,8.934029340744018555e-01,-1.728761553764343262e+00,3.987472355365753174e-01,1.333170294761657715e+00,4.802080988883972168e-01,-7.719206809997558594e-01,-8.765331506729125977e-01,-1.504300713539123535e+00,1.570488095283508301e+00,9.610403180122375488e-01,-2.148176193237304688e+00,4.791889488697052002e-01,-6.851223111152648926e-01,-1.465181112289428711e+00,5.286995768547058105e-01,-1.152850866317749023e+00,-1.202088236808776855e+00,-3.609671071171760559e-02,7.801312953233718872e-02,-1.588999509811401367e+00,8.430141210556030273e-02,1.200531125068664551e-01,-1.271298170089721680e+00,-1.613608360290527344e+00,1.434919357299804688e+00,-7.050531506538391113e-01,-1.166117310523986816e+00,-1.881733238697052002e-01,-1.045484066009521484e+00,3.491245508193969727e-01,1.728841304779052734e+00,-1.070502996444702148e+00,-7.264168858528137207e-01,1.677714467048645020e+00,1.134993791580200195e+00,7.153483033180236816e-01
3.137510418891906738e-01,-1.277105569839477539e+00,1.358544349670410156e+00,8.216833472251892090e-01,1.709084868431091309e+00,5.557438731193542480e-01,7.616872191429138184e-01,2.851611375808715820e-01,2.717435836791992188e+00,9.589796662330627441e-01,1.488044619560241699e+00,4.636926651000976562e-01,7.597994804382324219e-02,-8.189727663993835449e-01,-4.610015153884887695e-01,-1.514673471450805664e+00,1.717267334461212158e-01,7.101951241493225098e-01,1.047048807144165039e+00,-1.181814551353454590e+00,-9.181493520736694336e-01,1.586551666259765625e+00,8.273016214370727539e-01,2.581949234008789062e-01,-1.109732151031494141e+00,1.530732363462448120e-01,2.910835444927215576e-01,-8.838556408882141113e-01,-2.558394074440002441e-01,-2.380006313323974609e+00,7.684801220893859863e-01,8.830602169036865234e-01,-1.142883300781250000e+00,-9.659805893898010254e-01,3.974291309714317322e-02,-1.109368801116943359e+00,1.377536803483963013e-01,8.565296530723571777e-01,3.419662415981292725e-01,1.608140945434570312e+00,-1.466149091720581055e+00,9.260616898536682129e-01,-3.298054039478302002e-01,-1.585267782211303711e+00,1.641969799995422363e+00,6.399315595626831055e-01,5.077991485595703125e-01,-1.497910380363464355e+00,-3.806969523429870605e-01,1.941320300102233887e+00,-1.201038479804992676e+00,2.911426723003387451e-01,6.483839452266693115e-02,-8.281168937683105469e-01,-8.065685033798217773e-01,1.225316524505615234e+00,-2.078994035720825195e+00,-1.112542986869812012e+00,-1.225054621696472168e+00,1.683013200759887695e+00,-2.456285655498504639e-01,7.800025343894958496e-01,1.101872086524963379e+00,-3.291897535324096680e+00,-1.109170675277709961e+00,9.638394117355346680e-01,-1.104756146669387817e-01,-5.441851615905761719e-01,-1.775637567043304443e-01,-2.679886519908905029e-01,-6.187879443168640137e-01,2.660231292247772217e-01,1.397398710250854492e+00,1.352917194366455078e+00,6.437790393829345703e-01,-6.954728960990905762e-01,-1.243660330772399902e+00,1.225464940071105957e+00,-2.872579395771026611e-01,1.242876052856445312e-01,-4.563438296318054199e-01,1.608054637908935547e+00,-1.232564926147460938e+00,-2.969492435455322266e+00,5.469636321067810059e-01,-1.415005922317504883e-01,-4.940830171108245850e-01,1.656254887580871582e+00,-1.567615628242492676e+00,1.166890740394592285e+00,-1.990110039710998535e+00,-5.601681470870971680e-01,1.480936050415039062e+00,4.876585006713867188e-01,-5.915229320526123047e-01,1.075492143630981445e+00,-2.046959638595581055e+00,3.814939036965370178e-02,1.741101503372192383e+00,1.524794101715087891e+00
9.413449764251708984e-01,-6.662626266479492188e-01,-4.978061616420745850e-01,-2.005904912948608398e+00,2.522433996200561523e-01,4.194486737251281738e-01,1.262693703174591064e-01,1.133513927459716797e+00,1.294301986694335938e+00,-3.965985476970672607e-01,-4.335254430770874023e-03,-6.757022738456726074e-01,1.702934145927429199e+00,-7.139747738838195801e-01,-3.113503567874431610e-02,1.531334161758422852e+00,5.081276893615722656e-01,-1.118825227022171021e-01,7.972802519798278809e-01,3.374876379966735840e-01,-9.364818334579467773e-01,1.269164443016052246e+00,-4.717077612876892090e-01,1.755884051322937012e+00,-3.125555217266082764e-01,-1.286454796791076660e+00,1.194168925285339355e+00,1.043230742216110229e-01,-6.792026162147521973e-01,-1.837288141250610352e-01,4.202529489994049072e-01,6.893917322158813477e-01,8.920490741729736328e-01,-1.254264950752258301e+00,1.706110000610351562e+00,-1.749440789222717285e+00,1.182099059224128723e-01,-6.953858137130737305e-01,1.907288730144500732e-01,-1.096914261579513550e-01,4.880138039588928223e-01,-8.731990456581115723e-01,1.227841615676879883e+00,-1.512035012245178223e+00,8.837502002716064453e-01,1.504935979843139648e+00,8.505923151969909668e-01,-9.834229946136474609e-01,6.808459162712097168e-01,4.019930660724639893e-01,1.031360268592834473e+00,3.855538666248321533e-01,-2.113678306341171265e-01,-8.857572078704833984e-01,-1.426956892013549805e+00,4.161187633872032166e-02,-4.467264413833618164e-01,1.232052683830261230e+00,6.092022657394409180e-01,1.352628946304321289e+00,-8.635682463645935059e-01,1.778649091720581055e+00,1.540640711784362793e+00,1.696187973022460938e+00,5.641587376594543457e-01,1.055522441864013672e+00,-7.814171910285949707e-02,-1.174833774566650391e-01,-1.301615834236145020e+00,8.201832771301269531e-01,-1.161257624626159668e+00,-1.562004804611206055e+00,-7.541244626045227051e-01,1.614658951759338379e+00,-4.963574707508087158e-01,8.669793605804443359e-01,1.691775321960449219e+00,-3.519242703914642334e-01,-3.733469545841217041e-02,1.326335430145263672e+00,-1.206386446952819824e+00,-2.160164415836334229e-01,8.286715149879455566e-01,-5.472034215927124023e-01,-1.120324730873107910e+00,-8.983810544013977051e-01,8.190341591835021973e-01,-1.774816393852233887e+00,7.020004391670227051e-01,1.091468334197998047e+00,2.021366357803344727e-02,-1.451671957969665527e+00,1.926745057106018066e+00,1.261720180511474609e+00,-6.011055707931518555e-01,-2.109468430280685425e-01,1.243675708770751953e+00,1.778758525848388672e+00,5.136533975601196289e-01,2.109730005264282227e+00
2.097604751586914062e+00,3.820727467536926270e-01,8.349969983100891113e-01,-7.507897019386291504e-01,-6.924175620079040527e-01,-2.086677312850952148e+00,-5.931266397237777710e-02,-2.355036139488220215e-01,8.798661828041076660e-01,-3.864161372184753418e-01,2.543103396892547607e-01,-1.727027177810668945e+00,1.160296201705932617e+00,-6.030714511871337891e-01,-1.170302629470825195e+00,9.929643869400024414e-01,3.442827612161636353e-02,7.383295297622680664e-01,4.354505240917205811e-01,-1.741563439369201660e+00,5.473587512969970703e-01,-8.672208786010742188e-01,-1.601460337638854980e+00,5.032364130020141602e-01,-1.052597463130950928e-01,4.689872860908508301e-01,3.782978653907775879e-01,-4.985407926142215729e-03,5.422315597534179688e-01,1.057225465774536133e+00,1.935341209173202515e-01,1.920866012573242188e+00,3.443171679973602295e-01,4.075074493885040283e-01,8.572217822074890137e-01,-1.906388550996780396e-01,7.657091617584228516e-01,-3.871959447860717773e-01,2.064599752426147461e+00,-1.342897057533264160e+00,-1.754466891288757324e-01,-2.035636663436889648e+00,-9.157726168632507324e-01,6.881535053253173828e-01,-8.803001642227172852e-01,3.572587966918945312e-01,-2.508849799633026123e-01,6.004973649978637695e-01,-8.581577539443969727e-01,2.349603474140167236e-01,-5.743067860603332520e-01,-1.382988095283508301e+00,-9.895486831665039062e-01,3.148352205753326416e-01,-6.375350356101989746e-01,-8.028035759925842285e-01,-1.054706890136003494e-02,-1.727301180362701416e-01,-5.492513999342918396e-02,-1.812850832939147949e-01,1.811721920967102051e-01,-1.055857539176940918e+00,-1.181315898895263672e+00,2.365048229694366455e-01,7.626724839210510254e-01,-2.179936133325099945e-02,-1.100970745086669922e+00,-7.471378445625305176e-01,3.149186074733734131e-01,1.957647651433944702e-01,7.578481435775756836e-01,-9.350460171699523926e-01,3.089314103126525879e-01,1.383438587188720703e+00,6.114977002143859863e-01,4.951202273368835449e-01,8.365975618362426758e-01,1.367643475532531738e+00,-3.913589417934417725e-01,-1.119534969329833984e+00,-4.728374183177947998e-01,1.730825066566467285e+00,5.589831471443176270e-01,-8.836516737937927246e-01,1.574358224868774414e+00,1.486536711454391479e-01,2.329973429441452026e-01,-7.177569270133972168e-01,-6.347141265869140625e-01,-5.256335735321044922e-01,3.876368999481201172e-01,8.403946757316589355e-01,-1.346202254295349121e+00,-1.742889523506164551e+00,1.009281754493713379e+00,-2.881398890167474747e-03,-3.372982516884803772e-02,-2.128261923789978027e-01,5.278636217117309570e-01,7.181870341300964355e-01
6.883054971694946289e-01,1.096612691879272461e+00,1.624960780143737793e+00,3.587471842765808105e-01,-1.177849054336547852e+00,1.142601370811462402e+00,7.681847549974918365e-03,-1.379539370536804199e+00,-2.547507882118225098e-01,-7.774703502655029297e-01,3.661407232284545898e-01,1.138589382171630859e-01,-6.976987719535827637e-01,-1.443653821945190430e+00,1.492842316627502441e+00,-7.895312905311584473e-01,-2.056185901165008545e-01,-1.066666364669799805e+00,-4.527540877461433411e-02,-1.175460338592529297e+00,-2.187310457229614258e-01,5.582079291343688965e-02,5.319435521960258484e-02,4.355258643627166748e-01,8.866662532091140747e-02,-6.885731220245361328e-01,1.451532483100891113e+00,2.228876054286956787e-01,-2.056440114974975586e-01,1.691807210445404053e-01,1.280697286128997803e-01,-4.173243939876556396e-01,8.097794651985168457e-01,3.296877741813659668e-01,-9.849175214767456055e-01,-1.710925579071044922e+00,3.775091469287872314e-01,5.564965009689331055e-01,2.039196729660034180e+00,2.425658404827117920e-01,-8.049528002738952637e-01,-6.474093198776245117e-01,-2.241383314132690430e+00,-3.767648041248321533e-01,-5.945536494255065918e-01,-2.810072004795074463e-01,2.043447196483612061e-01,-1.560884594917297363e+00,1.290207147598266602e+00,6.183818578720092773e-01,-1.087500572204589844e+00,-1.270027365535497665e-03,2.119991630315780640e-01,-1.952371373772621155e-02,-3.464292287826538086e-01,3.286125957965850830e-01,5.900325775146484375e-01,2.120950460433959961e+00,-1.508140116930007935e-01,1.150518298149108887e+00,4.569621086120605469e-01,3.182579576969146729e-01,-1.430540442466735840e+00,1.187787055969238281e+00,-1.609315156936645508e+00,1.453345417976379395e+00,-1.040967106819152832e+00,-1.530509948730468750e+00,-7.843638658523559570e-01,6.811180710792541504e-01,1.800981760025024414e-01,-1.359671235084533691e+00,-1.478023529052734375e+00,4.629708826541900635e-01,8.493388891220092773e-01,1.965021610260009766e+00,6.434983611106872559e-01,-7.912632822990417480e-01,-1.231554746627807617e+00,-1.125067830085754395e+00,4.780659079551696777e-01,-4.488224089145660400e-01,4.806147217750549316e-01,1.783158779144287109e+00,8.511966466903686523e-01,-5.410998463630676270e-01,1.115613102912902832e+00,-8.438097238540649414e-01,1.772189140319824219e+00,-8.875256180763244629e-01,-5.771257281303405762e-01,4.124251902103424072e-01,4.600192010402679443e-01,-6.734260916709899902e-01,-6.216531395912170410e-01,1.027215957641601562e+00,-5.163026452064514160e-01,3.769774734973907471e-01,-1.747946858406066895e+00,1.867019653320312500e+00
-1.094144821166992188e+00,5.661118626594543457e-01,-6.611969470977783203e-01,5.505491793155670166e-02,-3.962186574935913086e-01,-1.577369272708892822e-01,7.137927412986755371e-01,3.891143202781677246e-01,5.465883612632751465e-01,7.694814801216125488e-01,1.475185155868530273e+00,-2.133213520050048828e+00,-3.002057552337646484e+00,-5.537765026092529297e-01,-2.325887084007263184e-01,1.736601114273071289e+00,-1.265672922134399414e+00,1.196378588676452637e+00,6.047312617301940918e-01,5.568830966949462891e-01,9.799399375915527344e-01,8.273392915725708008e-02,-2.233980178833007812e+00,2.550343871116638184e-01,-8.993671834468841553e-02,3.834035992622375488e-02,-1.279999166727066040e-01,-1.410555541515350342e-01,8.638807535171508789e-01,-7.083203643560409546e-02,-1.920898675918579102e+00,2.300145149230957031e+00,-1.614931464195251465e+00,-1.075434327125549316e+00,-3.142488479614257812e+00,-4.015054106712341309e-01,5.128574557602405548e-03,-5.735715627670288086e-01,-7.907061576843261719e-01,2.772807478904724121e-01,-5.344398021697998047e-01,-2.070333242416381836e+00,-4.862263202667236328e-01,3.326732814311981201e-01,9.129384160041809082e-01,-4.723509848117828369e-01,5.113422274589538574e-01,4.501779377460479736e-01,1.390641331672668457e+00,-7.060166001319885254e-01,-2.732953131198883057e-01,3.323471546173095703e-01,1.321519494056701660e+00,3.736892640590667725e-01,2.192328691482543945e+00,-1.527133941650390625e+00,-1.607655584812164307e-01,-1.527998089790344238e+00,-3.934081494808197021e-01,-7.485050559043884277e-01,-6.813052296638488770e-01,7.504293322563171387e-01,8.991080522537231445e-01,-2.885520458221435547e-01,-1.282935142517089844e+00,-1.858016252517700195e+00,7.317141294479370117e-01,5.413028597831726074e-01,3.598984777927398682e-01,9.428427815437316895e-01,1.217603087425231934e+00,-1.605195164680480957e+00,1.286245465278625488e+00,-2.127023220062255859e+00,-1.213141798973083496e+00,-3.559027984738349915e-02,-8.117120265960693359e-01,-4.697784781455993652e-01,4.284839332103729248e-01,6.256519556045532227e-01,-9.385541081428527832e-01,-4.277764558792114258e-01,-1.141435950994491577e-01,-2.639794647693634033e-01,1.710132956504821777e-01,5.134012103080749512e-01,-2.644730508327484131e-01,-7.410746216773986816e-01,1.585384011268615723e+00,-6.937461495399475098e-01,-1.155318737030029297e+00,1.124986410140991211e+00,6.870462894439697266e-01,1.276840806007385254e+00,7.340760231018066406e-01,-1.334429144859313965e+00,-6.494377851486206055e-01,9.154444560408592224e-04,2.203700542449951172e+00,2.646475136280059814e-01
1.421092450618743896e-01,1.858687758445739746e+00,1.085048675537109375e+00,-1.534423112869262695e+00,-2.161773145198822021e-01,-2.281277477741241455e-01,-1.170949697494506836e+00,4.561179876327514648e-01,-4.397586882114410400e-01,1.080303072929382324e+00,1.347798705101013184e+00,5.533756017684936523e-01,8.958821892738342285e-01,1.293308258056640625e+00,9.412196278572082520e-01,-8.960260152816772461e-01,-3.615345358848571777e-01,-1.604566931724548340e+00,-1.324071168899536133e+00,-4.435596168041229248e-01,4.461365044116973877e-01,-1.005362629890441895e+00,-9.390391111373901367e-01,1.331549286842346191e+00,5.334413647651672363e-01,1.005516797304153442e-01,1.022098660469055176e+00,-1.836995631456375122e-01,1.907173275947570801e+00,-1.207236409187316895e+00,-6.923137605190277100e-02,7.698332071304321289e-01,-3.422960340976715088e-01,7.188021540641784668e-01,-8.217241168022155762e-01,5.731635093688964844e-01,-3.648155331611633301e-01,-2.104163542389869690e-02,1.042444705963134766e+00,-1.049225687980651855e+00,-7.156879901885986328e-01,-6.083534359931945801e-01,-3.409458875656127930e+00,-1.878491602838039398e-03,1.029171824455261230e+00,-2.739488184452056885e-01,-6.837817430496215820e-01,-8.276063203811645508e-01,-3.929532468318939209e-01,-1.115520238876342773e+00,-1.674155473709106445e+00,-1.815996170043945312e+00,-1.304572939872741699e+00,1.375257730484008789e+00,-1.002781540155410767e-01,4.877418875694274902e-01,8.191943168640136719e-02,1.602384150028228760e-01,-6.216534972190856934e-01,5.003331303596496582e-01,-5.940121412277221680e-01,1.996270418167114258e+00,-2.065383046865463257e-01,2.731499671936035156e-01,4.560905694961547852e-01,-8.898718357086181641e-01,-1.882936656475067139e-01,-1.123314723372459412e-01,1.591617465019226074e+00,-5.357136484235525131e-03,-9.427984952926635742e-01,1.856421113014221191e+00,1.809368729591369629e+00,1.105365633964538574e+00,1.942300915718078613e+00,9.861934185028076172e-01,2.199481278657913208e-01,-2.274146229028701782e-01,-1.635955929756164551e+00,-9.622740745544433594e-01,-2.375875562429428101e-01,-1.196432188153266907e-01,-9.779086112976074219e-01,7.692519575357437134e-02,1.196259021759033203e+00,7.554140686988830566e-01,-8.395582437515258789e-01,7.903932929039001465e-01,-6.790134310722351074e-02,-7.750422358512878418e-01,-6.911389529705047607e-02,-1.192383408546447754e+00,4.858558177947998047e-01,-2.245781421661376953e+00,-1.818937301635742188e+00,3.392499387264251709e-01,7.824810147285461426e-01,2.340145558118820190e-01,1.872750967741012573e-01,6.360947489738464355e-01
6.134477257728576660e-01,4.829556941986083984e-01,-4.454194009304046631e-01,-2.001092135906219482e-01,-1.164537668228149414e-01,-6.222400069236755371e-01,-6.429993510246276855e-01,-9.266912937164306641e-01,-5.471105575561523438e-01,1.628114342689514160e+00,-4.071603417396545410e-01,2.042825460433959961e+00,5.964723825454711914e-01,-1.428704857826232910e-01,9.910874962806701660e-01,-6.294028759002685547e-01,1.075995117425918579e-01,8.960751295089721680e-01,6.464461982250213623e-02,5.329009294509887695e-01,5.577564239501953125e-01,7.106170803308486938e-02,1.634444832801818848e+00,1.270155787467956543e+00,1.306133121252059937e-01,-2.119197696447372437e-01,-4.992332458496093750e-01,8.899467587471008301e-01,-1.944172382354736328e+00,-1.318681120872497559e+00,-1.489156484603881836e+00,-8.088612556457519531e-01,-1.865216374397277832e+00,2.613897323608398438e-01,-8.930767774581909180e-01,-2.194953709840774536e-01,-6.566296331584453583e-03,-2.282205969095230103e-01,-1.226254820823669434e+00,1.973021149635314941e+00,-1.107327640056610107e-02,4.312722086906433105e-01,2.811136841773986816e-01,1.453448534011840820e-01,-9.094812870025634766e-01,-7.568078041076660156e-01,4.016148746013641357e-01,4.433987736701965332e-01,2.632067352533340454e-02,-4.478778243064880371e-01,-1.688418865203857422e+00,-1.293695449829101562e+00,-1.052047967910766602e+00,-1.167217731475830078e+00,3.370204269886016846e-01,-7.758327126502990723e-01,6.232497096061706543e-01,4.972869157791137695e-01,-6.828247904777526855e-01,7.719292044639587402e-01,1.562755346298217773e+00,3.546767234802246094e-01,9.183593392372131348e-01,2.438494265079498291e-01,-1.576443195343017578e+00,-3.161096870899200439e-01,3.522912263870239258e-01,5.510850548744201660e-01,-1.009601578116416931e-01,4.054826498031616211e-02,1.859127044677734375e+00,1.184457302093505859e+00,-9.676336050033569336e-01,1.148525834083557129e+00,1.617673277854919434e+00,4.046303927898406982e-01,1.451962232589721680e+00,6.147029399871826172e-01,-8.223907351493835449e-01,-5.253765359520912170e-02,-2.361902236938476562e+00,5.557888373732566833e-02,-2.331856250762939453e+00,-2.198931694030761719e+00,3.033943474292755127e-01,-3.306051716208457947e-02,6.236652731895446777e-01,1.848068684339523315e-01,1.034412741661071777e+00,-6.496759057044982910e-01,-1.023631215095520020e+00,1.015968084335327148e+00,9.856286048889160156e-01,1.648757576942443848e+00,-6.937274336814880371e-01,-1.192028075456619263e-01,-1.263672828674316406e+00,6.347751021385192871e-01,4.205702990293502808e-02,4.878208637237548828e-01
1.718390136957168579e-01,5.595425963401794434e-01,-6.996282339096069336e-01,1.979599118232727051e+00,-3.505194783210754395e-01,1.169497743248939514e-01,-7.202621698379516602e-01,2.448790967464447021e-01,8.752117753028869629e-01,-1.136536717414855957e+00,-1.703183174133300781e+00,-1.667725294828414917e-01,1.248853325843811035e+00,-2.786398530006408691e-01,-1.353976368904113770e+00,-6.077784895896911621e-01,-1.064947962760925293e+00,6.084885597229003906e-01,-1.003673076629638672e-01,-4.737235009670257568e-01,2.225348651409149170e-01,8.990233391523361206e-02,-4.518686830997467041e-01,1.234502792358398438e+00,6.785877346992492676e-01,-1.108654499053955078e+00,-6.841287016868591309e-03,-5.518022775650024414e-01,-3.258457779884338379e-01,-1.037294864654541016e+00,-1.308769226074218750e+00,-1.318804860115051270e+00,-4.991563260555267334e-01,1.043713927268981934e+00,5.706924200057983398e-02,1.876186281442642212e-01,-1.661060810089111328e+00,-1.599943637847900391e-01,1.025543570518493652e+00,-4.686147272586822510e-01,1.009828686714172363e+00,-2.297620177268981934e-01,-8.782163262367248535e-01,-2.360393285751342773e+00,-1.156277775764465332e+00,1.320038199424743652e+00,1.670462012290954590e+00,3.203284144401550293e-01,5.446979403495788574e-01,1.161639571189880371e+00,1.692634701728820801e+00,1.034729719161987305e+00,-1.821775317192077637e+00,1.426125168800354004e+00,3.394042253494262695e-01,2.606402635574340820e-01,1.154691934585571289e+00,6.613500118255615234e-01,5.300149321556091309e-01,3.419921994209289551e-01,1.110359668731689453e+00,-5.510002970695495605e-01,4.125585258007049561e-01,-1.008656263351440430e+00,-4.885708093643188477e-01,-3.063939213752746582e-01,-1.981939673423767090e+00,2.486455917358398438e+00,-6.885847449302673340e-02,2.044934749603271484e+00,-1.694815516471862793e+00,-3.596877455711364746e-01,-3.595594763755798340e-01,9.396871924400329590e-01,4.699358940124511719e-01,-1.852970570325851440e-01,2.079473435878753662e-01,1.124431848526000977e+00,5.815628170967102051e-01,8.328844904899597168e-01,6.348817795515060425e-02,5.290024876594543457e-01,-1.390089869499206543e+00,1.825968384742736816e+00,-1.103600144386291504e+00,-6.020379066467285156e-01,-8.381988406181335449e-01,6.085395812988281250e-01,-5.233126282691955566e-01,6.087350249290466309e-01,-3.943916261196136475e-01,2.618787288665771484e-01,9.223774671554565430e-01,4.724787473678588867e-01,1.105554252862930298e-01,-3.157532513141632080e-01,-1.047850131988525391e+00,-6.633409857749938965e-01,-1.895265221595764160e+00,1.671946763992309570e+00
-6.591616272926330566e-01,1.593036949634552002e-01,1.201629415154457092e-01,3.192737698554992676e-01,4.257621467113494873e-01,1.149850249290466309e+00,5.218840837478637695e-01,1.969833135604858398e+00,9.804373979568481445e-01,3.197937309741973877e-01,3.721991479396820068e-01,1.154152274131774902e+00,-2.037366926670074463e-01,4.266461431980133057e-01,-1.524770557880401611e-01,9.540329575538635254e-01,3.999276459217071533e-02,6.138936877250671387e-01,9.602013230323791504e-01,1.435656666755676270e+00,6.411165595054626465e-01,-5.049445629119873047e-01,5.620516538619995117e-01,-1.373863667249679565e-01,3.344588875770568848e-01,9.997579455375671387e-01,-4.657106995582580566e-01,1.409943997859954834e-01,1.270243048667907715e+00,-8.082867413759231567e-02,-1.308636069297790527e-01,-2.849771380424499512e-01,-6.856992244720458984e-01,1.086688637733459473e+00,1.601987630128860474e-01,-2.139337062835693359e+00,4.953939318656921387e-01,1.262791156768798828e+00,1.993342757225036621e+00,-1.834049448370933533e-02,-8.573921322822570801e-01,1.811027407646179199e+00,4.159750938415527344e-01,-1.004157900810241699e+00,3.981840610504150391e-01,-2.212233841419219971e-01,-7.425290942192077637e-01,5.775409191846847534e-02,-1.639903903007507324e+00,5.465705394744873047e-01,-2.821880877017974854e-01,-7.416008114814758301e-01,-7.404657006263732910e-01,7.098963260650634766e-01,-3.201148211956024170e-01,-2.975808382034301758e-01,-9.799975901842117310e-02,-3.431104822084307671e-03,-1.152778506278991699e+00,9.261622279882431030e-02,1.889071345329284668e+00,-3.064061701297760010e-01,1.114648818969726562e+00,-1.510896980762481689e-01,-1.074063897132873535e+00,-1.683334827423095703e+00,-1.748160719871520996e+00,1.859738111495971680e+00,6.146493554115295410e-01,4.827420413494110107e-01,-1.694821834564208984e+00,-4.665015637874603271e-01,6.016910076141357422e-01,-5.254076719284057617e-01,8.139933943748474121e-01,1.005529642105102539e+00,-9.965471625328063965e-01,-1.889697760343551636e-01,-3.450216650962829590e-01,1.044163703918457031e+00,1.249464511871337891e+00,6.930781602859497070e-01,-1.379783153533935547e+00,2.261181831359863281e+00,-1.154723092913627625e-01,1.580953359603881836e+00,6.274635195732116699e-01,-8.685628175735473633e-01,-5.324294567108154297e-01,8.386668562889099121e-01,-2.064706385135650635e-01,-2.083952426910400391e+00,1.356516480445861816e+00,9.033536911010742188e-01,2.514127790927886963e-01,1.276557743549346924e-01,1.493535161018371582e+00,2.401773691177368164e+00,-6.710458993911743164e-01,-2.386590540409088135e-01
-1.823469847440719604e-01,7.256667315959930420e-02,7.299694418907165527e-01,-5.128058791160583496e-01,9.966121315956115723e-01,-3.832841813564300537e-01,-7.313838601112365723e-01,-4.570844471454620361e-01,-9.408177137374877930e-01,-1.248187422752380371e-01,4.350537657737731934e-01,1.196212291717529297e+00,-1.621666669845581055e+00,2.017844200134277344e+00,1.064426422119140625e+00,-4.833602905273437500e-01,2.995370626449584961e-01,-1.094632387161254883e+00,4.629772156476974487e-02,8.755798339843750000e-01,-5.166552066802978516e-01,8.265613913536071777e-01,-1.490990757942199707e+00,-1.524348258972167969e+00,1.799064725637435913e-01,1.088012456893920898e+00,6.936044692993164062e-01,3.303037881851196289e-01,2.673061788082122803e-01,-1.459301352500915527e+00,8.265151977539062500e-01,1.876692652702331543e+00,-5.747520923614501953e-01,-6.713716983795166016e-01,-1.656069457530975342e-01,-1.568915247917175293e-01,1.248802423477172852e+00,-2.260766178369522095e-01,1.085820555686950684e+00,-1.311163067817687988e+00,-8.815749287605285645e-01,2.380265146493911743e-01,-6.106871366500854492e-01,-7.406529188156127930e-01,1.269702196121215820e+00,-2.719146907329559326e-01,-1.327101945877075195e+00,6.195955872535705566e-01,2.562856674194335938e-01,1.109853625297546387e+00,1.582357287406921387e-01,-1.434126496315002441e+00,-2.889889478683471680e-01,-2.017486542463302612e-01,-5.367738008499145508e-02,-1.401726007461547852e-01,-7.257884144783020020e-01,-1.738069392740726471e-02,9.430017322301864624e-02,-1.736142754554748535e+00,-1.001854777336120605e+00,1.915712207555770874e-01,-5.690643191337585449e-01,-4.627036750316619873e-01,4.517960250377655029e-01,-1.254403591156005859e+00,1.960813701152801514e-01,3.149686753749847412e-01,-6.235436797142028809e-01,5.376030802726745605e-01,5.095177292823791504e-01,-7.704287022352218628e-02,5.063068866729736328e-01,-1.596432328224182129e+00,-1.966117918491363525e-01,-3.117007613182067871e-01,2.447224617004394531e+00,-5.930701270699501038e-03,-2.725650370121002197e-01,1.296737194061279297e+00,2.271970808506011963e-01,-1.102445572614669800e-01,-1.105783343315124512e+00,5.060202479362487793e-01,-1.437516093254089355e+00,9.697852134704589844e-01,3.795143067836761475e-01,-3.297933638095855713e-01,-1.389959096908569336e+00,-2.789431810379028320e-01,2.018696814775466919e-01,6.127188801765441895e-01,1.365914702415466309e+00,-1.353535771369934082e+00,1.016550898551940918e+00,-8.960401266813278198e-02,8.562946319580078125e-01,-1.130016088485717773e+00,9.132651686668395996e-01,1.678261458873748779e-01
-6.563306450843811035e-01,-3.030537962913513184e-01,1.989580392837524414e-01,-5.360824465751647949e-01,-7.005261182785034180e-01,7.419409751892089844e-01,-1.065755486488342285e+00,-8.178535699844360352e-01,-1.502068042755126953e+00,1.875536680221557617e+00,3.917841911315917969e-01,-1.196293950080871582e+00,-1.175874114036560059e+00,-5.406753420829772949e-01,-3.374499455094337463e-02,1.436250567436218262e+00,5.567418932914733887e-01,-2.264122366905212402e-01,8.027253746986389160e-01,6.625089049339294434e-01,-2.902308106422424316e-01,-4.090527892112731934e-01,-7.254598140716552734e-01,-1.198742985725402832e+00,-4.184134304523468018e-01,3.395860642194747925e-02,4.713339507579803467e-01,1.197051286697387695e+00,-2.491636276245117188e-01,-9.951640367507934570e-01,5.718319416046142578e-01,-2.568716108798980713e-01,-5.685132741928100586e-01,-1.862719416618347168e+00,-9.341225028038024902e-02,1.380771517753601074e+00,4.320998191833496094e-01,2.939321398735046387e-01,9.425321593880653381e-03,2.061317920684814453e+00,1.586394309997558594e+00,-9.652443975210189819e-02,-1.979592323303222656e+00,-1.249696593731641769e-02,2.570967674255371094e+00,-2.765577137470245361e-01,-5.400262475013732910e-01,-9.017579555511474609e-01,-6.165657639503479004e-01,-7.300715148448944092e-02,-2.440102815628051758e+00,-5.149493813514709473e-01,-5.343340635299682617e-01,1.512661427259445190e-01,4.388021826744079590e-01,4.471487998962402344e-01,-2.445666551589965820e+00,7.107622623443603516e-01,1.261141419410705566e+00,1.321682333946228027e+00,-7.176682949066162109e-01,1.722059845924377441e-01,-2.205957174301147461e+00,1.704369068145751953e+00,-9.972954988479614258e-01,-6.157944202423095703e-01,-2.564082741737365723e-01,4.064888656139373779e-01,1.482360005378723145e+00,-5.052771046757698059e-02,-9.682509303092956543e-01,-5.688138604164123535e-01,2.590004503726959229e-01,4.574206769466400146e-01,-5.007747411727905273e-01,5.059684067964553833e-02,-5.384019613265991211e-01,7.261133193969726562e-01,4.206503033638000488e-01,-3.644915819168090820e-01,-1.643873572349548340e+00,7.655289769172668457e-01,-5.922237038612365723e-01,-1.337464094161987305e+00,7.287454009056091309e-01,-3.032416105270385742e-02,1.791528820991516113e+00,-4.262899160385131836e-01,-4.371312856674194336e-01,3.846638500690460205e-01,-1.559416055679321289e-01,2.394165039062500000e+00,5.651758909225463867e-01,-1.446246147155761719e+00,6.589376330375671387e-01,-4.869298636913299561e-02,8.732378482818603516e-02,-3.439266979694366455e-02,-5.659280419349670410e-01,-1.051819846034049988e-01
1.293164014816284180e+00,-3.917115330696105957e-01,6.190969347953796387e-01,4.391135871410369873e-01,7.630190849304199219e-01,1.351279497146606445e+00,-1.156257629394531250e+00,-4.992472380399703979e-02,3.144044578075408936e-01,1.106420278549194336e+00,-4.553563147783279419e-02,1.412675499916076660e+00,-1.958131670951843262e+00,7.407836318016052246e-01,1.013759821653366089e-01,-7.903714776039123535e-01,-1.306847095489501953e+00,-4.980610907077789307e-01,-7.227044086903333664e-03,8.888471126556396484e-01,1.334327936172485352e+00,-1.687841892242431641e+00,1.001033544540405273e+00,2.301142215728759766e-01,-7.744271755218505859e-01,2.396861791610717773e+00,1.112384080886840820e+00,1.105653643608093262e+00,-2.556844949722290039e-01,5.338678359985351562e-01,9.930355846881866455e-02,-3.346672356128692627e-01,-7.173463106155395508e-01,3.428138792514801025e-01,1.618970155715942383e+00,5.712292194366455078e-01,9.794694781303405762e-01,-1.488978624343872070e+00,5.682588815689086914e-01,-1.497795224189758301e+00,1.998854801058769226e-03,-4.922322034835815430e-01,7.980027794837951660e-01,-8.246460556983947754e-01,-1.523087620735168457e+00,1.569327831268310547e+00,-3.241740763187408447e-01,9.601579308509826660e-01,-9.098989963531494141e-01,5.908698439598083496e-01,2.878394424915313721e-01,-1.564159750938415527e+00,1.299305319786071777e+00,-1.184968948364257812e+00,-7.936571240425109863e-01,6.064980626106262207e-01,-5.212190151214599609e-01,-2.553916275501251221e-01,1.859404325485229492e+00,-2.577007114887237549e-01,9.009783267974853516e-01,-5.204533040523529053e-02,3.159376680850982666e-01,-1.871457099914550781e+00,7.092788815498352051e-02,2.625817954540252686e-01,-5.077515915036201477e-02,3.292139172554016113e-01,-6.517826020717620850e-02,-1.337840318679809570e+00,-4.313747286796569824e-01,4.827885627746582031e-01,-8.198383450508117676e-02,7.381902337074279785e-01,3.351085484027862549e-01,-7.836347073316574097e-02,-1.187467217445373535e+00,1.263878583908081055e+00,-7.312461733818054199e-02,-9.456502795219421387e-01,-1.532800197601318359e+00,2.675342857837677002e-01,-1.209926009178161621e+00,-1.076421141624450684e+00,-1.683032870292663574e+00,-1.485435962677001953e-01,-1.004389166831970215e+00,1.847254753112792969e+00,-1.675113677978515625e+00,-8.385369181632995605e-01,3.330697119235992432e-01,1.563442945480346680e+00,-3.248384296894073486e-01,1.005978584289550781e+00,4.336755573749542236e-01,-5.235524177551269531e-01,-2.387199401855468750e-01,-1.116451263427734375e+00,8.079214096069335938e-01,-5.823429226875305176e-01
-3.161721825599670410e-01,-2.052373647689819336e+00,1.408831119537353516e+00,1.124115958809852600e-01,3.862236440181732178e-02,-8.749930262565612793e-01,4.202209711074829102e-01,1.454276204109191895e+00,-3.000393509864807129e-02,4.191528633236885071e-02,1.060282140970230103e-01,-1.505484342575073242e+00,-1.530089229345321655e-01,4.884015619754791260e-01,1.019539833068847656e+00,1.164174079895019531e-01,-9.935961365699768066e-01,-5.070490241050720215e-01,-1.721968293190002441e+00,3.379162028431892395e-02,-1.721094965934753418e+00,-3.447502851486206055e-01,-7.280406951904296875e-01,-1.097040414810180664e+00,-7.964211106300354004e-01,-1.155905127525329590e+00,3.265244364738464355e-01,1.193529725074768066e+00,8.455617353320121765e-05,-4.384892880916595459e-01,-1.147295475006103516e+00,-2.201239019632339478e-01,-1.898910522460937500e+00,7.034859657287597656e-01,1.084656596183776855e+00,2.487920373678207397e-01,-1.554318964481353760e-01,-1.552711844444274902e+00,-4.890946447849273682e-01,6.133587360382080078e-01,6.516601890325546265e-02,1.182681798934936523e+00,-2.145128846168518066e-01,1.041354894638061523e+00,1.736534386873245239e-01,5.066587924957275391e-01,-9.024907946586608887e-01,-1.203965425491333008e+00,4.277659058570861816e-01,-1.971440672874450684e+00,-2.559323981404304504e-02,7.774819731712341309e-01,1.163128137588500977e+00,-8.744766712188720703e-01,-2.925863564014434814e-01,5.755608081817626953e-01,-1.849418044090270996e+00,-1.196227192878723145e+00,1.034052222967147827e-01,-1.159017682075500488e+00,5.254682302474975586e-01,-6.929279565811157227e-01,1.774991035461425781e+00,-1.106583118438720703e+00,9.595299363136291504e-01,2.274416446685791016e+00,1.370946764945983887e-01,1.653450369834899902e+00,5.834298133850097656e-01,-2.362685054540634155e-01,-1.207909584045410156e+00,-1.685518622398376465e+00,-1.170913353562355042e-01,-8.839724063873291016e-01,4.742062389850616455e-01,-1.445119500160217285e+00,-7.755010128021240234e-01,1.887751579284667969e+00,3.449444174766540527e-01,1.408289521932601929e-01,-3.710564672946929932e-01,-2.428615652024745941e-02,1.224514842033386230e+00,1.178325533866882324e+00,8.427752554416656494e-02,9.946381449699401855e-01,7.272072434425354004e-01,-5.556134581565856934e-01,-8.508355021476745605e-01,-2.428915500640869141e-01,6.588079333305358887e-01,-1.452401399612426758e+00,-1.271785020828247070e+00,-1.608967661857604980e+00,-6.881674528121948242e-01,7.316694259643554688e-01,1.270247936248779297e+00,6.522255390882492065e-02,-1.653380393981933594e+00,1.057750940322875977e+00
-1.004297852516174316e+00,-4.272087216377258301e-01,-1.719899177551269531e+00,-6.044928431510925293e-01,-1.051434993743896484e+00,-3.092100918292999268e-01,-7.810053974390029907e-02,-1.618130207061767578e-01,-6.760523319244384766e-01,1.818694353103637695e+00,7.965462207794189453e-01,-4.771958887577056885e-01,-1.877343297004699707e+00,-6.318130493164062500e-01,1.700605630874633789e+00,6.656507402658462524e-02,-4.149274826049804688e-01,-2.242555320262908936e-01,-1.619929671287536621e+00,-1.024654746055603027e+00,1.253447890281677246e+00,-1.134264349937438965e+00,-4.656068980693817139e-01,-1.681151509284973145e+00,6.688601374626159668e-01,-4.054556488990783691e-01,-6.616639494895935059e-01,2.551027834415435791e-01,-2.079894244670867920e-01,-2.350487947463989258e+00,-2.067486196756362915e-01,-6.103051826357841492e-02,-8.260051608085632324e-01,-1.209404706954956055e+00,-3.266032636165618896e-01,-4.444567263126373291e-01,8.022203445434570312e-01,7.908904552459716797e-01,-5.948351025581359863e-01,6.279434561729431152e-01,-5.620321631431579590e-01,2.691468298435211182e-01,-5.966740250587463379e-01,-5.729033425450325012e-02,-1.907896280288696289e+00,2.285594940185546875e-01,1.190469503402709961e+00,1.241437315940856934e+00,6.884173154830932617e-01,1.673086881637573242e-01,-1.952447652816772461e+00,3.112851083278656006e-01,-1.062877297401428223e+00,-5.892515182495117188e-01,3.506436944007873535e-01,1.890732884407043457e+00,9.232217073440551758e-01,-9.515825510025024414e-01,3.904505372047424316e-01,5.074454545974731445e-01,-6.255549788475036621e-01,6.868084669113159180e-01,1.447783946990966797e+00,2.883914113044738770e-01,8.256801962852478027e-01,-1.617192745208740234e+00,-2.073272228240966797e+00,-9.740575551986694336e-01,1.059172868728637695e+00,2.947446703910827637e-01,-5.954674482345581055e-01,2.660656690597534180e+00,-1.102076768875122070e-01,-1.596930176019668579e-01,2.813185751438140869e-01,-3.831100463867187500e-01,1.268622875213623047e-01,-2.211608886718750000e-01,-2.695624530315399170e-01,-5.955206230282783508e-02,-1.072522282600402832e+00,4.503036141395568848e-01,-4.849045574665069580e-01,1.414280831813812256e-01,5.355081558227539062e-01,-1.877185255289077759e-01,2.952758669853210449e-01,1.915024369955062866e-01,1.967827975749969482e-01,1.272086262702941895e+00,-4.713828563690185547e-01,-9.830158948898315430e-01,1.394118070602416992e-01,8.267950415611267090e-01,2.190639019012451172e+00,9.509726166725158691e-01,2.183628082275390625e+00,1.309777975082397461e+00,1.018505930900573730e+00,1.392072439193725586e+00
-7.936174869537353516e-01,4.082117676734924316e-01,-8.465205430984497070e-01,1.464852213859558105e+00,5.914654135704040527e-01,-1.227775335311889648e+00,6.927437782287597656e-01,7.369584441184997559e-01,-1.898537278175354004e-01,5.376119017601013184e-01,7.541170120239257812e-01,-3.535903692245483398e-01,-9.242318868637084961e-01,-1.320922851562500000e+00,4.697741270065307617e-01,-1.368759632110595703e+00,3.345037400722503662e-01,-2.501332014799118042e-02,-5.603152513504028320e-01,-9.195109829306602478e-03,5.084366202354431152e-01,-8.335028886795043945e-01,-9.962741732597351074e-01,4.309634566307067871e-01,-2.011583566665649414e+00,-4.272269606590270996e-01,2.683107376098632812e+00,-1.006224036216735840e+00,3.613466322422027588e-01,-6.390539407730102539e-01,-3.144074082374572754e-01,1.836034655570983887e+00,-7.619672417640686035e-01,8.632367253303527832e-01,1.018947601318359375e+00,-1.053996980190277100e-01,2.695456892251968384e-02,4.567258656024932861e-01,-1.991037726402282715e-01,1.224194526672363281e+00,7.928804755210876465e-01,-6.580396890640258789e-01,-1.013545274734497070e+00,1.697469115257263184e+00,9.370970129966735840e-01,1.552991867065429688e-01,-4.250524193048477173e-02,9.622263312339782715e-01,1.057563781738281250e+00,-1.275972723960876465e+00,9.853118658065795898e-02,5.448384284973144531e-01,-7.230514883995056152e-01,-1.028364449739456177e-01,-5.367840528488159180e-01,-1.259487748146057129e+00,1.086462736129760742e+00,1.111831665039062500e+00,-2.050513505935668945e+00,2.596254348754882812e-01,8.861239552497863770e-01,-5.298792719841003418e-01,3.983603119850158691e-01,-3.032867670059204102e+00,1.908967196941375732e-01,-1.877746343612670898e+00,7.123015522956848145e-01,1.792782992124557495e-01,5.042722076177597046e-02,-5.743830204010009766e-01,-3.438602387905120850e-02,-7.399764060974121094e-01,3.157579302787780762e-01,-5.538372993469238281e-01,-1.156212925910949707e+00,-6.503819227218627930e-01,1.031358003616333008e+00,7.184000611305236816e-01,-1.142385378479957581e-01,-8.228110074996948242e-01,-2.460943937301635742e+00,7.040454745292663574e-01,1.922112464904785156e+00,-4.938243031501770020e-01,1.313233673572540283e-01,5.622978210449218750e-01,1.331500053405761719e+00,1.901678681373596191e+00,6.338117718696594238e-01,1.044323801994323730e+00,-1.308776021003723145e+00,7.126659750938415527e-01,-1.013626717031002045e-02,-1.803695708513259888e-01,3.422182202339172363e-01,-5.146768689155578613e-01,1.424457788467407227e+00,6.890603303909301758e-01,1.084638357162475586e+00,3.010204136371612549e-01
7.148619890213012695e-01,1.324048995971679688e+00,-4.061825573444366455e-01,1.721515059471130371e+00,-1.108305454254150391e+00,-9.551354050636291504e-01,2.438753843307495117e-01,-3.275772035121917725e-01,9.205606579780578613e-01,1.642651915550231934e+00,-3.454618155956268311e-01,1.347618937492370605e+00,-1.178093791007995605e+00,-1.285790503025054932e-01,1.678538680076599121e+00,-2.117357015609741211e+00,5.072656869888305664e-01,-6.080851554870605469e-01,6.730601787567138672e-01,-5.238697528839111328e-01,2.071556091308593750e+00,1.149800494313240051e-01,4.006533697247505188e-02,1.871432662010192871e+00,7.907794713973999023e-01,2.507309675216674805e+00,-7.157216072082519531e-01,6.555905938148498535e-01,-1.766671895980834961e+00,-3.524471521377563477e-01,-2.584793329238891602e+00,6.808560490608215332e-01,1.125201463699340820e+00,2.601422667503356934e-01,-1.733186282217502594e-02,5.019598603248596191e-01,7.924811244010925293e-01,-3.049330711364746094e-01,3.891652822494506836e-01,1.057464122772216797e+00,2.411478310823440552e-01,-9.917128682136535645e-01,-7.654678821563720703e-01,1.204892516136169434e+00,-8.712852001190185547e-01,6.301854848861694336e-01,-1.840766906738281250e+00,4.246938824653625488e-01,6.398024559020996094e-01,8.698893189430236816e-01,2.713322639465332031e-01,1.156824111938476562e+00,6.016684770584106445e-01,2.536425888538360596e-01,6.527153253555297852e-01,1.379550576210021973e+00,-1.720188379287719727e+00,-2.209295183420181274e-01,1.099285483360290527e+00,-3.382740020751953125e-01,1.988685429096221924e-01,-8.199259638786315918e-01,-5.656292438507080078e-01,-1.015481472015380859e+00,-2.026239037513732910e-01,-1.314921021461486816e+00,6.186079382896423340e-01,2.645583629608154297e+00,-2.313981205224990845e-01,1.353849023580551147e-01,-1.138301491737365723e+00,7.190800905227661133e-01,-2.043263912200927734e-01,-1.517111778259277344e+00,-2.100328445434570312e+00,-4.614153504371643066e-01,-3.423317074775695801e-01,-2.217621564865112305e+00,1.481716871261596680e+00,1.417915672063827515e-01,1.668043375015258789e+00,-5.088650584220886230e-01,6.858742833137512207e-01,5.991003513336181641e-01,5.909571647644042969e-01,-1.241551876068115234e+00,3.094431757926940918e-01,-1.244299173355102539e+00,-5.756962895393371582e-01,-1.169960260391235352e+00,1.036053299903869629e-01,7.611838579177856445e-01,-5.241537690162658691e-01,2.108694076538085938e+00,1.132100448012351990e-01,-6.903425455093383789e-01,1.558953166007995605e+00,6.342769861221313477e-01,5.257450938224792480e-01,-1.406588912010192871e+00
1.519896149635314941e+00,-1.208381205797195435e-01,1.172491431236267090e+00,-1.007045984268188477e+00,5.730799436569213867e-01,-5.317270755767822266e-01,-5.986147522926330566e-01,5.330817699432373047e-01,8.064668178558349609e-01,2.126329243183135986e-01,-1.491893887519836426e+00,-2.005587816238403320e-01,-9.917774200439453125e-01,-1.488942861557006836e+00,7.115299105644226074e-01,-9.089937806129455566e-01,-1.145707964897155762e-01,8.471956253051757812e-01,-1.599094033241271973e+00,2.360249310731887817e-01,-1.145660758018493652e+00,-1.545288205146789551e+00,5.567502975463867188e-01,-8.574744462966918945e-01,2.348737418651580811e-01,2.018113374710083008e+00,-1.592845916748046875e+00,3.217526674270629883e-01,4.348188042640686035e-01,-8.119325339794158936e-02,1.414863467216491699e-01,1.381243824958801270e+00,1.621691584587097168e-01,3.604397773742675781e-01,-4.825338125228881836e-01,5.117150545120239258e-01,-6.002215147018432617e-01,-2.036776542663574219e+00,-2.802003026008605957e-01,7.395091652870178223e-01,-4.560981094837188721e-01,-4.993755519390106201e-01,-7.445064187049865723e-02,-9.335805773735046387e-01,1.193448781967163086e+00,-2.830791771411895752e-01,5.266475677490234375e-01,1.587765932083129883e+00,1.637664794921875000e+00,-3.547366559505462646e-01,-3.742035627365112305e-01,-2.582356333732604980e-01,-1.241682410240173340e+00,4.001790285110473633e-02,-6.022538542747497559e-01,-1.586459726095199585e-01,8.013416528701782227e-01,4.736047983169555664e-01,8.507297635078430176e-01,9.325375556945800781e-01,-5.428946018218994141e-01,1.430467486381530762e+00,4.712702631950378418e-01,-6.305240392684936523e-01,-5.670394748449325562e-02,-2.259957194328308105e-01,-9.891451597213745117e-01,-4.046311676502227783e-01,-3.213051557540893555e-01,1.299586534500122070e+00,-8.772351741790771484e-01,9.173472523689270020e-01,7.877201437950134277e-01,-1.295339703559875488e+00,6.901787519454956055e-01,3.115402720868587494e-02,-2.775286674499511719e+00,7.418699860572814941e-01,-4.312903285026550293e-01,1.373309135437011719e+00,-1.529539585113525391e+00,5.014414787292480469e-01,1.996207684278488159e-01,-8.640284538269042969e-01,-2.564096450805664062e+00,4.085018038749694824e-01,6.708590984344482422e-01,7.380063533782958984e-01,-1.148097753524780273e+00,4.525685906410217285e-01,5.623360872268676758e-01,4.757330119609832764e-01,1.655326634645462036e-01,9.591576457023620605e-02,-6.570903062820434570e-01,1.140583038330078125e+00,1.417522072792053223e+00,9.690353274345397949e-01,-1.451487541198730469e-01,-6.784302592277526855e-01
1.818183064460754395e+00,-1.810723423957824707e+00,-8.059091567993164062e-01,1.535892784595489502e-01,-4.456483721733093262e-01,1.793794631958007812e-01,8.375530838966369629e-01,-1.149776697158813477e+00,1.555000185966491699e+00,3.397845327854156494e-01,1.946107864379882812e+00,-1.473337411880493164e-01,5.569428801536560059e-01,-9.982531666755676270e-01,3.631366491317749023e-01,1.346771866083145142e-01,-1.306245565414428711e+00,-1.730508923530578613e+00,-1.213531255722045898e+00,7.998030781745910645e-01,1.034249737858772278e-01,-6.327740550041198730e-01,-3.867267370223999023e-01,-1.773656487464904785e+00,1.418256759643554688e+00,-4.035921990871429443e-01,4.957980513572692871e-01,1.733084917068481445e+00,1.051476359367370605e+00,2.102243304252624512e-01,-1.839338839054107666e-01,-4.467441439628601074e-01,-1.741980388760566711e-02,-5.321545600891113281e-01,1.030941963195800781e+00,-8.179078102111816406e-01,1.026187896728515625e+00,-4.517166018486022949e-01,1.094956517219543457e+00,7.992677092552185059e-01,2.379377633333206177e-01,2.669195413589477539e+00,3.670358359813690186e-01,4.963865578174591064e-01,-8.988959789276123047e-01,-3.773295134305953979e-02,-1.360487461090087891e+00,-7.155237793922424316e-01,6.291036009788513184e-01,2.205304622650146484e+00,1.136228799819946289e+00,9.628674387931823730e-01,-2.526505291461944580e-01,-7.647188752889633179e-02,1.075826644897460938e+00,-9.093132801353931427e-03,-2.531843781471252441e-01,4.315837621688842773e-01,-1.374287128448486328e+00,-2.547176778316497803e-01,-4.676766693592071533e-01,2.229346930980682373e-01,-7.718759179115295410e-01,-2.006211876869201660e-01,4.425962269306182861e-01,-3.030826151371002197e-01,6.443542987108230591e-02,1.048377037048339844e+00,-1.748316455632448196e-03,-2.356070518493652344e+00,1.144144892692565918e+00,5.494285821914672852e-01,-8.418641686439514160e-01,-8.405667543411254883e-02,-8.110217452049255371e-01,-2.140161842107772827e-01,3.983591496944427490e-01,4.046978056430816650e-01,8.065465092658996582e-01,-6.341563165187835693e-02,3.499148488044738770e-01,-1.220742225646972656e+00,7.586748600006103516e-01,1.958402037620544434e+00,3.223237097263336182e-01,2.764248847961425781e-01,5.142443776130676270e-01,9.360820055007934570e-02,-6.421011090278625488e-01,-2.963883243501186371e-02,-2.175224065780639648e+00,1.995717525482177734e+00,1.890546441078186035e+00,8.618634343147277832e-01,-2.322615385055541992e-01,-2.496464967727661133e+00,-6.205851435661315918e-01,7.419134378433227539e-01,1.735176205635070801e+00,-8.561818599700927734e-01
-4.859611093997955322e-01,1.119017601013183594e-01,-3.612688183784484863e-01,-8.017091751098632812e-01,-1.778312176465988159e-01,-1.662117242813110352e+00,-9.203903675079345703e-01,8.698634803295135498e-02,-1.947792768478393555e+00,-1.318655628710985184e-02,9.575550556182861328e-01,-3.828691840171813965e-01,1.590705215930938721e-01,-1.700899004936218262e+00,1.824083924293518066e+00,-4.793144464492797852e-01,2.136632680892944336e+00,-7.784770727157592773e-01,-1.468337297439575195e+00,-6.343259215354919434e-01,1.292978376150131226e-01,4.559321999549865723e-01,-1.997461557388305664e+00,-2.007690906524658203e+00,-9.711398184299468994e-02,-6.995815634727478027e-01,-7.735380530357360840e-01,3.083124458789825439e-01,1.479871392250061035e+00,8.091234415769577026e-02,2.176793098449707031e+00,3.657366335391998291e-01,-5.523906946182250977e-01,-1.074918389320373535e+00,-1.118463516235351562e+00,-1.247480273246765137e+00,1.144533395767211914e+00,2.318499982357025146e-01,9.521049261093139648e-01,3.294040262699127197e-01,2.153913527727127075e-01,-1.452553153038024902e+00,1.173523545265197754e+00,2.802755236625671387e-01,-1.703953742980957031e-01,3.386555612087249756e-01,3.397219479084014893e-01,2.114266604185104370e-01,5.123777985572814941e-01,-1.365990281105041504e+00,-2.846207916736602783e-01,1.946644932031631470e-01,6.732732057571411133e-02,1.615193843841552734e+00,2.159141540527343750e+00,-5.368020534515380859e-01,-2.555795013904571533e-01,5.932568907737731934e-01,2.771705090999603271e-01,-8.327659368515014648e-01,-1.058824777603149414e+00,-6.248186826705932617e-01,-1.325543403625488281e+00,4.049736261367797852e-01,1.247048899531364441e-01,1.803415417671203613e-01,1.268517494201660156e+00,-6.193991303443908691e-01,2.214590646326541901e-02,8.624783754348754883e-01,1.073547720909118652e+00,-1.589480042457580566e+00,-9.943734407424926758e-01,2.612959861755371094e+00,-7.855471223592758179e-03,-1.858428478240966797e+00,-1.566933512687683105e+00,-1.410397529602050781e+00,2.554746866226196289e-01,-4.230709969997406006e-01,3.292752802371978760e-01,-1.356682181358337402e+00,-9.724981188774108887e-01,-1.380164772272109985e-01,6.499857306480407715e-01,-1.252553224563598633e+00,8.285433650016784668e-01,-1.368487477302551270e+00,1.936133265495300293e+00,1.223636791110038757e-01,-9.592543840408325195e-01,-1.209260582923889160e+00,-1.337790638208389282e-01,1.808923482894897461e+00,-3.441962599754333496e-01,-5.012189969420433044e-02,7.022470831871032715e-01,2.589045464992523193e-01,5.407890081405639648e-01,1.408527493476867676e+00
1.341511487960815430e+00,-1.028556704521179199e+00,2.066386193037033081e-01,-9.374042749404907227e-01,9.517038464546203613e-01,1.827258825302124023e+00,4.396213591098785400e-01,-1.064888238906860352e+00,1.454048037528991699e+00,9.745696783065795898e-01,5.224497914314270020e-01,9.482543468475341797e-01,1.436964154243469238e+00,1.178834199905395508e+00,-4.657166600227355957e-01,-8.063933253288269043e-01,5.287466049194335938e-01,-1.822509884834289551e+00,1.234420463442802429e-01,-1.313074082136154175e-01,7.862645983695983887e-01,1.922838449478149414e+00,7.156983613967895508e-01,-3.090590834617614746e-01,-1.189931511878967285e+00,1.789501309394836426e+00,5.233582481741905212e-02,1.730840325355529785e+00,-4.464728832244873047e-01,1.346790194511413574e+00,5.667647719383239746e-02,8.058726191520690918e-01,-8.624932914972305298e-02,-7.262344956398010254e-01,3.312634527683258057e-01,-6.176873445510864258e-01,-4.906805157661437988e-01,1.134322166442871094e+00,7.468805462121963501e-02,-1.029156208038330078e+00,-8.049835562705993652e-01,1.484908223152160645e+00,-1.052661776542663574e+00,6.473562121391296387e-01,-1.559215545654296875e+00,-1.195827484130859375e+00,-6.750491857528686523e-01,-1.459458589553833008e+00,-5.605475306510925293e-01,2.031184434890747070e+00,-9.579062461853027344e-01,3.756329417228698730e-01,-2.698487341403961182e-01,5.665464997291564941e-01,-6.166150569915771484e-01,-9.028773903846740723e-01,-7.026740908622741699e-01,1.380927085876464844e+00,-1.736440300941467285e+00,2.281736135482788086e+00,-8.504396677017211914e-01,-1.007276892662048340e+00,6.931041479110717773e-01,-9.333597496151924133e-03,-1.993039369583129883e+00,-1.793553590774536133e+00,-4.922695457935333252e-01,-1.532587289810180664e+00,-6.876570582389831543e-01,6.490480154752731323e-02,-1.473799586296081543e+00,9.296799302101135254e-01,-1.708430528640747070e+00,-7.008349895477294922e-01,1.570750772953033447e-01,1.007940173149108887e+00,2.476678341627120972e-01,7.151525616645812988e-01,4.810003936290740967e-01,1.582329869270324707e+00,-1.536501049995422363e-01,3.149557709693908691e-01,1.623809486627578735e-01,7.705493569374084473e-01,-4.673659503459930420e-01,7.420905232429504395e-01,-7.740204334259033203e-01,-6.837482452392578125e-01,5.496385097503662109e-01,4.637649655342102051e-01,1.177172422409057617e+00,1.497328281402587891e+00,1.720580011606216431e-01,3.308765888214111328e-01,-5.227577090263366699e-01,-9.229796528816223145e-01,2.429322242736816406e+00,1.258169054985046387e+00,-9.922643899917602539e-01,-1.018255352973937988e+00
8.397808670997619629e-01,4.714692533016204834e-01,2.205034643411636353e-01,-3.602665960788726807e-01,-6.951816380023956299e-02,-8.794259428977966309e-01,1.013782858848571777e+00,-6.971726417541503906e-01,5.449491143226623535e-01,9.517871737480163574e-01,-1.790223121643066406e+00,1.266494393348693848e+00,-5.484607219696044922e-01,7.120139598846435547e-01,-9.176346659660339355e-01,2.508600234985351562e+00,-2.214080095291137695e+00,1.076367139816284180e+00,2.744884788990020752e-01,1.341468572616577148e+00,-5.456157922744750977e-01,7.678020000457763672e-01,-1.165156811475753784e-01,-2.819323241710662842e-01,-1.849817514419555664e+00,3.375962004065513611e-02,7.824282646179199219e-01,1.863815188407897949e-01,2.203308343887329102e-01,4.395515322685241699e-01,-7.972730994224548340e-01,-3.940444588661193848e-01,1.938474625349044800e-01,-2.676616311073303223e-01,4.372871220111846924e-01,-2.096734762191772461e+00,8.190726041793823242e-01,-2.414836406707763672e+00,1.636023283004760742e+00,-9.368714094161987305e-01,-1.061822399497032166e-01,5.450906604528427124e-02,1.040924906730651855e+00,-5.257115960121154785e-01,-3.173498511314392090e-01,1.037089228630065918e+00,-5.165697932243347168e-01,-1.141863465309143066e+00,2.645569741725921631e-01,2.454533100128173828e+00,-3.211869299411773682e-01,5.913234949111938477e-01,5.235505700111389160e-01,-1.203827857971191406e+00,1.869100570678710938e+00,2.960547804832458496e-02,1.774936020374298096e-01,4.364970028400421143e-01,2.431972622871398926e-01,8.981264233589172363e-01,1.720026284456253052e-01,4.312704801559448242e-01,1.111139416694641113e+00,-8.732647895812988281e-01,-3.124532997608184814e-01,-1.096541762351989746e+00,1.005430340766906738e+00,-6.966197490692138672e-01,-1.010043501853942871e+00,8.056012988090515137e-01,-1.380763411521911621e+00,-8.243064880371093750e-01,1.034619688987731934e+00,4.812864959239959717e-01,-5.891748517751693726e-02,1.664883732795715332e+00,-1.609724164009094238e+00,-7.868525981903076172e-01,-3.201337456703186035e-01,-1.969960927963256836e-01,1.639732569456100464e-01,-1.451451182365417480e-01,5.959895849227905273e-01,-1.303988099098205566e+00,7.876257896423339844e-01,4.992911964654922485e-02,1.284371018409729004e+00,-6.615750789642333984e-01,-1.333651900291442871e+00,-1.288404464721679688e+00,1.181884184479713440e-01,-7.387531399726867676e-01,-8.190339803695678711e-02,4.041143655776977539e-01,-3.369613364338874817e-02,-4.018931984901428223e-01,-3.558157980442047119e-01,-2.375330924987792969e-01,-2.090826481580734253e-01,1.079580858349800110e-01
3.511506319046020508e-01,1.217593669891357422e+00,-1.133802533149719238e+00,1.782588720321655273e+00,1.068561315536499023e+00,1.408037424087524414e+00,1.279287189245223999e-01,1.322937905788421631e-01,-8.401789665222167969e-01,1.357629418373107910e+00,-1.003244519233703613e+00,6.925284862518310547e-01,-1.950420975685119629e+00,1.606803894042968750e+00,-2.497054040431976318e-01,-1.749830543994903564e-01,-1.651580333709716797e+00,-5.591599345207214355e-01,-6.285511851310729980e-01,-1.050147891044616699e+00,-6.346532106399536133e-01,-4.245023429393768311e-01,-3.727830946445465088e-01,4.841333031654357910e-01,1.742844462394714355e+00,-6.131458282470703125e-01,8.742647767066955566e-01,-1.769572496414184570e-01,3.656731545925140381e-01,-5.308235809206962585e-02,-3.213537335395812988e-01,-1.933200359344482422e-01,4.623880982398986816e-01,-4.736925959587097168e-01,3.566486835479736328e-01,1.629735469818115234e+00,8.058555126190185547e-01,-1.771705269813537598e+00,-2.013702630996704102e+00,-8.206297755241394043e-01,-1.265832543373107910e+00,7.911025285720825195e-01,2.749215960502624512e-01,-8.536192588508129120e-03,-4.587342441082000732e-01,6.587707400321960449e-01,2.002014219760894775e-01,9.332242608070373535e-01,-3.072847366333007812e+00,-1.964213848114013672e-01,9.819989204406738281e-01,-8.052259087562561035e-01,3.864332437515258789e-01,-9.517731070518493652e-01,-7.414286732673645020e-01,1.355607748031616211e+00,8.310737013816833496e-01,6.704975366592407227e-01,3.476207256317138672e-01,3.923909366130828857e-01,-1.310155272483825684e+00,-1.117731213569641113e+00,-4.837778806686401367e-01,9.043087959289550781e-01,1.612169265747070312e+00,-9.953561425209045410e-01,-3.070954680442810059e-01,-1.713948994874954224e-01,-3.319673538208007812e-01,-4.815374910831451416e-01,9.605713486671447754e-01,-3.701548874378204346e-01,-3.207396566867828369e-01,2.529295921325683594e+00,-5.781933069229125977e-01,4.593024849891662598e-01,-5.705131292343139648e-01,7.374139428138732910e-01,-8.206320405006408691e-01,-1.715563416481018066e+00,-7.256225347518920898e-01,-6.998517513275146484e-01,1.247487783432006836e+00,-8.415228128433227539e-01,3.169706761837005615e-01,4.238572418689727783e-01,-1.952092766761779785e+00,7.205974459648132324e-01,-1.610770463943481445e+00,-1.233158335089683533e-01,-1.687159836292266846e-01,7.451276183128356934e-01,-3.353021442890167236e-01,7.333717495203018188e-02,5.568549036979675293e-01,-8.506941199302673340e-01,-1.120400428771972656e+00,-3.909498453140258789e-01,7.054914236068725586e-01,-6.332398056983947754e-01
4.238316416740417480e-01,-9.548527598381042480e-01,7.900251746177673340e-01,1.025790214538574219e+00,1.649467706680297852e+00,8.626958131790161133e-01,-3.810309171676635742e-01,-1.773009449243545532e-01,-2.492395043373107910e-01,7.760089635848999023e-01,5.332815647125244141e-01,-1.856394052505493164e+00,-1.916687190532684326e-01,-1.074268445372581482e-01,8.143911957740783691e-01,1.820572018623352051e+00,-9.366531372070312500e-01,-2.557708323001861572e-01,1.003631018102169037e-02,-4.417952001094818115e-01,9.251504540443420410e-01,7.643358111381530762e-01,2.567533552646636963e-01,6.356262564659118652e-01,-7.302525043487548828e-01,-1.528376489877700806e-01,-1.353958964347839355e+00,-3.018615841865539551e-01,-1.240249425172805786e-01,1.049685359001159668e+00,1.068972587585449219e+00,-6.801974177360534668e-01,3.678663372993469238e-01,3.207591474056243896e-01,-1.302033305168151855e+00,8.042313456535339355e-01,2.515959501266479492e+00,-5.821827650070190430e-01,-9.090265631675720215e-01,1.171661838889122009e-01,-2.513603270053863525e-01,-3.299069106578826904e-01,-1.751295924186706543e+00,1.253797054290771484e+00,-1.271591067314147949e+00,-1.854348659515380859e+00,1.338352262973785400e-01,-3.264938592910766602e-01,-7.271812558174133301e-01,-3.006071746349334717e-01,-1.243775188922882080e-01,1.284680008888244629e+00,-2.939885556697845459e-01,3.799326121807098389e-01,-2.004886150360107422e+00,2.005707263946533203e+00,3.081122636795043945e-01,-3.743676245212554932e-01,-1.719819903373718262e+00,3.306830406188964844e+00,1.127986758947372437e-01,4.759553670883178711e-01,-1.556548118591308594e+00,-1.479252457618713379e+00,5.248638242483139038e-02,-6.259928941726684570e-01,-2.098417758941650391e+00,1.233250021934509277e+00,-1.886387825012207031e+00,-3.764021396636962891e-01,1.038831591606140137e+00,-3.878543078899383545e-01,4.844002127647399902e-01,6.734232604503631592e-02,1.142067983746528625e-01,-1.845489263534545898e+00,1.586929410696029663e-01,2.568281590938568115e-01,8.699119091033935547e-01,-4.616458714008331299e-01,2.626456320285797119e-01,2.818457223474979401e-02,-1.614038348197937012e+00,1.715104937553405762e+00,8.468357920646667480e-01,-6.942170262336730957e-01,7.392951846122741699e-01,-5.513869524002075195e-01,-1.864303231239318848e+00,1.164182305335998535e+00,-2.071012020111083984e+00,2.922097682952880859e+00,-1.146699309349060059e+00,-1.291670560836791992e+00,-1.159975647926330566e+00,6.683235168457031250e-01,9.548223614692687988e-01,-9.697397351264953613e-01,-1.161916732788085938e+00,1.892326951026916504e+00
-1.198474287986755371e+00,-2.204031944274902344e-01,1.093307435512542725e-01,6.841343641281127930e-01,1.739966630935668945e+00,-5.672927498817443848e-01,8.428952693939208984e-01,-1.223922252655029297e+00,-1.333699584007263184e+00,2.190643787384033203e+00,-6.187976598739624023e-01,1.007384538650512695e+00,-6.295151710510253906e-01,-2.130623579025268555e+00,4.436348080635070801e-01,4.743110537528991699e-01,-1.491459131240844727e+00,9.565873742103576660e-01,6.019406318664550781e-01,1.530229210853576660e+00,8.755595088005065918e-01,-1.319074869155883789e+00,-5.528966784477233887e-01,5.546014904975891113e-01,-1.672760486602783203e+00,-8.395653963088989258e-01,-4.103871583938598633e-01,2.888908684253692627e-01,9.924892187118530273e-01,-2.342556476593017578e+00,1.059263706207275391e+00,6.781265735626220703e-01,-1.869660258293151855e+00,-7.146263122558593750e-02,-1.513466715812683105e+00,-9.367118030786514282e-02,-1.215040870010852814e-02,5.127448961138725281e-02,1.570261240005493164e+00,4.115125536918640137e-01,-9.567952156066894531e-01,-9.726212024688720703e-01,2.935331463813781738e-01,1.227310180664062500e+00,-1.485191822052001953e+00,7.101672291755676270e-01,9.195425361394882202e-02,-4.156809747219085693e-01,-1.936441540718078613e+00,5.657141283154487610e-02,7.132688760757446289e-01,1.864920929074287415e-02,-5.224030613899230957e-01,-3.171683251857757568e-01,1.171395659446716309e+00,-3.788636624813079834e-01,3.859556913375854492e-01,8.791062235832214355e-01,-5.132091045379638672e-01,-5.353265404701232910e-01,-1.054978847503662109e+00,1.039927005767822266e+00,4.436208605766296387e-01,1.328998446464538574e+00,-1.702899783849716187e-01,8.786467313766479492e-01,-1.193443298339843750e+00,-9.291353821754455566e-01,-7.633273303508758545e-02,8.115664124488830566e-01,-3.280815482139587402e-02,5.735784173011779785e-01,-5.556214451789855957e-01,1.777893602848052979e-01,-2.986032962799072266e-01,-2.592937946319580078e+00,-1.281469702720642090e+00,9.510864019393920898e-01,2.240351915359497070e+00,-1.196155905723571777e+00,-1.129932999610900879e+00,9.849207997322082520e-01,6.704052686691284180e-01,1.809434175491333008e+00,7.960445880889892578e-01,-2.558625638484954834e-01,-1.532349944114685059e+00,4.132953584194183350e-01,1.985695004463195801e+00,1.835995614528656006e-01,-4.822836220264434814e-01,-7.150993496179580688e-02,-1.070752739906311035e+00,1.193660378456115723e+00,-2.252179384231567383e-01,1.349101305007934570e+00,-1.232607364654541016e+00,9.683228731155395508e-01,-5.431964993476867676e-01,5.222766399383544922e-01
-4.164734780788421631e-01,-9.859013557434082031e-01,-2.082883864641189575e-01,9.919833540916442871e-01,-1.414265275001525879e+00,1.016087532043457031e+00,8.484988212585449219e-01,-2.883598089218139648e+00,2.741364836692810059e-01,-5.326272845268249512e-01,4.802312552928924561e-01,1.791025280952453613e+00,-1.223589539527893066e+00,-6.851050257682800293e-01,4.019144922494888306e-02,-9.808006882667541504e-02,-3.062380850315093994e-01,-1.322447776794433594e+00,-4.297379851341247559e-01,-4.989761114120483398e-01,-7.527430057525634766e-01,2.851077020168304443e-01,-9.465529918670654297e-01,1.328492164611816406e-01,4.630817770957946777e-01,-1.382272362709045410e+00,4.740699529647827148e-01,-5.121442675590515137e-01,3.458151817321777344e-01,-7.753587365150451660e-01,5.467934012413024902e-01,7.915478944778442383e-02,2.597184777259826660e-01,9.423417448997497559e-01,-1.627463579177856445e+00,8.789498358964920044e-02,-5.529268980026245117e-01,1.724025309085845947e-01,1.660090684890747070e+00,-9.206612594425678253e-03,-1.016475558280944824e+00,1.404204130172729492e+00,1.219802021980285645e+00,-1.656171828508377075e-01,-1.115584969520568848e+00,-8.532200455665588379e-01,-5.656593441963195801e-01,2.026817560195922852e+00,-2.866341471672058105e-01,1.428816795349121094e+00,-3.266730606555938721e-01,2.472485154867172241e-01,-1.800624877214431763e-01,-5.046082735061645508e-01,-3.006758987903594971e-01,-4.289376735687255859e-01,-4.606194496154785156e-01,2.170076966285705566e-01,4.415536671876907349e-02,-1.543412953615188599e-01,4.874062538146972656e-01,1.952932924032211304e-01,-1.590965390205383301e+00,5.637916922569274902e-01,2.067376136779785156e+00,3.711301088333129883e-02,2.021906431764364243e-03,-4.616001993417739868e-02,-5.200228691101074219e-01,-7.841106057167053223e-01,8.958399891853332520e-01,-1.529054999351501465e+00,4.587205946445465088e-01,-7.873657941818237305e-01,5.029234290122985840e-01,2.266456484794616699e-01,3.920463919639587402e-01,4.459455236792564392e-02,-1.207956150174140930e-01,-5.533745288848876953e-01,-6.404448747634887695e-01,7.655929923057556152e-01,9.714676737785339355e-01,1.833129644393920898e+00,6.750641465187072754e-01,-1.928602457046508789e+00,5.914368666708469391e-04,3.974820971488952637e-01,3.514169216156005859e+00,-6.609234809875488281e-01,-1.332981944084167480e+00,-6.116580963134765625e-01,7.824544906616210938e-01,-1.474126726388931274e-01,4.303218126296997070e-01,9.292536377906799316e-01,2.036035060882568359e+00,2.709335386753082275e-01,-1.206982970237731934e+00,7.760757207870483398e-01
3.422854840755462646e-01,-8.154038786888122559e-01,1.638595163822174072e-01,2.301458418369293213e-01,-1.076007127761840820e+00,3.008365929126739502e-01,1.345438957214355469e+00,5.685253143310546875e-01,-2.382606506347656250e+00,-1.746715754270553589e-01,2.091087773442268372e-02,6.753454804420471191e-01,7.901187539100646973e-01,1.750986576080322266e+00,-4.856457710266113281e-01,-1.424410700798034668e+00,-4.250519275665283203e-01,-2.150653123855590820e+00,-1.626594185829162598e+00,1.604209423065185547e+00,4.721707403659820557e-01,9.075855016708374023e-01,-2.478624731302261353e-01,3.316750228404998779e-01,5.748931765556335449e-01,-7.523328661918640137e-01,-6.112431287765502930e-01,2.939068973064422607e-01,-6.279743909835815430e-01,4.663898795843124390e-02,-7.458003163337707520e-01,7.614830732345581055e-01,1.426147937774658203e+00,9.345779567956924438e-02,-4.052136838436126709e-01,-9.207780361175537109e-01,-2.261832505464553833e-01,-1.336818575859069824e+00,-7.411710023880004883e-01,1.217261791229248047e+00,4.558245837688446045e-01,1.133424758911132812e+00,-1.350876808166503906e+00,-3.757376968860626221e-01,-1.914726376533508301e+00,-6.068059802055358887e-01,2.437924295663833618e-01,-3.781236410140991211e-01,1.952339768409729004e+00,6.717896461486816406e-01,-1.590054631233215332e+00,3.298029899597167969e-01,-6.778535991907119751e-02,-4.100177437067031860e-02,-2.505300343036651611e-01,1.094293594360351562e+00,-9.724071025848388672e-01,-1.831879615783691406e+00,-1.729051232337951660e+00,3.217922151088714600e-01,-1.383377164602279663e-01,1.153991818428039551e+00,7.429606318473815918e-01,-7.717898115515708923e-03,2.294871330261230469e+00,-7.145404815673828125e-01,1.868824362754821777e+00,-9.806326031684875488e-01,-3.982490599155426025e-01,-2.328691482543945312e-01,-6.054359674453735352e-01,1.722670197486877441e-01,2.521319985389709473e-01,-1.249496266245841980e-01,1.398334622383117676e+00,-7.488486170768737793e-01,-5.324651002883911133e-01,2.867120504379272461e-01,4.746748507022857666e-02,-6.858773827552795410e-01,-1.091102957725524902e-01,-2.779609858989715576e-01,-1.563393175601959229e-01,1.346038460731506348e+00,-2.044272124767303467e-01,-1.455588579177856445e+00,6.111354231834411621e-01,-4.496897757053375244e-01,1.285480976104736328e+00,5.362106859683990479e-02,-4.692261815071105957e-01,2.949851751327514648e-01,1.571774125099182129e+00,2.321178197860717773e+00,-1.847048103809356689e-01,2.068851143121719360e-02,6.117848753929138184e-01,-1.649963259696960449e+00,-6.487261652946472168e-01,3.653743863105773926e-01
-9.041672199964523315e-02,-7.179943919181823730e-01,6.436510086059570312e-01,-1.300011992454528809e+00,-5.455448627471923828e-01,2.797489464282989502e-01,6.743596196174621582e-01,-9.983243346214294434e-01,2.836406417191028595e-02,7.202666997909545898e-01,1.415927886962890625e+00,7.337167859077453613e-01,-1.106952786445617676e+00,-1.264812827110290527e+00,2.391378164291381836e+00,-4.439623951911926270e-01,3.683158159255981445e-01,9.649137258529663086e-01,9.533271789550781250e-01,1.924261450767517090e-01,-3.177649080753326416e-01,1.986258625984191895e-01,1.823622822761535645e+00,6.275904774665832520e-01,2.166720330715179443e-01,-3.660711646080017090e-01,-1.340628623962402344e+00,1.009453535079956055e+00,4.865548014640808105e-01,3.288100957870483398e-01,-1.119772344827651978e-01,-1.494037985801696777e+00,-6.086027622222900391e-01,-2.308231353759765625e+00,-3.616375476121902466e-02,1.009317636489868164e+00,-8.964580893516540527e-01,-3.203444555401802063e-02,2.354752719402313232e-01,-3.587176799774169922e-01,-6.380030512809753418e-01,2.836716473102569580e-01,2.213269919157028198e-01,-1.808433383703231812e-01,3.082722127437591553e-01,1.520548105239868164e+00,-8.327930569648742676e-01,-9.717553853988647461e-01,1.280107975006103516e+00,-1.651837676763534546e-01,2.438164055347442627e-01,-5.774734616279602051e-01,-3.695049285888671875e-01,-5.459071993827819824e-01,-5.771224498748779297e-01,3.250819146633148193e-01,-1.360804319381713867e+00,2.530384659767150879e-01,-2.113013267517089844e+00,-7.758135795593261719e-01,9.616249054670333862e-02,5.299012064933776855e-01,1.683292746543884277e+00,3.635707497596740723e-01,-5.591087341308593750e-01,-1.111522540450096130e-01,-2.221675872802734375e+00,-1.045576333999633789e+00,6.882627606391906738e-01,-1.483904600143432617e+00,3.201395988464355469e+00,-9.833648055791854858e-02,-5.257911682128906250e-01,-1.620036214590072632e-01,2.280246317386627197e-01,-4.991575479507446289e-01,1.100142002105712891e+00,-6.036623716354370117e-01,-2.935549736022949219e+00,4.026701450347900391e-01,5.985828638076782227e-01,5.847195386886596680e-01,-7.223553061485290527e-01,5.313821434974670410e-01,4.928721785545349121e-01,-1.958451032638549805e+00,3.976725637912750244e-01,4.669793248176574707e-01,-2.617153882980346680e+00,-6.560019254684448242e-01,-2.516622543334960938e-01,1.743447065353393555e+00,-1.375419020652770996e+00,1.722782969474792480e+00,5.501957535743713379e-01,-4.845451712608337402e-01,-2.883697450160980225e-01,-1.558360755443572998e-01,-9.566733241081237793e-01,-5.858641862869262695e-01
1.056122303009033203e+00,-1.253250956535339355e+00,-2.446840554475784302e-01,1.286976575851440430e+00,7.004684209823608398e-01,6.372951865196228027e-01,-6.886669993400573730e-01,1.520836353302001953e+00,5.223050117492675781e-01,-1.224702715873718262e+00,-8.246376514434814453e-01,1.782730102539062500e+00,5.769909024238586426e-01,1.158017754554748535e+00,9.530776143074035645e-01,5.061978101730346680e-01,-5.122268199920654297e-01,2.270763665437698364e-01,1.772377848625183105e+00,-1.953261494636535645e+00,4.886654317378997803e-01,1.968348860740661621e+00,-1.345387697219848633e+00,-5.181431174278259277e-01,-4.325757175683975220e-02,-1.869972348213195801e-01,-6.672418117523193359e-02,-6.816622018814086914e-01,9.243645071983337402e-01,3.378455936908721924e-01,1.589461326599121094e+00,-5.020703673362731934e-01,-1.387409120798110962e-01,7.946430444717407227e-01,3.016883507370948792e-03,-9.857954084873199463e-02,2.562235355377197266e+00,4.155603349208831787e-01,2.222879230976104736e-02,4.950058180838823318e-03,8.517980575561523438e-01,5.594282746315002441e-01,1.639205217361450195e-01,3.837479054927825928e-01,-7.100367546081542969e-02,2.727333903312683105e-01,5.012031793594360352e-01,-1.222252249717712402e+00,1.611412167549133301e+00,-1.115576386451721191e+00,-1.216936707496643066e-01,-1.067131280899047852e+00,1.116691946983337402e+00,2.246321886777877808e-01,-6.456146836280822754e-01,7.557205557823181152e-01,7.501462101936340332e-01,-5.148730874061584473e-01,-7.917327433824539185e-02,-1.487833499908447266e+00,-1.011150598526000977e+00,7.555949687957763672e-01,1.651943445205688477e+00,-8.094622492790222168e-01,-1.217755794525146484e+00,2.078583002090454102e+00,-6.067330837249755859e-01,1.929924964904785156e+00,1.288640260696411133e+00,2.562187910079956055e-01,4.250170886516571045e-01,-3.077488541603088379e-01,-3.162194490432739258e-01,-1.560698270797729492e+00,9.492029547691345215e-01,8.802627921104431152e-01,1.958878278732299805e+00,3.355883359909057617e-01,-7.227581739425659180e-01,1.768120288848876953e+00,1.872786730527877808e-01,-5.822656750679016113e-01,-6.102315708994865417e-02,1.966893076896667480e+00,1.159799456596374512e+00,1.270068049430847168e+00,-6.054040789604187012e-01,2.412480562925338745e-01,9.951718449592590332e-01,5.171859264373779297e-01,-1.572034955024719238e+00,7.116571068763732910e-01,1.558494925498962402e+00,7.197262346744537354e-02,-2.251617908477783203e+00,3.999703526496887207e-01,1.842068791389465332e+00,9.784500002861022949e-01,3.770071268081665039e-01,4.048712551593780518e-01
-1.212677121162414551e+00,9.161503314971923828e-01,5.376988649368286133e-01,-3.054894804954528809e-01,4.492668509483337402e-01,-1.738608479499816895e+00,-1.351674348115921021e-01,-6.301022134721279144e-03,-8.421845734119415283e-02,-1.603974960744380951e-02,8.899132907390594482e-02,9.876469969749450684e-01,1.916177153587341309e+00,9.833849668502807617e-01,4.687458574771881104e-01,-1.113742709159851074e+00,-1.638103961944580078e+00,2.578376233577728271e-01,1.520849108695983887e+00,-8.604286313056945801e-01,-1.788580119609832764e-01,-1.946833133697509766e+00,2.975606024265289307e-01,-4.058180749416351318e-01,1.082997798919677734e+00,1.164940714836120605e+00,4.458111822605133057e-01,1.200494170188903809e+00,4.405123591423034668e-01,1.088828921318054199e+00,-9.317441582679748535e-01,-9.295325875282287598e-01,-1.120205521583557129e+00,-2.790120840072631836e-01,1.220429539680480957e+00,-2.520855188369750977e+00,-1.097977086901664734e-01,-9.241689741611480713e-02,1.125726699829101562e+00,-4.996344074606895447e-02,7.001680731773376465e-01,-1.153416395187377930e+00,-1.542246341705322266e+00,1.026190161705017090e+00,-8.020305037498474121e-01,-8.337120413780212402e-01,1.486237764358520508e+00,-6.724987626075744629e-01,-3.059354722499847412e-01,7.447181344032287598e-01,-4.058222770690917969e-01,1.906008422374725342e-01,-1.296625584363937378e-01,2.590313255786895752e-01,-1.490484625101089478e-01,-1.355560302734375000e+00,-3.061841428279876709e-01,-1.616460800170898438e+00,1.253145813941955566e+00,-1.256755113601684570e+00,-1.391992807388305664e+00,4.388792037963867188e+00,1.698094367980957031e+00,1.378440618515014648e+00,1.157009482383728027e+00,1.733470201492309570e+00,-7.907440662384033203e-01,1.184991002082824707e+00,-9.273271262645721436e-02,1.149291992187500000e+00,-3.444712460041046143e-01,5.182983279228210449e-01,1.528194904327392578e+00,3.760102689266204834e-01,1.300784707069396973e+00,1.414508104324340820e+00,-4.331350326538085938e-01,-6.753548979759216309e-01,7.172369956970214844e-01,-1.304257035255432129e+00,1.927488744258880615e-01,4.457834959030151367e-01,-1.161384463310241699e+00,5.800464153289794922e-01,7.411994338035583496e-01,2.377949714660644531e+00,1.330027818679809570e+00,-1.508575320243835449e+00,3.570162355899810791e-01,-1.363772153854370117e+00,1.166986107826232910e+00,1.020861983299255371e+00,4.840453267097473145e-01,4.054110348224639893e-01,-4.525443017482757568e-01,3.774614334106445312e-01,1.058366298675537109e+00,8.777362108230590820e-01,-1.297185301780700684e+00,-1.292660951614379883e+00
1.159373298287391663e-01,-1.844879686832427979e-01,6.618218421936035156e-01,4.279717504978179932e-01,1.757116913795471191e+00,-2.031747579574584961e+00,1.406181007623672485e-01,7.224053740501403809e-01,5.929905921220779419e-02,-8.435004353523254395e-01,-2.951734364032745361e-01,1.247334718704223633e+00,1.639368891716003418e+00,2.678854763507843018e-01,4.367404058575630188e-02,-9.881668090820312500e-01,-5.260621309280395508e-01,9.962891936302185059e-01,-1.205139279365539551e+00,8.468431830406188965e-01,-4.462930858135223389e-01,-3.603968024253845215e-01,2.829698026180267334e-01,4.360941052436828613e-01,-1.055531859397888184e+00,1.019307613372802734e+00,2.427443861961364746e-01,-1.185915619134902954e-01,1.059942483901977539e+00,-1.795669674873352051e+00,-5.294753909111022949e-01,2.517318129539489746e-01,-1.587887883186340332e+00,-2.431508153676986694e-01,-9.440701454877853394e-02,9.486964941024780273e-01,-7.601264715194702148e-01,-1.751248478889465332e+00,8.330657482147216797e-01,1.803215503692626953e+00,4.493542909622192383e-01,-2.320481538772583008e+00,-9.200894236564636230e-01,-1.423993557691574097e-01,1.066522240638732910e+00,3.014382123947143555e-01,6.080812811851501465e-01,-7.319146394729614258e-01,-3.247240185737609863e-01,-4.937433004379272461e-01,1.380552887916564941e+00,4.234564602375030518e-01,-1.071394532918930054e-01,-1.305301308631896973e+00,-1.539597868919372559e+00,-5.976663231849670410e-01,7.106911540031433105e-01,5.434009432792663574e-01,6.492009013891220093e-02,-1.656012296676635742e+00,1.094373941421508789e+00,-1.083792746067047119e-01,6.480473279953002930e-01,2.010428756475448608e-01,3.650685250759124756e-01,-1.653825998306274414e+00,9.061948657035827637e-01,-1.307544350624084473e+00,-1.133065581321716309e+00,-3.448307216167449951e-01,1.357241272926330566e+00,2.857348620891571045e-01,-7.607633471488952637e-01,1.462145149707794189e-01,-6.316931247711181641e-01,-1.266919851303100586e+00,3.241976499557495117e+00,2.256059646606445312e-01,5.167123079299926758e-01,-5.457240939140319824e-01,1.159398317337036133e+00,2.169545143842697144e-01,-2.558083772659301758e+00,2.544479131698608398e+00,-9.150658547878265381e-02,1.033537149429321289e+00,4.980286657810211182e-01,5.874286890029907227e-01,1.412782430648803711e+00,-7.326448559761047363e-01,-1.018316149711608887e+00,2.112378120422363281e+00,1.668175578117370605e+00,1.141668558120727539e+00,-1.319622993469238281e+00,1.791854798793792725e-01,8.405624032020568848e-01,-2.853429317474365234e-01,1.361090183258056641e+00,-2.892849445343017578e+00
-1.306223273277282715e+00,2.148575186729431152e-01,-6.370684504508972168e-01,1.283734917640686035e+00,-3.267426416277885437e-02,-4.253985285758972168e-01,1.398959875106811523e+00,-1.305529624223709106e-01,-9.714483022689819336e-01,-7.270109653472900391e-01,4.710632264614105225e-01,-6.335225105285644531e-01,-1.506911516189575195e+00,-4.126228392124176025e-02,1.433658480644226074e+00,5.810357332229614258e-01,-3.979356884956359863e-01,2.599145174026489258e+00,-6.066345572471618652e-01,1.446657896041870117e+00,-1.417885422706604004e+00,1.488763093948364258e-02,7.438034415245056152e-01,-5.804269909858703613e-01,-1.770011382177472115e-03,8.003784418106079102e-01,-1.399955630302429199e+00,-3.996633291244506836e-01,-1.019291520118713379e+00,-1.919314265251159668e-01,-1.062531173229217529e-01,-5.556111931800842285e-01,3.536203801631927490e-01,1.049402356147766113e+00,7.288065552711486816e-02,1.290419578552246094e+00,-3.388327598571777344e+00,2.007420539855957031e+00,1.272291898727416992e+00,-9.653545618057250977e-01,7.178167104721069336e-01,-1.539729118347167969e+00,-6.565570831298828125e-01,-3.840027451515197754e-01,-6.125658750534057617e-01,3.900890648365020752e-01,-6.801927089691162109e-01,-2.031863927841186523e+00,-7.730910778045654297e-01,-9.559921622276306152e-01,2.162806987762451172e-01,6.563330888748168945e-01,-1.511793017387390137e+00,-5.348822474479675293e-01,7.468017935752868652e-02,1.399761199951171875e+00,6.878855228424072266e-01,2.066088318824768066e-01,-1.507425308227539062e-01,-6.253497004508972168e-01,-1.359145045280456543e+00,-4.664662182331085205e-01,-2.568482458591461182e-01,1.012995243072509766e-01,9.521315097808837891e-01,-7.164563536643981934e-01,-1.030641078948974609e+00,-3.424206078052520752e-01,-1.044046640396118164e+00,1.506502389907836914e+00,1.828067779541015625e+00,9.430319666862487793e-01,-8.438290953636169434e-01,-9.031330943107604980e-01,-1.281348943710327148e+00,-2.909182608127593994e-01,-4.847643673419952393e-01,-3.622538149356842041e-01,-1.442510783672332764e-01,-6.515568494796752930e-01,8.367599844932556152e-01,8.078333735466003418e-01,-5.793164372444152832e-01,-1.403265714645385742e+00,-2.662912607192993164e-01,3.263505697250366211e+00,6.391450762748718262e-01,-6.458823084831237793e-01,-8.477479219436645508e-01,-7.890526652336120605e-01,7.085855603218078613e-01,-9.174550175666809082e-01,-8.022812008857727051e-01,-1.039426565170288086e+00,-3.615404069423675537e-01,-3.284732401371002197e-01,-1.244729161262512207e+00,-8.009734749794006348e-02,-1.427850842475891113e+00,6.297174692153930664e-01
-1.341838240623474121e+00,9.249368309974670410e-01,1.609016537666320801e+00,-7.567414641380310059e-01,1.120541453361511230e+00,-6.263600662350654602e-04,-1.474856615066528320e+00,1.130878999829292297e-01,-2.496025323867797852e+00,-3.619413971900939941e-01,2.140729188919067383e+00,-2.155655026435852051e-01,-3.351572528481483459e-02,8.471161723136901855e-01,-5.712667703628540039e-01,-1.686138629913330078e+00,1.195851713418960571e-01,6.774575114250183105e-01,-4.464842975139617920e-01,4.593600034713745117e-01,9.009522199630737305e-01,3.809798359870910645e-01,4.246102869510650635e-01,-1.110251069068908691e+00,4.273236393928527832e-01,3.401667177677154541e-01,-1.858382463455200195e+00,-3.477517664432525635e-01,-1.992367029190063477e+00,1.594976633787155151e-01,3.155295550823211670e-01,1.835747718811035156e+00,7.179231941699981689e-02,-3.287537992000579834e-01,1.881426930427551270e+00,-1.777128577232360840e+00,7.201497554779052734e-01,9.549068212509155273e-01,-1.151618480682373047e+00,1.296096205711364746e+00,1.437050223350524902e+00,-9.065408706665039062e-01,8.016532659530639648e-02,-1.397141367197036743e-01,-1.669382691383361816e+00,-5.413174629211425781e-01,-1.162513613700866699e+00,-5.720022916793823242e-01,1.145457148551940918e+00,-1.623525142669677734e+00,7.863258123397827148e-01,-5.207168459892272949e-01,-1.199267745018005371e+00,1.452976346015930176e+00,-8.119715452194213867e-01,1.999042987823486328e+00,1.916604757308959961e+00,2.446533203125000000e+00,-3.129856288433074951e-01,8.310386538505554199e-01,-2.478473484516143799e-01,6.016489267349243164e-01,-2.025788873434066772e-01,1.864382028579711914e+00,-1.185789823532104492e+00,1.093246221542358398e+00,3.923263400793075562e-02,9.180711209774017334e-02,1.794790744781494141e+00,1.151155948638916016e+00,1.082433104515075684e+00,1.438513875007629395e+00,-9.784936159849166870e-02,-4.454362690448760986e-01,-1.024693608283996582e+00,-9.653620123863220215e-01,3.579853177070617676e-01,6.872534155845642090e-01,-3.978921473026275635e-01,6.299210190773010254e-01,8.683534264564514160e-01,-1.931902050971984863e+00,-7.626041173934936523e-01,-9.862040281295776367e-01,-2.032826423645019531e+00,-8.225619196891784668e-01,1.025027990341186523e+00,1.363350152969360352e-01,-1.385999202728271484e+00,-9.102821946144104004e-01,-7.531787157058715820e-01,1.327606916427612305e+00,1.345640659332275391e+00,3.996426463127136230e-01,-1.411193162202835083e-01,-1.303303003311157227e+00,-3.403406143188476562e-01,3.173557519912719727e-01,8.427492380142211914e-01,-1.441570520401000977e+00
-1.081666946411132812e+00,9.595267772674560547e-01,-4.922387897968292236e-01,-5.555161237716674805e-01,2.666378915309906006e-01,-3.641735911369323730e-01,6.885453462600708008e-01,4.214445650577545166e-01,-1.293251514434814453e+00,-5.230200476944446564e-03,-1.168895959854125977e+00,9.442296624183654785e-01,1.235930562019348145e+00,1.928468346595764160e+00,9.094410538673400879e-01,-2.802298031747341156e-02,5.780116915702819824e-01,-7.595963478088378906e-01,1.219331979751586914e+00,-6.803531050682067871e-01,1.423884153366088867e+00,9.321357607841491699e-01,-1.189077198505401611e-01,-8.014181256294250488e-01,-1.423189043998718262e+00,2.370815753936767578e+00,5.346878767013549805e-01,-1.182426929473876953e+00,2.247216224670410156e+00,-2.768176078796386719e+00,2.063533782958984375e+00,-1.493561506271362305e+00,-7.214486598968505859e-01,6.980963349342346191e-01,-5.122382640838623047e-01,-1.455700844526290894e-01,1.025017261505126953e+00,-1.166305661201477051e+00,1.865096926689147949e+00,-5.407536625862121582e-01,9.647747278213500977e-01,5.804893970489501953e-01,-8.327903598546981812e-02,-2.852688431739807129e-01,1.280067920684814453e+00,-1.012583374977111816e+00,3.546985685825347900e-01,5.823841691017150879e-01,1.914446055889129639e-01,-7.428497076034545898e-01,-8.024471402168273926e-01,-9.821489453315734863e-02,6.424815058708190918e-01,1.671568632125854492e+00,-9.887395426630973816e-04,4.148397147655487061e-01,-1.432844161987304688e+00,1.484980940818786621e+00,1.435011029243469238e+00,2.983652651309967041e-01,3.191155791282653809e-01,1.303411841392517090e+00,-3.561351299285888672e-01,-8.631905317306518555e-01,2.045216560363769531e-01,2.316835224628448486e-01,8.991207480430603027e-01,-7.968761324882507324e-01,-1.822293758392333984e+00,8.316975235939025879e-01,-3.711803436279296875e+00,-3.604927062988281250e-01,1.199639812111854553e-01,-5.008003115653991699e-02,8.662255406379699707e-01,-8.656194210052490234e-01,1.541700493544340134e-02,3.325166180729866028e-02,-6.292656660079956055e-01,-1.374970316886901855e+00,-4.998503327369689941e-01,-5.871593356132507324e-01,2.043942689895629883e+00,1.535606741905212402e+00,6.218634843826293945e-01,-1.408671975135803223e+00,1.969284057617187500e+00,-2.489066600799560547e+00,1.126283854246139526e-01,1.923089861869812012e+00,-1.479611158370971680e+00,8.473787307739257812e-01,1.549559473991394043e+00,-1.202527284622192383e+00,-9.507138729095458984e-01,8.320692926645278931e-02,1.214372992515563965e+00,-1.641782522201538086e-01,1.239765882492065430e+00,-2.731155231595039368e-02
-1.117835640907287598e+00,1.847781658172607422e+00,-1.664476841688156128e-02,3.251241445541381836e-01,9.851106256246566772e-02,-2.265918105840682983e-01,-1.532469511032104492e+00,1.004060983657836914e+00,-5.220887660980224609e-01,-1.313466310501098633e+00,-2.135426104068756104e-01,7.503124475479125977e-01,9.469044208526611328e-01,-8.690521121025085449e-01,1.980176091194152832e+00,-1.194184899330139160e+00,-1.248032450675964355e+00,-9.692528247833251953e-01,-1.566997289657592773e+00,1.989265382289886475e-01,-1.182856187224388123e-01,-7.095205783843994141e-01,-8.170008063316345215e-01,-6.785666942596435547e-01,-1.731830388307571411e-01,1.438904285430908203e+00,-2.097327411174774170e-01,-2.203980237245559692e-01,1.102125763893127441e+00,1.938229054212570190e-01,1.606343746185302734e+00,3.336223363876342773e-01,4.664973616600036621e-01,1.251623481512069702e-01,5.551685094833374023e-01,2.007824659347534180e+00,-8.175225257873535156e-01,4.521919786930084229e-01,1.274427771568298340e+00,1.151177525520324707e+00,1.133587136864662170e-01,8.018056154251098633e-01,4.443132281303405762e-01,9.286233186721801758e-01,9.098777174949645996e-01,-1.071712493896484375e+00,-1.375571489334106445e+00,6.589838862419128418e-01,2.142146676778793335e-01,-1.051729172468185425e-01,9.506997466087341309e-01,2.702700197696685791e-01,-1.569940924644470215e+00,-1.536083966493606567e-02,6.482900381088256836e-01,-7.035228013992309570e-01,-1.352054774761199951e-01,1.313919544219970703e+00,-1.016085147857666016e+00,-4.181491136550903320e-01,-2.678675174713134766e+00,-1.259871423244476318e-01,6.055983901023864746e-01,-1.022997140884399414e+00,1.009246826171875000e+00,5.677217841148376465e-01,6.551039218902587891e-01,5.409452915191650391e-01,-5.808014869689941406e-01,6.393458247184753418e-01,8.365004062652587891e-01,8.848744630813598633e-02,2.628658115863800049e-01,-3.886069059371948242e-01,1.424253344535827637e+00,7.656667828559875488e-01,8.316714167594909668e-01,1.119489789009094238e+00,-8.092182278633117676e-01,-7.473331093788146973e-01,-3.801408410072326660e-01,5.289960280060768127e-02,-5.014701485633850098e-01,9.237422943115234375e-01,3.941623568534851074e-01,-2.124292850494384766e-01,4.460736215114593506e-01,9.340713024139404297e-01,1.195275545120239258e+00,-2.883735418319702148e+00,-1.006559208035469055e-01,1.748225688934326172e+00,9.782617539167404175e-02,6.731939911842346191e-01,-3.299377262592315674e-01,2.244039535522460938e+00,1.350187420845031738e+00,-1.203620314598083496e+00,-8.791688084602355957e-01,-1.154945373535156250e+00
1.885698556900024414e+00,7.279346883296966553e-02,-4.538562595844268799e-01,1.183515563607215881e-01,1.121186494827270508e+00,-9.550644159317016602e-01,-7.621235847473144531e-01,-1.264010816812515259e-01,-2.657286226749420166e-01,-3.791256546974182129e-01,6.365048289299011230e-01,1.603789687156677246e+00,6.665890216827392578e-01,8.567082881927490234e-01,6.505748629570007324e-01,-6.618098020553588867e-01,-4.012903198599815369e-03,7.277970910072326660e-01,1.140894293785095215e+00,-1.221989154815673828e+00,-6.409742236137390137e-01,1.876638457179069519e-02,1.490249991416931152e+00,4.460781812667846680e-01,-9.833557009696960449e-01,-2.537926137447357178e-01,2.066146612167358398e+00,-2.242368459701538086e-01,8.175544142723083496e-01,1.024763584136962891e+00,-6.361620128154754639e-02,6.615644693374633789e-01,3.755306005477905273e-01,1.861460208892822266e-01,-7.912189960479736328e-01,7.960920929908752441e-01,-1.492567181587219238e+00,-1.127866268157958984e+00,-7.102510333061218262e-02,1.293032318353652954e-01,-1.394028186798095703e+00,8.947926759719848633e-01,9.981193542480468750e-01,-1.360945105552673340e+00,-7.029394507408142090e-01,-1.244909524917602539e+00,4.203963279724121094e-01,-1.131763577461242676e+00,-1.418926596641540527e+00,-3.453271090984344482e-01,9.161333441734313965e-01,4.846165478229522705e-01,1.693546473979949951e-01,3.795795738697052002e-01,-1.719495803117752075e-01,2.040811300277709961e+00,8.127506375312805176e-01,-4.837658703327178955e-01,5.397384762763977051e-01,3.482500612735748291e-01,1.135712623596191406e+00,3.558491170406341553e-01,3.228704035282135010e-01,-8.282318115234375000e-01,-1.337733387947082520e+00,1.028643399477005005e-01,-6.635813713073730469e-01,-1.364039897918701172e+00,2.150533676147460938e+00,2.222583770751953125e+00,1.750875115394592285e+00,1.690085887908935547e+00,4.270122852176427841e-03,4.804260432720184326e-01,1.038394331932067871e+00,-7.626846432685852051e-01,1.002812862396240234e+00,1.457829833030700684e+00,-1.424772858619689941e+00,1.539393782615661621e+00,2.147488117218017578e+00,-2.980758845806121826e-01,-6.139959692955017090e-01,-1.914378702640533447e-01,8.974618911743164062e-01,-7.231245040893554688e-01,-7.793296575546264648e-01,4.793860614299774170e-01,-1.569777488708496094e+00,-8.541446328163146973e-01,4.452253282070159912e-01,3.176399767398834229e-01,8.018140792846679688e-01,-1.320016235113143921e-01,5.415883660316467285e-01,2.187177985906600952e-01,1.078554034233093262e+00,7.536661624908447266e-01,7.984636425971984863e-01,-1.386709928512573242e+00
-7.609597444534301758e-01,6.754166483879089355e-01,-9.828032255172729492e-01,-3.619206249713897705e-01,-8.641876280307769775e-02,1.362723946571350098e+00,-2.923175096511840820e-01,-6.596283316612243652e-01,-1.735996268689632416e-02,1.650988221168518066e+00,1.269540190696716309e+00,4.505760073661804199e-01,8.421739935874938965e-01,1.745705127716064453e+00,-3.857158124446868896e-01,-7.431348562240600586e-01,3.200523555278778076e-01,6.286861300468444824e-01,-8.851671218872070312e-01,1.249519109725952148e+00,-9.784289598464965820e-01,9.428058266639709473e-01,3.334406614303588867e-01,-9.025886058807373047e-01,1.164354801177978516e+00,-1.017330646514892578e+00,-4.948821961879730225e-01,-1.235110282897949219e+00,1.481908440589904785e+00,8.056788444519042969e-01,4.563367366790771484e-01,1.787172555923461914e+00,1.074196621775627136e-01,7.657021880149841309e-01,-9.124084711074829102e-01,3.595992457121610641e-03,7.892974615097045898e-01,1.292363286018371582e+00,1.246650099754333496e+00,1.114985346794128418e+00,-1.140623927116394043e+00,3.763238713145256042e-02,-4.664758443832397461e-01,-1.108380675315856934e+00,-1.118550539016723633e+00,1.966841459274291992e+00,2.688656747341156006e-01,1.220021843910217285e+00,-7.501605749130249023e-01,-1.050364971160888672e+00,4.854157567024230957e-01,-1.906420946121215820e+00,-3.034720569849014282e-02,2.297043323516845703e+00,1.873462647199630737e-01,2.213609218597412109e-01,-1.871435493230819702e-01,-1.001381754875183105e+00,6.485725641250610352e-01,-1.376969814300537109e+00,1.442483663558959961e-01,5.442586541175842285e-01,6.304115653038024902e-01,1.427538514137268066e+00,4.444933235645294189e-01,-4.381895959377288818e-01,-1.397262573242187500e+00,-6.375620961189270020e-01,9.496219158172607422e-01,-1.260497808456420898e+00,1.713913679122924805e-01,1.243216872215270996e+00,-4.816651940345764160e-01,-1.542967081069946289e+00,-8.595201373100280762e-01,-2.658493518829345703e+00,1.587715446949005127e-01,4.074890017509460449e-01,-1.194158911705017090e+00,-1.273374915122985840e+00,-1.057777777314186096e-01,-1.391584128141403198e-01,-7.782354354858398438e-01,3.837900161743164062e-01,6.195640563964843750e-02,-1.800203680992126465e+00,-1.647794723510742188e+00,4.275486469268798828e-01,-1.106396317481994629e+00,2.398409396409988403e-01,-6.879549026489257812e-01,-1.301755160093307495e-01,1.285228013992309570e+00,-7.050802707672119141e-01,3.822640776634216309e-01,2.341056615114212036e-01,9.588629007339477539e-01,-5.546264052391052246e-01,-4.417923986911773682e-01,-4.289680719375610352e-01
-1.412478446960449219e+00,2.116698175668716431e-01,-1.131429910659790039e+00,5.786053538322448730e-01,-2.281286001205444336e+00,1.220984935760498047e+00,-5.626121163368225098e-01,1.791155934333801270e+00,-2.656010985374450684e-01,5.459538102149963379e-01,-1.128846049308776855e+00,1.958659648895263672e+00,1.208079382777214050e-01,-4.707689881324768066e-01,2.642545998096466064e-01,-1.442235335707664490e-02,4.676755964756011963e-01,-2.853964567184448242e-01,1.237944737076759338e-01,-7.058952450752258301e-01,2.953876852989196777e-01,-2.816509604454040527e-01,-3.618456721305847168e-01,-3.081274271011352539e+00,5.817583203315734863e-01,-1.591572403907775879e+00,8.378764986991882324e-01,-3.822429776191711426e-01,8.764654994010925293e-01,-2.186451911926269531e+00,8.576088547706604004e-01,2.353295564651489258e+00,-4.370276927947998047e-01,1.407603144645690918e+00,3.324111178517341614e-02,-6.373696923255920410e-01,-2.287068128585815430e+00,-1.433266997337341309e+00,2.054153680801391602e+00,-1.498654723167419434e+00,1.373182535171508789e+00,-6.516345739364624023e-01,-5.807465910911560059e-01,1.221482634544372559e+00,-1.720247119665145874e-01,-4.142744541168212891e-01,2.107224464416503906e-01,-7.750111818313598633e-01,1.365348100662231445e+00,5.201532244682312012e-01,2.731324136257171631e-01,2.657274901866912842e-01,2.648783206939697266e+00,6.931520104408264160e-01,1.501315355300903320e+00,1.241408348083496094e+00,-1.066584110260009766e+00,-1.294830203056335449e+00,-4.620249867439270020e-01,1.118010759353637695e+00,1.541579365730285645e+00,6.725222468376159668e-01,3.552117943763732910e-02,4.966848492622375488e-01,-2.144874334335327148e-01,-1.624049067497253418e+00,9.245472550392150879e-01,1.166267037391662598e+00,-4.598478376865386963e-01,-6.474298834800720215e-01,-3.349174559116363525e-01,1.557504534721374512e+00,-1.132767677307128906e+00,-1.414023488759994507e-01,1.207565367221832275e-01,3.239912688732147217e-01,-3.660873174667358398e-01,8.954440951347351074e-01,1.526245832443237305e+00,1.891231179237365723e+00,1.047627449035644531e+00,1.239199161529541016e+00,5.075944066047668457e-01,2.081650733947753906e+00,7.855525612831115723e-02,2.081198841333389282e-01,-8.251189589500427246e-01,-8.358770608901977539e-01,1.305754542350769043e+00,-1.158081650733947754e+00,-2.924021482467651367e-01,7.521375417709350586e-01,-9.929240942001342773e-01,-1.194991707801818848e+00,-6.802673339843750000e-01,2.281135879456996918e-03,-1.447941064834594727e+00,1.626211524009704590e+00,-6.312216520309448242e-01,-6.175265908241271973e-01
6.681182980537414551e-01,2.803835868835449219e-01,-2.407373040914535522e-01,-1.387319803237915039e+00,3.466839492321014404e-01,1.204674124717712402e+00,-1.317722082138061523e+00,1.586521863937377930e-01,-1.137805342674255371e+00,-1.002635285258293152e-01,7.293198108673095703e-01,1.993155479431152344e-01,1.547338366508483887e+00,1.535426735877990723e+00,-1.596857666969299316e+00,1.120474457740783691e+00,7.907894849777221680e-01,-1.240228056907653809e+00,2.899601161479949951e-01,-1.296902596950531006e-01,-3.219292163848876953e-01,-2.894078195095062256e-01,-6.152474880218505859e-01,1.746294200420379639e-01,-2.060304403305053711e+00,5.156521797180175781e-01,-1.180638074874877930e+00,-1.690271496772766113e-01,6.326729804277420044e-02,7.970536947250366211e-01,1.179589509963989258e+00,1.281349301338195801e+00,5.799540281295776367e-01,8.913461565971374512e-01,-1.070846438407897949e+00,1.073428392410278320e+00,-1.499560356140136719e+00,-7.558831572532653809e-01,1.793160885572433472e-01,1.141845464706420898e+00,-1.595283865928649902e+00,-2.460110932588577271e-01,8.525770157575607300e-02,8.141059279441833496e-01,1.407222002744674683e-01,-4.648928940296173096e-01,1.289544820785522461e+00,1.924356937408447266e+00,-6.217916607856750488e-01,4.866861402988433838e-01,-1.740716993808746338e-01,6.325754523277282715e-01,6.971210837364196777e-01,5.460722371935844421e-02,3.634285628795623779e-01,1.292340636253356934e+00,-3.622608631849288940e-02,-4.273425340652465820e-01,9.636114835739135742e-01,-1.144155979156494141e+00,9.702672958374023438e-01,-7.073380947113037109e-01,-4.109848141670227051e-01,-6.101419925689697266e-01,-1.595699310302734375e+00,5.528069138526916504e-01,2.164084017276763916e-01,8.405632376670837402e-01,-6.360496282577514648e-01,-1.023437261581420898e+00,1.388064503669738770e+00,1.344351530075073242e+00,-4.592598676681518555e-01,6.649171710014343262e-01,7.340630888938903809e-01,-1.257883906364440918e+00,-1.306318879127502441e+00,4.136248230934143066e-01,-4.665298759937286377e-01,2.309945374727249146e-01,2.330979824066162109e+00,-9.049637913703918457e-01,1.551167368888854980e-01,1.483871340751647949e-01,4.183736741542816162e-01,8.883696794509887695e-02,-1.507905125617980957e+00,1.454670540988445282e-02,1.420904874801635742e+00,3.445384204387664795e-01,-2.292523622512817383e+00,3.341280221939086914e-01,-6.854186654090881348e-01,8.395795226097106934e-01,8.726826906204223633e-01,2.004426717758178711e-01,9.794305562973022461e-01,9.390738010406494141e-01,-2.267164945602416992e+00,-2.022621154785156250e+00
8.240820169448852539e-01,1.132723093032836914e+00,1.466363906860351562e+00,-2.104178905487060547e+00,-7.768772840499877930e-01,-2.604515790939331055e+00,-3.264863789081573486e-01,1.861925601959228516e+00,-4.973189234733581543e-01,2.945695444941520691e-02,-1.688027568161487579e-02,7.375558614730834961e-01,-5.747120380401611328e-01,-6.100274324417114258e-01,-3.529715240001678467e-01,5.066152811050415039e-01,5.138604044914245605e-01,-2.378655225038528442e-01,1.791202783584594727e+00,-3.154141604900360107e-01,-5.212046504020690918e-01,-1.427071690559387207e-01,-1.824198849499225616e-02,9.938631057739257812e-01,7.324074506759643555e-01,-1.312186956405639648e+00,-1.335618793964385986e-01,9.168327450752258301e-01,1.730671882629394531e+00,-1.098251491785049438e-01,7.507937550544738770e-01,-4.667517840862274170e-01,-1.117777466773986816e+00,-4.412707388401031494e-01,9.157770872116088867e-01,6.645223498344421387e-01,-3.734574317932128906e-01,-1.088675975799560547e+00,-2.129898309707641602e+00,7.893208265304565430e-01,3.322307169437408447e-01,5.728758573532104492e-01,-1.619986772537231445e+00,-8.759496212005615234e-01,3.722690939903259277e-01,1.506032109260559082e+00,1.151888489723205566e+00,-1.411492347717285156e+00,1.815203279256820679e-01,1.174826860427856445e+00,-6.311365365982055664e-01,-9.168575406074523926e-01,-5.674064755439758301e-01,3.824812173843383789e-01,1.311033129692077637e+00,-1.591413140296936035e+00,-4.310800731182098389e-01,8.841972947120666504e-01,-3.583571910858154297e-01,1.426746010780334473e+00,1.068368077278137207e+00,3.355133235454559326e-01,9.278612732887268066e-01,1.313992738723754883e+00,1.159638047218322754e+00,-1.808045897632837296e-03,-5.325498580932617188e-01,8.009360432624816895e-01,1.326447725296020508e+00,-7.323692739009857178e-02,-1.304135024547576904e-01,6.395770609378814697e-02,-2.923332691192626953e+00,1.162716031074523926e+00,-6.563628911972045898e-01,7.708330154418945312e-01,3.627687096595764160e-01,5.276925861835479736e-02,-5.137049555778503418e-01,1.597296476364135742e+00,-2.436591386795043945e-01,-1.307804942131042480e+00,1.583424448966979980e+00,1.646275997161865234e+00,2.570336461067199707e-01,3.641165196895599365e-01,6.817615032196044922e-01,2.510540783405303955e-01,-7.184645533561706543e-01,-1.815863847732543945e-01,9.051623940467834473e-01,-1.526479423046112061e-01,6.266356706619262695e-01,-8.602381944656372070e-01,1.348872631788253784e-01,-9.189423173666000366e-03,8.357042074203491211e-01,1.521797776222229004e+00,8.221161961555480957e-01,7.256399989128112793e-01
7.260460257530212402e-01,1.996318101882934570e+00,1.798044681549072266e+00,2.595648765563964844e-01,-4.692982137203216553e-01,-6.940506696701049805e-01,-1.237878680229187012e+00,-8.912665843963623047e-01,-5.876153707504272461e-02,-8.379729390144348145e-01,8.415635228157043457e-01,-5.294021964073181152e-01,9.976162910461425781e-01,-1.042274355888366699e+00,-7.009586691856384277e-01,-1.904653191566467285e+00,6.676540374755859375e-01,-2.830449938774108887e-01,-7.175992131233215332e-01,9.883287549018859863e-01,-4.447627365589141846e-01,1.935204029083251953e+00,-5.858393311500549316e-01,6.890460252761840820e-01,7.013862729072570801e-01,-7.234239578247070312e-01,4.688278734683990479e-01,-1.319123983383178711e+00,5.461683869361877441e-01,1.025551915168762207e+00,2.011331558227539062e+00,4.341799765825271606e-03,-8.701611161231994629e-01,-6.278472542762756348e-01,9.566380977630615234e-01,-1.280816197395324707e-01,-5.354887843132019043e-01,-6.373277306556701660e-01,-7.549546360969543457e-01,-2.578050851821899414e+00,-8.810219168663024902e-01,-3.763482272624969482e-01,-1.041951656341552734e+00,-4.161808490753173828e-01,-1.230920553207397461e-01,-6.062418818473815918e-01,-1.480894833803176880e-01,3.309343159198760986e-01,-9.636315703392028809e-01,-1.270761728286743164e+00,4.064133167266845703e-01,2.585371255874633789e+00,-1.342150926589965820e+00,-4.157662689685821533e-01,4.295686781406402588e-01,6.048722863197326660e-01,1.449900493025779724e-02,-6.264498233795166016e-01,-1.794373802840709686e-02,-6.230382919311523438e-01,2.479573786258697510e-01,-6.985374093055725098e-01,-1.195871710777282715e+00,-6.607122719287872314e-02,-1.320782661437988281e+00,1.749358326196670532e-01,7.121026515960693359e-01,9.915967583656311035e-01,-5.895975828170776367e-01,4.616209566593170166e-01,-1.503748297691345215e-01,1.904559433460235596e-01,1.352572590112686157e-01,1.396570354700088501e-01,1.061645150184631348e+00,-3.513249754905700684e-01,-5.784707069396972656e-01,-5.695791244506835938e-01,-1.297542005777359009e-01,-1.558634281158447266e+00,5.658723711967468262e-01,1.358145952224731445e+00,1.450838327407836914e+00,-1.051891803741455078e+00,1.987832188606262207e-01,-8.926167488098144531e-01,-6.214177608489990234e-01,-9.179524183273315430e-01,8.696594834327697754e-01,-4.244779646396636963e-01,-2.411078929901123047e+00,3.821408748626708984e-01,4.013611078262329102e-01,4.228897392749786377e-01,2.143468618392944336e+00,-7.094295024871826172e-01,9.735090732574462891e-01,1.000522524118423462e-01,-2.977265715599060059e-01,7.354862689971923828e-01
-6.915105581283569336e-01,-2.030445337295532227e+00,-1.498185276985168457e+00,-5.772755742073059082e-01,8.712253570556640625e-01,-9.098076820373535156e-01,-5.956292152404785156e-01,7.365019321441650391e-01,1.131415843963623047e+00,1.314663529396057129e+00,1.228665232658386230e+00,7.355937361717224121e-01,-3.404048979282379150e-01,-1.664356589317321777e+00,-1.455193012952804565e-01,-1.780347228050231934e+00,-1.824223995208740234e+00,-1.554645657539367676e+00,1.396532416343688965e+00,4.405270218849182129e-01,-1.694864749908447266e+00,-9.663632512092590332e-01,2.899458408355712891e-01,9.293808341026306152e-01,-2.495295524597167969e+00,1.285287618637084961e+00,1.531987786293029785e+00,-1.141751646995544434e+00,5.476967096328735352e-01,9.175888895988464355e-01,-2.464122533798217773e+00,-2.081655263900756836e+00,-9.524026513099670410e-01,-6.913099288940429688e-01,1.135797262191772461e+00,3.391899168491363525e-01,8.759754300117492676e-01,4.274981915950775146e-01,-7.393682003021240234e-02,-1.842122375965118408e-01,1.025264263153076172e+00,1.584721356630325317e-02,-1.579974889755249023e+00,1.146598815917968750e+00,-2.575863599777221680e+00,-9.549911022186279297e-01,-2.116294860839843750e+00,1.093605518341064453e+00,3.483280241489410400e-01,-1.406868577003479004e+00,1.368285536766052246e+00,-5.254397392272949219e-01,8.151537775993347168e-01,-9.377161264419555664e-01,9.521386772394180298e-02,-1.339757144451141357e-01,1.418746113777160645e+00,-1.142993092536926270e+00,1.667792558670043945e+00,-1.995887279510498047e+00,-9.035872220993041992e-01,2.828320860862731934e-01,-2.412817627191543579e-01,1.635802507400512695e+00,-6.687566041946411133e-01,-1.827399879693984985e-01,-2.133887529373168945e+00,1.090356826782226562e+00,-7.435249686241149902e-01,-6.223830580711364746e-01,7.045111060142517090e-01,-3.763419687747955322e-01,-1.651457428932189941e+00,2.991502583026885986e-01,-1.747891902923583984e-01,3.491742536425590515e-02,2.013178169727325439e-01,-4.581148028373718262e-01,-2.220135927200317383e+00,-1.111011385917663574e+00,1.779408216476440430e+00,1.407828092575073242e+00,1.415235280990600586e+00,7.637574672698974609e-01,1.177986040711402893e-01,5.894788503646850586e-01,-1.248216509819030762e+00,-1.143075004220008850e-01,-1.267921209335327148e+00,5.525764822959899902e-01,-3.856991827487945557e-01,-5.125361308455467224e-02,8.639328181743621826e-02,-9.571060538291931152e-01,-3.805433213710784912e-01,-6.436915993690490723e-01,-7.672842144966125488e-01,8.556646704673767090e-01,-3.422349989414215088e-01,-4.871967434883117676e-01
4.107675254344940186e-01,-4.102387130260467529e-01,-1.497293710708618164e+00,-8.358272314071655273e-01,3.351927697658538818e-01,7.442440390586853027e-01,-2.103939652442932129e-01,1.197499632835388184e+00,-5.673304200172424316e-01,-7.913790345191955566e-01,4.561664164066314697e-01,-5.435714721679687500e-01,-9.867764115333557129e-01,2.295263767242431641e+00,-1.726909875869750977e-01,1.863484621047973633e+00,2.500401735305786133e+00,1.104885816574096680e+00,7.247849106788635254e-01,6.812455654144287109e-01,-4.245643913745880127e-01,-9.504973888397216797e-01,1.642113566398620605e+00,9.520108103752136230e-01,-9.294042736291885376e-02,1.914984822273254395e+00,3.075884580612182617e-01,-8.869783282279968262e-01,6.377972364425659180e-01,-3.278837203979492188e-01,2.609554529190063477e-01,-4.431814551353454590e-01,-2.004164755344390869e-01,-1.697329580783843994e-01,-9.051418304443359375e-02,2.386891365051269531e+00,-5.685647130012512207e-01,1.280435442924499512e+00,-8.217387795448303223e-01,-2.615144491195678711e+00,6.729322671890258789e-01,1.302355766296386719e+00,-4.849223196506500244e-01,1.942481160163879395e+00,-1.385789752006530762e+00,1.210873126983642578e+00,3.413207828998565674e-02,-1.420047283172607422e-01,-9.177163243293762207e-01,3.098311126232147217e-01,-8.318619132041931152e-01,3.479008078575134277e-01,-3.406204283237457275e-01,-1.857053160667419434e+00,8.971275687217712402e-01,7.899017333984375000e-01,5.822746753692626953e-01,-8.366832882165908813e-02,-5.319765806198120117e-01,-7.974054217338562012e-01,2.962560355663299561e-01,-6.735888123512268066e-01,3.729245662689208984e-01,7.334159612655639648e-01,5.128291845321655273e-01,1.377298355102539062e+00,-1.677919149398803711e+00,-3.691328763961791992e-01,5.965847373008728027e-01,-9.475810527801513672e-01,4.065431356430053711e-01,-1.158946037292480469e+00,1.160614043474197388e-01,-6.499725580215454102e-01,9.124974608421325684e-01,-3.592905402183532715e-01,-4.068304896354675293e-01,2.754476666450500488e-01,-6.741454601287841797e-01,-2.053804397583007812e+00,-5.670896768569946289e-01,-3.172693252563476562e-01,1.410849839448928833e-01,3.229212760925292969e-02,4.515479803085327148e-01,-4.814383387565612793e-01,1.589334607124328613e+00,2.663988769054412842e-01,4.050493836402893066e-01,-2.411283180117607117e-02,-5.016410350799560547e-01,6.268261075019836426e-01,-4.310705363750457764e-01,8.914291858673095703e-01,-3.740251362323760986e-01,-2.801492691040039062e+00,1.549322128295898438e+00,2.905219495296478271e-01,-1.089366793632507324e+00,1.042876362800598145e+00
-1.052415609359741211e+00,6.354364156723022461e-01,2.001963555812835693e-01,5.348912477493286133e-01,-1.707063019275665283e-01,-1.660065799951553345e-01,1.124876737594604492e+00,3.205927014350891113e-01,-8.155186772346496582e-01,1.656381487846374512e-01,1.036323070526123047e+00,4.173476696014404297e-01,1.157329007983207703e-01,1.257932484149932861e-01,-3.978580534458160400e-01,2.506101369857788086e+00,-3.412961661815643311e-01,5.514780879020690918e-01,-6.014902591705322266e-01,2.791373729705810547e-01,-1.516418159008026123e-01,-2.591122865676879883e+00,1.098777770996093750e+00,-5.044640898704528809e-01,3.871833682060241699e-01,-6.220157742500305176e-01,1.413747072219848633e+00,1.224568009376525879e+00,-2.307040452957153320e+00,-4.530110657215118408e-01,-1.643388390541076660e+00,-3.673249185085296631e-01,3.783737123012542725e-01,-6.749137639999389648e-01,-1.488661170005798340e+00,1.571846306324005127e-01,-5.504905581474304199e-01,2.771007716655731201e-01,5.265144705772399902e-01,-8.494042754173278809e-01,6.856346130371093750e-01,-1.019629120826721191e+00,-1.167664676904678345e-01,-3.435320854187011719e-01,-1.020638585090637207e+00,6.365413665771484375e-01,8.160466551780700684e-01,3.136033415794372559e-01,5.694651976227760315e-02,-2.206929624080657959e-01,-2.080893278121948242e+00,-4.756583273410797119e-01,1.178385972976684570e+00,1.289709448814392090e+00,-2.171736001968383789e+00,1.165393829345703125e+00,-1.587189555168151855e+00,-1.379781007766723633e+00,1.352957606315612793e+00,1.872610449790954590e+00,-6.461914777755737305e-01,1.252827405929565430e+00,2.442480772733688354e-01,6.778429150581359863e-01,-4.435174539685249329e-02,5.766029357910156250e-01,9.052309393882751465e-01,-8.937619626522064209e-03,-1.324595212936401367e+00,4.802551269531250000e-01,-1.390833616256713867e+00,5.606244206428527832e-01,-7.316170632839202881e-02,1.445973038673400879e+00,-1.293503999710083008e+00,1.105788707733154297e+00,-5.623018741607666016e-01,-9.811410903930664062e-01,-1.541274309158325195e+00,8.642429709434509277e-01,6.525560617446899414e-01,-9.510782361030578613e-01,1.373254299163818359e+00,-2.073981761932373047e+00,1.181933403015136719e+00,3.659683465957641602e-01,7.995257377624511719e-01,-2.042719870805740356e-01,9.392241239547729492e-01,-1.464956551790237427e-01,-8.499177098274230957e-01,5.923542976379394531e-01,1.105246543884277344e+00,-3.206033110618591309e-01,3.837311267852783203e-01,-8.965808898210525513e-02,-7.661633193492889404e-02,-1.494161725044250488e+00,6.775607913732528687e-02,-1.735672473907470703e+00
4.359171390533447266e-01,-6.005980968475341797e-01,3.645766675472259521e-01,-4.844018518924713135e-01,-2.586890943348407745e-03,-1.457098245620727539e+00,3.103547692298889160e-01,5.065084099769592285e-01,-1.221870899200439453e+00,2.029794156551361084e-01,-1.895882487297058105e-01,-5.969734787940979004e-01,6.785316467285156250e-01,7.762477993965148926e-01,2.013055801391601562e+00,-4.288778007030487061e-01,-8.249127119779586792e-02,1.492669343948364258e+00,-7.886115312576293945e-01,-1.071979761123657227e+00,5.707648023962974548e-02,3.226404190063476562e-01,-2.714603245258331299e-01,-7.186809778213500977e-01,1.245916038751602173e-01,6.010199785232543945e-01,-1.247071623802185059e+00,-1.387292265892028809e+00,-6.095849275588989258e-01,-9.033755660057067871e-01,-1.211555898189544678e-01,1.964491128921508789e+00,-8.077377676963806152e-01,4.008491039276123047e-01,-9.475752115249633789e-01,-6.101927161216735840e-01,4.900262355804443359e-01,-1.078874707221984863e+00,-5.404707789421081543e-01,-5.499802827835083008e-01,-1.239212393760681152e+00,1.818961143493652344e+00,-7.371654510498046875e-01,-4.915880784392356873e-02,3.817564249038696289e-01,-2.932672202587127686e-01,4.894736409187316895e-01,-1.183332651853561401e-01,1.545718312263488770e+00,7.117104530334472656e-01,1.987625360488891602e+00,-3.263788819313049316e-01,-3.190550804138183594e-01,-3.410300314426422119e-01,-4.039728343486785889e-01,-1.328515261411666870e-01,-1.177474975585937500e+00,1.171094775199890137e+00,7.945753931999206543e-01,-1.642933964729309082e+00,1.061445832252502441e+00,-1.419786959886550903e-01,8.309693932533264160e-01,-4.937694370746612549e-01,8.871577978134155273e-01,-2.589915134012699127e-02,6.860764026641845703e-01,4.830679297447204590e-02,1.474422097206115723e+00,-1.997036337852478027e-01,-8.573393821716308594e-01,9.611677378416061401e-02,-6.022210717201232910e-01,-6.793243885040283203e-01,-6.638357639312744141e-01,-1.400980353355407715e+00,1.003261327743530273e+00,-9.102326035499572754e-01,-1.214944869279861450e-01,-3.874843716621398926e-01,4.372548162937164307e-01,-1.271558701992034912e-01,1.130923867225646973e+00,-3.564491271972656250e-01,5.601654052734375000e-01,-1.393665432929992676e+00,-2.482471019029617310e-01,-1.748708188533782959e-01,2.440602779388427734e-01,1.863231062889099121e+00,1.123521327972412109e+00,-1.709845781326293945e+00,-2.818373441696166992e+00,1.397161602973937988e+00,-8.208846300840377808e-02,-5.023859143257141113e-01,8.011223673820495605e-01,5.474556684494018555e-01,8.406440913677215576e-02,3.012507259845733643e-01
1.519342541694641113e+00,-8.848883211612701416e-02,9.310108423233032227e-02,-9.435248970985412598e-01,-9.513682126998901367e-02,-2.053391933441162109e+00,-7.066785097122192383e-01,3.333642482757568359e-01,-6.534197330474853516e-01,-2.134842157363891602e+00,7.414961457252502441e-01,-7.143012285232543945e-01,-1.270376443862915039e+00,1.168859601020812988e-01,-6.694916486740112305e-01,-1.182529211044311523e+00,-2.810403406620025635e-01,-1.544869840145111084e-01,-7.921575307846069336e-01,6.926388144493103027e-01,3.993219137191772461e-01,-8.296197652816772461e-01,2.164388149976730347e-01,-1.241526722908020020e+00,6.329691410064697266e-01,-3.388038873672485352e-01,-1.442613601684570312e-01,7.232208251953125000e-01,-6.946113109588623047e-01,-6.060251593589782715e-01,9.614558815956115723e-01,-1.332700967788696289e+00,-1.013196706771850586e+00,-1.483344793319702148e+00,1.058845445513725281e-01,-8.450238704681396484e-01,6.137829646468162537e-02,-1.551422357559204102e+00,1.733985543251037598e-01,4.339824318885803223e-01,-1.181046128273010254e+00,8.070129156112670898e-01,-1.002705454826354980e+00,1.451751589775085449e+00,2.032076865434646606e-01,-1.041582584381103516e+00,1.770720362663269043e+00,8.553755283355712891e-01,-8.321304619312286377e-02,1.850505709648132324e+00,3.174697875976562500e+00,6.242671608924865723e-01,-7.571334242820739746e-01,-3.561633229255676270e-01,6.535049527883529663e-02,2.288620233535766602e+00,-1.414722561836242676e+00,-4.767887890338897705e-01,5.960108637809753418e-01,-3.434841036796569824e-01,5.283278226852416992e-01,3.045849502086639404e-01,3.565234541893005371e-01,-9.100527167320251465e-01,-6.868001222610473633e-01,7.683652043342590332e-01,-3.095954284071922302e-02,-3.301375806331634521e-01,1.991308450698852539e+00,6.998791694641113281e-01,-2.339006662368774414e-01,1.078570961952209473e+00,-4.540613591670989990e-01,-1.025443226099014282e-01,-1.184426903724670410e+00,6.124380230903625488e-01,-6.628108024597167969e-01,-1.739380359649658203e+00,2.387782186269760132e-01,-5.473898649215698242e-01,-1.962359845638275146e-01,5.455237627029418945e-01,6.210914850234985352e-01,1.682281941175460815e-01,-7.489418238401412964e-02,9.357113838195800781e-01,2.686939835548400879e-01,-9.396107196807861328e-01,-6.736148595809936523e-01,1.822911381721496582e+00,-4.684751927852630615e-01,-2.145144939422607422e+00,5.110920071601867676e-01,2.057437300682067871e-01,-2.706127762794494629e-01,3.097605705261230469e-01,-3.819331824779510498e-01,-2.613913416862487793e-01,3.517042100429534912e-01,-9.407191872596740723e-01
1.608744502067565918e+00,-1.086865782737731934e+00,1.272337675094604492e+00,2.389926433563232422e+00,-6.185483336448669434e-01,-6.184036731719970703e-01,-2.617954611778259277e-01,7.340698838233947754e-01,-9.145162701606750488e-01,-3.741459250450134277e-01,-4.799669981002807617e-01,-1.012002348899841309e+00,8.642213940620422363e-01,-7.884280681610107422e-01,3.178041279315948486e-01,2.407801747322082520e-01,1.030790925025939941e+00,1.333580762147903442e-01,-5.396887063980102539e-01,-4.266018569469451904e-01,-8.466723375022411346e-03,4.543350040912628174e-01,-2.968419790267944336e-01,-5.275609493255615234e-01,2.339428961277008057e-01,6.428909301757812500e-01,-1.011484622955322266e+00,1.503166317939758301e+00,3.003049790859222412e-01,2.037577867507934570e+00,2.187056541442871094e+00,-8.995222449302673340e-01,1.480673670768737793e+00,9.895349144935607910e-01,1.198100671172142029e-01,-7.905654907226562500e-01,-7.952387928962707520e-01,-8.254925608634948730e-01,-3.090394660830497742e-02,-6.279492378234863281e-02,-1.785372138023376465e+00,-8.369262814521789551e-01,3.962631821632385254e-01,-4.449175298213958740e-01,-1.238639116287231445e+00,3.191569447517395020e-02,4.536285698413848877e-01,4.235914349555969238e-01,1.985939443111419678e-01,-6.877157688140869141e-01,-5.826086997985839844e-01,5.488402247428894043e-01,-8.406822085380554199e-01,-2.452004432678222656e+00,3.499711155891418457e-01,2.493201494216918945e-01,6.742585897445678711e-01,-7.300251722335815430e-01,-1.975750178098678589e-01,6.949378252029418945e-01,-7.256335765123367310e-02,-4.752124249935150146e-01,-2.536176741123199463e-01,-1.658805012702941895e+00,-1.130997538566589355e+00,8.513307571411132812e-01,8.238818645477294922e-01,-5.634180903434753418e-01,-8.839778304100036621e-01,-1.262541890144348145e+00,-2.516157627105712891e+00,-8.120663762092590332e-01,1.585453033447265625e+00,3.413776755332946777e-01,1.813147902488708496e+00,5.545739531517028809e-01,-6.400520801544189453e-01,3.944880962371826172e-01,6.872866749763488770e-01,-1.838075667619705200e-01,2.058959007263183594e+00,-7.562225461006164551e-01,2.534732520580291748e-01,1.454172611236572266e+00,-1.032459735870361328e-01,-1.883151531219482422e+00,-4.097462594509124756e-01,1.322715163230895996e+00,4.042554199695587158e-01,7.205770015716552734e-01,2.231790304183959961e+00,6.274124979972839355e-01,-1.030171036720275879e+00,-2.794024050235748291e-01,5.760160088539123535e-01,8.910890817642211914e-01,-8.440921902656555176e-01,-1.072989583015441895e+00,-5.295401215553283691e-01,-9.885583519935607910e-01
-7.324734330177307129e-02,7.730669975280761719e-01,-6.336702108383178711e-01,3.438904285430908203e-01,1.114232897758483887e+00,1.093100309371948242e+00,1.816678643226623535e+00,-7.953783273696899414e-01,-2.663088440895080566e-01,9.506867527961730957e-01,-2.208376169204711914e+00,9.223375916481018066e-01,-2.667041122913360596e-01,1.828562468290328979e-01,1.318137764930725098e+00,1.138176202774047852e+00,-2.799355387687683105e-01,5.071284770965576172e-01,-1.329281568527221680e+00,6.072291135787963867e-01,-1.057687282562255859e+00,9.127990007400512695e-01,2.013404607772827148e+00,2.463961392641067505e-01,1.088036060333251953e+00,8.089146614074707031e-01,6.083846092224121094e-01,-7.722428441047668457e-01,7.692204117774963379e-01,-4.955959618091583252e-01,-1.638235688209533691e+00,-2.556029260158538818e-01,3.970203995704650879e-01,-1.099520362913608551e-02,-8.413225412368774414e-01,-1.343291401863098145e-01,1.315262436866760254e+00,1.143433451652526855e+00,-8.492759466171264648e-01,7.907233200967311859e-03,3.983112871646881104e-01,-2.180466204881668091e-01,4.223398268222808838e-01,6.856042742729187012e-01,1.654844641685485840e+00,-5.275018811225891113e-01,-6.432214975357055664e-01,1.407713532447814941e+00,-3.548329770565032959e-01,1.052575349807739258e+00,-3.025927543640136719e-01,-1.389222860336303711e+00,2.394607961177825928e-01,6.707404255867004395e-01,1.640997454524040222e-02,-4.969880580902099609e-01,6.798219084739685059e-01,9.403564929962158203e-01,-4.439685940742492676e-01,-2.115291357040405273e-01,-7.098171114921569824e-01,-5.520409345626831055e-01,-8.432062864303588867e-01,-9.019255042076110840e-01,-2.638901948928833008e+00,-5.462138056755065918e-01,-9.864924550056457520e-01,-1.047714233398437500e+00,-1.208806872367858887e+00,9.391328692436218262e-01,7.975950241088867188e-01,2.126501083374023438e+00,1.364358544349670410e+00,4.449184983968734741e-02,5.977666378021240234e-01,1.193560123443603516e+00,-1.146575957536697388e-01,-5.474771857261657715e-01,8.830025196075439453e-01,5.045067667961120605e-01,1.299271821975708008e+00,-7.187836766242980957e-01,-2.970533370971679688e+00,1.309401631355285645e+00,-3.743746876716613770e-02,-5.237678885459899902e-01,1.769459962844848633e+00,-1.403679132461547852e+00,5.364298820495605469e-01,1.935223639011383057e-01,4.049968346953392029e-02,4.557785987854003906e-01,-1.414560914039611816e+00,-2.165489912033081055e+00,-1.451767683029174805e-01,5.613259673118591309e-01,7.728341221809387207e-01,-3.828332126140594482e-01,-1.763069391250610352e+00,-2.894940786063671112e-03
1.187460541725158691e+00,-1.511451005935668945e+00,7.468331456184387207e-01,-5.245503783226013184e-01,-1.300664339214563370e-02,-4.210130274295806885e-01,-2.354176998138427734e+00,9.071774780750274658e-02,-1.370708823204040527e+00,1.289352774620056152e+00,1.102319136261940002e-01,-9.140569567680358887e-01,2.578903734683990479e-01,2.202352136373519897e-01,-5.986448004841804504e-02,-9.219543933868408203e-01,9.970977902412414551e-01,-5.056232810020446777e-01,-9.868155717849731445e-01,1.034894943237304688e+00,-9.639292955398559570e-01,1.111315369606018066e+00,2.002721786499023438e+00,-6.167075596749782562e-03,1.910649895668029785e+00,-2.619892060756683350e-01,-7.851940989494323730e-01,-2.283831834793090820e-01,-1.893624663352966309e+00,1.383150815963745117e+00,-1.753265857696533203e+00,-4.837221503257751465e-01,2.046565413475036621e-01,6.523123383522033691e-01,-1.501614332199096680e+00,-2.014293909072875977e+00,-1.451938629150390625e+00,3.848281502723693848e-01,-6.466698646545410156e-01,4.296811670064926147e-02,-1.203619241714477539e+00,8.013228774070739746e-01,-9.791104122996330261e-03,-1.432733893394470215e+00,-3.929812014102935791e-01,-6.849427223205566406e-01,-1.099207639694213867e+00,-3.678807020187377930e-01,8.816973567008972168e-01,-1.216561198234558105e+00,-1.306837558746337891e+00,5.084541440010070801e-01,6.039106249809265137e-01,-7.632467746734619141e-01,-2.452866733074188232e-01,-1.613754034042358398e+00,-6.958619356155395508e-01,-1.050288796424865723e+00,3.063656687736511230e-01,-7.586198449134826660e-01,-5.442499648779630661e-03,-4.237762987613677979e-01,7.907385230064392090e-01,-4.090791046619415283e-01,-9.275822043418884277e-01,-7.088875770568847656e-01,-1.455089449882507324e+00,-3.331444859504699707e-01,-1.441152572631835938e+00,-5.325220227241516113e-01,-7.712303847074508667e-02,-1.548696279525756836e+00,4.980801939964294434e-01,9.648579359054565430e-02,-1.766847133636474609e+00,9.648924469947814941e-01,-1.145258784294128418e+00,1.200427055358886719e+00,-3.204861283302307129e-01,2.169580459594726562e-01,-3.623469769954681396e-01,-2.377499818801879883e+00,-8.550965189933776855e-01,-1.125465393066406250e+00,-1.995552539825439453e+00,-1.348560571670532227e+00,2.412329241633415222e-02,-1.008058547973632812e+00,-8.593993186950683594e-01,-7.085183858871459961e-01,4.596717059612274170e-01,-2.832602262496948242e-01,-3.985233008861541748e-01,-3.154643774032592773e-01,5.999447107315063477e-01,-2.767185688018798828e+00,2.034720420837402344e+00,1.381584107875823975e-01,-6.132914423942565918e-01,-9.291013479232788086e-01
1.961464881896972656e-01,6.683861017227172852e-01,-8.152265548706054688e-01,9.812362790107727051e-01,-2.650158107280731201e-01,1.575606703758239746e+00,-2.752040147781372070e+00,-4.246117770671844482e-01,8.104265928268432617e-01,5.958313345909118652e-01,3.449891926720738411e-03,-6.133127212524414062e-01,-1.448000907897949219e+00,7.225229591131210327e-02,1.122310757637023926e+00,4.665608108043670654e-01,-1.448774188756942749e-01,3.021489381790161133e-01,-8.270491957664489746e-01,-2.026247501373291016e+00,-1.273615717887878418e+00,-2.079210430383682251e-01,-6.853666305541992188e-01,6.306878924369812012e-01,1.029389873147010803e-01,-3.937614336609840393e-02,4.885950982570648193e-01,-8.516017198562622070e-01,3.079571127891540527e-01,-2.455474853515625000e+00,5.936913490295410156e-01,8.321188688278198242e-01,-3.251810967922210693e-01,-1.326564550399780273e+00,-1.015603184700012207e+00,-6.957691311836242676e-01,-4.687018990516662598e-01,-9.447038173675537109e-01,-1.612437367439270020e-01,-4.946192204952239990e-01,-1.339193731546401978e-01,1.118349790573120117e+00,-2.316984176635742188e+00,3.330611586570739746e-01,4.532294571399688721e-01,-1.717437624931335449e+00,1.142878532409667969e+00,9.313079118728637695e-01,3.169504925608634949e-02,-1.137190222740173340e+00,6.640447378158569336e-01,-4.676604866981506348e-01,3.704622685909271240e-01,-2.262244462966918945e+00,-1.050893664360046387e+00,-9.980956912040710449e-01,6.986523866653442383e-01,8.130316734313964844e-01,1.223888754844665527e+00,-2.395984649658203125e+00,-9.291793107986450195e-01,-2.788627147674560547e+00,5.565660595893859863e-01,-4.829852879047393799e-01,1.532254099845886230e+00,-3.696181774139404297e-01,1.504002928733825684e+00,3.036025464534759521e-01,9.935646653175354004e-01,1.288554668426513672e+00,-1.769268751144409180e+00,1.387884140014648438e+00,6.541972607374191284e-02,6.955370306968688965e-01,4.532303512096405029e-01,5.297201275825500488e-01,2.035562396049499512e-01,-1.903645157814025879e+00,-2.578495070338249207e-02,-3.096287250518798828e-01,8.558160066604614258e-01,-2.200311273336410522e-01,-5.337696075439453125e-01,5.026848912239074707e-01,1.009073376655578613e+00,9.651492834091186523e-01,-1.116269975900650024e-01,-8.991935253143310547e-01,9.632933139801025391e-02,1.736313343048095703e+00,1.508232116699218750e+00,-6.441034078598022461e-01,6.029847264289855957e-02,1.081213235855102539e+00,-5.140556097030639648e-01,5.226784944534301758e-01,1.113998413085937500e+00,-2.582018077373504639e-01,-3.596425652503967285e-01,-1.382457911968231201e-01
4.073911309242248535e-01,-1.187858581542968750e+00,-9.738177061080932617e-02,8.487676978111267090e-01,-4.309345036745071411e-02,-1.368131041526794434e+00,1.860859245061874390e-01,-4.705786406993865967e-01,-3.460057377815246582e-01,-6.417773962020874023e-01,1.138114452362060547e+00,6.068273633718490601e-02,8.062855005264282227e-01,1.535496115684509277e+00,-5.722458362579345703e-01,-1.003634691238403320e+00,3.140077888965606689e-01,1.705036401748657227e+00,2.522736489772796631e-01,8.027489781379699707e-01,-2.618442058563232422e+00,4.194181859493255615e-01,-1.504245758056640625e+00,-1.497139334678649902e-01,1.430150032043457031e+00,-4.584407508373260498e-01,1.975781679153442383e+00,-1.465788602828979492e+00,-6.221613287925720215e-01,8.202952146530151367e-01,9.839663505554199219e-01,-2.095782995223999023e+00,2.358555644750595093e-01,-2.423737794160842896e-01,-7.197778820991516113e-01,-3.306619822978973389e-02,1.669444918632507324e+00,-2.754446864128112793e-01,1.144699007272720337e-02,3.914405405521392822e-01,-3.306670188903808594e-01,2.460757732391357422e+00,4.472379684448242188e-01,6.286676526069641113e-01,-3.598162904381752014e-02,1.280413985252380371e+00,5.887375473976135254e-01,-5.541207194328308105e-01,7.796580195426940918e-01,5.702886581420898438e-01,1.732677578926086426e+00,5.939158797264099121e-01,8.015320301055908203e-01,-9.556627273559570312e-01,-1.345567345619201660e+00,1.055156067013740540e-01,-2.298935204744338989e-01,-1.714852899312973022e-01,1.077741861343383789e+00,-1.149950385093688965e+00,-5.630571395158767700e-02,-4.996711909770965576e-01,-1.971121728420257568e-01,-1.472698748111724854e-01,2.878778055310249329e-02,-8.871817588806152344e-01,1.123494505882263184e+00,1.257288455963134766e+00,1.283811807632446289e+00,-9.649529457092285156e-01,-1.167268753051757812e+00,-1.221330285072326660e+00,-5.337064266204833984e-01,-2.216584205627441406e+00,7.302795052528381348e-01,1.059636354446411133e+00,7.113317251205444336e-01,-6.721436977386474609e-02,-1.295302748680114746e+00,8.147824406623840332e-01,3.670468032360076904e-01,5.586744099855422974e-02,-8.304871916770935059e-01,1.946585774421691895e-01,-9.487568736076354980e-01,1.499101638793945312e+00,-5.945299863815307617e-01,4.702018499374389648e-01,-2.387568503618240356e-01,-2.263027876615524292e-01,9.674088954925537109e-01,-2.697036862373352051e-01,6.785219311714172363e-01,-1.381296068429946899e-01,-5.166759490966796875e-01,1.001396298408508301e+00,-6.273646354675292969e-01,1.429155707359313965e+00,-1.444844603538513184e+00,-1.365440249443054199e+00
3.901011347770690918e-01,1.231171488761901855e+00,1.970904827117919922e+00,-1.677734613418579102e+00,-1.123263090848922729e-01,-2.282861232757568359e+00,-4.709472656250000000e-01,-6.907255053520202637e-01,-9.678809046745300293e-01,7.517448067665100098e-01,-4.550100490450859070e-02,-1.615550637245178223e+00,9.873021245002746582e-01,4.832350313663482666e-01,6.277206540107727051e-01,8.855645060539245605e-01,1.037135362625122070e+00,-4.555839598178863525e-01,-5.015777945518493652e-01,2.618508040904998779e-01,1.996619850397109985e-01,-2.277548074722290039e+00,1.604090213775634766e+00,-4.213078916072845459e-01,-4.039067775011062622e-02,-7.288190722465515137e-01,-6.684696674346923828e-02,-1.049248456954956055e+00,-2.021447420120239258e-01,2.855811908375471830e-04,-3.052458465099334717e-01,-1.078206181526184082e+00,-1.349038362503051758e+00,9.358217716217041016e-01,3.975363671779632568e-01,-4.291234910488128662e-01,6.914888620376586914e-01,-6.774440407752990723e-01,5.379418730735778809e-01,-1.135080218315124512e+00,-8.690696954727172852e-01,5.370437502861022949e-01,-1.343428134918212891e+00,4.199323952198028564e-01,-4.981303215026855469e-01,-1.680226683616638184e+00,1.375597953796386719e+00,-1.220330834388732910e+00,1.975671015679836273e-02,-1.439296454191207886e-01,-9.766390323638916016e-01,6.059868335723876953e-01,-9.426688551902770996e-01,-1.440057516098022461e+00,-5.554806590080261230e-01,1.117721676826477051e+00,-1.185418725013732910e+00,-9.165819287300109863e-01,2.946506142616271973e-01,8.989985585212707520e-01,-4.953768849372863770e-02,9.072323441505432129e-01,3.004871010780334473e-01,-3.460142910480499268e-01,-8.325592875480651855e-01,-9.684900641441345215e-01,-9.253326058387756348e-01,-5.855801105499267578e-01,5.315693020820617676e-01,1.837335109710693359e+00,-9.937938451766967773e-01,2.519646286964416504e-01,1.537628650665283203e+00,1.156535983085632324e+00,-2.203886508941650391e+00,-1.421135663986206055e+00,7.562342286109924316e-01,2.954684197902679443e-01,-1.846829652786254883e+00,-1.863127797842025757e-01,3.177537024021148682e-02,-8.347799777984619141e-01,-3.111217170953750610e-02,2.224497944116592407e-01,1.633337497711181641e+00,2.104859650135040283e-01,-3.432877659797668457e-01,8.428734540939331055e-01,4.555040001869201660e-01,-5.683686733245849609e-01,2.204193115234375000e+00,5.982448458671569824e-01,-6.933996081352233887e-01,-6.352058649063110352e-01,1.413874268531799316e+00,4.075699150562286377e-01,-6.531190872192382812e-01,1.673176050186157227e+00,4.723205044865608215e-02,-7.991294264793395996e-01
5.229220986366271973e-01,-5.185587406158447266e-01,1.597668290138244629e+00,-8.103836178779602051e-01,-3.141646087169647217e-01,-3.976098001003265381e-01,1.251132607460021973e+00,-9.044775366783142090e-01,-1.419332027435302734e-01,5.909001827239990234e-01,7.930566072463989258e-01,-3.143976330757141113e-01,-1.428922772407531738e+00,-4.226572811603546143e-01,-8.178340792655944824e-01,2.393937855958938599e-01,2.608479261398315430e-01,1.786968469619750977e+00,-1.256674408912658691e+00,5.618439987301826477e-02,-6.711299419403076172e-01,-1.746793240308761597e-01,-1.097434163093566895e-01,1.578740477561950684e+00,1.288430452346801758e+00,-3.602281808853149414e-01,-1.325546741485595703e+00,-8.702332973480224609e-01,-1.249165654182434082e+00,7.681238651275634766e-01,-3.767816424369812012e-01,-1.016389369964599609e+00,-2.348953008651733398e+00,-4.754115343093872070e-01,2.869486212730407715e-01,-1.211090609431266785e-01,3.109456002712249756e-01,-6.014564633369445801e-01,-1.136348366737365723e+00,-8.678815960884094238e-01,-4.355896711349487305e-01,-1.134010031819343567e-01,9.231595396995544434e-01,4.871950745582580566e-01,-4.116171039640903473e-03,1.447830200195312500e-01,-8.112988471984863281e-01,1.924613118171691895e-01,2.009144306182861328e+00,1.582068085670471191e+00,1.167775154113769531e+00,9.313004612922668457e-01,-2.108977317810058594e+00,-1.189648270606994629e+00,1.188450813293457031e+00,4.469024837017059326e-01,1.337399601936340332e+00,5.273800492286682129e-01,7.065761834383010864e-02,8.400765657424926758e-01,-9.827363491058349609e-01,7.135606408119201660e-01,-2.405769824981689453e-01,1.321198821067810059e+00,1.252171993255615234e+00,6.783545017242431641e-01,-7.563002705574035645e-01,1.150535821914672852e+00,-8.225398063659667969e-01,-6.536628603935241699e-01,-4.834676682949066162e-01,-4.152926504611968994e-01,-6.707483530044555664e-01,-3.092649579048156738e-01,3.916739523410797119e-01,1.434102892875671387e+00,2.603052258491516113e-01,-1.025108098983764648e+00,-8.535456657409667969e-01,-3.968252539634704590e-01,-2.715103149414062500e+00,3.743233382701873779e-01,-7.015237212181091309e-01,-2.179465815424919128e-02,-1.561434388160705566e+00,-7.322499155998229980e-01,1.568147420883178711e+00,2.818361520767211914e+00,4.604060947895050049e-01,8.732848167419433594e-01,-1.318188458681106567e-01,-3.973712325096130371e-01,-3.423937857151031494e-01,8.094498515129089355e-02,-3.352030515670776367e-01,9.726278185844421387e-01,-1.761900305747985840e+00,3.573622703552246094e-01,-1.301749229431152344e+00,-3.975892066955566406e-01
6.888538599014282227e-02,-3.697801232337951660e-01,-9.835340380668640137e-01,-4.758774638175964355e-01,9.825181365013122559e-01,-1.081921696662902832e+00,-9.297559857368469238e-01,-1.702337503433227539e+00,1.726963520050048828e+00,-8.720440864562988281e-01,-1.303584128618240356e-01,1.302019357681274414e+00,7.949390411376953125e-01,6.211366057395935059e-01,3.089939355850219727e-01,2.724277079105377197e-01,2.513817071914672852e+00,-1.436601877212524414e+00,-9.372539073228836060e-02,-8.360493928194046021e-02,-9.609240889549255371e-01,8.586112856864929199e-01,5.025973320007324219e-01,8.840469121932983398e-01,-1.104648351669311523e+00,-1.619036555290222168e+00,-3.604220449924468994e-01,-1.319678664207458496e+00,-3.058221042156219482e-01,-5.687766075134277344e-01,-5.399319529533386230e-01,-1.253724455833435059e+00,1.074036657810211182e-01,2.527065016329288483e-02,3.802421092987060547e-01,1.585373520851135254e+00,4.246838390827178955e-02,8.209777474403381348e-01,2.369158029556274414e+00,1.157912492752075195e+00,-3.113863468170166016e-01,-2.804591059684753418e-01,-4.463360905647277832e-01,2.001919507980346680e+00,-1.369645953178405762e+00,-1.966637670993804932e-01,1.372794151306152344e+00,-4.371411800384521484e-01,1.249467015266418457e+00,9.716223478317260742e-01,1.074364066123962402e+00,-1.033971667289733887e+00,2.474445343017578125e+00,5.119720697402954102e-01,-8.062757253646850586e-01,-9.191522598266601562e-01,1.282537698745727539e+00,-3.972352147102355957e-01,1.338208436965942383e+00,-7.284097671508789062e-01,1.289670467376708984e+00,-4.218085110187530518e-01,2.126992702484130859e+00,-5.845560431480407715e-01,-1.172043204307556152e+00,1.483006715774536133e+00,3.326149582862854004e-01,-8.332583308219909668e-01,-8.941503614187240601e-02,-6.000965833663940430e-01,-7.470573782920837402e-01,-5.915339589118957520e-01,2.326710224151611328e-01,9.232190996408462524e-02,-6.742384433746337891e-01,-7.740682959556579590e-01,1.640434980392456055e+00,6.990176439285278320e-01,5.031006932258605957e-01,-1.598031759262084961e+00,-2.836192548274993896e-01,-7.961229681968688965e-01,-6.350575089454650879e-01,4.749948680400848389e-01,4.047949016094207764e-01,1.561613976955413818e-01,-2.889328896999359131e-01,4.185553491115570068e-01,-2.436580419540405273e+00,6.066897511482238770e-01,-4.617730379104614258e-01,7.194199562072753906e-01,-8.336448073387145996e-01,-2.646847963333129883e+00,1.156937241554260254e+00,7.084615826606750488e-01,4.549381434917449951e-01,-9.690703153610229492e-01,1.805037379264831543e+00,8.978632092475891113e-01
-6.723493337631225586e-01,7.157913446426391602e-01,1.282663702964782715e+00,-5.856968760490417480e-01,-1.034169197082519531e+00,-5.311514735221862793e-01,-5.481855273246765137e-01,-3.084372356534004211e-02,1.080034859478473663e-02,-1.565308332443237305e+00,-1.074656128883361816e+00,7.691854834556579590e-01,-1.346617698669433594e+00,-4.710287749767303467e-01,1.801457524299621582e+00,1.144801616668701172e+00,3.874666690826416016e-01,5.749834775924682617e-01,1.706801891326904297e+00,-7.235224843025207520e-01,1.211729407310485840e+00,-1.980724185705184937e-01,-7.002810239791870117e-01,-7.939887046813964844e-01,-1.209198713302612305e+00,2.492470592260360718e-01,6.488094478845596313e-02,-5.630147457122802734e-01,-4.764414131641387939e-01,-8.040797710418701172e-01,-1.738600730895996094e+00,9.195541143417358398e-01,5.339246988296508789e-01,-6.333292275667190552e-02,-6.157200336456298828e-01,2.320452928543090820e+00,-5.474736690521240234e-01,-1.747119277715682983e-01,6.464079618453979492e-01,9.272033572196960449e-01,1.535856425762176514e-01,3.271733522415161133e-01,3.839399814605712891e-01,-1.395248651504516602e+00,5.613333582878112793e-01,8.779407739639282227e-01,-1.173007637262344360e-01,3.398377001285552979e-01,-4.309944808483123779e-01,-2.271723270416259766e+00,-1.265855669975280762e+00,-4.395025968551635742e-01,6.576894521713256836e-01,-4.570355713367462158e-01,-2.901818156242370605e-01,3.774946928024291992e-01,1.026861548423767090e+00,8.744041919708251953e-01,1.015198469161987305e+00,2.988518178462982178e-01,-2.805278301239013672e-01,3.153985142707824707e-01,1.803002715110778809e+00,3.326739370822906494e-01,2.479389309883117676e-01,3.553021550178527832e-01,9.675902724266052246e-01,1.566188097000122070e+00,-3.350846767425537109e+00,5.224664211273193359e-01,1.473271369934082031e+00,1.493656039237976074e+00,8.967251777648925781e-01,-2.085303544998168945e+00,1.458687543869018555e+00,-1.154331564903259277e+00,-9.490390419960021973e-01,7.822144776582717896e-02,1.463223457336425781e+00,-1.425214052200317383e+00,3.076148271560668945e+00,-5.198994278907775879e-01,8.668982982635498047e-01,-8.526623249053955078e-01,-7.403335720300674438e-02,1.004112064838409424e-01,1.070081256330013275e-02,4.910190105438232422e-01,-9.581046104431152344e-01,-8.598145842552185059e-01,-3.322517871856689453e-01,-8.591966629028320312e-01,8.768081665039062500e-01,7.507388293743133545e-02,-2.463245868682861328e+00,1.160623431205749512e+00,6.042448282241821289e-01,3.069359660148620605e-01,-1.146797180175781250e+00,4.173598289489746094e-01
-4.141068160533905029e-01,-5.319710969924926758e-01,-6.810846328735351562e-01,-6.160559654235839844e-01,-1.060736060142517090e+00,-1.900935173034667969e-01,-1.944699764251708984e+00,-4.764780998229980469e-01,1.173905208706855774e-01,-7.543249130249023438e-01,-1.682957530021667480e+00,-5.646759867668151855e-01,9.437090903520584106e-02,4.249892234802246094e-01,2.068277914077043533e-03,-8.855908364057540894e-02,6.401465535163879395e-01,-4.116142988204956055e-01,-1.280427694320678711e+00,5.914220213890075684e-01,-2.321030199527740479e-01,5.723852515220642090e-01,5.739953517913818359e-01,4.111847877502441406e-01,-1.046919345855712891e+00,8.843718767166137695e-01,-5.416178703308105469e-01,-8.496214747428894043e-01,-1.274250820279121399e-02,5.801429152488708496e-01,1.719649553298950195e+00,-3.913438618183135986e-01,9.924150109291076660e-01,5.358449220657348633e-01,-2.754262924194335938e+00,-2.491868257522583008e+00,-1.865515708923339844e-01,-3.781083226203918457e-01,-1.586239486932754517e-01,-1.100569963455200195e+00,-1.502667427062988281e+00,1.710261702537536621e+00,-9.434561729431152344e-01,1.030567526817321777e+00,-1.246313691139221191e+00,6.955030560493469238e-02,-2.550907135009765625e-01,-4.975903034210205078e-01,4.357657134532928467e-01,-5.537973642349243164e-01,8.354455828666687012e-01,7.278756499290466309e-01,-1.021023154258728027e+00,4.651103541254997253e-02,1.445130467414855957e+00,-2.376382797956466675e-01,7.302741408348083496e-01,9.624406099319458008e-01,-2.037891149520874023e+00,-4.395071044564247131e-02,-3.901740610599517822e-01,-3.097533881664276123e-01,3.905864059925079346e-01,1.396100997924804688e+00,-3.589507639408111572e-01,-6.998943686485290527e-01,8.394203782081604004e-01,4.058803617954254150e-01,1.190382599830627441e+00,7.552852630615234375e-01,-8.098870515823364258e-01,4.104110002517700195e-01,-7.984700798988342285e-01,-9.044342041015625000e-01,-5.107809305191040039e-01,3.899938464164733887e-01,-1.430343508720397949e+00,-6.145235896110534668e-01,-1.493954658508300781e+00,-2.342376470565795898e+00,-4.452596902847290039e-01,-6.599704027175903320e-01,-1.086708664894104004e+00,-8.469024300575256348e-01,1.559881120920181274e-01,-1.115869998931884766e+00,-9.870521426200866699e-01,6.239777803421020508e-01,1.462311744689941406e+00,7.445884346961975098e-01,-1.275071024894714355e+00,8.660024031996726990e-04,-2.688674330711364746e-01,-2.644364535808563232e-01,3.573443889617919922e-01,-5.449331402778625488e-01,1.475646644830703735e-01,8.355225920677185059e-01,2.088974714279174805e-01,3.523674905300140381e-01
-2.834696173667907715e-01,8.009868264198303223e-01,-7.125856280326843262e-01,-1.801175355911254883e+00,8.198166489601135254e-01,6.880278885364532471e-02,8.289888501167297363e-01,-1.087124109268188477e+00,-1.677657127380371094e+00,4.505710303783416748e-01,-8.122787475585937500e-01,2.840692996978759766e-01,-1.102006509900093079e-01,6.068218946456909180e-01,4.714876711368560791e-01,-7.018562555313110352e-01,-2.804059386253356934e-01,1.010449171066284180e+00,-7.277963161468505859e-01,7.562656402587890625e-01,6.392567604780197144e-02,-5.432462692260742188e-01,-8.839021325111389160e-01,-1.180884361267089844e+00,-5.129054933786392212e-02,-5.024660825729370117e-01,-1.196247696876525879e+00,-2.377610355615615845e-01,-1.868951678276062012e+00,-1.550341248512268066e+00,6.500150561332702637e-01,8.665077686309814453e-01,-4.591028690338134766e-01,5.686413645744323730e-01,-1.416398584842681885e-01,-2.204550266265869141e+00,6.389710307121276855e-01,5.002331137657165527e-01,2.342777326703071594e-02,-5.426381900906562805e-02,-2.516434192657470703e+00,-8.838369846343994141e-01,6.504049897193908691e-01,-1.251832127571105957e+00,-2.580140829086303711e-01,7.889388501644134521e-02,5.958020091056823730e-01,-1.338160157203674316e+00,-6.257762759923934937e-02,-7.885691523551940918e-01,-6.962711811065673828e-01,-3.893047571182250977e-01,-3.004929749295115471e-03,-1.579310446977615356e-01,-5.107440054416656494e-02,-1.597784996032714844e+00,1.100582003593444824e+00,-1.827305316925048828e+00,-7.506100833415985107e-02,1.245008707046508789e+00,-4.852623641490936279e-01,7.760428786277770996e-01,1.811063766479492188e+00,-7.647684216499328613e-01,-1.204702705144882202e-01,2.036486417055130005e-01,2.232091426849365234e-01,1.063396692276000977e+00,-6.997122764587402344e-01,2.306946516036987305e-01,6.372107863426208496e-01,-1.259980797767639160e+00,1.232772231101989746e+00,-2.963241338729858398e-01,6.297192722558975220e-02,-1.023327589035034180e+00,-8.386284708976745605e-01,-1.166447475552558899e-01,-1.112476825714111328e+00,1.044508442282676697e-01,9.007840156555175781e-01,1.261120676994323730e+00,7.144153863191604614e-02,1.591003060340881348e+00,-1.277443468570709229e-01,-1.494421362876892090e+00,3.186140358448028564e-01,1.091702699661254883e+00,7.407685518264770508e-01,-3.146494626998901367e-01,-4.157324135303497314e-01,8.301048278808593750e-01,7.754105925559997559e-01,-7.092571258544921875e-01,2.821760654449462891e+00,-8.179055154323577881e-02,-6.529178470373153687e-02,2.445572137832641602e+00,-2.698591351509094238e-01,5.248928070068359375e-01
1.312068939208984375e+00,1.745789051055908203e+00,1.149245023727416992e+00,-5.811483263969421387e-01,9.235496520996093750e-01,-2.061989009380340576e-01,1.039953351020812988e+00,6.968416571617126465e-01,1.001376032829284668e+00,1.467527031898498535e+00,1.167467236518859863e+00,4.533624351024627686e-01,-4.662624299526214600e-01,9.315054416656494141e-01,6.014869809150695801e-01,1.164136603474617004e-01,-5.420498847961425781e-01,-4.545588195323944092e-01,-3.583336472511291504e-01,2.036005496978759766e+00,-9.295558184385299683e-02,-5.436157584190368652e-01,1.292238235473632812e+00,1.420905947685241699e+00,-3.685419559478759766e-01,3.134657740592956543e-01,1.739586144685745239e-01,-2.226979494094848633e+00,-5.637602806091308594e-01,4.236733019351959229e-01,-8.768747746944427490e-02,-1.300438046455383301e+00,1.116193175315856934e+00,-4.991439580917358398e-01,7.319226861000061035e-01,-1.480221748352050781e+00,9.105217456817626953e-01,9.332021325826644897e-02,-2.137216329574584961e+00,8.199017643928527832e-01,9.442250132560729980e-01,-6.061273217201232910e-01,-5.242245197296142578e-01,-4.117644429206848145e-01,-8.559114336967468262e-01,-7.532811164855957031e-01,-1.287350296974182129e+00,-1.741350769996643066e+00,-7.058432698249816895e-01,8.123576641082763672e-02,6.292102932929992676e-01,2.081372022628784180e+00,-1.625147461891174316e+00,4.166386723518371582e-01,-5.990619957447052002e-02,7.143429666757583618e-02,1.443586468696594238e+00,-2.526203155517578125e+00,-1.067615628242492676e+00,-8.306772708892822266e-01,-2.424159348011016846e-01,-4.063564240932464600e-01,-6.346450448036193848e-01,3.403291106224060059e-02,9.084086418151855469e-01,-1.769634246826171875e+00,5.846531391143798828e-01,2.026201188564300537e-01,-1.521853089332580566e+00,7.654149532318115234e-01,-1.015782356262207031e-01,-1.088000059127807617e+00,-4.932533502578735352e-01,-1.042201757431030273e+00,8.857678771018981934e-01,-1.030854582786560059e+00,1.321011185646057129e+00,-1.136895060539245605e+00,-3.537297248840332031e-01,2.035472869873046875e+00,-1.332423686981201172e-01,1.265217661857604980e+00,8.415349721908569336e-01,1.693478971719741821e-01,1.368797063827514648e+00,-4.859682321548461914e-01,1.499513149261474609e+00,4.520856738090515137e-01,1.938351511955261230e+00,4.715264141559600830e-01,1.234129309654235840e+00,4.415096044540405273e-01,5.071972012519836426e-01,-4.837048649787902832e-01,-1.793440878391265869e-01,-7.488124370574951172e-01,1.014949440956115723e+00,6.688386201858520508e-01,-1.758617162704467773e+00,1.628189086914062500e+00
-2.869355678558349609e-01,-5.321869254112243652e-01,-6.548370718955993652e-01,-1.355612128973007202e-01,-2.013214826583862305e+00,-9.846181273460388184e-01,-5.898205041885375977e-01,-2.697232723236083984e+00,2.815705776214599609e+00,3.908304274082183838e-01,-5.084398388862609863e-01,-3.054522871971130371e-01,7.344395518302917480e-01,7.706048488616943359e-01,-5.418579578399658203e-01,2.370724081993103027e-01,-1.037396192550659180e+00,-2.280012369155883789e+00,6.081392168998718262e-01,-2.132862806320190430e+00,7.313140630722045898e-01,-4.470233619213104248e-01,-1.102680563926696777e+00,6.545287370681762695e-01,-4.755693972110748291e-01,-6.210238933563232422e-01,2.388566255569458008e+00,1.072922110557556152e+00,-1.998824954032897949e+00,-7.191481441259384155e-02,5.262277126312255859e-01,-3.162202835083007812e-01,-5.930858254432678223e-01,5.424693226814270020e-01,-1.044517040252685547e+00,4.823178052902221680e-01,-1.591533422470092773e-01,1.211873650550842285e+00,2.042625188827514648e+00,1.754171133041381836e+00,2.126089096069335938e+00,1.239790320396423340e+00,-1.593546390533447266e+00,-3.844888210296630859e-01,-1.047321438789367676e+00,6.736043095588684082e-01,-4.880351722240447998e-01,-3.669922649860382080e-01,-2.108228445053100586e+00,-3.413502573966979980e-01,4.263221323490142822e-01,1.526005387306213379e+00,3.977805972099304199e-01,1.196928501129150391e+00,7.127091884613037109e-01,-6.055200695991516113e-01,-1.506871581077575684e-01,-1.986600756645202637e+00,-2.117919683456420898e+00,-1.250154972076416016e+00,5.371852517127990723e-01,-1.131584644317626953e+00,-3.396179378032684326e-01,-4.172388911247253418e-01,1.075393319129943848e+00,2.969067171216011047e-02,1.668094545602798462e-01,1.048984527587890625e+00,-6.045956164598464966e-02,-1.018920302391052246e+00,-1.341754198074340820e+00,-1.498053431510925293e+00,9.531195163726806641e-01,-1.188663482666015625e+00,4.461746215820312500e-01,5.101027712225914001e-02,6.671519875526428223e-01,9.594441652297973633e-01,4.906070232391357422e-01,6.662409007549285889e-02,5.018188357353210449e-01,4.489040374755859375e-02,1.467067450284957886e-01,-1.495329022407531738e+00,3.039384186267852783e-01,-1.170209646224975586e+00,1.441328525543212891e+00,-2.002601385116577148e+00,-1.736614257097244263e-01,-1.994043141603469849e-01,-4.878398180007934570e-01,-1.926522850990295410e+00,1.306537985801696777e+00,7.077536582946777344e-01,1.140420436859130859e+00,7.127038240432739258e-01,-5.777375102043151855e-01,-7.811637520790100098e-01,4.207861423492431641e-01,-8.363262414932250977e-01
-6.989999413490295410e-01,-1.714678853750228882e-02,-9.346560835838317871e-01,-4.117098748683929443e-01,-9.627844095230102539e-01,2.407601356506347656e+00,3.596418797969818115e-01,-1.416411399841308594e+00,-2.414519071578979492e+00,1.630517244338989258e+00,-1.405152380466461182e-01,-8.109533190727233887e-01,-4.409547448158264160e-01,5.580713748931884766e-01,6.617381572723388672e-01,-1.452124118804931641e+00,1.451607197523117065e-01,9.080242514610290527e-01,-2.201420664787292480e-01,-1.423874139785766602e+00,1.383184045553207397e-01,2.834458351135253906e-01,1.479351371526718140e-01,1.890644311904907227e+00,-8.607749938964843750e-01,1.917092561721801758e+00,1.004493236541748047e+00,1.730433106422424316e-01,-1.775117635726928711e+00,2.583160877227783203e+00,5.228992700576782227e-01,1.821816325187683105e+00,-6.749920845031738281e-01,-3.714991807937622070e-01,-1.254411458969116211e+00,-1.787346750497817993e-01,-2.108027040958404541e-01,-8.013176918029785156e-01,8.112553358078002930e-01,3.931876718997955322e-01,1.277665376663208008e+00,8.099097609519958496e-01,-1.004203081130981445e+00,-1.807633638381958008e+00,3.363491222262382507e-02,2.127433776855468750e+00,3.716196417808532715e-01,2.186466455459594727e-01,-1.335707187652587891e+00,-1.128574490547180176e+00,-7.100672721862792969e-01,1.683827638626098633e+00,-3.276039958000183105e-01,6.610134840011596680e-01,-4.458296895027160645e-01,-7.534413337707519531e-01,1.228644371032714844e+00,6.971518397331237793e-01,1.681537628173828125e-01,7.694923281669616699e-01,1.443847060203552246e+00,-1.115549564361572266e+00,9.101574420928955078e-01,-8.986214399337768555e-01,2.448762506246566772e-01,1.133379817008972168e+00,2.934013903141021729e-01,1.356955766677856445e+00,-1.611932158470153809e+00,5.249816179275512695e-01,-4.966200590133666992e-01,-2.478819191455841064e-01,-3.996195793151855469e-01,-1.671331167221069336e+00,6.517151594161987305e-01,8.340965956449508667e-02,-1.968962401151657104e-01,-1.926007628440856934e+00,8.531032204627990723e-01,1.036074638366699219e+00,4.998397529125213623e-01,-1.071541428565979004e+00,7.423606514930725098e-01,1.443271636962890625e+00,2.860713601112365723e-01,-1.720500230789184570e+00,8.960703015327453613e-01,6.622956395149230957e-01,1.160112857818603516e+00,-1.253403782844543457e+00,-1.297629475593566895e+00,4.689908623695373535e-01,-1.019545555114746094e+00,-8.426955938339233398e-01,-1.626117110252380371e+00,-2.435078918933868408e-01,9.767819643020629883e-01,5.273193120956420898e-01,1.069797873497009277e+00,-5.223277211189270020e-01
-6.631965637207031250e-01,-1.526133656501770020e+00,-1.151370644569396973e+00,9.899399280548095703e-01,7.183033227920532227e-01,4.905128479003906250e-01,1.053373456001281738e+00,1.785570859909057617e+00,-2.182638831436634064e-02,6.408209800720214844e-01,2.203135728836059570e+00,5.940082669258117676e-01,7.847455143928527832e-01,-1.024345397949218750e+00,-3.104963302612304688e-01,-8.784748911857604980e-01,2.046862125396728516e+00,-8.449239283800125122e-02,-1.591124415397644043e+00,-4.303600788116455078e-01,-3.567745089530944824e-01,2.420766353607177734e+00,4.474863037467002869e-02,-9.012646973133087158e-03,9.447338581085205078e-01,8.097918629646301270e-01,2.222623825073242188e-01,4.031687080860137939e-01,-1.590366363525390625e-01,8.979069590568542480e-01,-7.880808413028717041e-02,1.233399510383605957e-01,-1.153336048126220703e+00,1.425086855888366699e+00,-2.671690940856933594e+00,-6.629914045333862305e-01,1.161400794982910156e+00,1.075004041194915771e-01,-7.539629936218261719e-01,-7.901889681816101074e-01,-6.679915785789489746e-01,1.213042065501213074e-02,-1.610170483589172363e+00,-6.668943166732788086e-01,-5.092206597328186035e-01,-1.251791596412658691e+00,8.138985186815261841e-02,7.231733202934265137e-01,9.022676348686218262e-01,2.309150218963623047e+00,-1.607879400253295898e+00,5.269731879234313965e-01,-1.150175184011459351e-01,5.630041956901550293e-01,-7.331926822662353516e-01,-2.090682387351989746e-01,1.119302749633789062e+00,1.729200482368469238e+00,-1.040370464324951172e+00,2.131533920764923096e-01,-5.032224208116531372e-02,-2.999998629093170166e-01,4.028506278991699219e-01,2.795429527759552002e-01,-2.845628559589385986e-01,-1.202646613121032715e+00,-1.335185766220092773e+00,-6.511946320533752441e-01,9.071791768074035645e-01,-5.897090435028076172e-01,1.705451965332031250e+00,-1.215446233749389648e+00,-7.623445391654968262e-01,4.657701253890991211e-01,-1.130374431610107422e+00,9.812244772911071777e-01,-4.875701665878295898e-01,1.985551714897155762e-01,1.152689695358276367e+00,-6.669467091560363770e-01,-1.966827511787414551e+00,3.167994618415832520e-01,-1.061639070510864258e+00,4.548478126525878906e-01,-1.054764151573181152e+00,-9.277796745300292969e-01,-5.620827674865722656e-01,-1.313318371772766113e+00,-2.112505435943603516e+00,-6.447406411170959473e-01,-2.101357698440551758e+00,-1.031234979629516602e+00,3.713991641998291016e-01,-8.511552214622497559e-01,6.140583753585815430e-01,3.488854318857192993e-02,6.212974190711975098e-01,-2.236141920089721680e+00,6.171994805335998535e-01,2.098990201950073242e+00
5.011972784996032715e-01,-2.061992168426513672e+00,2.322661638259887695e+00,2.593457102775573730e-01,3.847544193267822266e-01,-3.637281060218811035e-01,4.423252046108245850e-01,7.269937992095947266e-01,9.457439184188842773e-01,-4.206717014312744141e-01,7.811741232872009277e-01,1.525327563285827637e+00,-1.518224775791168213e-01,-1.288706183433532715e+00,1.139708608388900757e-01,2.171873003244400024e-01,1.762912273406982422e+00,-9.941985607147216797e-01,-4.232699573040008545e-01,-7.410914301872253418e-01,1.147012114524841309e-01,-3.811963796615600586e-01,-9.726394712924957275e-02,2.757421135902404785e-01,2.977380454540252686e-01,-1.532708287239074707e+00,-9.617500305175781250e-01,-8.006075620651245117e-01,-3.017001152038574219e-01,4.242812991142272949e-01,1.415445655584335327e-01,-9.618916511535644531e-01,-9.897522926330566406e-01,-4.260591566562652588e-01,-9.028645157814025879e-01,-4.608785808086395264e-01,-8.088522553443908691e-01,1.852612197399139404e-01,5.843379497528076172e-01,7.944104820489883423e-02,5.198320746421813965e-01,-6.270964443683624268e-02,-2.893113791942596436e-01,-5.348554253578186035e-01,-9.925992786884307861e-02,8.551721572875976562e-01,1.643352985382080078e+00,-7.200141549110412598e-01,-1.282849162817001343e-01,9.547564387321472168e-01,-1.568473458290100098e+00,8.281025290489196777e-01,4.283041656017303467e-01,5.390620231628417969e-01,-5.398475527763366699e-01,-1.939294636249542236e-01,6.595634669065475464e-02,1.388141870498657227e+00,9.598140716552734375e-01,5.650537014007568359e-01,-6.612909436225891113e-01,-4.136563837528228760e-01,5.731397867202758789e-01,-1.330523610115051270e+00,-3.422123789787292480e-01,-7.077294588088989258e-02,-4.422270655632019043e-01,-9.116163253784179688e-01,-3.196089565753936768e-01,-9.949083924293518066e-01,-1.768526911735534668e+00,1.366652250289916992e+00,3.965510725975036621e-01,1.076949238777160645e+00,-1.193872168660163879e-01,2.602577507495880127e-01,6.431789398193359375e-01,-2.312372624874114990e-01,2.095095813274383545e-01,9.310501813888549805e-02,-1.933962106704711914e+00,6.020244359970092773e-01,-6.748514175415039062e-01,2.363402843475341797e-01,-5.327016711235046387e-01,-7.593470811843872070e-01,-2.152794122695922852e+00,-8.982782065868377686e-02,3.414341434836387634e-02,-8.022323846817016602e-01,1.601769924163818359e+00,6.254100203514099121e-01,-1.258879154920578003e-01,3.427174687385559082e-01,8.429231047630310059e-01,-4.856853485107421875e-01,7.623203992843627930e-01,-1.226953029632568359e+00,2.271396636962890625e+00,-7.327070236206054688e-01
-9.709502458572387695e-01,-3.464055359363555908e-01,-1.015002965927124023e+00,-9.233338832855224609e-01,-7.497302889823913574e-01,1.852621436119079590e+00,-8.014813065528869629e-01,1.177430152893066406e+00,-5.211155489087104797e-02,3.364372253417968750e-01,6.022641062736511230e-01,-1.318495273590087891e+00,1.021793782711029053e-01,1.959317326545715332e+00,2.551195956766605377e-02,5.737060904502868652e-01,-3.468531966209411621e-01,3.441119492053985596e-01,-4.203436896204948425e-02,-4.805634021759033203e-01,-9.059391170740127563e-02,-3.993911743164062500e-01,1.911808609962463379e+00,1.881914287805557251e-01,1.213187277317047119e-01,-7.745940983295440674e-02,-1.227022409439086914e+00,-7.893840074539184570e-01,9.088321924209594727e-01,-1.149187922477722168e+00,-2.622155249118804932e-01,-7.580646276473999023e-01,-2.919513881206512451e-01,6.277009099721908569e-02,1.108148813247680664e+00,-8.623599261045455933e-02,-2.894791066646575928e-01,-7.492879033088684082e-01,-1.578654646873474121e-01,-1.561235666275024414e+00,4.847707748413085938e-01,1.561179518699645996e+00,-8.105311989784240723e-01,-4.288519620895385742e-01,-1.114212512969970703e+00,-4.230234324932098389e-01,-3.862875103950500488e-01,9.858967065811157227e-01,2.044252604246139526e-01,-1.153288856148719788e-01,1.379403352737426758e+00,7.926519960165023804e-02,9.392961114645004272e-02,3.458357453346252441e-01,-2.691915258765220642e-02,1.080550551414489746e+00,-1.675646901130676270e-01,5.134603977203369141e-01,-9.120103120803833008e-01,-9.305163025856018066e-01,1.433090567588806152e-01,1.599655747413635254e+00,-3.202749788761138916e-01,4.021416008472442627e-01,3.641271293163299561e-01,3.190947175025939941e-01,2.966484129428863525e-01,-8.246985077857971191e-01,-2.897817194461822510e-01,-5.609648227691650391e-01,1.618232250213623047e+00,1.264423847198486328e+00,1.482537090778350830e-01,2.574183419346809387e-02,2.796492338180541992e+00,1.701077461242675781e+00,1.320238709449768066e+00,4.306838214397430420e-01,-9.091882705688476562e-01,-1.268053889274597168e+00,-1.218289256095886230e+00,1.499318957328796387e+00,6.269679665565490723e-01,-1.597089290618896484e+00,-9.057313203811645508e-01,-6.814212203025817871e-01,-2.242991447448730469e+00,-3.127683997154235840e-01,1.626837402582168579e-01,-3.283341228961944580e-02,9.785466194152832031e-01,-5.318249389529228210e-02,-8.367357254028320312e-01,-7.621744275093078613e-01,-3.767343461513519287e-01,5.557347536087036133e-01,1.054897904396057129e+00,-4.247253388166427612e-02,-1.235274076461791992e+00,-1.621682345867156982e-01
-7.151567935943603516e-02,-1.332048535346984863e+00,-7.983215451240539551e-01,-8.131282329559326172e-01,7.515731453895568848e-01,1.558219939470291138e-01,-4.402901232242584229e-01,8.707627058029174805e-01,2.223430871963500977e-01,-1.768620848655700684e+00,4.521720409393310547e-01,3.411411643028259277e-01,-5.444121956825256348e-01,-3.421046435832977295e-01,1.093920230865478516e+00,-8.825661987066268921e-02,-8.702437281608581543e-01,1.586316585540771484e+00,-3.054763972759246826e-01,-1.433811306953430176e+00,1.378946900367736816e-01,3.516531288623809814e-01,1.307498693466186523e+00,1.026164889335632324e+00,-7.969692945480346680e-01,6.461661309003829956e-02,-7.954656481742858887e-01,-1.126933455467224121e+00,-1.442884951829910278e-01,-9.089592099189758301e-01,3.369680605828762054e-03,-1.441060781478881836e+00,9.885140657424926758e-01,3.714448809623718262e-01,1.004230141639709473e+00,5.823528766632080078e-01,-1.497865438461303711e+00,-9.370971322059631348e-01,1.592269659042358398e+00,1.092406988143920898e+00,1.046752452850341797e+00,4.451819360256195068e-01,3.243470788002014160e-01,-5.445526838302612305e-01,1.087900757789611816e+00,-1.195024490356445312e+00,1.204262822866439819e-01,-4.576668143272399902e-01,8.661859035491943359e-01,6.249547004699707031e-01,-1.620879769325256348e+00,4.140076786279678345e-02,-2.585407793521881104e-01,1.183026283979415894e-01,2.598845064640045166e-01,7.504850625991821289e-02,-5.585371255874633789e-01,9.620339870452880859e-01,-1.559288501739501953e+00,-3.639748692512512207e-02,2.312955260276794434e-01,1.369036078453063965e+00,-2.111166477203369141e+00,1.049762606620788574e+00,5.469460487365722656e-01,3.731176853179931641e-01,6.315713524818420410e-01,8.091353178024291992e-01,-8.418422341346740723e-01,-1.536700963973999023e+00,9.343218803405761719e-01,1.382154226303100586e+00,-8.844968080520629883e-01,7.117926478385925293e-01,6.666865944862365723e-01,-1.739315390586853027e+00,4.961546659469604492e-01,5.724927783012390137e-01,1.905491352081298828e-01,-1.303666710853576660e+00,5.708130598068237305e-01,-7.550796866416931152e-01,2.948256134986877441e-01,-3.724647462368011475e-01,2.155194520950317383e+00,-2.712350487709045410e-01,8.487249016761779785e-01,-1.021665215492248535e+00,-1.373970985412597656e+00,-3.544915318489074707e-01,-8.053353428840637207e-01,-1.188279747962951660e+00,-1.329648494720458984e+00,1.427277207374572754e+00,-7.694069147109985352e-01,-1.395644783973693848e+00,2.142559528350830078e+00,1.543220520019531250e+00,7.832992821931838989e-02,1.234645009040832520e+00
-1.513159155845642090e+00,-9.790763258934020996e-01,5.173718929290771484e-01,5.409793257713317871e-01,1.248906403779983521e-01,-1.741582155227661133e+00,-1.495282649993896484e-01,8.880204558372497559e-01,3.000981509685516357e-01,1.535967350006103516e+00,-1.024478673934936523e+00,-9.989732503890991211e-01,-1.505711197853088379e+00,-1.400142192840576172e+00,2.167648673057556152e-01,-7.288576960563659668e-01,5.133170485496520996e-01,-1.253301650285720825e-01,-5.406066775321960449e-01,1.858006000518798828e+00,-1.180325150489807129e+00,-2.830145835876464844e+00,-1.753427386283874512e+00,-7.179913669824600220e-02,9.979815483093261719e-01,-1.798478364944458008e+00,-1.440752595663070679e-01,-6.489874720573425293e-01,9.651067852973937988e-01,5.053273439407348633e-01,-2.261278033256530762e-02,1.693561792373657227e+00,1.385201096534729004e+00,-6.938868165016174316e-01,4.346297979354858398e-01,-8.274896144866943359e-01,1.665295243263244629e+00,4.645961821079254150e-01,9.234172701835632324e-01,1.471382856369018555e+00,1.120250463485717773e+00,4.244931936264038086e-01,-5.719532445073127747e-02,1.059868335723876953e+00,-9.895367026329040527e-01,-1.301687717437744141e+00,4.069560766220092773e-02,-1.217739582061767578e-01,3.275176882743835449e-01,5.805583596229553223e-01,-2.622081041336059570e+00,-2.554095908999443054e-02,4.729358851909637451e-01,-4.276389479637145996e-01,-8.215095996856689453e-01,-4.851637184619903564e-01,1.269623279571533203e+00,8.933698534965515137e-01,-1.615691781044006348e+00,4.680499807000160217e-02,8.382610678672790527e-01,-9.779506921768188477e-01,-4.774884879589080811e-01,-1.294967234134674072e-01,7.501795291900634766e-01,-1.380825757980346680e+00,7.407634258270263672e-01,1.264403581619262695e+00,1.082710623741149902e+00,-8.194112777709960938e-01,1.293636858463287354e-01,-2.879488229751586914e+00,5.931301712989807129e-01,-3.577125668525695801e-01,1.325632095336914062e+00,1.446409344673156738e+00,-1.315728127956390381e-01,-2.058814838528633118e-02,-1.347716569900512695e+00,5.599939823150634766e-01,1.429493546485900879e+00,-4.157042503356933594e-01,-5.826257467269897461e-01,1.623362064361572266e+00,-1.310469865798950195e+00,-1.136341571807861328e+00,1.282380104064941406e+00,6.382916569709777832e-01,-2.781300246715545654e-01,8.292157649993896484e-01,6.178050488233566284e-02,-3.499883413314819336e-01,-1.528154253959655762e+00,-1.478652596473693848e+00,-1.743751764297485352e-02,3.361424207687377930e-01,7.543550133705139160e-01,2.129900008440017700e-01,-4.605870544910430908e-01,2.444368414580821991e-02
1.232549071311950684e+00,8.632398843765258789e-01,-8.685183525085449219e-01,1.106903702020645142e-01,1.606533527374267578e-01,8.009507656097412109e-01,1.913039684295654297e-01,6.377257406711578369e-02,-1.250394105911254883e+00,1.855496168136596680e-01,-1.141615509986877441e+00,-1.354707121849060059e+00,3.464947938919067383e-01,-1.060797691345214844e+00,1.647459030151367188e+00,-3.877077102661132812e-01,-2.091145366430282593e-01,-1.261838555335998535e+00,7.955221533775329590e-01,-2.515743494033813477e+00,-1.585636854171752930e+00,-6.550099849700927734e-01,-1.357463300228118896e-01,8.245890140533447266e-01,8.773426413536071777e-01,4.129551723599433899e-02,5.751617550849914551e-01,-1.521202802658081055e+00,-1.198359847068786621e+00,1.377435564994812012e+00,-4.430414736270904541e-01,-2.119456768035888672e+00,6.836442351341247559e-01,1.186478137969970703e+00,-1.412365555763244629e+00,4.073809087276458740e-01,8.757116645574569702e-02,3.344410657882690430e-02,-4.641971290111541748e-01,-1.014127850532531738e+00,3.868618607521057129e-01,5.614884495735168457e-01,1.757532000541687012e+00,7.569491118192672729e-02,-6.432668566703796387e-01,1.639670133590698242e+00,-2.140558004379272461e+00,8.280639648437500000e-01,-1.017902851104736328e+00,1.123579263687133789e+00,-5.986269712448120117e-01,-5.204856395721435547e-01,-1.811709523200988770e+00,1.430253744125366211e+00,-7.685400247573852539e-01,-5.964776873588562012e-01,-1.902914047241210938e-01,1.079751610755920410e+00,-1.230013489723205566e+00,1.314454674720764160e+00,-9.521687626838684082e-01,1.525659799575805664e+00,-5.121920704841613770e-01,6.229530572891235352e-01,-3.921524435281753540e-02,6.988846659660339355e-01,-1.382167935371398926e+00,6.208236217498779297e-01,-8.328707218170166016e-01,-1.442058682441711426e-01,3.948673605918884277e-01,5.112606883049011230e-01,4.543461278080940247e-02,-4.574064910411834717e-01,-1.219737291336059570e+00,8.497837781906127930e-01,6.317832469940185547e-01,6.891553848981857300e-02,2.169920206069946289e+00,1.473708868026733398e+00,3.043428659439086914e-01,-8.960291147232055664e-01,-1.116983652114868164e+00,-1.672585725784301758e+00,-7.195022702217102051e-01,-3.903704881668090820e-01,3.823696672916412354e-01,-5.443853139877319336e-02,1.572837829589843750e-01,-1.792450696229934692e-01,2.499655783176422119e-01,-3.020012080669403076e-01,3.457088470458984375e-01,-2.968515396118164062e+00,-1.343703269958496094e+00,-5.303519368171691895e-01,6.923493742942810059e-01,-2.682831585407257080e-01,1.309673905372619629e+00,-1.068707942962646484e+00
-6.442044973373413086e-01,-2.225964307785034180e+00,5.141489505767822266e-01,2.304822683334350586e+00,6.220506429672241211e-01,-5.793193578720092773e-01,-1.356686234474182129e+00,2.056362867355346680e+00,7.219537496566772461e-01,9.607405662536621094e-01,1.366548657417297363e+00,-2.986264526844024658e-01,-8.261535167694091797e-01,1.307437941431999207e-02,-8.568648099899291992e-01,-1.020632982254028320e+00,-1.374463796615600586e+00,8.382332324981689453e-02,-2.476997822523117065e-01,1.053806185722351074e+00,-1.460062265396118164e+00,4.833992421627044678e-01,-2.394547313451766968e-01,2.610763013362884521e-01,-6.836119890213012695e-01,4.772977828979492188e-01,-9.492062926292419434e-01,-3.756642639636993408e-01,1.929602473974227905e-01,5.195808410644531250e-01,-1.312997817993164062e+00,2.201385349035263062e-01,-5.847704410552978516e-01,4.739437103271484375e-01,-1.129751682281494141e+00,1.148112893104553223e+00,-3.323416709899902344e-01,2.641764163970947266e+00,-2.081226110458374023e+00,1.483162522315979004e+00,-3.868846297264099121e-01,1.798770904541015625e+00,-9.515264034271240234e-01,-1.583530545234680176e+00,-6.579403877258300781e-01,4.768661260604858398e-01,-1.510016471147537231e-01,5.502462983131408691e-01,7.299245595932006836e-01,9.639245867729187012e-01,-3.052820205688476562e+00,1.780305027961730957e+00,4.946583136916160583e-02,4.177024960517883301e-01,-7.261967658996582031e-01,2.184869050979614258e-01,-1.136300563812255859e+00,-3.513474762439727783e-01,-8.977424353361129761e-03,-4.778179824352264404e-01,4.025350511074066162e-01,-2.798183858394622803e-01,-1.006845712661743164e+00,-6.761324405670166016e-02,-8.379539847373962402e-01,-7.327027320861816406e-01,5.335832834243774414e-01,-4.288171827793121338e-01,-1.446684598922729492e+00,6.567814946174621582e-01,-4.565083086490631104e-01,-3.149124085903167725e-01,-7.566551566123962402e-01,-2.596740238368511200e-02,-1.041180849075317383e+00,1.050150156021118164e+00,-7.443793416023254395e-01,3.416405022144317627e-01,1.361654281616210938e+00,-4.836599826812744141e-01,-1.272005796432495117e+00,1.343050599098205566e+00,-2.561188638210296631e-01,-4.846819639205932617e-01,5.758349299430847168e-01,-2.829370498657226562e-01,-1.096461653709411621e+00,1.096643209457397461e+00,-1.045681387186050415e-01,9.473809003829956055e-01,-1.378800392150878906e+00,1.942297339439392090e+00,-1.289492964744567871e+00,-2.114096283912658691e-02,-4.079223573207855225e-01,1.948316216468811035e+00,-1.350383162498474121e+00,1.892569214105606079e-01,1.046401143074035645e+00,7.086480259895324707e-01
-4.499872624874114990e-01,1.470362424850463867e+00,9.056442975997924805e-01,8.966021984815597534e-02,5.195966958999633789e-01,2.176540613174438477e+00,8.525303602218627930e-01,-8.936587572097778320e-01,1.174341678619384766e+00,-9.779919981956481934e-01,-6.490867733955383301e-01,9.352950453758239746e-01,-4.402804374694824219e-02,2.534684538841247559e-02,1.049404382705688477e+00,4.050896167755126953e-01,2.843356430530548096e-01,-3.066477179527282715e-01,-1.610721826553344727e+00,1.391693592071533203e+00,-1.913196593523025513e-01,-1.988254189491271973e-01,3.045910596847534180e-01,-5.229575634002685547e-01,-6.561806797981262207e-01,1.206910490989685059e+00,-7.269778251647949219e-01,-5.707764029502868652e-01,-4.486076906323432922e-02,-2.873132228851318359e-01,-3.282602429389953613e-01,9.490578621625900269e-02,-6.449139118194580078e-01,8.748792111873626709e-02,1.975630640983581543e+00,-2.365274280309677124e-01,1.521638687700033188e-02,1.713602095842361450e-01,5.968481302261352539e-01,-4.174297749996185303e-01,2.198367834091186523e+00,2.893489003181457520e-01,-4.827780127525329590e-01,-2.009802013635635376e-01,-5.524654984474182129e-01,2.565602064132690430e-01,-1.965156793594360352e+00,-1.550108909606933594e+00,-1.516075015068054199e+00,-6.227954030036926270e-01,7.399266362190246582e-01,-1.478937983512878418e+00,-5.526910535991191864e-03,4.930683374404907227e-01,6.643478274345397949e-01,1.505407691001892090e+00,5.576849579811096191e-01,6.791997551918029785e-01,-1.683160066604614258e-01,6.126098036766052246e-01,7.965945601463317871e-01,1.233353018760681152e+00,1.843855500221252441e+00,4.198079705238342285e-01,6.708227097988128662e-02,-3.930017948150634766e-01,7.141708731651306152e-01,5.094558000564575195e-01,5.385924577713012695e-01,6.595378518104553223e-01,7.819108366966247559e-01,2.886914312839508057e-01,2.368225812911987305e+00,4.302557408809661865e-01,-2.473833084106445312e+00,5.420759320259094238e-01,-6.089658737182617188e-01,5.939767956733703613e-01,1.298388123512268066e+00,-5.968074202537536621e-01,1.721542000770568848e+00,1.041604042053222656e+00,-2.541882991790771484e-01,-6.077821254730224609e-01,1.403542160987854004e+00,1.742872744798660278e-01,-4.747509658336639404e-01,-1.503993272781372070e+00,1.342432379722595215e+00,8.784816265106201172e-01,7.942320704460144043e-01,-9.575995206832885742e-01,1.707428693771362305e-01,-1.135675534605979919e-01,-7.089653611183166504e-01,-4.566453397274017334e-02,1.191463112831115723e+00,-1.552570611238479614e-01,1.093909621238708496e+00,-2.299456894397735596e-01
-8.763414025306701660e-01,4.002856910228729248e-01,5.816458463668823242e-01,5.240355134010314941e-01,-1.459957122802734375e+00,-4.283873438835144043e-01,2.834911346435546875e-01,-7.353083491325378418e-01,-6.376569271087646484e-01,-4.544448554515838623e-01,1.211231589317321777e+00,-8.479484170675277710e-02,-2.015283890068531036e-02,-3.756270110607147217e-01,-9.988668560981750488e-01,4.139620959758758545e-01,-1.861350834369659424e-01,-4.705534875392913818e-01,1.162039518356323242e+00,1.663470268249511719e+00,1.425759792327880859e+00,-1.338619947433471680e+00,-8.112951517105102539e-01,-7.448005676269531250e-01,1.773353815078735352e-01,1.822888851165771484e+00,6.378261446952819824e-01,9.710823893547058105e-01,9.050648212432861328e-01,-1.229795441031455994e-01,4.974727034568786621e-01,7.488966733217239380e-02,-3.398573696613311768e-01,3.758657276630401611e-01,1.830061435699462891e+00,1.884886473417282104e-01,1.078197002410888672e+00,7.485930621623992920e-02,-9.444421529769897461e-02,-7.356008291244506836e-01,-1.685111373662948608e-01,2.400073409080505371e-02,-5.659147500991821289e-01,-9.463511705398559570e-01,-1.932399034500122070e+00,1.342060510069131851e-02,2.803241908550262451e-01,-4.106536507606506348e-01,5.579967498779296875e-01,-1.050333738327026367e+00,1.289729595184326172e+00,-2.136443741619586945e-02,7.600840330123901367e-01,1.538593471050262451e-01,-1.087671160697937012e+00,2.142450332641601562e+00,1.335065364837646484e+00,-6.631103157997131348e-01,5.436440706253051758e-01,-1.781717389822006226e-01,9.483349323272705078e-01,4.559957683086395264e-01,2.008903175592422485e-01,4.824504852294921875e-01,8.062530755996704102e-01,6.416948884725570679e-02,2.103619277477264404e-03,8.779767751693725586e-01,9.279724359512329102e-01,-5.087628960609436035e-01,-4.621345996856689453e-01,2.187302827835083008e+00,1.352970361709594727e+00,1.933379173278808594e-01,7.457961440086364746e-01,7.678069919347763062e-02,-5.945963859558105469e-01,8.945453166961669922e-01,3.452374935150146484e-01,5.889643430709838867e-01,-1.014678955078125000e+00,-3.528410792350769043e-01,-1.274253964424133301e+00,-3.373028934001922607e-01,-1.020541906356811523e+00,6.612281203269958496e-01,3.170510232448577881e-01,-1.545840382575988770e+00,6.996515989303588867e-01,1.646388322114944458e-01,-1.408789515495300293e+00,2.226534366607666016e+00,-4.543401598930358887e-01,-1.092316389083862305e+00,2.690301239490509033e-01,-9.226645827293395996e-01,-2.951034158468246460e-02,-1.727949142456054688e+00,-7.344958186149597168e-01,2.947194874286651611e-01
-1.137044548988342285e+00,-6.532803177833557129e-01,-4.085454717278480530e-02,2.697395086288452148e-01,-1.514891862869262695e+00,-6.442683339118957520e-01,2.039548307657241821e-01,-2.065603137016296387e-01,7.705154418945312500e-01,-2.723077833652496338e-01,1.701568126678466797e+00,1.578189432621002197e-01,1.044900894165039062e+00,1.356341123580932617e+00,5.296358466148376465e-01,-2.606444656848907471e-01,-7.190914750099182129e-01,-2.913175523281097412e-01,7.141807675361633301e-02,8.447897434234619141e-01,8.092452287673950195e-01,-9.815622568130493164e-01,-1.858003139495849609e+00,-1.386833842843770981e-02,1.084389463067054749e-01,1.031963825225830078e+00,-5.280295610427856445e-01,7.083224654197692871e-01,-1.102327108383178711e-01,-1.497439503669738770e+00,-1.778784990310668945e+00,-6.802958846092224121e-01,-1.787125706672668457e+00,1.078013256192207336e-01,-2.173112928867340088e-01,1.113691926002502441e+00,-1.044950127601623535e+00,-2.048722267150878906e+00,3.443114757537841797e-01,1.207177519798278809e+00,9.758252501487731934e-01,-5.231626033782958984e-01,6.031413078308105469e-01,2.530950784683227539e+00,9.527727961540222168e-01,7.985110878944396973e-01,-8.645259737968444824e-01,1.202621579170227051e+00,-2.119552791118621826e-01,-4.582916200160980225e-02,1.467823386192321777e+00,2.156998068094253540e-01,3.789652287960052490e-01,-4.177296161651611328e-01,1.600260138511657715e-01,-1.971763968467712402e+00,-2.780442237854003906e-01,-1.174863338470458984e+00,5.112525820732116699e-01,1.214353322982788086e+00,-1.179392099380493164e+00,-1.253475695848464966e-01,1.090484857559204102e+00,-1.122291564941406250e+00,-7.316631078720092773e-01,-6.282444000244140625e-01,-8.302241563796997070e-01,-4.575828462839126587e-02,-1.679597645998001099e-01,-2.768577039241790771e-01,-1.134329199790954590e+00,2.980448603630065918e-01,-3.003204762935638428e-01,1.004465073347091675e-01,-2.922038733959197998e-01,1.673839092254638672e+00,3.774821460247039795e-01,5.076113343238830566e-01,4.284118115901947021e-01,9.030132293701171875e-01,8.298885226249694824e-01,-1.960494160652160645e+00,1.608587026596069336e+00,5.742543339729309082e-01,2.855536341667175293e-01,-6.856954097747802734e-01,-9.010689705610275269e-02,3.876539468765258789e-01,-2.929780244827270508e+00,3.761315345764160156e-01,-1.523618578910827637e+00,-7.979993820190429688e-01,1.894833207130432129e+00,-4.339558780193328857e-01,1.190328598022460938e+00,2.664136409759521484e+00,-6.800149679183959961e-01,4.591535925865173340e-01,-5.810541510581970215e-01,2.878489792346954346e-01
-3.598546385765075684e-01,9.888285994529724121e-01,1.453207492828369141e+00,-1.376510143280029297e+00,5.454071164131164551e-01,-6.514202356338500977e-01,1.233049631118774414e+00,2.487798407673835754e-02,-1.135489463806152344e+00,5.117625594139099121e-01,-1.371830999851226807e-01,-1.677465677261352539e+00,2.572075463831424713e-02,9.131427407264709473e-01,-3.449422419071197510e-01,6.631619334220886230e-01,-1.495049834251403809e+00,-1.031623482704162598e+00,3.082624971866607666e-01,-1.210353255271911621e+00,7.169672101736068726e-02,4.581320583820343018e-01,1.550465822219848633e+00,-1.323224067687988281e+00,-3.147455155849456787e-01,1.164390683174133301e+00,-2.695499897003173828e+00,-6.418875455856323242e-01,9.453620016574859619e-02,1.857125043869018555e+00,-5.794341564178466797e-01,3.363029956817626953e-01,-1.506748676300048828e+00,5.081316828727722168e-01,-2.520037889480590820e-01,-6.175853610038757324e-01,1.114520788192749023e+00,1.626688838005065918e-01,-2.956702113151550293e-01,5.012969970703125000e-01,-1.184310838580131531e-01,5.461597442626953125e-01,1.303396672010421753e-01,1.403486847877502441e+00,1.236076503992080688e-01,-6.016469001770019531e-01,-1.284487992525100708e-01,-1.979274868965148926e+00,9.136020541191101074e-01,1.033820986747741699e+00,1.053447842597961426e+00,9.489835500717163086e-01,-2.605684518814086914e+00,-1.546986818313598633e+00,-5.124852657318115234e-01,-3.062897548079490662e-02,7.564400434494018555e-01,-8.312087506055831909e-02,-3.127582073211669922e-01,2.685776472091674805e+00,7.658869624137878418e-01,-1.769394159317016602e+00,5.955373048782348633e-01,1.993983745574951172e+00,1.561433315277099609e+00,-7.517179474234580994e-04,8.163718581199645996e-01,-7.987093925476074219e-01,6.518625020980834961e-01,-1.214691922068595886e-01,-1.589523553848266602e+00,-1.442652106285095215e+00,-8.854429125785827637e-01,8.498398065567016602e-01,-3.540895879268646240e-01,1.406091690063476562e+00,4.731935560703277588e-01,-8.000286221504211426e-01,8.112821578979492188e-01,-1.292243838310241699e+00,1.073551297187805176e+00,4.725587666034698486e-01,1.926839828491210938e+00,-3.033954799175262451e-01,-1.352468848228454590e+00,-2.464719772338867188e+00,1.261303067207336426e+00,6.624197959899902344e-01,1.287787128239870071e-02,1.051757812500000000e+00,-2.282288312911987305e+00,9.334142804145812988e-01,-5.768272280693054199e-01,-1.083918333053588867e+00,4.534428715705871582e-01,-3.164192438125610352e-01,5.732379555702209473e-01,3.655527532100677490e-01,3.543110787868499756e-01,-8.731418848037719727e-01
1.130755901336669922e+00,-1.096345543861389160e+00,3.808384835720062256e-01,2.919209897518157959e-01,-1.116847634315490723e+00,6.336811780929565430e-01,1.258559226989746094e+00,-5.721579790115356445e-01,-1.605201244354248047e+00,-7.056033015251159668e-01,9.686045050621032715e-01,-1.126858234405517578e+00,6.464925408363342285e-01,2.156377285718917847e-01,-1.584727317094802856e-02,1.560595035552978516e+00,-2.178667932748794556e-01,-1.034132763743400574e-01,-2.217600792646408081e-01,-2.722391188144683838e-01,2.901095747947692871e-01,-1.165011882781982422e+00,5.070915818214416504e-01,-1.570163011550903320e+00,-1.265274643898010254e+00,-6.849061250686645508e-01,3.284731209278106689e-01,7.192984223365783691e-01,-5.442410707473754883e-01,-9.184350371360778809e-01,-1.947197556495666504e+00,-7.545603513717651367e-01,1.146215558052062988e+00,-9.379980564117431641e-01,5.228379368782043457e-01,2.793071866035461426e-01,8.996473252773284912e-02,-8.907094597816467285e-03,-1.453447580337524414e+00,2.035994529724121094e-01,9.545324444770812988e-01,-2.419130802154541016e+00,-1.095458030700683594e+00,-7.656705975532531738e-01,2.724321186542510986e-01,-9.556945562362670898e-01,-3.031482398509979248e-01,6.375653147697448730e-01,-1.477713227272033691e+00,-9.065554738044738770e-01,-1.188141822814941406e+00,-4.236910641193389893e-01,9.973187744617462158e-02,6.368159502744674683e-02,7.844486832618713379e-01,1.503182053565979004e+00,1.685738205909729004e+00,-8.160498738288879395e-01,2.984391748905181885e-01,-1.750366836786270142e-01,-3.662322759628295898e-01,-1.112375855445861816e+00,3.283036872744560242e-02,-1.003942608833312988e+00,-2.497622728347778320e+00,7.405786514282226562e-01,-2.865177392959594727e-02,-3.775873184204101562e-01,3.370441496372222900e-01,3.882553577423095703e-01,-3.851901292800903320e-01,-6.037887334823608398e-01,2.963602244853973389e-01,1.510915994644165039e+00,9.005235433578491211e-01,4.864957928657531738e-02,3.276519477367401123e-01,-9.458153843879699707e-01,1.052892804145812988e-01,7.448912858963012695e-01,-3.611026704311370850e-01,-7.694522142410278320e-01,1.346851587295532227e-01,-9.841358065605163574e-01,1.033764362335205078e+00,2.423035204410552979e-01,-1.539842247962951660e+00,2.172436237335205078e+00,-1.464622378349304199e+00,-3.019362390041351318e-01,1.657805442810058594e-01,1.591848492622375488e+00,-2.048729419708251953e+00,-2.054126262664794922e+00,3.155819475650787354e-01,-6.225050687789916992e-01,4.913944005966186523e-01,-1.732875704765319824e+00,-5.862289071083068848e-01,7.483427524566650391e-01
9.907999038696289062e-01,1.341853380203247070e+00,7.120769619941711426e-01,-1.798821091651916504e-01,5.276019573211669922e-01,3.927752017974853516e+00,1.086104989051818848e+00,-3.528628647327423096e-01,-1.042346954345703125e+00,6.585543155670166016e-01,4.895804524421691895e-01,-7.996608018875122070e-01,7.383103370666503906e-01,9.349521398544311523e-01,5.927219986915588379e-02,-1.219702437520027161e-01,-8.567586541175842285e-02,-1.435835212469100952e-01,-4.217589795589447021e-01,-8.732349276542663574e-01,1.406765580177307129e+00,2.720354497432708740e-01,6.826155185699462891e-01,2.376893609762191772e-01,-4.842983186244964600e-01,5.091471672058105469e-01,-1.234508514404296875e+00,7.497406005859375000e-01,-1.074134588241577148e+00,1.212933659553527832e+00,2.830712497234344482e-01,-1.720337152481079102e+00,-2.242132574319839478e-01,1.298333168029785156e+00,-6.514839828014373779e-02,-5.060740113258361816e-01,-1.495378732681274414e+00,-1.147084832191467285e+00,2.987565994262695312e-01,-8.265427947044372559e-01,1.788854748010635376e-01,-1.079395771026611328e+00,7.050405740737915039e-01,-2.804263308644294739e-02,-1.495993256568908691e+00,-9.683446288108825684e-01,-2.530401051044464111e-01,-8.778669834136962891e-01,1.920333057641983032e-01,-2.187329530715942383e+00,-3.658075630664825439e-01,8.075278997421264648e-01,9.279471635818481445e-02,1.214006662368774414e+00,-7.150236368179321289e-01,-7.352703213691711426e-01,1.635440349578857422e+00,-2.116952180862426758e+00,-9.555896520614624023e-01,3.531090915203094482e-01,-2.988744974136352539e-01,2.994812726974487305e-01,-2.455323785543441772e-01,-3.977490663528442383e-01,5.715558528900146484e-01,-3.717241883277893066e-01,-5.212770104408264160e-01,3.664402365684509277e-01,1.813802599906921387e+00,2.148383140563964844e+00,-6.933653354644775391e-01,5.336718559265136719e-01,2.432978749275207520e-01,-1.029962897300720215e+00,-6.745891571044921875e-01,9.466484934091567993e-02,-2.065683901309967041e-01,-2.086116224527359009e-01,4.053200483322143555e-01,-6.219667792320251465e-01,-2.371867001056671143e-01,1.201473593711853027e+00,-1.031066894531250000e+00,-9.588810801506042480e-01,-1.815631985664367676e+00,-1.353206396102905273e+00,-5.495520234107971191e-01,1.318429231643676758e+00,-9.743598103523254395e-02,2.265522927045822144e-01,1.823829561471939087e-01,1.785900712013244629e+00,-3.970408737659454346e-01,-1.198403000831604004e+00,-9.717323184013366699e-01,7.551175355911254883e-01,-8.544155955314636230e-01,1.044292449951171875e+00,1.916655302047729492e+00,4.603732526302337646e-01
1.014785289764404297e+00,4.528245031833648682e-01,-1.087751150131225586e+00,-4.224478304386138916e-01,1.107908964157104492e+00,4.730571210384368896e-01,-1.029565930366516113e+00,-7.659654021263122559e-01,-5.158156752586364746e-01,-1.259630560874938965e+00,6.750205159187316895e-02,-8.392978310585021973e-01,9.784407019615173340e-01,1.633884944021701813e-02,5.657834410667419434e-01,1.902244567871093750e+00,2.581419050693511963e-01,-2.950183749198913574e-01,-2.506890892982482910e-01,-7.420011162757873535e-01,-7.030795216560363770e-01,-5.790984034538269043e-01,6.570591926574707031e-01,1.047123223543167114e-01,-1.162227153778076172e+00,-3.896498084068298340e-01,1.909408450126647949e+00,7.064238190650939941e-01,-3.449925919994711876e-03,-5.401208400726318359e-01,4.892120063304901123e-01,7.068889737129211426e-01,-8.627673238515853882e-02,-8.003531694412231445e-01,1.169367581605911255e-01,8.262411952018737793e-01,-1.186759471893310547e+00,-1.496044695377349854e-01,1.507587790489196777e+00,-6.548922061920166016e-01,4.687996208667755127e-01,1.474529266357421875e+00,8.482332229614257812e-01,-1.151809930801391602e+00,-3.721683919429779053e-01,3.085671365261077881e-01,-7.273692488670349121e-01,-7.613784074783325195e-01,-4.637197554111480713e-01,-4.647710546851158142e-02,1.454473853111267090e+00,1.399953722953796387e+00,3.398037552833557129e-01,-2.563020884990692139e-01,8.899376988410949707e-01,5.072271227836608887e-01,-1.325373411178588867e+00,-8.961837291717529297e-01,-1.530631661415100098e+00,1.020798206329345703e+00,7.939431071281433105e-01,7.097463011741638184e-01,-1.645127892494201660e+00,1.039655923843383789e+00,1.222171783447265625e-01,-5.113596916198730469e-01,-4.596202075481414795e-01,2.766588032245635986e-01,1.095319509506225586e+00,-6.353464722633361816e-01,-1.851700842380523682e-01,2.331414967775344849e-01,9.739726185798645020e-01,-3.924073278903961182e-01,-2.930454909801483154e-01,-5.493656992912292480e-01,2.337980717420578003e-01,-1.022133111953735352e+00,3.022822141647338867e-01,7.333654761314392090e-01,2.473466098308563232e-01,-9.351631402969360352e-01,-6.076685786247253418e-01,-5.179648399353027344e-01,3.000183403491973877e-01,-9.036120176315307617e-01,-1.046428799629211426e+00,9.316784739494323730e-01,-8.563679456710815430e-01,6.217197179794311523e-01,-1.591881364583969116e-01,1.084827899932861328e+00,1.114115715026855469e+00,2.214379608631134033e-03,1.139440298080444336e+00,-1.034171819686889648e+00,-4.129768013954162598e-01,1.318007707595825195e+00,2.862071990966796875e-01,-1.172885656356811523e+00
8.996897339820861816e-01,-5.270324349403381348e-01,-6.378514170646667480e-01,1.531436204910278320e+00,2.511035442352294922e+00,-2.280892133712768555e+00,-1.110728859901428223e+00,1.330279111862182617e+00,-1.033282399177551270e+00,7.770945131778717041e-02,-6.087381243705749512e-01,-2.006019592285156250e+00,-9.276842474937438965e-01,-8.733852505683898926e-01,1.012817263603210449e+00,-1.217066764831542969e+00,-6.089282035827636719e-01,-1.672709465026855469e+00,2.578189969062805176e-01,1.592123657464981079e-01,-5.610097050666809082e-01,-1.743256092071533203e+00,-1.993796527385711670e-01,-1.993097543716430664e+00,7.684563398361206055e-01,-2.016081809997558594e-01,-9.915734827518463135e-02,-1.659916937351226807e-01,-2.942507266998291016e-01,5.826237201690673828e-01,-2.401748895645141602e-01,-3.621528148651123047e-01,7.702609896659851074e-02,-4.948145896196365356e-02,-5.900621414184570312e-01,1.313741803169250488e+00,-1.165549159049987793e+00,4.723034203052520752e-01,1.099471926689147949e+00,1.887428015470504761e-01,-3.914514183998107910e-02,-5.732038021087646484e-01,6.130907535552978516e-01,7.193530797958374023e-01,5.337376594543457031e-01,2.412424981594085693e-02,-1.172283887863159180e+00,1.244298696517944336e+00,-2.913611941039562225e-02,2.813290059566497803e-01,4.952006936073303223e-01,1.064418911933898926e+00,-1.903858631849288940e-01,6.701849400997161865e-02,-5.458081364631652832e-01,5.337694287300109863e-01,6.658356785774230957e-01,1.379610419273376465e+00,-1.630283832550048828e+00,-3.518670499324798584e-01,-2.857955694198608398e-01,-2.350741028785705566e-01,4.822982251644134521e-01,7.559312582015991211e-01,-1.740972757339477539e+00,-1.270725488662719727e+00,-9.189352393150329590e-01,2.147860050201416016e+00,-6.745272874832153320e-02,-9.028465747833251953e-01,1.199640274047851562e+00,8.477358222007751465e-01,-4.061297178268432617e-01,-7.626815438270568848e-01,-1.542240858078002930e+00,-2.121397972106933594e+00,9.381418824195861816e-01,1.416367650032043457e+00,-3.398326933383941650e-01,1.364360928535461426e+00,9.519017934799194336e-01,1.343960642814636230e+00,5.815557837486267090e-01,-1.054456353187561035e+00,-1.277808427810668945e+00,-5.168353319168090820e-01,-6.326973438262939453e-01,1.216755986213684082e+00,-1.756032466888427734e+00,-5.809936523437500000e-01,-1.246841430664062500e+00,1.668424963951110840e+00,-5.980442762374877930e-01,-1.256584048271179199e+00,2.314466536045074463e-01,8.116092085838317871e-01,6.236878633499145508e-01,-1.978521496057510376e-01,1.148392409086227417e-01,1.828584551811218262e+00
-5.246427059173583984e-01,-5.757755041122436523e-01,9.315120577812194824e-01,1.070780396461486816e+00,-4.403789341449737549e-01,7.814355492591857910e-01,-5.638273060321807861e-02,2.728419601917266846e-01,3.896672427654266357e-01,1.315689921379089355e+00,-7.442934513092041016e-01,2.056502580642700195e+00,7.479307651519775391e-01,3.148377656936645508e+00,2.305440664291381836e+00,-4.485644996166229248e-01,8.956146985292434692e-02,2.278164327144622803e-01,5.504465103149414062e-01,-1.003620266914367676e+00,-7.631628513336181641e-01,6.093423962593078613e-01,1.235971927642822266e+00,4.217239618301391602e-01,-2.361676216125488281e+00,8.062214851379394531e-01,5.541290640830993652e-01,2.694758474826812744e-01,2.239580750465393066e-01,-8.220047950744628906e-01,1.436085999011993408e-01,7.388384938240051270e-01,-4.376896619796752930e-01,3.043967857956886292e-02,-2.757426023483276367e+00,6.573615670204162598e-01,-7.253905534744262695e-01,5.532532334327697754e-01,-6.013353466987609863e-01,3.933808207511901855e-01,1.264278292655944824e+00,-1.794793307781219482e-01,-1.279780745506286621e+00,2.187366247177124023e+00,-7.567631602287292480e-01,-6.676355004310607910e-01,1.017579197883605957e+00,8.066655695438385010e-02,8.847992420196533203e-01,-8.146543055772781372e-02,-1.770614534616470337e-01,-5.659994482994079590e-01,1.216702461242675781e+00,3.657318353652954102e-01,5.089245438575744629e-01,9.301696904003620148e-03,-1.416818618774414062e+00,2.111812114715576172e+00,-7.259594798088073730e-01,7.118735909461975098e-01,-5.441064760088920593e-02,-5.329072475433349609e-01,1.882166624069213867e+00,4.408439695835113525e-01,3.267180621623992920e-01,-7.187440395355224609e-01,-7.992383837699890137e-01,-1.151663437485694885e-01,1.355916023254394531e+00,1.415389418601989746e+00,2.396731078624725342e-01,-1.148416876792907715e+00,7.919321209192276001e-02,3.180659711360931396e-01,1.362315118312835693e-01,1.112970709800720215e-01,-5.745959281921386719e-01,-8.391730189323425293e-01,-8.801740407943725586e-01,-1.953022629022598267e-01,3.012244403362274170e-01,-1.501900672912597656e+00,2.842197120189666748e-01,-1.736935853958129883e+00,2.767451107501983643e-01,-4.028538763523101807e-01,-7.034167647361755371e-01,-1.721266508102416992e-01,-2.952683568000793457e-01,7.678520679473876953e-02,-1.408636122941970825e-01,-7.557313442230224609e-01,-1.600635610520839691e-02,-1.977193951606750488e+00,5.383979678153991699e-01,1.362677216529846191e+00,8.343490958213806152e-02,-6.246531009674072266e-01,-2.537583410739898682e-01,-8.424810171127319336e-01
-7.870050668716430664e-01,1.292494416236877441e+00,-8.853430747985839844e-01,-6.461859345436096191e-01,1.074446916580200195e+00,-1.473711133003234863e-01,1.320440649986267090e+00,-6.875180006027221680e-01,1.094286561012268066e+00,-1.177405193448066711e-02,9.295976161956787109e-01,-9.002807140350341797e-01,1.052029132843017578e+00,1.311041355133056641e+00,3.192901015281677246e-01,-1.223128080368041992e+00,1.040247008204460144e-01,1.692594140768051147e-01,4.412428140640258789e-01,-1.357054114341735840e+00,4.214377403259277344e-01,-1.288580656051635742e+00,7.355743646621704102e-01,8.989362120628356934e-01,-2.521417438983917236e-01,1.081784009933471680e+00,-1.253816604614257812e+00,1.910346865653991699e+00,6.646556854248046875e-01,2.639526128768920898e-01,1.567552566528320312e+00,-4.530932605266571045e-01,-9.225446581840515137e-01,9.111103415489196777e-01,3.466393947601318359e-01,1.294750213623046875e+00,-3.989206552505493164e-01,-5.429263710975646973e-01,3.766927719116210938e-01,-7.287989258766174316e-01,-1.030043363571166992e+00,-2.911707572638988495e-02,-1.496543083339929581e-02,-1.803611636161804199e+00,-3.905477821826934814e-01,-8.133667707443237305e-01,4.138549864292144775e-01,5.133169889450073242e-01,9.879193902015686035e-01,6.661702394485473633e-01,7.644548416137695312e-01,9.027814865112304688e-01,1.111190989613533020e-01,-1.956552743911743164e+00,-5.520528554916381836e-01,7.057789564132690430e-01,2.958829402923583984e-01,-1.371029257774353027e+00,1.059498190879821777e+00,3.927389383316040039e-01,1.670880079269409180e+00,-1.134381666779518127e-01,1.493241190910339355e+00,4.354491531848907471e-01,-1.489411354064941406e+00,1.344890356063842773e+00,4.845496118068695068e-01,1.185364842414855957e+00,-6.653931140899658203e-01,-4.164367616176605225e-01,1.744994372129440308e-01,-1.082875728607177734e+00,1.480594724416732788e-01,6.527170538902282715e-01,1.035517692565917969e+00,1.519651412963867188e+00,2.779792249202728271e-01,-5.699790716171264648e-01,-1.433121860027313232e-01,-2.367990612983703613e-01,-1.295649886131286621e+00,-5.623768568038940430e-01,-1.962047964334487915e-01,-1.104436874389648438e+00,-7.487858645617961884e-03,-7.556681036949157715e-01,-3.337988138198852539e+00,-1.172415018081665039e+00,-1.359413146972656250e+00,1.378875494003295898e+00,-1.272236466407775879e+00,6.708714365959167480e-01,2.729362249374389648e-01,7.518929243087768555e-01,-1.894999444484710693e-01,-6.431495547294616699e-01,-1.898112654685974121e+00,1.265063881874084473e+00,1.354002237319946289e+00,-1.057254433631896973e+00
-4.031640589237213135e-01,1.205657497048377991e-01,-8.664872050285339355e-01,-7.899910211563110352e-01,-6.062423586845397949e-01,9.820698946714401245e-02,9.872029721736907959e-02,6.129895448684692383e-01,1.588996350765228271e-01,2.142053395509719849e-01,-9.005207419395446777e-01,3.675174713134765625e-01,1.093283444643020630e-01,-4.398196041584014893e-01,6.329730749130249023e-01,-4.794047214090824127e-03,3.384036779403686523e+00,1.856990158557891846e-01,-6.802296638488769531e-01,-1.209176778793334961e+00,1.147582650184631348e+00,8.982322365045547485e-02,7.841860055923461914e-01,-1.494284510612487793e+00,-1.898458451032638550e-01,-1.472202241420745850e-01,-6.857843399047851562e-01,1.607148170471191406e+00,-2.515716850757598877e-01,4.281974732875823975e-01,-7.857493162155151367e-01,-6.991302371025085449e-01,-2.428057342767715454e-01,5.933554768562316895e-01,6.488347053527832031e-01,1.017835885286331177e-01,1.630580574274063110e-01,-4.232790172100067139e-01,6.330722570419311523e-01,-5.550075322389602661e-03,-2.714424431324005127e-01,1.588449358940124512e+00,1.478036493062973022e-01,1.033292174339294434e+00,-9.695051908493041992e-01,-1.069155693054199219e+00,-3.490277752280235291e-02,-5.980771780014038086e-02,3.971756696701049805e-01,-9.446955323219299316e-01,5.835353732109069824e-01,9.986258745193481445e-01,-5.531278625130653381e-02,-7.423588037490844727e-01,-3.809095621109008789e-01,8.882453441619873047e-01,3.870973587036132812e-01,1.292853236198425293e+00,4.340883493423461914e-01,1.408513784408569336e-01,-4.679024517536163330e-01,-1.099301099777221680e+00,-8.058826625347137451e-02,3.158100843429565430e-01,5.177600309252738953e-02,-1.595316171646118164e+00,1.033873796463012695e+00,-1.480829596519470215e+00,-1.181019544601440430e+00,-2.173458814620971680e+00,-2.433198213577270508e+00,3.446959853172302246e-01,-1.328231990337371826e-01,6.535484790802001953e-01,-7.676978111267089844e-01,-9.463913440704345703e-01,1.448503971099853516e+00,-2.424534410238265991e-01,-6.760637164115905762e-01,-5.056957006454467773e-01,1.363131999969482422e-01,1.234669685363769531e+00,-7.599515318870544434e-01,2.548022270202636719e-01,6.634379029273986816e-01,-1.828510999679565430e+00,1.064813733100891113e+00,7.281484603881835938e-01,8.384660482406616211e-01,2.074235230684280396e-01,2.213406562805175781e-01,-1.064815744757652283e-01,1.687817335128784180e+00,5.808558464050292969e-01,-9.480341672897338867e-01,9.357076883316040039e-02,-5.672698616981506348e-01,-8.865259289741516113e-01,-5.988682508468627930e-01,6.488084197044372559e-01
-4.080639183521270752e-01,-2.190822511911392212e-01,-1.842314898967742920e-01,7.189719676971435547e-01,-2.981086671352386475e-01,-1.167826294898986816e+00,1.375797986984252930e-01,-1.180738210678100586e+00,5.379642243497073650e-04,-6.858559846878051758e-01,1.263704776763916016e+00,3.434121906757354736e-01,1.842106938362121582e+00,-1.704448580741882324e+00,8.168332576751708984e-01,2.370780467987060547e+00,-1.854286909103393555e+00,-1.223327398300170898e+00,2.068812400102615356e-01,1.318224549293518066e+00,-9.699766337871551514e-02,3.731218725442886353e-02,5.552073717117309570e-01,-1.789162121713161469e-02,6.766391992568969727e-01,1.202243924140930176e+00,7.552661895751953125e-01,-1.289412736892700195e+00,9.060443043708801270e-01,-3.860889077186584473e-01,-8.869360685348510742e-01,-3.397186994552612305e-01,-3.001674115657806396e-01,5.693147182464599609e-01,5.706495791673660278e-02,1.745552301406860352e+00,1.833130866289138794e-01,1.996495872735977173e-01,-1.812622547149658203e+00,-2.354323118925094604e-01,4.502690434455871582e-01,2.718109488487243652e-01,-1.328521370887756348e+00,-7.732055187225341797e-01,-7.112652063369750977e-01,-1.019108772277832031e+00,1.755766987800598145e+00,-1.484342098236083984e+00,-2.522111237049102783e-01,-1.845480799674987793e+00,-1.317197203636169434e+00,9.076350927352905273e-01,-6.431526541709899902e-01,5.781448483467102051e-01,-7.310870289802551270e-01,-4.840520396828651428e-02,3.916357457637786865e-01,9.871334433555603027e-01,-1.275650739669799805e+00,1.190388441085815430e+00,-5.786453485488891602e-01,-9.734346866607666016e-01,4.069964587688446045e-01,-3.750813603401184082e-01,-5.482915043830871582e-01,-8.642486333847045898e-01,3.259617090225219727e-01,3.320301294326782227e+00,-1.363232612609863281e+00,-1.412585973739624023e-01,-1.131895422935485840e+00,-1.098594427108764648e+00,-6.458865404129028320e-01,-3.218156844377517700e-02,7.303427159786224365e-02,9.486216306686401367e-01,-4.170727431774139404e-01,-2.179675102233886719e-01,5.014019608497619629e-01,7.686091661453247070e-01,-3.886539340019226074e-01,5.579911470413208008e-01,-1.044441342353820801e+00,-2.038012504577636719e+00,-1.815781295299530029e-01,-3.781247884035110474e-02,-8.430389761924743652e-01,3.134016320109367371e-02,8.182328343391418457e-01,9.863108396530151367e-01,1.101945400238037109e+00,-1.112567931413650513e-01,3.224567651748657227e+00,8.750485777854919434e-01,-9.054188132286071777e-01,1.465591788291931152e+00,-2.799741923809051514e-02,-1.656811356544494629e+00,1.818593144416809082e-01,3.544888198375701904e-01
1.307967424392700195e+00,1.538074970245361328e+00,-1.007054224610328674e-01,1.437406182289123535e+00,-7.447762489318847656e-01,2.211152166128158569e-01,4.383813142776489258e-01,-7.357819676399230957e-01,-1.329858042299747467e-02,1.284828662872314453e+00,1.590593814849853516e+00,-1.464631319046020508e+00,-8.136056065559387207e-01,-2.871153652667999268e-01,5.603043437004089355e-01,5.538304448127746582e-01,6.083483099937438965e-01,-1.577097296714782715e+00,1.316939711570739746e+00,1.162062406539916992e+00,-5.287322402000427246e-01,-5.478556454181671143e-02,-3.830727338790893555e-01,3.533563315868377686e-01,9.123450517654418945e-01,2.242710441350936890e-01,-9.891614317893981934e-01,4.604643583297729492e-01,1.278736948966979980e+00,-1.418729543685913086e+00,2.163451761007308960e-01,-1.937481313943862915e-01,-8.187230825424194336e-01,-6.907881498336791992e-01,3.071939051151275635e-01,-2.169777452945709229e-01,-6.341032981872558594e-01,-4.372603297233581543e-01,-6.563996076583862305e-01,2.485281676054000854e-01,8.499092459678649902e-01,-2.571558952331542969e-01,-1.280868411064147949e+00,3.656935393810272217e-01,2.521480321884155273e-01,-1.365723729133605957e+00,1.435111045837402344e+00,9.612460136413574219e-01,-7.291577458381652832e-01,5.978115200996398926e-01,6.195162981748580933e-02,-1.250084400177001953e+00,1.039911985397338867e+00,6.270363330841064453e-01,-9.494525194168090820e-02,-1.726233363151550293e-01,6.512036919593811035e-01,-6.168287992477416992e-01,6.010995507240295410e-01,1.022654414176940918e+00,-1.470057368278503418e-01,-6.755619645118713379e-01,-4.424313455820083618e-02,1.843815296888351440e-01,-1.031438827514648438e+00,2.017386913299560547e+00,-6.705260872840881348e-01,-1.853788048028945923e-01,1.762208461761474609e+00,3.987786471843719482e-01,-1.369952201843261719e+00,7.179586291313171387e-01,1.633192539215087891e+00,1.583725810050964355e-01,-1.147012412548065186e-01,-9.849092960357666016e-01,-8.966074585914611816e-01,1.868830919265747070e-01,-1.671181082725524902e+00,5.813728570938110352e-01,-1.507608890533447266e+00,1.823414921760559082e+00,2.866500914096832275e-01,-1.663282155990600586e+00,7.367132604122161865e-02,-4.785037338733673096e-01,7.742549777030944824e-01,2.156842708587646484e+00,7.228101491928100586e-01,9.832260608673095703e-01,-2.378184720873832703e-02,-3.541366338729858398e+00,9.383218884468078613e-01,-1.134903192520141602e+00,1.118431806564331055e+00,-1.907383650541305542e-01,-9.136812388896942139e-02,5.740367621183395386e-02,-7.946777343750000000e-02,-2.606319785118103027e-01
-5.123844742774963379e-01,1.961194574832916260e-01,2.588795125484466553e-01,1.276545524597167969e-01,2.394393444061279297e+00,-2.720061063766479492e+00,3.057820796966552734e-01,1.016730785369873047e+00,1.983641743659973145e+00,-7.891877889633178711e-01,3.363242372870445251e-02,-2.948038280010223389e-01,6.825535744428634644e-02,-5.890977978706359863e-01,-1.013088107109069824e+00,-4.569644927978515625e-01,-1.200659632682800293e+00,2.556283473968505859e+00,8.110324144363403320e-01,1.591953277587890625e+00,1.282369256019592285e+00,-3.009043335914611816e-01,-7.637101411819458008e-01,3.434092998504638672e-01,-8.687341213226318359e-01,2.086629867553710938e-01,9.911275506019592285e-01,-2.330214828252792358e-01,-1.107204675674438477e+00,7.684040665626525879e-01,-1.068628072738647461e+00,8.866312503814697266e-01,1.347569108009338379e+00,-2.705325365066528320e+00,-7.450290918350219727e-01,1.019064068794250488e+00,1.999875783920288086e+00,2.794585227966308594e-01,-7.027230858802795410e-01,7.950500249862670898e-01,-6.721840500831604004e-01,-2.535748779773712158e-01,9.486317634582519531e-01,2.691561877727508545e-01,-1.796062231063842773e+00,-1.945078492164611816e+00,7.132821083068847656e-01,-1.098300218582153320e+00,-9.124521613121032715e-01,-4.674015939235687256e-01,-2.022952586412429810e-01,7.666879296302795410e-01,-4.044197201728820801e-01,-2.971689403057098389e-01,1.285090565681457520e+00,4.677385687828063965e-01,1.047508716583251953e+00,7.063463330268859863e-01,3.444087505340576172e-01,-1.483912616968154907e-01,-7.487474679946899414e-01,-1.083027243614196777e+00,-1.622640013694763184e+00,-1.014303684234619141e+00,-8.682185411453247070e-01,-5.195792317390441895e-01,2.364131063222885132e-02,6.557463407516479492e-01,-1.141533493995666504e+00,-2.658496379852294922e+00,-5.266685485839843750e-01,-9.238889217376708984e-01,7.405619025230407715e-01,-1.747786760330200195e+00,-1.506550788879394531e+00,2.091775685548782349e-01,-1.001926541328430176e+00,9.816977977752685547e-01,-8.527030348777770996e-01,-4.250987172126770020e-01,7.297508716583251953e-01,-9.380735754966735840e-01,7.248725295066833496e-01,8.510584831237792969e-01,4.597936943173408508e-02,2.388706356287002563e-01,3.414416313171386719e-01,1.434131860733032227e+00,3.889101743698120117e-01,-5.694477558135986328e-01,1.459326744079589844e+00,-5.965973734855651855e-01,1.681480742990970612e-02,4.444637894630432129e-01,2.321461200714111328e+00,-9.055413305759429932e-02,4.032980203628540039e-01,-8.684546351432800293e-01,-5.480411052703857422e-01,-6.662423163652420044e-02
6.987625956535339355e-01,4.766576886177062988e-01,1.931176424026489258e+00,-1.122363924980163574e+00,1.593516945838928223e+00,1.512794047594070435e-01,2.390021562576293945e+00,9.989183545112609863e-01,1.918358564376831055e+00,-6.427063941955566406e-01,-2.294973134994506836e-01,2.801727950572967529e-01,1.301740407943725586e+00,1.643771305680274963e-02,1.887412548065185547e+00,-1.397876143455505371e-01,-1.102848529815673828e+00,-1.068276047706604004e+00,-6.828921288251876831e-02,4.883003532886505127e-01,-3.701996505260467529e-01,1.405682802200317383e+00,-6.985111236572265625e-01,-4.361834228038787842e-01,-7.777800559997558594e-01,-8.991897702217102051e-01,-8.602853417396545410e-01,-1.451680660247802734e+00,1.773649096488952637e+00,-5.034030675888061523e-01,-2.742536067962646484e-01,4.066605865955352783e-01,1.833748698234558105e+00,-6.902003288269042969e-01,-1.272411227226257324e+00,9.240082651376724243e-02,1.144869208335876465e+00,-7.694703936576843262e-01,1.974663496017456055e+00,2.906630001962184906e-02,1.448025107383728027e+00,-2.435426473617553711e+00,5.768385529518127441e-01,-2.824895977973937988e-01,-4.927518665790557861e-01,-1.655035763978958130e-01,5.741053223609924316e-01,-1.072435140609741211e+00,-2.437507629394531250e+00,1.136016249656677246e+00,-4.466927051544189453e-01,-2.135727107524871826e-01,-4.538532197475433350e-01,-2.887378215789794922e+00,-4.563150107860565186e-01,1.506889104843139648e+00,-1.324280858039855957e+00,-2.498067855834960938e+00,-1.506779789924621582e+00,1.373504381626844406e-02,1.616870403289794922e+00,-9.921253323554992676e-01,-2.195029973983764648e+00,-1.521864295005798340e+00,-1.112548708915710449e-01,-2.020435094833374023e+00,-2.337791442871093750e+00,-1.874732971191406250e+00,9.917318224906921387e-01,5.154578089714050293e-01,7.474636435508728027e-01,-1.412054181098937988e+00,1.158640384674072266e+00,7.816277742385864258e-01,1.904785752296447754e+00,-4.515704810619354248e-01,6.750024557113647461e-01,-7.422075271606445312e-01,-1.148125410079956055e+00,1.624827980995178223e-01,4.346440136432647705e-01,-1.718030214309692383e+00,2.490126490592956543e-01,8.112612366676330566e-01,9.692914485931396484e-01,-9.006488323211669922e-01,-5.548448562622070312e-01,-9.339217841625213623e-02,2.984967827796936035e-01,-3.803669512271881104e-01,9.340197443962097168e-01,1.929779648780822754e-01,6.863960027694702148e-01,-7.500684261322021484e-01,1.192239046096801758e+00,-3.095456659793853760e-01,4.319193065166473389e-01,8.133180737495422363e-01,-5.015939474105834961e-01,-7.989143580198287964e-02
-1.588302373886108398e+00,-2.012923717498779297e+00,-4.238585829734802246e-01,8.271543979644775391e-01,9.676092267036437988e-01,-1.360838770866394043e+00,1.810091435909271240e-01,8.047367930412292480e-01,-6.999846696853637695e-01,1.530136704444885254e+00,-1.591604351997375488e+00,1.253847718238830566e+00,-1.409580409526824951e-01,4.263267219066619873e-01,-1.793023705482482910e+00,-4.047503694891929626e-03,5.298650264739990234e-01,-2.189371585845947266e-01,2.479946315288543701e-01,8.492066264152526855e-01,-1.437127947807312012e+00,-8.068626523017883301e-01,1.175224781036376953e+00,-4.590310752391815186e-01,3.403937071561813354e-02,2.125252008438110352e+00,-1.847029775381088257e-01,5.663110613822937012e-01,-2.611608207225799561e-01,7.527216672897338867e-01,-2.975149154663085938e-01,-1.794101715087890625e+00,1.446669548749923706e-01,-2.418160200119018555e+00,4.465695917606353760e-01,3.569763600826263428e-01,1.671719998121261597e-01,1.917223691940307617e+00,-2.042200326919555664e+00,4.091209769248962402e-01,-1.573717594146728516e-01,8.277860283851623535e-02,5.651301145553588867e-01,-6.460797190666198730e-01,-4.698767662048339844e-01,1.709147214889526367e+00,2.016044259071350098e-01,7.014258503913879395e-01,5.679673552513122559e-01,-1.356519460678100586e-01,4.805276989936828613e-01,3.398337364196777344e-01,1.000911593437194824e+00,3.742038309574127197e-01,9.530618190765380859e-01,1.051703333854675293e+00,1.842857480049133301e+00,1.282450437545776367e+00,3.364998698234558105e-01,-5.544635653495788574e-01,-3.602806925773620605e-01,-2.421363890171051025e-01,6.827371716499328613e-01,1.443072199821472168e+00,1.873190999031066895e+00,1.238929271697998047e+00,-5.313465595245361328e-01,-6.109099388122558594e-01,-1.145276799798011780e-01,-1.088665246963500977e+00,5.049207210540771484e-01,9.726268649101257324e-01,-1.770251691341400146e-01,-5.069771409034729004e-01,4.105081856250762939e-01,5.468712374567985535e-02,-1.243550062179565430e+00,-3.674655258655548096e-01,1.320944666862487793e+00,4.383295178413391113e-01,1.323653697967529297e+00,1.692820549011230469e+00,-3.957846462726593018e-01,-3.472698032855987549e-01,-4.964568614959716797e-01,-1.015087485313415527e+00,2.723360955715179443e-01,-3.089140057563781738e-01,1.378178715705871582e+00,-5.729517340660095215e-01,1.500568538904190063e-01,7.137846946716308594e-01,1.824698328971862793e+00,2.600636184215545654e-01,6.317363381385803223e-01,-1.173773050308227539e+00,1.887222081422805786e-01,5.741733685135841370e-02,1.240935802459716797e+00,3.933341801166534424e-01
1.555078923702239990e-01,-3.048540055751800537e-01,2.679034173488616943e-01,1.287103056907653809e+00,-2.196462154388427734e+00,7.189927101135253906e-01,-4.477306902408599854e-01,8.118113279342651367e-01,9.536697268486022949e-01,6.329637765884399414e-01,-7.350575178861618042e-04,6.209034919738769531e-01,6.783473491668701172e-01,-1.564144611358642578e+00,-9.229726791381835938e-01,-1.823253512382507324e+00,4.528441727161407471e-01,-5.798480510711669922e-01,3.190482854843139648e-01,1.342840790748596191e+00,-1.198800057172775269e-01,-1.273694515228271484e+00,1.082334160804748535e+00,-9.210240244865417480e-01,3.419188410043716431e-02,1.917744278907775879e+00,2.210677385330200195e+00,-8.792289495468139648e-01,5.501360893249511719e-01,7.323122024536132812e-02,2.684480547904968262e-01,-1.990489065647125244e-01,-4.962915778160095215e-01,9.813448786735534668e-01,-8.885283023118972778e-02,2.503225803375244141e-01,5.369390845298767090e-01,-7.590685486793518066e-01,-4.062454402446746826e-01,-4.070053994655609131e-01,-1.358631849288940430e+00,9.961824417114257812e-01,-1.393507957458496094e+00,1.351006388664245605e+00,-1.675347566604614258e+00,4.271880686283111572e-01,-2.697530090808868408e-01,1.345756649971008301e+00,-1.981046915054321289e+00,-1.587399840354919434e+00,1.036488294601440430e+00,4.953816831111907959e-01,8.749581575393676758e-01,-3.690430521965026855e-01,-1.467382162809371948e-01,-1.159142971038818359e+00,-1.817281603813171387e+00,-8.193165063858032227e-01,8.312647938728332520e-01,-3.793494999408721924e-01,2.447486162185668945e+00,-1.257537364959716797e+00,-3.605903089046478271e-01,1.659204006195068359e+00,1.541758537292480469e+00,-7.592485547065734863e-01,-5.327888131141662598e-01,1.246747255325317383e+00,1.087964296340942383e+00,-5.157300829887390137e-01,4.298412501811981201e-01,5.115953087806701660e-01,-9.784538149833679199e-01,-5.427063703536987305e-01,5.264011621475219727e-01,1.412892937660217285e-01,1.981835961341857910e-01,-3.826390206813812256e-01,-5.749161839485168457e-01,-6.352517008781433105e-01,9.042084813117980957e-01,3.033583611249923706e-02,2.806567847728729248e-01,1.243170537054538727e-02,2.656620927155017853e-04,2.291423082351684570e-01,1.024145603179931641e+00,1.405426859855651855e+00,-1.783022165298461914e+00,-6.689385175704956055e-01,-6.457601189613342285e-01,-2.612840890884399414e+00,1.468871712684631348e+00,-7.989163994789123535e-01,8.744554519653320312e-01,1.561471700668334961e+00,-8.989694118499755859e-01,-1.846957504749298096e-01,-2.522201776504516602e+00,7.814167737960815430e-01
8.448021858930587769e-02,2.316827476024627686e-01,2.078732490539550781e+00,-1.156796693801879883e+00,-1.388711929321289062e+00,4.643874764442443848e-01,4.089697077870368958e-02,1.509723901748657227e+00,2.308486849069595337e-01,8.740808963775634766e-01,9.615081548690795898e-02,1.349224001169204712e-01,1.522701680660247803e-01,-8.138135075569152832e-01,-1.558263003826141357e-01,1.226146072149276733e-01,-1.052171111106872559e+00,4.002066552639007568e-01,-5.028302669525146484e-01,-8.331173658370971680e-01,-1.612649559974670410e-01,-4.293782413005828857e-01,-5.544562339782714844e-01,6.401777267456054688e-01,6.509365439414978027e-01,-4.861607253551483154e-01,-4.590402357280254364e-03,-1.548803806304931641e+00,1.109214901924133301e+00,1.549179553985595703e+00,3.354932069778442383e-01,-2.210679203271865845e-01,9.687361121177673340e-01,4.729123413562774658e-01,-1.775706529617309570e+00,2.620712816715240479e-01,1.330565065145492554e-01,-1.555751442909240723e+00,1.444039106369018555e+00,-3.693198412656784058e-02,-9.681021571159362793e-01,1.931698173284530640e-01,6.730119585990905762e-01,1.570231616497039795e-01,2.511723041534423828e-01,1.058769226074218750e+00,-1.314077079296112061e-01,-6.845977157354354858e-02,-6.333371251821517944e-02,-6.406443119049072266e-01,-3.531834781169891357e-01,-4.481226503849029541e-01,-1.033718347549438477e+00,-1.178306102752685547e+00,-1.280392646789550781e+00,3.668357059359550476e-02,-3.298970758914947510e-01,9.809997677803039551e-01,7.608624696731567383e-01,-6.381182074546813965e-01,-1.322769641876220703e+00,2.553328990936279297e+00,7.735487818717956543e-01,1.388198852539062500e+00,5.203339457511901855e-01,-8.518722057342529297e-01,-1.273311376571655273e+00,-1.616874098777770996e+00,6.389222741127014160e-01,-5.969821214675903320e-01,-5.536936521530151367e-01,-2.111389935016632080e-01,1.362210154533386230e+00,-2.544148564338684082e-01,-6.115100383758544922e-01,1.663215637207031250e+00,-2.353787571191787720e-01,-6.362884044647216797e-01,1.246184706687927246e+00,1.297225356101989746e+00,-2.231995612382888794e-01,-3.722763657569885254e-01,-1.351391792297363281e+00,1.948801130056381226e-01,5.516934394836425781e-01,-1.897508025169372559e+00,2.380318790674209595e-01,-5.650709271430969238e-01,7.032035589218139648e-01,-2.034075021743774414e+00,-1.358855813741683960e-01,8.006087541580200195e-01,-6.160939931869506836e-01,-8.679655194282531738e-01,-1.229948997497558594e+00,1.157650232315063477e+00,3.504436314105987549e-01,3.904708027839660645e-01,1.424829840660095215e+00,3.657497167587280273e-01
1.271919757127761841e-01,-6.977915167808532715e-01,-1.128779537975788116e-02,1.353100776672363281e+00,3.237691521644592285e-01,2.218445539474487305e+00,4.856456443667411804e-02,-3.073926866054534912e-01,8.353886008262634277e-01,1.850834488868713379e-01,1.274539351463317871e+00,2.701473832130432129e-01,7.568114399909973145e-01,-1.133615732192993164e+00,3.091211020946502686e-01,4.257937371730804443e-01,-2.562474459409713745e-02,7.801291942596435547e-01,-3.694173693656921387e-01,-4.981879591941833496e-01,-1.174542307853698730e+00,3.543450534343719482e-01,1.109352335333824158e-01,1.617712676525115967e-01,1.195548415184020996e+00,-1.169099688529968262e+00,5.993361473083496094e-01,-8.862305283546447754e-01,9.949772953987121582e-01,1.271601796150207520e+00,-8.446689844131469727e-01,-4.449270665645599365e-02,-1.536277413368225098e+00,5.639711022377014160e-01,8.958356827497482300e-02,1.787476658821105957e+00,-1.176396131515502930e+00,2.425138503313064575e-01,8.688230514526367188e-01,6.497026085853576660e-01,-6.227286458015441895e-01,2.699876546859741211e+00,-1.748912930488586426e-01,-7.605718374252319336e-01,2.129835337400436401e-01,1.096840739250183105e+00,-8.562384843826293945e-01,-2.653227150440216064e-01,-1.235105395317077637e+00,9.125479459762573242e-01,-4.889341592788696289e-01,1.067577719688415527e+00,2.286453694105148315e-01,-3.355160355567932129e-01,-1.669831275939941406e+00,-3.755569159984588623e-01,3.758379518985748291e-01,-1.507533192634582520e+00,8.301702141761779785e-01,-1.834850460290908813e-01,6.171826720237731934e-01,5.880313515663146973e-01,-1.396231293678283691e+00,5.429762601852416992e-01,8.618283271789550781e-01,-6.386536955833435059e-01,1.431328058242797852e+00,-2.228023856878280640e-02,1.068506002426147461e+00,-1.351372599601745605e+00,-4.257535934448242188e-01,-3.945608809590339661e-02,-6.233559250831604004e-01,-2.694112062454223633e-01,9.276807904243469238e-01,2.637750841677188873e-02,2.271589338779449463e-01,8.579380512237548828e-01,6.767163872718811035e-01,-3.090722262859344482e-01,3.286776840686798096e-01,1.433884203433990479e-01,-7.275350093841552734e-01,5.274758338928222656e-01,6.841664910316467285e-01,5.220526456832885742e-01,-5.367907285690307617e-01,1.563473641872406006e-01,4.713611304759979248e-01,-4.245559275150299072e-01,9.337120503187179565e-02,7.920277118682861328e-01,4.732009023427963257e-03,-2.055985480546951294e-01,-1.539791822433471680e+00,1.300405144691467285e+00,-1.516876101493835449e+00,-9.079653024673461914e-01,2.802814722061157227e+00,-4.849252402782440186e-01
-2.660501897335052490e-01,3.092819154262542725e-01,1.334599614143371582e+00,1.717923641204833984e+00,9.063112735748291016e-01,1.558229178190231323e-01,2.371017932891845703e-01,-4.680405557155609131e-02,-9.316421747207641602e-01,-4.844002425670623779e-01,-3.068666696548461914e+00,3.477239012718200684e-01,-8.974934220314025879e-01,-1.972154378890991211e-01,-7.915275692939758301e-01,-6.268712878227233887e-01,2.832509875297546387e-01,1.186999797821044922e+00,-1.367786288261413574e+00,1.014840126037597656e+00,1.360083937644958496e+00,-1.388935804367065430e+00,2.484025478363037109e+00,-1.901124566793441772e-01,-9.434267878532409668e-01,3.543189167976379395e-01,5.225863456726074219e-01,3.329223394393920898e-01,1.256912708282470703e+00,-3.879501521587371826e-01,8.380373716354370117e-01,1.860176563262939453e+00,-2.304730415344238281e+00,1.003896474838256836e+00,1.788982868194580078e+00,-9.477455615997314453e-01,-9.212740659713745117e-01,1.151046276092529297e+00,1.908071041107177734e+00,6.391938924789428711e-01,4.854960739612579346e-01,1.219460248947143555e+00,1.458814620971679688e+00,-2.676201462745666504e-01,3.852068781852722168e-01,-5.817279964685440063e-02,2.170532196760177612e-01,-5.305991172790527344e-01,-1.809183359146118164e-01,3.293637931346893311e-02,-6.487450003623962402e-01,-5.015239119529724121e-01,7.236239910125732422e-01,1.437153816223144531e+00,-3.297846615314483643e-01,-1.261794805526733398e+00,-1.407440304756164551e+00,1.111982583999633789e+00,1.483722329139709473e+00,-3.669153451919555664e-01,3.664112389087677002e-01,-1.544832944869995117e+00,5.985202267765998840e-02,-2.302144765853881836e-01,-1.490640193223953247e-01,-1.749857544898986816e+00,-1.093718886375427246e+00,-6.248038411140441895e-01,-1.305392861366271973e+00,-1.412909030914306641e+00,-1.575787514448165894e-01,-6.338500976562500000e-02,-1.577592015266418457e+00,-1.137127429246902466e-01,7.368330359458923340e-01,6.356477141380310059e-01,-3.437419533729553223e-01,-2.145220994949340820e+00,7.526170611381530762e-01,1.784054398536682129e+00,8.801732659339904785e-01,5.726420283317565918e-01,-1.225793719291687012e+00,-7.487884163856506348e-02,-5.133693218231201172e-01,9.336116909980773926e-01,2.765623033046722412e-01,-2.064684391021728516e+00,-5.706484317779541016e-01,-9.156848788261413574e-01,-4.287551939487457275e-01,5.007464289665222168e-01,-5.324476957321166992e-01,-1.072610616683959961e+00,8.301721215248107910e-01,-2.033899307250976562e+00,-2.615887224674224854e-01,-4.120666086673736572e-01,-9.938823059201240540e-03,-8.210656642913818359e-01
-8.065821528434753418e-01,-2.776031196117401123e-01,-2.687934637069702148e-01,5.117879509925842285e-01,-1.354429870843887329e-01,3.655326068401336670e-01,1.987817138433456421e-01,-5.027236938476562500e-01,4.420616030693054199e-01,1.517794132232666016e+00,-1.994357228279113770e+00,-7.037149071693420410e-01,1.571082949638366699e+00,-1.113834977149963379e-01,-4.934962689876556396e-01,-6.855950951576232910e-01,5.320024862885475159e-02,-1.221094369888305664e+00,6.358321309089660645e-01,-4.610384404659271240e-01,-1.251660823822021484e+00,8.289275765419006348e-01,-1.895069241523742676e+00,1.288123615086078644e-02,5.579907894134521484e-01,-5.077492445707321167e-02,8.469145298004150391e-01,8.005981892347335815e-02,5.484845638275146484e-01,-1.988432407379150391e-01,-2.537581026554107666e-01,4.285719394683837891e-01,-1.644166231155395508e+00,-7.046922445297241211e-01,1.678628444671630859e+00,-2.883768677711486816e-01,5.794811844825744629e-01,1.200690507888793945e+00,3.243459761142730713e-01,1.058595061302185059e+00,-1.013283967971801758e+00,-3.080966323614120483e-02,7.893615365028381348e-01,-4.948790371417999268e-01,3.629548847675323486e-01,-1.044643759727478027e+00,2.292951792478561401e-01,1.101617455482482910e+00,6.503903865814208984e-02,4.284445941448211670e-01,-1.182244062423706055e+00,1.105782151222229004e+00,-2.271894454956054688e+00,-6.650668978691101074e-01,5.295743942260742188e-01,-1.037098407745361328e+00,4.160470664501190186e-01,-1.400462269783020020e+00,-1.058331608772277832e+00,-1.056612372398376465e+00,-5.011876225471496582e-01,8.156162500381469727e-01,3.546741232275962830e-02,-1.817411303520202637e+00,-6.552327871322631836e-01,-1.299567103385925293e+00,-1.042371839284896851e-01,8.189045190811157227e-01,1.222427129745483398e+00,-1.396672576665878296e-01,-1.761836647987365723e+00,-3.254362940788269043e-01,2.398987710475921631e-01,-1.490642547607421875e+00,-8.608054518699645996e-01,-1.301495790481567383e+00,1.674535870552062988e-01,-1.895313560962677002e-01,-2.185082435607910156e+00,6.318078637123107910e-01,1.323509812355041504e+00,-3.429963886737823486e-01,-4.477136731147766113e-01,9.724675863981246948e-02,-6.955947726964950562e-02,-7.689877152442932129e-01,-2.078340768814086914e+00,9.105945378541946411e-02,2.185092926025390625e+00,4.423834085464477539e-01,2.388844043016433716e-01,2.111391276121139526e-01,-1.397904902696609497e-01,1.914271950721740723e+00,-9.206589460372924805e-01,1.220937252044677734e+00,6.056919097900390625e-01,1.234138011932373047e+00,5.970222353935241699e-01,-3.879128396511077881e-01
-2.507353127002716064e-01,-3.358596563339233398e-01,9.360174536705017090e-01,7.759127765893936157e-02,8.732924610376358032e-02,-9.242622554302215576e-02,-5.930186063051223755e-02,-9.195080399513244629e-01,1.299404054880142212e-01,6.958985328674316406e-01,-8.802106380462646484e-01,4.242736697196960449e-01,5.294893383979797363e-01,3.218006193637847900e-01,-3.290542602539062500e+00,-6.045266985893249512e-01,6.368003785610198975e-02,-3.743239641189575195e-01,-3.855524957180023193e-01,-2.724974751472473145e-01,2.175709486007690430e+00,-1.298143267631530762e-01,4.141945838928222656e-01,-3.062146157026290894e-02,1.415521502494812012e-01,-5.160277485847473145e-01,1.006482124328613281e+00,-1.114539057016372681e-01,-6.436853408813476562e-01,2.046274691820144653e-01,-5.286936163902282715e-01,1.479765027761459351e-01,-2.332223057746887207e-01,-5.772626996040344238e-01,1.344564557075500488e+00,4.521765708923339844e-01,-1.009753823280334473e+00,1.452029824256896973e+00,-1.088870167732238770e+00,8.859305977821350098e-01,2.116562843322753906e+00,1.680980175733566284e-01,-1.282994031906127930e+00,1.200165152549743652e-01,2.295331954956054688e-01,4.787700474262237549e-01,-1.507341384887695312e+00,1.215187430381774902e+00,1.005829423666000366e-01,-1.001727461814880371e+00,3.911379873752593994e-01,1.800550073385238647e-01,8.019983768463134766e-01,5.310773849487304688e-01,-1.791509032249450684e+00,-8.854142427444458008e-01,4.296944141387939453e-01,2.056760936975479126e-01,-1.386709809303283691e+00,1.391506195068359375e+00,-5.548454448580741882e-02,-2.612807154655456543e-01,5.374302268028259277e-01,-8.310423493385314941e-01,-9.003765583038330078e-01,2.325383760035037994e-02,-9.054788947105407715e-02,2.290617674589157104e-01,-1.424142956733703613e+00,-1.667376279830932617e+00,-5.395482778549194336e-01,4.873389005661010742e-01,-1.163208186626434326e-01,2.080069631338119507e-01,-7.225192189216613770e-01,-5.020074844360351562e-01,1.565646082162857056e-01,-2.250803261995315552e-01,9.671530723571777344e-01,-1.126376271247863770e+00,1.887532472610473633e-01,1.119001507759094238e+00,-1.417163133621215820e+00,1.251944899559020996e+00,-9.105222821235656738e-01,3.351080119609832764e-01,1.234543800354003906e+00,8.672215044498443604e-02,1.188227295875549316e+00,1.513321995735168457e+00,-8.465289473533630371e-01,6.800674200057983398e-01,5.038425326347351074e-01,-1.026275977492332458e-01,-2.373836785554885864e-01,-1.680798530578613281e+00,-9.119716286659240723e-01,8.720875382423400879e-01,-1.480688005685806274e-01,-2.529613077640533447e-01
7.667096853256225586e-01,-7.390941977500915527e-01,-2.451024949550628662e-01,-1.024868413805961609e-01,-1.768625497817993164e+00,2.639660537242889404e-01,1.434039711952209473e+00,4.885294139385223389e-01,1.086734056472778320e+00,3.630251884460449219e-01,2.231235206127166748e-01,-1.660218834877014160e-02,-2.297547101974487305e+00,-4.656946659088134766e-01,-7.648148536682128906e-01,1.994609594345092773e+00,-2.322002053260803223e-01,-1.442457139492034912e-01,7.060968875885009766e-02,-1.001398190855979919e-01,9.899617433547973633e-01,8.088926076889038086e-01,-1.977288246154785156e+00,-7.327806949615478516e-02,3.821372240781784058e-02,4.843502342700958252e-01,-1.247370600700378418e+00,4.034048318862915039e-01,2.703064680099487305e-01,1.554785013198852539e+00,8.396541476249694824e-01,-2.560604095458984375e+00,-5.628182888031005859e-01,-2.016434431076049805e+00,3.194869756698608398e-01,-5.318641066551208496e-01,-2.228986501693725586e+00,5.762085318565368652e-01,-3.726452589035034180e-01,1.890589237213134766e+00,-8.381888866424560547e-01,6.372231245040893555e-01,9.904763102531433105e-02,1.894075989723205566e+00,-6.143445372581481934e-01,4.689493775367736816e-01,1.306657314300537109e+00,6.599003076553344727e-01,-8.359584808349609375e-01,-2.703743986785411835e-03,1.097374558448791504e+00,-1.083409905433654785e+00,-3.588902056217193604e-01,6.827806830406188965e-01,3.336641192436218262e-01,-2.151926420629024506e-02,3.842100203037261963e-01,-8.101074695587158203e-01,2.889315783977508545e-01,8.590994775295257568e-02,6.054702997207641602e-01,-8.537991642951965332e-01,1.013779938220977783e-01,-8.537142872810363770e-01,-8.552542328834533691e-01,1.077951073646545410e+00,-9.882702231407165527e-01,3.644761145114898682e-01,6.316664218902587891e-01,-1.438121199607849121e+00,-2.418614149093627930e+00,1.394793748855590820e+00,-2.028928603976964951e-03,1.523623466491699219e+00,-1.416758537292480469e+00,4.600011706352233887e-01,3.055821172893047333e-03,-4.028312563896179199e-01,-1.161255359649658203e+00,8.042882680892944336e-01,1.025019764900207520e+00,2.676041424274444580e-01,-3.145698904991149902e-01,-2.899608612060546875e+00,-4.538678377866744995e-02,-2.555552423000335693e-01,-2.187221795320510864e-01,-4.736690223217010498e-02,-9.039664864540100098e-01,7.602458447217941284e-02,1.934439241886138916e-01,-4.632742404937744141e-01,-1.089975953102111816e+00,6.340820193290710449e-01,8.453893065452575684e-01,-2.451931983232498169e-01,-4.138179421424865723e-01,-1.660067915916442871e+00,-1.404072940349578857e-01,3.724865317344665527e-01
1.368452191352844238e+00,-2.135975807905197144e-01,-9.296259880065917969e-01,4.660835564136505127e-01,-3.623587787151336670e-01,8.978245258331298828e-01,2.945010364055633545e-01,-1.624720215797424316e+00,4.215128421783447266e-01,-3.857443630695343018e-01,1.419617772102355957e+00,-1.477888822555541992e+00,1.202764034271240234e+00,1.086121678352355957e+00,2.066086232662200928e-01,1.892279684543609619e-01,1.007376551628112793e+00,4.363930821418762207e-01,-5.755086541175842285e-01,2.310721389949321747e-02,9.515965580940246582e-01,-4.432465434074401855e-01,5.385739803314208984e-01,2.936205863952636719e-01,-1.029220461845397949e+00,-1.236741423606872559e+00,6.759420037269592285e-02,5.071920752525329590e-01,6.023657321929931641e-01,-6.900038719177246094e-01,1.014621019363403320e+00,-2.739805877208709717e-01,-8.284949660301208496e-01,1.163619041442871094e+00,1.944084167480468750e-01,-7.073754072189331055e-01,-1.276862025260925293e+00,6.645076870918273926e-01,-1.217476844787597656e+00,-3.274875581264495850e-01,-2.379559993743896484e+00,-8.243744373321533203e-01,-7.714109420776367188e-01,3.558045625686645508e-01,-5.169469118118286133e-01,2.573488652706146240e-01,-9.390264749526977539e-01,-1.813988804817199707e+00,-5.433287620544433594e-01,1.516336560249328613e+00,1.575184106826782227e+00,-5.972504019737243652e-01,2.520156502723693848e-01,1.076787114143371582e+00,1.089784145355224609e+00,2.154795974493026733e-01,1.098501920700073242e+00,1.655610501766204834e-01,-7.387813925743103027e-02,-1.932782828807830811e-01,-1.529502630233764648e+00,5.698746442794799805e-01,-1.222015857696533203e+00,3.154335618019104004e-01,-8.840956725180149078e-03,1.263479351997375488e+00,-2.460113018751144409e-01,-3.795641362667083740e-01,-3.989504873752593994e-01,-1.461782306432723999e-01,1.603773087263107300e-01,-2.438065528869628906e+00,-1.077700853347778320e+00,4.385721385478973389e-01,1.201905757188796997e-01,2.268075466156005859e+00,-1.420485228300094604e-01,-1.907874494791030884e-01,-1.034683346748352051e+00,1.096393227577209473e+00,-7.589355111122131348e-01,-3.478448688983917236e-01,-1.287368297576904297e+00,8.790007233619689941e-01,-3.275005146861076355e-04,-3.419127166271209717e-01,9.174841046333312988e-01,4.510061144828796387e-01,6.387882232666015625e-01,-4.942943453788757324e-01,6.797916889190673828e-01,9.478184580802917480e-02,-4.197080805897712708e-02,9.008029699325561523e-01,-2.029515027999877930e+00,3.742739558219909668e-01,-1.978382110595703125e+00,3.605800569057464600e-01,3.566359281539916992e-01,-4.671317934989929199e-01
6.692989468574523926e-01,2.492243766784667969e+00,-1.967920660972595215e+00,-7.228150367736816406e-01,4.795089736580848694e-02,-6.555038094520568848e-01,6.848182529211044312e-02,-5.128796696662902832e-01,7.961407899856567383e-01,-1.653439879417419434e+00,-7.252547740936279297e-01,8.740479946136474609e-01,1.930297732353210449e+00,1.361266493797302246e+00,3.159005045890808105e-01,-3.059410750865936279e-01,-4.502559900283813477e-01,9.525240659713745117e-01,-3.874995410442352295e-01,1.447880387306213379e+00,-1.303151965141296387e+00,9.104942679405212402e-01,-7.385311722755432129e-01,-4.505353569984436035e-01,7.775440812110900879e-01,5.116411447525024414e-01,1.073127746582031250e+00,-1.072658181190490723e+00,-4.814053475856781006e-01,-8.933072090148925781e-01,2.762527763843536377e-01,-8.086720108985900879e-02,-1.880118608474731445e+00,-2.351100444793701172e+00,5.172689557075500488e-01,-7.141877710819244385e-02,-3.072250187397003174e-01,3.242611289024353027e-01,2.254095673561096191e-01,-3.973212540149688721e-01,7.580701708793640137e-01,-1.534831285476684570e+00,-5.691456794738769531e-01,-5.325013995170593262e-01,3.647679090499877930e-01,-5.479027628898620605e-01,3.383151441812515259e-02,1.982851147651672363e+00,6.694576740264892578e-01,5.415458083152770996e-01,4.616207778453826904e-01,-3.204333484172821045e-01,5.318658798933029175e-02,2.105087518692016602e+00,-8.914011716842651367e-01,-3.023143410682678223e-01,2.629003524780273438e-01,2.289961814880371094e+00,9.137620329856872559e-01,4.462606310844421387e-01,-1.444604635238647461e+00,3.421540558338165283e-01,1.233400702476501465e+00,4.793929457664489746e-01,-1.095895290374755859e+00,2.865655422210693359e-01,-2.277183532714843750e-02,-3.537084162235260010e-01,-2.968327999114990234e+00,1.354070901870727539e+00,-1.005118563771247864e-01,-8.935214579105377197e-02,3.780939579010009766e-01,-7.357299327850341797e-01,1.727735042572021484e+00,-9.971827268600463867e-01,-8.913099765777587891e-01,-1.467462420463562012e+00,1.375711560249328613e+00,2.259172439575195312e+00,-2.204859495162963867e+00,7.519276738166809082e-01,5.613024234771728516e-01,-1.062537312507629395e+00,6.139289736747741699e-01,8.126254677772521973e-01,2.350053340196609497e-01,-9.207629561424255371e-01,8.762150406837463379e-01,-1.489266633987426758e+00,-7.734549045562744141e-01,1.004592999815940857e-01,-4.255355000495910645e-01,-7.481577992439270020e-01,1.173345088958740234e+00,-1.350249171257019043e+00,3.749476373195648193e-01,-9.343039989471435547e-01,2.056739032268524170e-01,-1.600752115249633789e+00
4.233542978763580322e-01,4.129274487495422363e-01,-2.172937989234924316e-01,-5.480466485023498535e-01,-4.312672019004821777e-01,2.411916702985763550e-01,-4.235356748104095459e-01,5.288976430892944336e-01,4.891458451747894287e-01,5.231422781944274902e-01,5.130302160978317261e-03,-1.333935856819152832e+00,-2.524573504924774170e-01,-4.516597390174865723e-01,-1.637057542800903320e+00,1.506367206573486328e+00,7.606233656406402588e-02,-6.979280114173889160e-01,-4.627574682235717773e-01,7.251837253570556641e-01,3.087134957313537598e-01,7.954067587852478027e-01,6.177256703376770020e-01,-1.214436173439025879e+00,-4.057866632938385010e-01,-3.483423590660095215e-01,5.718878507614135742e-01,-5.325330495834350586e-01,6.399720311164855957e-01,-1.156117245554924011e-01,-1.447320938110351562e+00,-1.506935507059097290e-01,-1.794042110443115234e+00,-5.235981941223144531e-01,1.847672939300537109e+00,-6.754289269447326660e-01,-9.837746620178222656e-01,-1.272182941436767578e+00,-6.155198812484741211e-01,-1.614733815193176270e+00,2.245470434427261353e-01,-1.601001977920532227e+00,3.880964815616607666e-01,5.160835385322570801e-01,-4.305656999349594116e-02,-1.589105844497680664e+00,1.621111273765563965e+00,-7.798044085502624512e-01,-6.580991148948669434e-01,-1.147024989128112793e+00,-1.076883077621459961e+00,8.523316979408264160e-01,8.872803300619125366e-02,3.782477080821990967e-01,-3.134272694587707520e-01,1.887406229972839355e+00,7.503520697355270386e-02,-1.374169625341892242e-02,2.286149859428405762e-01,-6.044965386390686035e-01,-1.068519577383995056e-01,5.527855753898620605e-01,1.173354864120483398e+00,-2.015800774097442627e-01,-9.387243539094924927e-02,1.029005765914916992e+00,-6.172930002212524414e-01,1.665368437767028809e+00,-1.271091168746352196e-03,2.246060669422149658e-01,1.078601956367492676e+00,7.303928732872009277e-01,2.415547706186771393e-02,1.489302664995193481e-01,4.328102469444274902e-01,-4.954283237457275391e-01,-9.567415714263916016e-01,5.259688496589660645e-01,-8.729087114334106445e-01,1.707440495491027832e+00,3.252710402011871338e-01,4.965557456016540527e-01,3.895128965377807617e-01,-7.366156578063964844e-01,3.715270012617111206e-02,-1.456807106733322144e-01,-1.391633272171020508e+00,1.167276978492736816e+00,-2.505759298801422119e-01,-9.787018299102783203e-01,-4.333969056606292725e-01,-1.954615488648414612e-02,9.891844987869262695e-01,-1.571575522422790527e+00,1.588791489601135254e+00,4.969596862792968750e-01,-1.215035438537597656e+00,-1.263793349266052246e+00,6.079531908035278320e-01,-1.727543234825134277e+00
3.696752786636352539e-01,5.071673989295959473e-01,8.198885321617126465e-01,-1.724226325750350952e-01,9.464263916015625000e-01,-2.931778430938720703e-01,9.989008307456970215e-01,-2.476489782333374023e+00,4.402715563774108887e-01,5.319428443908691406e-01,-4.107238650321960449e-01,5.275193452835083008e-01,6.697195768356323242e-01,-2.619991824030876160e-02,-1.497751474380493164e+00,-1.522793173789978027e-01,-4.502902626991271973e-01,8.804354667663574219e-01,-2.132936716079711914e+00,-5.153099894523620605e-01,1.208329081535339355e+00,3.045294582843780518e-01,-1.241232037544250488e+00,1.615776419639587402e+00,-5.498451590538024902e-01,-2.609468102455139160e-01,1.207524895668029785e+00,-5.116834044456481934e-01,-6.107025742530822754e-01,3.543299436569213867e-01,-8.425087332725524902e-01,5.842421203851699829e-02,1.652033068239688873e-02,6.779775023460388184e-02,-1.077767252922058105e+00,-9.588217735290527344e-01,5.737340450286865234e-01,8.990635275840759277e-01,3.929262459278106689e-01,-1.451207280158996582e+00,8.907423615455627441e-01,-1.257423162460327148e+00,-1.569565534591674805e+00,-5.195019841194152832e-01,1.028276801109313965e+00,5.813741683959960938e-01,-1.305203676223754883e+00,2.951843738555908203e-01,4.117591083049774170e-01,4.873478114604949951e-01,1.688637882471084595e-01,1.274080723524093628e-01,7.218883037567138672e-01,-1.449692547321319580e-01,-1.163263082504272461e+00,6.343756914138793945e-01,1.606072485446929932e-01,-3.227742612361907959e-01,-1.016931533813476562e+00,-6.186676025390625000e-01,6.128637790679931641e-01,-1.290145277976989746e+00,1.273689985275268555e+00,1.896456256508827209e-02,1.140220046043395996e+00,7.747862935066223145e-01,3.453286588191986084e-01,-1.242426633834838867e+00,-6.250929832458496094e-01,6.227726936340332031e-01,-3.465954363346099854e-01,4.546725451946258545e-01,2.432239055633544922e+00,1.205324307084083557e-01,-5.876417756080627441e-01,-1.877941340208053589e-01,5.125694274902343750e-01,1.357498671859502792e-02,5.125769376754760742e-01,4.391398131847381592e-01,-5.537136793136596680e-01,3.508821427822113037e-01,6.751192361116409302e-02,1.056822948157787323e-03,-6.002751588821411133e-01,-4.033645689487457275e-01,-3.236750140786170959e-02,2.059137105941772461e+00,-6.330299973487854004e-01,-4.742081761360168457e-01,-3.918185532093048096e-01,-6.039302349090576172e-01,-6.792833805084228516e-01,-4.960612058639526367e-01,-1.116554975509643555e+00,3.846248686313629150e-01,-3.456853628158569336e-01,-5.496994256973266602e-01,-5.618685483932495117e-01,-9.266768395900726318e-02
6.449638009071350098e-01,4.247078299522399902e-01,4.727780222892761230e-01,7.089169621467590332e-01,-4.628293216228485107e-01,-1.354092955589294434e+00,-7.156783938407897949e-01,8.954621106386184692e-02,-1.131299018859863281e+00,-1.768910735845565796e-01,1.517410635948181152e+00,1.369331479072570801e-01,6.194583177566528320e-01,4.603278040885925293e-01,7.755445241928100586e-01,9.280899763107299805e-01,5.937367677688598633e-01,1.272581815719604492e+00,3.474923074245452881e-01,3.017425835132598877e-01,1.357786543667316437e-02,-3.807782828807830811e-01,-1.242540478706359863e-01,1.007198810577392578e+00,-4.681786298751831055e-01,-1.104123145341873169e-01,-2.901305854320526123e-01,1.770435571670532227e+00,-1.196539878845214844e+00,6.048144698143005371e-01,-1.061238646507263184e+00,4.293903410434722900e-01,-7.417984604835510254e-01,2.010182142257690430e+00,2.361767888069152832e-01,1.078340768814086914e+00,-1.445483565330505371e+00,1.339531183242797852e+00,2.865515053272247314e-01,3.988102376461029053e-01,-5.603604316711425781e-01,8.786991834640502930e-01,1.033684372901916504e+00,-6.213563680648803711e-01,-5.435145497322082520e-01,-3.950311541557312012e-01,-1.580406069755554199e+00,-1.733456969261169434e+00,-5.302493572235107422e-01,2.286930084228515625e+00,-9.605893492698669434e-01,-6.861367821693420410e-02,-3.406087756156921387e-01,1.222859740257263184e+00,2.082860231399536133e+00,-9.179773330688476562e-01,-3.127326071262359619e-01,9.049122333526611328e-01,5.862290263175964355e-01,3.776369988918304443e-01,-1.788537025451660156e+00,-1.090566813945770264e-01,3.626134991645812988e-02,2.215600162744522095e-01,2.730746030807495117e+00,-1.146405577659606934e+00,2.087689936161041260e-01,-4.901171624660491943e-01,-1.704116761684417725e-01,-2.999666631221771240e-01,5.557324886322021484e-01,-1.774320602416992188e+00,-8.619464039802551270e-01,5.757785961031913757e-02,-7.466423511505126953e-01,8.587936758995056152e-01,-4.680246710777282715e-01,2.836995720863342285e-01,-5.803664326667785645e-01,-5.441528558731079102e-01,1.408428788185119629e+00,-4.001166522502899170e-01,2.843828201293945312e-01,-1.249136567115783691e+00,7.673828005790710449e-01,-8.119108676910400391e-01,3.048270940780639648e-01,3.694019615650177002e-01,7.337712049484252930e-01,8.081788420677185059e-01,8.848313689231872559e-01,-9.583548456430435181e-02,1.059346795082092285e+00,-5.218769311904907227e-01,9.038015007972717285e-01,2.605294585227966309e-01,-2.739950418472290039e-01,-1.023764908313751221e-01,-4.792489707469940186e-01,-6.864151954650878906e-01
-9.349122643470764160e-02,1.758445262908935547e+00,-1.673875451087951660e+00,2.304233551025390625e+00,1.518836021423339844e-01,7.122656702995300293e-01,1.449209094047546387e+00,-1.162505865097045898e+00,1.011837959289550781e+00,1.668742179870605469e+00,-1.251276135444641113e+00,-1.300961613655090332e+00,-5.124429464340209961e-01,-1.118331104516983032e-01,4.970831871032714844e-01,9.064633250236511230e-01,-1.751968860626220703e+00,7.763746380805969238e-02,-6.096553802490234375e-01,1.445158004760742188e+00,-4.525569081306457520e-01,6.042503565549850464e-02,8.377590179443359375e-01,9.736217260360717773e-01,3.017192363739013672e+00,-6.262049078941345215e-02,1.328289508819580078e-01,-8.312507867813110352e-01,-1.088992357254028320e+00,1.236246466636657715e+00,-1.989882998168468475e-02,-1.107008680701255798e-01,-1.286302208900451660e+00,-1.616785645484924316e+00,1.058267593383789062e+00,8.761389255523681641e-01,-9.413716197013854980e-01,6.118578910827636719e-01,-2.439026594161987305e+00,-1.027465939521789551e+00,9.781810641288757324e-01,-1.190364360809326172e+00,1.919877767562866211e+00,4.153016209602355957e-01,-1.570371985435485840e+00,-7.068504095077514648e-01,-3.661623597145080566e-01,-1.016318321228027344e+00,-1.101834058761596680e+00,2.333982229232788086e+00,-5.286422967910766602e-01,-2.066943496465682983e-01,-2.267389893531799316e-01,-1.305803470313549042e-02,-8.831791281700134277e-01,-7.225450873374938965e-02,1.574196219444274902e-01,-1.385416746139526367e+00,5.317369103431701660e-01,-7.902035713195800781e-01,-5.283761620521545410e-01,4.964350163936614990e-01,-5.532588958740234375e-01,-1.063813924789428711e+00,5.685938596725463867e-01,1.990802213549613953e-02,8.644341826438903809e-01,3.085156679153442383e-01,-1.131864309310913086e+00,-1.821271330118179321e-02,4.991125166416168213e-01,7.804448008537292480e-01,-5.834320187568664551e-01,-4.555068314075469971e-01,-6.961215734481811523e-01,2.406110614538192749e-01,-1.762432813644409180e+00,-7.045675516128540039e-01,-2.392323464155197144e-01,3.985346555709838867e-01,1.566160559654235840e+00,3.691349327564239502e-01,1.534047722816467285e-01,-1.329351067543029785e+00,-1.106240272521972656e+00,-4.603471755981445312e-01,-5.534902215003967285e-01,9.253753423690795898e-01,-1.436604022979736328e+00,-6.967273950576782227e-01,4.105042666196823120e-03,-4.791228473186492920e-01,6.362071633338928223e-01,-1.799472212791442871e+00,1.536191225051879883e+00,-7.759804129600524902e-01,-1.583708167076110840e+00,1.784841299057006836e+00,8.776291608810424805e-01,1.518197178840637207e+00
