1.271129846572875977e+00,-4.098707437515258789e-01,2.620599269866943359e-01,-3.947037160396575928e-01,5.908831954002380371e-01,6.727241724729537964e-02,4.581546187400817871e-01,2.380282878875732422e-01,-7.464514374732971191e-01,-1.233387470245361328e+00,3.090562224388122559e-01,3.813773691654205322e-01,2.432111978530883789e+00,-1.759576559066772461e+00,-3.975331187248229980e-01,2.055267095565795898e+00,4.653311669826507568e-01,1.576149344444274902e+00,-6.898536086082458496e-01,5.850687250494956970e-02,1.032333150506019592e-01,-1.195286989212036133e+00,1.002914786338806152e+00,3.333883881568908691e-01,2.148777842521667480e-01,-4.366267919540405273e-01,4.990760236978530884e-02,-6.786001473665237427e-02,7.904815077781677246e-01,-7.970955967903137207e-01,1.465069413185119629e+00,-1.716264009475708008e+00,1.606610774993896484e+00,1.857616305351257324e+00,-8.867143839597702026e-02,6.160560846328735352e-01,2.282859325408935547e+00,-1.935822844505310059e+00,3.918546736240386963e-01,-8.755298852920532227e-01,-9.167534112930297852e-02,6.257495880126953125e-01,-3.015829622745513916e-01,-3.855931805446743965e-03,9.138284325599670410e-01,4.068064987659454346e-01,-2.581991851329803467e-01,-1.486320972442626953e+00,-7.913876175880432129e-01,-4.493440091609954834e-01,4.665794670581817627e-01,5.255331993103027344e-01,-1.276541590690612793e+00,1.068099260330200195e+00,-2.608886361122131348e-01,-9.435087442398071289e-01,-1.192873954772949219e+00,-5.842717885971069336e-01,1.024905085563659668e+00,1.643652468919754028e-01,-8.412617444992065430e-01,6.970067024230957031e-01,5.992475748062133789e-01,7.041340470314025879e-01,1.344651579856872559e+00,-3.156941235065460205e-01,6.216461062431335449e-01,7.563521265983581543e-01,-9.393387436866760254e-01,1.364539504051208496e+00,-1.191767528653144836e-01,7.095827460289001465e-01,-9.399608969688415527e-01,1.591142296791076660e+00,2.557199597358703613e-01,-1.210113048553466797e+00,-5.893994495272636414e-02,-4.129706323146820068e-01,2.131737917661666870e-01,5.438261032104492188e-01,-1.197189927101135254e+00,6.426735967397689819e-02,-4.034585654735565186e-01,5.601076483726501465e-01,-7.422270774841308594e-01,-1.035384535789489746e+00,-1.608116984367370605e+00,1.460371613502502441e+00,-1.785294413566589355e-01,2.042544633150100708e-01,2.401884645223617554e-01,3.433979749679565430e-01,8.892371654510498047e-01,1.841251015663146973e+00,3.283184170722961426e-01,9.784587025642395020e-01,-5.484591722488403320e-01,-5.508784651756286621e-01,-4.143409430980682373e-01,4.020466506481170654e-01
8.004763722419738770e-01,2.549323141574859619e-01,4.432363808155059814e-01,1.825790107250213623e-01,1.234903931617736816e+00,1.461797803640365601e-01,-5.284760594367980957e-01,4.834226071834564209e-01,6.815057247877120972e-02,-9.516340494155883789e-02,1.011775612831115723e+00,-1.886443614959716797e+00,1.271057009696960449e+00,-1.430009841918945312e+00,2.156808078289031982e-01,2.071318149566650391e+00,6.694794446229934692e-02,1.560645341873168945e+00,2.554165720939636230e-01,4.989588856697082520e-01,-8.953192234039306641e-01,1.525622010231018066e+00,1.133952587842941284e-01,-5.707179307937622070e-01,4.807205200195312500e-01,1.812844038009643555e+00,4.333382248878479004e-01,5.216729640960693359e-01,3.590061366558074951e-01,1.338887691497802734e+00,6.652576476335525513e-02,-1.007715821266174316e+00,-3.912995457649230957e-01,6.366074085235595703e-01,9.835510253906250000e-01,8.010992407798767090e-02,7.672551870346069336e-01,1.194967746734619141e+00,6.763160973787307739e-02,-1.425308823585510254e+00,-3.881915807723999023e-01,-1.286530494689941406e+00,-1.471475958824157715e+00,2.049214839935302734e+00,-1.090503811836242676e+00,-9.044391512870788574e-01,-6.006650328636169434e-01,-2.059561461210250854e-01,1.049146294593811035e+00,-3.983048200607299805e-01,-8.293514251708984375e-01,7.937299609184265137e-01,1.591613888740539551e+00,-2.415717691183090210e-01,1.073798418045043945e+00,-4.548581540584564209e-01,-4.198804199695587158e-01,8.656459450721740723e-01,2.721156775951385498e-01,-9.638201594352722168e-01,-1.339091509580612183e-01,-8.942218869924545288e-02,7.244100570678710938e-01,8.209960460662841797e-01,-6.816417574882507324e-01,-1.744867801666259766e+00,1.328988671302795410e-01,-4.709182381629943848e-01,3.337270319461822510e-01,-1.050783991813659668e+00,-1.249243259429931641e+00,-1.077536225318908691e+00,1.055869534611701965e-01,-8.881684541702270508e-01,2.587305307388305664e-01,-1.088277220726013184e+00,4.336634874343872070e-01,5.788492783904075623e-02,2.281917572021484375e+00,-6.604228615760803223e-01,-1.387784123420715332e+00,1.599696874618530273e+00,-8.612756729125976562e-01,1.918038964271545410e+00,-2.147575318813323975e-01,-2.979890108108520508e-01,8.664082884788513184e-01,-1.537784814834594727e+00,-1.270194351673126221e-01,1.251784205436706543e+00,-4.539483487606048584e-01,1.372594952583312988e+00,-1.258251786231994629e+00,4.534060657024383545e-01,9.823313355445861816e-01,2.615600228309631348e-01,7.375211715698242188e-01,-4.296300709247589111e-01,4.962208867073059082e-02,2.250735521316528320e+00
-1.403043389320373535e+00,-4.370293021202087402e-01,-3.512151241302490234e-01,6.694687530398368835e-03,-4.307766258716583252e-01,1.465241312980651855e+00,6.832889318466186523e-01,-8.103195428848266602e-01,4.253751337528228760e-01,-5.445631742477416992e-01,1.011860489845275879e+00,-1.411166548728942871e+00,-9.782038331031799316e-01,1.134173154830932617e+00,-2.194897085428237915e-01,-4.025205075740814209e-01,1.111414313316345215e+00,-2.126985788345336914e+00,-9.927245974540710449e-01,-8.340333104133605957e-01,-5.398284792900085449e-01,2.605261504650115967e-01,2.869308292865753174e-01,-1.369119644165039062e+00,-9.178070425987243652e-01,5.324209928512573242e-01,-8.918274044990539551e-01,-7.372879981994628906e-01,-7.063458561897277832e-01,-1.404421478509902954e-01,1.417221069335937500e+00,-1.483478903770446777e+00,8.539245724678039551e-01,-1.215251088142395020e-01,-6.080897450447082520e-01,-5.866704881191253662e-02,2.831590175628662109e-01,-2.113454788923263550e-01,-6.872577071189880371e-01,-3.466826081275939941e-01,1.566924214363098145e+00,8.175688982009887695e-01,-9.054381251335144043e-01,4.334392845630645752e-01,5.519097670912742615e-02,-2.656651258468627930e+00,1.424829006195068359e+00,2.968482673168182373e-01,7.893088459968566895e-01,2.602542340755462646e-01,2.813849449157714844e-01,1.751196011900901794e-02,-2.900513634085655212e-02,-1.187624454498291016e+00,-1.336946725845336914e+00,7.283952236175537109e-01,1.320814937353134155e-01,-4.786002933979034424e-01,1.203222632408142090e+00,1.497731506824493408e-01,-1.121676042675971985e-01,3.513567745685577393e-01,3.026237487792968750e-01,-1.907559394836425781e+00,3.593136370182037354e-01,-8.245900869369506836e-01,1.286106705665588379e+00,2.819258570671081543e-01,-7.488557696342468262e-01,-1.273960351943969727e+00,3.916954994201660156e-01,-1.226626873016357422e+00,-6.731545925140380859e-01,-8.235353827476501465e-01,-3.817484378814697266e-01,-2.233537882566452026e-01,-2.135905265808105469e+00,-7.937240004539489746e-01,-1.089861869812011719e+00,1.342389464378356934e+00,-5.338392853736877441e-01,-3.205730319023132324e-01,2.436063140630722046e-01,5.563473105430603027e-01,-1.429236054420471191e+00,3.239682912826538086e-01,-1.127775669097900391e+00,1.325824141502380371e+00,2.048948258161544800e-01,6.449025273323059082e-01,-1.090313911437988281e+00,-1.230926036834716797e+00,2.318850994110107422e+00,1.186331629753112793e+00,1.225737452507019043e+00,-1.798990249633789062e+00,9.642693400382995605e-01,-6.297765374183654785e-01,-1.661065578460693359e+00,-3.971267342567443848e-01
-4.327868819236755371e-01,2.762909280136227608e-03,7.056332230567932129e-01,9.619547128677368164e-01,-5.455780029296875000e-01,-4.421424567699432373e-01,-2.778580486774444580e-01,2.669800221920013428e-01,-3.930246829986572266e-01,5.924177914857864380e-02,-2.598923742771148682e-01,-1.111204624176025391e-01,-9.814517498016357422e-01,-8.452775478363037109e-01,-3.489063382148742676e-01,-3.043991923332214355e-01,-2.765302658081054688e-01,-6.727651357650756836e-01,5.713165998458862305e-01,-2.203968465328216553e-01,1.164992570877075195e+00,2.413104027509689331e-01,-4.381060134619474411e-03,2.362109184265136719e+00,1.449977874755859375e+00,-2.265775352716445923e-01,-1.983287930488586426e-02,8.593465089797973633e-01,-3.206055760383605957e-01,-1.539311766624450684e+00,2.972062826156616211e-01,6.173850297927856445e-01,9.144197106361389160e-01,1.836062550544738770e+00,-2.159326225519180298e-01,-1.496585130691528320e+00,-1.776104450225830078e+00,7.420640587806701660e-01,-1.157926678657531738e+00,1.043167114257812500e+00,1.394833326339721680e+00,8.149427771568298340e-01,3.324814140796661377e-01,4.890083670616149902e-01,-8.838601708412170410e-01,-7.654973864555358887e-01,7.327767014503479004e-01,2.385792493820190430e+00,7.820203900337219238e-01,1.932505071163177490e-01,-2.653875350952148438e+00,1.002856731414794922e+00,2.622986435890197754e-01,1.163453578948974609e+00,-6.119863390922546387e-01,2.532029449939727783e-01,-1.164162397384643555e+00,-1.743863821029663086e+00,-2.693228960037231445e+00,-2.685276269912719727e+00,-3.662462532520294189e-01,-1.667569875717163086e+00,-5.535719394683837891e-01,8.356625437736511230e-01,3.059786558151245117e-01,1.909330606460571289e+00,-3.745511770248413086e-01,1.369588017463684082e+00,-1.203763842582702637e+00,7.384078502655029297e-01,-1.634558439254760742e-01,-6.837339997291564941e-01,-7.702430486679077148e-01,2.308495044708251953e+00,-7.731537222862243652e-01,8.999141305685043335e-02,-1.416559815406799316e-01,9.281844496726989746e-01,1.622631430625915527e+00,1.048357963562011719e+00,-2.963742017745971680e-01,-1.454523578286170959e-02,8.340908885002136230e-01,9.952830672264099121e-01,1.656656742095947266e+00,-2.295787036418914795e-01,1.464586734771728516e+00,2.510383367538452148e+00,-4.914732873439788818e-01,-9.161962866783142090e-01,-1.444414973258972168e+00,-5.170173048973083496e-01,2.178216576576232910e-01,3.867341578006744385e-01,3.743902742862701416e-01,-2.886685431003570557e-01,-4.422950744628906250e-01,-5.505445599555969238e-01,-6.703667640686035156e-01,1.439043760299682617e+00
-5.587167739868164062e-01,-6.270790100097656250e-01,1.066681928932666779e-03,1.513405323028564453e+00,6.523452401161193848e-01,-2.505556941032409668e-01,6.992471814155578613e-01,-4.927945137023925781e-02,1.259900093078613281e+00,1.590823888778686523e+00,6.650057435035705566e-02,1.030632972717285156e+00,5.913276076316833496e-01,9.805713295936584473e-01,-9.745095372200012207e-01,-2.752406001091003418e-01,-4.197229743003845215e-01,3.803098797798156738e-01,7.307709455490112305e-01,-4.949626028537750244e-01,6.203046813607215881e-02,-8.192997574806213379e-01,2.435055822134017944e-01,-1.073310971260070801e+00,-5.366082768887281418e-03,2.892921268939971924e-01,1.039575815200805664e+00,6.939827203750610352e-01,-2.687045633792877197e-01,1.313043951988220215e+00,9.987732768058776855e-01,1.372698664665222168e+00,5.850395932793617249e-02,9.665080159902572632e-02,4.591397047042846680e-01,-5.539577007293701172e-01,-7.641150802373886108e-02,-2.372417449951171875e-01,-1.674356222152709961e+00,2.020166158676147461e+00,-9.007042646408081055e-02,8.859497308731079102e-02,-1.951192021369934082e+00,-1.123861551284790039e+00,-1.470872759819030762e+00,-1.956287384033203125e+00,-1.082372739911079407e-01,-3.399960398674011230e-01,2.127630561590194702e-01,-1.219302296638488770e+00,-4.619120955467224121e-01,-5.718442797660827637e-01,-7.950299382209777832e-01,1.298464685678482056e-01,-5.219542384147644043e-01,3.039363324642181396e-01,-6.314049959182739258e-01,-8.938642144203186035e-01,2.750081717967987061e-01,-1.039385676383972168e+00,3.306854069232940674e-01,-8.040115237236022949e-01,-1.664874434471130371e+00,4.778415560722351074e-01,-2.226245552301406860e-01,-3.042523562908172607e-02,4.736644029617309570e-02,-9.950965642929077148e-01,5.563106536865234375e-01,9.397968053817749023e-01,-1.804607659578323364e-01,-1.166779160499572754e+00,-6.286198496818542480e-01,2.057961463928222656e+00,-2.213939905166625977e+00,-1.367170453071594238e+00,-3.616528958082199097e-02,-1.138491630554199219e+00,1.622204333543777466e-01,-3.551544845104217529e-01,1.175758957862854004e+00,-6.716430187225341797e-02,2.428203672170639038e-01,-1.344495892524719238e+00,5.636774897575378418e-01,5.788224935531616211e-01,1.126755475997924805e+00,-1.169690012931823730e+00,2.508882582187652588e-01,1.308212399482727051e+00,-7.138614058494567871e-01,-1.406623363494873047e+00,1.862657219171524048e-01,4.919346868991851807e-01,-1.005841970443725586e+00,-1.377703309059143066e+00,8.175340890884399414e-01,7.435781955718994141e-01,9.839473664760589600e-02,6.469941735267639160e-01
-2.707377076148986816e-01,1.907265186309814453e+00,1.206045866012573242e+00,1.735860347747802734e+00,-1.290667176246643066e+00,1.330358624458312988e+00,2.167084693908691406e+00,5.859966874122619629e-01,-1.151545524597167969e+00,-9.296790361404418945e-01,-4.102118313312530518e-01,-1.189182877540588379e+00,3.451680839061737061e-01,-8.013216257095336914e-01,-1.474702596664428711e+00,1.828921556472778320e+00,-4.891537129878997803e-01,-8.797008991241455078e-01,1.531618833541870117e+00,-8.405023217201232910e-01,-2.495793819427490234e+00,-2.737069502472877502e-02,1.384245753288269043e+00,2.783767879009246826e-01,-1.303530812263488770e+00,1.623784899711608887e+00,-1.966026782989501953e+00,-1.104473322629928589e-01,6.833786964416503906e-01,-6.505019664764404297e-01,3.948435187339782715e-01,9.480285644531250000e-01,-6.039042472839355469e-01,-2.141023397445678711e+00,8.439685106277465820e-01,-1.127857089042663574e+00,1.452131390571594238e+00,1.375190973281860352e+00,6.058880090713500977e-01,6.185094714164733887e-01,-1.405933618545532227e+00,1.799672245979309082e-01,1.279816031455993652e-01,7.920901477336883545e-02,-2.888392657041549683e-02,-2.485944479703903198e-01,7.142065167427062988e-01,2.185597181320190430e+00,1.616884112358093262e+00,-4.379120767116546631e-01,-7.891741394996643066e-01,-6.623956561088562012e-01,-5.448228120803833008e-01,-1.225120663642883301e+00,3.679525479674339294e-02,-1.628478169441223145e+00,-5.990928038954734802e-02,-3.624586462974548340e-01,-1.165774822235107422e+00,-6.654954552650451660e-01,-3.850603103637695312e-01,1.047831892967224121e+00,2.905557632446289062e+00,-9.387886524200439453e-01,1.333490490913391113e+00,-1.063965201377868652e+00,-3.800441324710845947e-01,-5.424931049346923828e-01,-4.621676802635192871e-01,-1.189434647560119629e+00,4.307286143302917480e-01,3.027931213378906250e+00,1.588467478752136230e+00,-1.064256876707077026e-01,6.444156765937805176e-01,2.312593460083007812e+00,9.187447428703308105e-01,7.493326067924499512e-01,-1.262767463922500610e-01,-1.666078448295593262e+00,2.435628175735473633e+00,-7.198352217674255371e-01,-4.746648371219635010e-01,-7.416694164276123047e-01,1.234794020652770996e+00,-1.190859436988830566e+00,-5.337663888931274414e-01,4.452614486217498779e-01,-7.158363461494445801e-01,3.226387500762939453e-01,4.765641689300537109e-01,-4.817307293415069580e-01,-9.675131440162658691e-01,3.099952936172485352e-01,-1.007215231657028198e-01,-2.322045564651489258e-01,2.800317853689193726e-02,1.226868391036987305e+00,-4.222481697797775269e-02,-1.247952222824096680e+00
1.609929092228412628e-02,4.144771099090576172e-01,-1.334296315908432007e-01,-7.001039981842041016e-01,4.309647679328918457e-01,-2.676178216934204102e-01,5.927833318710327148e-01,4.617716073989868164e-01,6.208345890045166016e-01,-1.645634055137634277e+00,7.259100079536437988e-01,-9.902437329292297363e-01,-1.309939384460449219e+00,-9.133583903312683105e-01,-8.206838965415954590e-01,4.056374132633209229e-01,1.555817365646362305e+00,-5.018266439437866211e-01,-2.193258702754974365e-01,1.632146358489990234e+00,2.536320500075817108e-02,3.766511380672454834e-02,9.784704446792602539e-02,1.497572302818298340e+00,5.609309673309326172e-01,-1.492599844932556152e+00,2.346231937408447266e+00,-7.464184761047363281e-01,-3.707908689975738525e-01,5.521237850189208984e-01,-4.083816409111022949e-01,-1.593287110328674316e+00,-1.620515823364257812e+00,1.235552310943603516e+00,-1.598819017410278320e+00,-1.329749822616577148e+00,-1.783329248428344727e+00,-1.413872003555297852e+00,-1.106038808822631836e+00,7.995425462722778320e-01,-6.604038476943969727e-01,9.258919358253479004e-01,-5.016077756881713867e-01,7.891590595245361328e-01,7.513950467109680176e-01,1.365129351615905762e+00,-2.664182901382446289e+00,-1.294279217720031738e+00,1.086540222167968750e+00,8.160744905471801758e-01,5.459218025207519531e-01,8.512063026428222656e-01,-9.042760133743286133e-01,-9.531291723251342773e-01,-1.027192831039428711e+00,-3.303638473153114319e-02,-1.160098671913146973e+00,3.653577268123626709e-01,7.685638219118118286e-02,1.759938150644302368e-02,-4.005238413810729980e-01,-7.908235192298889160e-01,-4.020062983036041260e-01,1.242459416389465332e+00,-8.084819912910461426e-01,-1.095928788185119629e+00,1.772814631462097168e+00,3.662561178207397461e-01,-1.731385350227355957e+00,-2.048835754394531250e+00,2.940237522125244141e-01,-2.060181200504302979e-01,1.192635536193847656e+00,1.520945549011230469e+00,-9.723224639892578125e-01,2.084056138992309570e+00,5.022302269935607910e-01,1.143695712089538574e+00,1.130702853202819824e+00,1.976983189582824707e+00,1.070167899131774902e+00,8.034718632698059082e-01,-2.043789386749267578e+00,7.548644542694091797e-01,1.468890309333801270e+00,-1.979509472846984863e+00,-6.966048385947942734e-03,-7.828269004821777344e-01,-1.136451005935668945e+00,5.322059616446495056e-02,-2.827474355697631836e+00,1.581155419349670410e+00,-1.441335916519165039e+00,-1.000807166099548340e+00,-9.611501693725585938e-01,-6.451233625411987305e-01,-1.898798346519470215e-01,1.158366441726684570e+00,6.122647523880004883e-01,-1.822954177856445312e+00
-1.647988706827163696e-01,-1.189751029014587402e+00,-1.346402764320373535e+00,-1.125526726245880127e-01,5.412858128547668457e-01,1.930822730064392090e+00,-5.287278294563293457e-01,1.903723359107971191e+00,-4.249693751335144043e-01,4.182360172271728516e-01,1.436376690864562988e+00,1.168126463890075684e+00,1.045685261487960815e-01,1.926586627960205078e+00,1.337327718734741211e+00,-1.088299512863159180e+00,-7.452102303504943848e-01,2.597003579139709473e-01,5.613301992416381836e-01,-9.153599739074707031e-01,5.589387416839599609e-01,3.479130983352661133e+00,-1.000997781753540039e+00,9.837582707405090332e-01,6.591974496841430664e-01,-7.144969701766967773e-02,-2.819356024265289307e-01,1.197070598602294922e+00,7.595875859260559082e-01,-4.303573817014694214e-02,-3.930717408657073975e-01,8.393337130546569824e-01,-4.591561257839202881e-01,2.690228223800659180e-01,-3.706800937652587891e-01,-7.698894739151000977e-01,1.694215238094329834e-01,3.351956307888031006e-01,-8.714952506124973297e-03,2.463180106133222580e-03,-2.261783182621002197e-02,8.960978984832763672e-01,-1.109781742095947266e+00,-1.681488752365112305e-01,-4.666244685649871826e-01,3.186769783496856689e-01,-3.354582488536834717e-01,3.247932195663452148e-01,1.128577709197998047e+00,1.708373576402664185e-01,-7.020116448402404785e-01,4.055109322071075439e-01,9.319169521331787109e-01,-1.527213811874389648e+00,3.801575422286987305e+00,4.819773435592651367e-01,-8.103886246681213379e-01,4.678280353546142578e-01,-6.627839803695678711e-01,-1.050282478332519531e+00,1.738754391670227051e+00,-7.384403347969055176e-01,-3.671465516090393066e-01,-2.786114811897277832e-01,-1.589159607887268066e+00,-7.153788805007934570e-01,-1.209985733032226562e+00,3.371418714523315430e+00,-5.350086838006973267e-02,8.009243607521057129e-01,-1.500317811965942383e+00,1.716329604387283325e-01,1.068220853805541992e+00,-5.919343233108520508e-01,-8.135625720024108887e-01,-1.053799033164978027e+00,9.656988978385925293e-01,-4.724238216876983643e-01,6.830071806907653809e-01,-1.896102547645568848e+00,4.752524495124816895e-01,2.734639644622802734e-01,-5.172429680824279785e-01,-4.642817378044128418e-01,-3.361348807811737061e-02,8.698178529739379883e-01,-9.942110180854797363e-01,-5.017044022679328918e-02,-3.000069856643676758e+00,3.975596427917480469e-01,1.767939567565917969e+00,3.959679305553436279e-01,-7.682260870933532715e-01,1.262744069099426270e+00,-5.898348093032836914e-01,1.816280007362365723e+00,-4.362535178661346436e-01,1.715940833091735840e+00,5.603299662470817566e-02,-3.700708448886871338e-01
-5.669203400611877441e-01,7.884129136800765991e-02,-2.770585417747497559e-01,1.563127279281616211e+00,5.935486033558845520e-02,-1.658856868743896484e+00,1.329663544893264771e-01,-5.568754076957702637e-01,7.635962963104248047e-01,5.262141227722167969e-01,1.510439753532409668e+00,7.875115871429443359e-01,-5.292967557907104492e-01,2.558780014514923096e-01,-5.501892566680908203e-01,2.537601590156555176e-01,-4.833682477474212646e-01,1.068118587136268616e-01,-9.641623497009277344e-01,-9.531943798065185547e-01,-1.472669392824172974e-01,-4.235492348670959473e-01,-8.655452132225036621e-01,-1.127394437789916992e+00,-9.156075716018676758e-01,-1.366440892219543457e+00,-1.306760013103485107e-01,-1.683082938194274902e+00,-6.794044375419616699e-01,6.202261447906494141e-01,4.857049882411956787e-01,-1.371154785156250000e+00,-9.925138950347900391e-02,5.240581035614013672e-01,1.148299947381019592e-01,-9.988421201705932617e-01,-2.851888835430145264e-01,5.635136961936950684e-01,-4.225790202617645264e-01,3.068263530731201172e-01,2.319369554519653320e+00,7.884270548820495605e-01,2.182869672775268555e+00,5.054071545600891113e-01,-5.960833653807640076e-02,-3.152391016483306885e-01,-2.308183431625366211e+00,-3.798031508922576904e-01,-1.193848013877868652e+00,-4.611218571662902832e-01,-8.690780997276306152e-01,-1.093594551086425781e+00,3.389787673950195312e-01,-3.964950144290924072e-01,-1.750082969665527344e+00,-4.554042518138885498e-01,-7.787082344293594360e-02,-4.914590716361999512e-02,-1.156974792480468750e+00,1.509075760841369629e-01,6.645700931549072266e-01,-1.169053316116333008e+00,-4.673628509044647217e-01,-3.546777665615081787e-01,2.005337953567504883e+00,1.461395144462585449e+00,6.006460785865783691e-01,7.563312053680419922e-01,-8.794040679931640625e-01,6.138960123062133789e-01,9.648453444242477417e-02,-1.093860983848571777e+00,-3.318660557270050049e-01,6.793191432952880859e-01,3.153112828731536865e-01,1.350858092308044434e+00,-2.599473297595977783e-01,1.308523416519165039e+00,4.845023155212402344e-01,-1.521512866020202637e+00,-4.139053821563720703e-01,4.825022220611572266e-01,2.628783881664276123e-01,-1.078785583376884460e-01,4.043304920196533203e-01,3.072647333145141602e+00,1.729865372180938721e-01,-4.520751833915710449e-01,-1.051532983779907227e+00,-3.624628186225891113e-01,-2.495730370283126831e-01,7.961554527282714844e-01,6.121481657028198242e-01,-2.414651364088058472e-01,-2.149736404418945312e+00,-6.435075402259826660e-01,8.416470885276794434e-01,1.956553012132644653e-01,-6.255967617034912109e-01,-5.374373197555541992e-01
-2.651204466819763184e-01,-2.511973381042480469e+00,-4.327195286750793457e-01,1.621908247470855713e-01,-2.194705963134765625e+00,-3.149597346782684326e-01,1.473876088857650757e-01,-7.858883142471313477e-01,9.480575919151306152e-01,-3.033793866634368896e-01,-1.324359297752380371e+00,-9.522818922996520996e-01,5.287793278694152832e-01,-1.937708258628845215e-01,-2.391855955123901367e+00,-9.610889554023742676e-01,2.775650322437286377e-01,3.210824429988861084e-01,8.469121456146240234e-01,-5.939714312553405762e-01,4.093529284000396729e-01,1.011739730834960938e+00,-6.780231595039367676e-01,2.979644834995269775e-01,6.233158707618713379e-01,1.638578474521636963e-01,8.915038704872131348e-01,-7.932385206222534180e-01,-1.388946652412414551e+00,-4.396065771579742432e-01,9.479953348636627197e-02,1.853453397750854492e+00,-9.073129892349243164e-01,-5.338974595069885254e-01,-1.044125199317932129e+00,1.041994243860244751e-02,-3.850728571414947510e-01,-4.170175492763519287e-01,2.050293385982513428e-01,6.530225872993469238e-01,2.761893987655639648e+00,1.817053914070129395e+00,1.890852093696594238e+00,2.369177192449569702e-01,-6.362240314483642578e-01,-5.934689044952392578e-01,6.421562433242797852e-01,3.061599135398864746e-01,1.474344015121459961e+00,-3.171816766262054443e-01,6.491185426712036133e-01,2.846285104751586914e+00,3.515067994594573975e-01,1.144747018814086914e+00,-1.519464105367660522e-01,-3.784035146236419678e-01,-1.849161386489868164e-01,-1.487139225006103516e+00,1.202564358711242676e+00,-1.574313759803771973e+00,1.045927777886390686e-01,-4.127668738365173340e-01,-8.994100242853164673e-02,-2.726736068725585938e-01,3.822778463363647461e-01,-5.882886424660682678e-02,-1.490287423133850098e+00,2.458133697509765625e-01,1.928597807884216309e+00,1.102651730179786682e-01,2.153367996215820312e+00,1.392726749181747437e-01,9.298058748245239258e-01,-3.633355498313903809e-01,4.287061840295791626e-02,-2.893908023834228516e-01,-1.835547924041748047e+00,1.723950743675231934e+00,7.324419021606445312e-01,1.470101118087768555e+00,7.601304054260253906e-01,1.165142655372619629e+00,4.005284309387207031e-01,1.718993544578552246e+00,-2.446114718914031982e-01,-3.617673218250274658e-01,-1.105412393808364868e-01,-1.047872543334960938e+00,-3.305922150611877441e-01,2.459831714630126953e+00,1.383396387100219727e+00,-9.992758631706237793e-01,6.635820269584655762e-01,7.013103365898132324e-01,-4.235815405845642090e-01,-9.100031852722167969e-01,1.267911314964294434e+00,-3.861759006977081299e-01,2.340739369392395020e-01,1.097924232482910156e+00
-1.211439967155456543e+00,2.475512325763702393e-01,1.119051814079284668e+00,5.218487381935119629e-01,-8.010979890823364258e-01,-3.222867846488952637e-01,-8.375995755195617676e-01,5.222361087799072266e-01,3.430740535259246826e-01,-2.234282940626144409e-01,7.947353124618530273e-01,-8.286405205726623535e-01,-3.165285587310791016e-01,-2.117217540740966797e+00,-3.326045870780944824e-01,1.167441129684448242e+00,7.611892223358154297e-01,1.640714049339294434e+00,2.654931135475635529e-02,1.754168391227722168e+00,-7.089281678199768066e-01,-3.470854759216308594e-01,-1.622727990150451660e+00,-7.726738452911376953e-01,-9.625210426747798920e-03,-7.326400279998779297e-01,-5.197102427482604980e-01,8.890727162361145020e-02,6.732507795095443726e-02,9.501305222511291504e-02,1.544250249862670898e+00,9.264890551567077637e-01,-1.438682675361633301e+00,3.266070842742919922e+00,1.515960574150085449e+00,-1.494131088256835938e+00,-2.250015139579772949e-01,-1.191736698150634766e+00,-4.337895512580871582e-01,9.688036441802978516e-01,-8.913230299949645996e-01,-8.327955603599548340e-01,4.904600381851196289e-01,3.726230263710021973e-01,-1.350804090499877930e+00,1.087470054626464844e+00,-2.228865027427673340e-01,9.282997846603393555e-01,-1.672696620225906372e-01,-1.535045981407165527e+00,1.038150429725646973e+00,-3.950601220130920410e-01,6.123068332672119141e-01,2.780356816947460175e-02,1.722461581230163574e-01,-1.850878477096557617e+00,6.291671395301818848e-01,3.815180063247680664e-01,-3.614262640476226807e-01,5.333085060119628906e-01,-1.047659039497375488e+00,6.960246562957763672e-01,1.528511524200439453e+00,2.987825125455856323e-02,-2.053341627120971680e+00,6.936733126640319824e-01,1.566723823547363281e+00,-1.316313028335571289e+00,6.703289151191711426e-01,-2.671741843223571777e-01,-1.298197031021118164e+00,1.414353013038635254e+00,-6.896747946739196777e-01,1.796046197414398193e-01,9.420538544654846191e-01,-9.515156149864196777e-01,-7.017585039138793945e-01,-7.273693084716796875e-01,-1.227442860603332520e+00,-1.600442290306091309e+00,3.185427784919738770e-01,1.993705332279205322e-01,-1.213431596755981445e+00,-2.253911197185516357e-01,7.478206753730773926e-01,7.779459357261657715e-01,1.215413331985473633e+00,-2.522831559181213379e-01,5.526947379112243652e-01,-2.270512133836746216e-01,-6.637299656867980957e-01,9.605301618576049805e-01,-7.228296399116516113e-01,1.480935454368591309e+00,-1.764425754547119141e+00,7.065144181251525879e-01,-1.118273735046386719e+00,-8.455862402915954590e-01,-9.158284664154052734e-01,-1.529913544654846191e+00
8.107495307922363281e-01,-1.638112068176269531e-01,1.925125122070312500e-01,-1.659745573997497559e+00,1.953490138053894043e+00,-4.716202914714813232e-01,-2.812479063868522644e-02,1.137677311897277832e+00,-1.114206552505493164e+00,3.577400445938110352e-01,4.853616356849670410e-01,5.408219099044799805e-01,-1.045173883438110352e+00,7.562784850597381592e-02,-2.411295771598815918e-01,6.259114295244216919e-02,7.912872731685638428e-02,1.788315296173095703e+00,-1.166749119758605957e+00,-8.143449574708938599e-02,5.735782980918884277e-01,2.445498943328857422e+00,-3.644753992557525635e-01,5.457111820578575134e-02,2.187993675470352173e-01,1.391651630401611328e+00,3.834659457206726074e-01,-2.405216097831726074e-01,3.242824971675872803e-01,1.925924062728881836e+00,2.385548800230026245e-01,-3.789730966091156006e-01,8.996326327323913574e-01,2.015054970979690552e-01,-2.916509658098220825e-02,-1.681334227323532104e-01,4.752236604690551758e-02,4.394016861915588379e-01,5.141878724098205566e-01,-1.372395396232604980e+00,1.569905996322631836e+00,-5.096612572669982910e-01,1.035156920552253723e-01,-5.901883840560913086e-01,-6.509761810302734375e-01,8.599086403846740723e-01,5.750494003295898438e-01,-1.287781119346618652e+00,-1.660904645919799805e+00,-1.890861868858337402e+00,-2.130279242992401123e-01,-1.025337934494018555e+00,-5.273930728435516357e-02,1.297364711761474609e+00,-1.249485909938812256e-01,-4.764629602432250977e-01,6.121537089347839355e-01,-6.491467952728271484e-01,-1.562842488288879395e+00,9.465727210044860840e-02,-4.250810146331787109e-01,-1.713804960250854492e+00,7.249959707260131836e-01,1.590222001075744629e+00,-8.748606443405151367e-01,-3.800888061523437500e-01,-1.893299579620361328e+00,7.262420654296875000e-01,-6.044186949729919434e-01,-3.219465911388397217e-01,-8.329834342002868652e-01,-1.958302259445190430e+00,-9.497320055961608887e-01,1.549724340438842773e-01,-2.164028644561767578e+00,-4.036387801170349121e-01,6.766092181205749512e-01,-2.477136254310607910e-01,-3.454900085926055908e-01,1.105912566184997559e+00,8.197811245918273926e-01,-1.069824337959289551e+00,-1.639078140258789062e+00,-6.122871041297912598e-01,7.196330428123474121e-01,-1.444112509489059448e-01,-7.489640116691589355e-01,1.384599328041076660e+00,-3.076182305812835693e-01,-2.581995427608489990e-01,1.391973495483398438e-01,-4.127892851829528809e-01,-6.900849938392639160e-02,-1.175508260726928711e+00,8.509010076522827148e-02,3.604719340801239014e-01,1.045041322708129883e+00,-4.355753064155578613e-01,-1.705437153577804565e-01,-3.374246358871459961e-01
-8.880017995834350586e-01,-1.520760178565979004e+00,-3.958285450935363770e-01,1.092615008354187012e+00,-1.087944626808166504e+00,-6.169251725077629089e-02,3.643094003200531006e-01,-6.371159851551055908e-02,9.610950946807861328e-01,1.142127215862274170e-01,5.377728343009948730e-01,7.969118952751159668e-01,-6.524549126625061035e-01,1.019392967224121094e+00,-1.276044487953186035e+00,-2.019066810607910156e-01,1.004212141036987305e+00,6.810772418975830078e-02,-2.125723510980606079e-01,-1.311506748199462891e+00,1.488425016403198242e+00,1.458108663558959961e+00,-4.984842240810394287e-01,-4.274981841444969177e-02,2.191943526268005371e-01,3.583895862102508545e-01,-5.162892341613769531e-01,5.821997523307800293e-01,4.315565824508666992e-01,-4.116483926773071289e-01,-2.215584963560104370e-01,-7.703272104263305664e-01,4.167242944240570068e-01,1.092354178428649902e+00,7.417129278182983398e-01,-8.525045961141586304e-02,-1.899366736412048340e+00,-1.270891547203063965e+00,6.330972313880920410e-01,-1.666310191154479980e+00,-2.593434095382690430e+00,1.663710623979568481e-01,1.152227401733398438e+00,4.584614932537078857e-02,1.092987656593322754e+00,-1.803324669599533081e-01,1.808765292167663574e+00,-1.128773093223571777e+00,-5.567460656166076660e-01,1.893239259719848633e+00,-3.228073716163635254e-01,-2.884145081043243408e-01,2.174872875213623047e+00,1.087209105491638184e+00,5.439237356185913086e-01,1.387410163879394531e+00,1.566859841346740723e+00,2.029165983200073242e+00,-6.247398257255554199e-01,-1.381125450134277344e-01,1.079658418893814087e-02,-1.253170371055603027e-01,2.152852714061737061e-01,-1.161627650260925293e+00,8.870813250541687012e-01,3.835159819573163986e-03,-1.048577666282653809e+00,8.408579826354980469e-01,-1.542854011058807373e-01,2.033177137374877930e+00,-7.349720001220703125e-01,-1.687594689428806305e-02,1.281322479248046875e+00,4.833513498306274414e-01,-1.309324860572814941e+00,-2.035487413406372070e+00,-9.818049073219299316e-01,6.947266459465026855e-01,-8.442224264144897461e-01,6.227619946002960205e-02,-1.073647975921630859e+00,7.046251296997070312e-01,5.429050326347351074e-01,-1.072539210319519043e+00,1.152199432253837585e-01,-4.110939204692840576e-01,-2.967757940292358398e+00,-9.893283247947692871e-01,1.086089730262756348e+00,1.252720117568969727e+00,-5.261965394020080566e-01,1.549787044525146484e+00,4.088975191116333008e-01,1.419740200042724609e+00,-1.430479157716035843e-02,-4.787381291389465332e-01,-9.168493747711181641e-01,9.713107347488403320e-01,5.120849013328552246e-01,-1.481972575187683105e+00
1.036350369453430176e+00,7.088651657104492188e-01,-6.996287405490875244e-02,4.215101003646850586e-01,5.998620986938476562e-01,-7.740267515182495117e-01,1.372226238250732422e+00,1.511108756065368652e+00,-4.149232804775238037e-01,1.137216925621032715e+00,1.467437982559204102e+00,1.760279536247253418e+00,-7.017903923988342285e-01,1.548715710639953613e+00,3.489268720149993896e-01,3.399580121040344238e-01,-6.341863870620727539e-01,-1.138202190399169922e+00,4.280863702297210693e-01,4.403103291988372803e-01,-9.212283492088317871e-01,-9.134202003479003906e-01,1.285645365715026855e+00,-1.759015440940856934e+00,-1.730663776397705078e+00,1.880478858947753906e-02,-5.871751308441162109e-01,-1.826260387897491455e-01,1.400706768035888672e+00,-3.768735229969024658e-01,-2.336390018463134766e-01,6.965997219085693359e-01,7.328605651855468750e-01,8.772299289703369141e-01,3.728585541248321533e-01,1.517585944384336472e-02,2.197613716125488281e+00,1.199635982513427734e+00,-1.342784613370895386e-02,-4.806573688983917236e-01,-1.590788513422012329e-01,-5.106627941131591797e-01,-1.291972875595092773e+00,-1.147445917129516602e+00,1.256983876228332520e+00,-8.665716648101806641e-01,9.487692117691040039e-01,4.615798294544219971e-01,-6.149733066558837891e-01,1.679004192352294922e+00,-7.876892089843750000e-01,6.843932271003723145e-01,3.325877487659454346e-01,-4.655754566192626953e-01,-1.099238038063049316e+00,-5.591021850705146790e-02,4.883617460727691650e-01,5.831552147865295410e-01,2.937159501016139984e-02,-1.231310963630676270e+00,5.347962379455566406e-01,-5.888936668634414673e-02,-1.316404223442077637e+00,-8.180876374244689941e-01,-7.613970041275024414e-01,1.387541890144348145e+00,8.708595633506774902e-01,-3.108023166656494141e+00,-1.124288439750671387e+00,5.818684101104736328e-01,4.530570805072784424e-01,-6.853001713752746582e-01,-3.176910877227783203e-01,2.216123342514038086e+00,-1.585204243659973145e+00,-7.571837306022644043e-01,-6.610604524612426758e-01,1.187131166458129883e+00,1.394480824470520020e+00,-3.078472912311553955e-01,5.372954607009887695e-01,-5.189672708511352539e-01,-2.520822286605834961e-01,6.936238408088684082e-01,-1.225003719329833984e+00,6.141284704208374023e-01,-5.109084248542785645e-01,-2.959730625152587891e-01,-6.037338376045227051e-01,-7.964844107627868652e-01,-9.654340744018554688e-01,-8.037387132644653320e-01,-5.551355481147766113e-01,5.005409717559814453e-01,5.658323168754577637e-01,-5.932519212365150452e-02,1.957587242126464844e+00,-7.873760461807250977e-01,4.250247776508331299e-01,2.721538841724395752e-01
-1.632805705070495605e+00,1.456704735755920410e-01,-8.206328749656677246e-01,3.889642357826232910e-01,1.083960682153701782e-01,-1.602902412414550781e-01,1.195497661828994751e-01,-5.330722928047180176e-01,1.034329295158386230e+00,-1.573101043701171875e+00,2.294622182846069336e+00,-6.610776185989379883e-01,-1.145939230918884277e-01,-4.867140054702758789e-01,2.070149332284927368e-01,6.711429357528686523e-01,8.656121492385864258e-01,-4.460985362529754639e-01,4.166488945484161377e-01,3.967553004622459412e-02,1.211490750312805176e+00,1.637288928031921387e-01,6.426852941513061523e-02,-1.058961823582649231e-01,2.003057718276977539e+00,1.537519097328186035e-01,-3.310858458280563354e-02,-1.004725337028503418e+00,4.425828456878662109e-01,-1.608985304832458496e+00,-3.038909137248992920e-01,-1.333376407623291016e+00,-1.040710330009460449e+00,3.693431615829467773e-01,5.156447291374206543e-01,8.782323598861694336e-01,-4.155198857188224792e-02,-4.101978242397308350e-02,3.059473633766174316e-01,3.183628618717193604e-01,5.478072166442871094e-01,-9.607543945312500000e-01,8.118258714675903320e-01,-9.943170100450515747e-02,4.184783697128295898e-01,4.751323163509368896e-01,-1.914049029350280762e+00,-9.185644984245300293e-01,-1.506662845611572266e+00,-8.646267056465148926e-01,-9.444440007209777832e-01,-1.128793954849243164e+00,-3.203628659248352051e-01,2.318791151046752930e+00,-1.913862705230712891e+00,-4.358360767364501953e-01,-5.515032410621643066e-01,-2.205060243606567383e+00,8.775367140769958496e-01,-1.812605738639831543e+00,-6.859066486358642578e-01,-7.540220022201538086e-01,1.287512540817260742e+00,-5.801410675048828125e-01,4.339565932750701904e-01,2.179455459117889404e-01,1.380742788314819336e+00,4.183683395385742188e-01,-1.062395796179771423e-01,9.570725560188293457e-01,9.831491112709045410e-02,6.267694234848022461e-01,1.391614794731140137e+00,4.528749287128448486e-01,6.354186683893203735e-02,-1.314765930175781250e+00,-8.204091191291809082e-01,-2.906356751918792725e-01,-1.236514568328857422e+00,3.542864620685577393e-01,1.182752728462219238e+00,-1.049415469169616699e+00,-9.993700385093688965e-01,-6.333723198622465134e-03,2.574611641466617584e-02,8.808458447456359863e-01,-1.180930018424987793e+00,5.811344981193542480e-01,5.540877114981412888e-03,8.119012415409088135e-02,1.630161404609680176e-01,1.302638053894042969e+00,3.593769073486328125e-01,2.745604813098907471e-01,-1.738426804542541504e+00,-4.806793332099914551e-01,8.440127968788146973e-01,-1.332738161087036133e+00,-4.433915615081787109e-01,1.192982912063598633e+00
2.053042203187942505e-01,-4.542910754680633545e-01,-1.583434104919433594e+00,-1.715059280395507812e+00,-1.064037203788757324e+00,-4.570555090904235840e-01,-1.827110528945922852e+00,1.004304170608520508e+00,1.181420564651489258e+00,-6.448326110839843750e-01,5.997185707092285156e-01,7.464655041694641113e-01,5.059146285057067871e-01,4.741787910461425781e-03,1.034914016723632812e+00,-1.739604830741882324e+00,-1.810021281242370605e+00,-1.043495297431945801e+00,-6.516574621200561523e-01,3.907187283039093018e-02,4.409095644950866699e-01,-1.708131656050682068e-02,1.967401653528213501e-01,1.354906082153320312e+00,-3.549598753452301025e-01,4.513682797551155090e-02,-1.489400863647460938e+00,-8.062178492546081543e-01,-1.603477001190185547e+00,-9.673754572868347168e-01,-3.506141006946563721e-01,1.212380647659301758e+00,-1.886455416679382324e+00,5.871703848242759705e-02,4.557022154331207275e-01,2.172444581985473633e+00,7.225224375724792480e-01,-1.095265507698059082e+00,1.337257623672485352e+00,8.470718562602996826e-02,-1.253405958414077759e-01,-4.091478139162063599e-02,4.725863337516784668e-01,-9.463961124420166016e-01,9.578945636749267578e-01,-2.281070686876773834e-02,9.714922904968261719e-01,-3.145428299903869629e-01,-2.577871084213256836e-01,-9.543657302856445312e-01,1.894653320312500000e+00,1.069889307022094727e+00,-1.089927911758422852e+00,-1.608291864395141602e+00,1.515235781669616699e+00,8.877127170562744141e-01,7.731257081031799316e-01,7.233582437038421631e-02,1.661854535341262817e-01,-4.492537584155797958e-03,7.071223855018615723e-01,-4.804974794387817383e-01,-8.506483435630798340e-01,1.319172501564025879e+00,-5.781348347663879395e-01,6.137568354606628418e-01,-5.522404313087463379e-01,5.370679870247840881e-02,4.366755485534667969e-01,1.814279079437255859e+00,-1.544375061988830566e+00,-6.833292841911315918e-01,1.843994140625000000e+00,3.633886873722076416e-01,2.754022777080535889e-01,6.121783256530761719e-01,3.955805599689483643e-01,-2.652878522872924805e+00,1.027601122856140137e+00,1.560552716255187988e-01,6.179209351539611816e-01,1.054415225982666016e+00,-4.484492838382720947e-01,-2.810237884521484375e+00,-9.372088313102722168e-01,-1.829944252967834473e-01,-5.911342501640319824e-01,6.630825344473123550e-03,8.607953786849975586e-01,-2.697722315788269043e-01,-2.757892906665802002e-01,9.135407209396362305e-01,4.875912666320800781e-01,4.220162983983755112e-03,2.834323048591613770e-01,-5.562883615493774414e-01,7.963883876800537109e-01,-9.023668169975280762e-01,4.483510851860046387e-01,9.836162924766540527e-01
6.154744029045104980e-01,-1.680555462837219238e+00,7.271450757980346680e-01,5.352392792701721191e-01,6.753606349229812622e-02,1.449975848197937012e+00,7.070297598838806152e-01,2.178758859634399414e+00,-6.786853075027465820e-01,-7.669197861105203629e-03,-8.634838461875915527e-01,3.769918084144592285e-01,-3.893215060234069824e-01,-1.110055088996887207e+00,-9.110136628150939941e-01,-3.458181023597717285e-01,5.159020423889160156e-01,-1.116703897714614868e-01,-3.797344267368316650e-01,8.189371228218078613e-01,-3.366195857524871826e-01,2.797989606857299805e+00,-1.715434193611145020e-01,3.919540941715240479e-01,-5.620243549346923828e-01,2.883955836296081543e-01,-8.252336382865905762e-01,7.194013595581054688e-01,-1.799533069133758545e-01,-1.257259964942932129e+00,9.878428578376770020e-01,-2.280233800411224365e-01,-8.905709385871887207e-01,-9.075262546539306641e-01,-2.335531949996948242e+00,-1.560828924179077148e+00,-1.374604344367980957e+00,1.659924507141113281e+00,8.593342900276184082e-01,2.001951634883880615e-01,1.683715224266052246e+00,-2.269530296325683594e+00,-1.458633691072463989e-01,1.333738446235656738e+00,-7.498396188020706177e-02,-1.848599463701248169e-01,-2.103112697601318359e+00,-1.409085512161254883e+00,-9.309991002082824707e-01,-6.456238031387329102e-01,3.042052984237670898e-01,6.480389833450317383e-01,9.163359999656677246e-01,2.176551818847656250e+00,1.463358283042907715e+00,-3.713233232498168945e+00,-1.050107359886169434e+00,-1.366574048995971680e+00,1.129318475723266602e+00,2.530288696289062500e+00,-6.704465746879577637e-01,2.031791210174560547e+00,-8.436772823333740234e-01,-5.693917870521545410e-01,7.524402141571044922e-01,1.103844940662384033e-01,6.528587341308593750e-01,1.260139584541320801e+00,1.485392808914184570e+00,-9.132795333862304688e-01,2.613481879234313965e-01,-3.384690880775451660e-01,-1.849820137023925781e+00,3.084784746170043945e-01,1.902173832058906555e-02,1.352019421756267548e-02,1.292748689651489258e+00,-1.545903831720352173e-01,-4.273024499416351318e-01,1.844753384590148926e+00,-1.693125247955322266e+00,7.473083734512329102e-01,-2.160780668258666992e+00,7.729665637016296387e-01,1.598627924919128418e+00,-4.453790485858917236e-01,2.686412811279296875e+00,-1.422516703605651855e-01,-5.810323357582092285e-01,5.275864005088806152e-01,-8.499121665954589844e-01,1.768116354942321777e+00,7.716637849807739258e-01,-4.539704695343971252e-02,4.557586014270782471e-01,3.878196179866790771e-01,-8.627817034721374512e-01,-8.628292009234428406e-03,-9.021630883216857910e-02,-1.021984815597534180e+00
-1.630857586860656738e+00,1.249984741210937500e+00,3.791002035140991211e-01,8.736876398324966431e-02,-7.975914478302001953e-01,1.902347207069396973e-01,1.344641327857971191e+00,-1.266762495040893555e+00,-4.545769393444061279e-01,-6.716520190238952637e-01,-4.513020217418670654e-01,-1.182489275932312012e+00,4.394914805889129639e-01,3.987709581851959229e-01,-1.050631880760192871e+00,-1.101081445813179016e-01,-9.002029299736022949e-01,3.115246295928955078e-01,-1.713527798652648926e+00,-1.604517102241516113e+00,1.730518043041229248e-01,6.849640011787414551e-01,1.136254072189331055e+00,3.818249106407165527e-01,1.429455876350402832e+00,-1.700500249862670898e-01,1.020952701568603516e+00,-2.028238773345947266e+00,-1.353562116622924805e+00,9.891095757484436035e-01,7.201908230781555176e-01,1.206626892089843750e+00,-4.426540732383728027e-01,9.580357670783996582e-01,-8.737142682075500488e-01,-1.376531958580017090e+00,1.454810500144958496e+00,-5.471272468566894531e-01,4.898616373538970947e-01,-7.123384475708007812e-01,-1.575424969196319580e-01,-2.770210504531860352e-01,-1.965780556201934814e-01,-3.084524869918823242e-01,1.534783244132995605e-01,-9.758009761571884155e-02,3.648340404033660889e-01,-7.752267122268676758e-01,1.181608080863952637e+00,2.004420310258865356e-01,-2.013339661061763763e-02,-3.932591378688812256e-01,-2.934858322143554688e+00,5.427162051200866699e-01,3.418368101119995117e-01,6.926968693733215332e-01,-1.672879606485366821e-02,-2.633689641952514648e-01,4.633989185094833374e-02,-4.522680342197418213e-01,8.386394381523132324e-01,3.623073399066925049e-01,9.335085749626159668e-01,-1.408766627311706543e+00,-6.413060426712036133e-01,-7.217751145362854004e-01,5.166026353836059570e-01,9.953449368476867676e-01,-4.580172598361968994e-01,2.976287603378295898e-01,-8.685084432363510132e-02,1.009024262428283691e+00,9.899834990501403809e-01,-9.105485677719116211e-01,-2.692729234695434570e-01,-9.719341397285461426e-01,6.951996684074401855e-01,2.897864341735839844e+00,9.541773200035095215e-01,-6.547294855117797852e-01,-9.203902482986450195e-01,-3.845976591110229492e-01,-1.603604197502136230e+00,2.348705083131790161e-01,1.863082647323608398e+00,2.223750799894332886e-01,5.978355407714843750e-01,6.253100633621215820e-01,3.920613527297973633e-01,-4.703440368175506592e-01,8.309468626976013184e-01,-1.480780005455017090e+00,8.683087229728698730e-01,9.113773703575134277e-01,6.249560713768005371e-01,-8.810825347900390625e-01,-2.215242683887481689e-01,-5.135403871536254883e-01,-1.728533208370208740e-01,5.516952872276306152e-01
3.792328536510467529e-01,-6.968364715576171875e-01,-3.865883052349090576e-01,8.577877879142761230e-01,4.647988379001617432e-01,2.918704450130462646e-01,-6.434111595153808594e-01,4.083002507686614990e-01,-5.524333715438842773e-01,-5.017126202583312988e-01,3.797618150711059570e-01,6.607083678245544434e-01,-1.022015586495399475e-01,-1.486911326646804810e-01,-5.867257118225097656e-01,9.012029767036437988e-01,-2.912938892841339111e-01,1.326490163803100586e+00,9.047321081161499023e-01,1.295479774475097656e+00,1.947524666786193848e+00,7.483438253402709961e-01,8.282136321067810059e-01,-1.054029345512390137e+00,-4.659010767936706543e-01,-1.800679117441177368e-01,-1.146812319755554199e+00,8.756467103958129883e-01,-2.119710594415664673e-01,-5.467159748077392578e-01,-2.133979797363281250e-01,-2.141504764556884766e+00,-2.499780356884002686e-01,-1.400865674018859863e+00,-9.513241052627563477e-01,1.967267632484436035e+00,-1.861129105091094971e-01,2.412273585796356201e-01,5.917560458183288574e-01,1.497791767120361328e+00,-3.393912017345428467e-01,8.352428674697875977e-01,7.177749872207641602e-01,3.286175131797790527e-01,5.578282475471496582e-01,-1.018489360809326172e+00,-1.510708808898925781e+00,-7.765482068061828613e-01,-1.311988472938537598e+00,2.381064295768737793e-01,-6.391916871070861816e-01,3.315399959683418274e-02,2.565995752811431885e-01,1.168203711509704590e+00,-6.265054941177368164e-01,-1.700387120246887207e+00,-7.296039462089538574e-01,3.305591940879821777e-01,4.171231985092163086e-01,3.112179040908813477e-01,6.940120458602905273e-01,6.320133209228515625e-01,2.548944652080535889e-01,-1.811467528343200684e+00,5.556926131248474121e-01,7.655308842658996582e-01,1.348744988441467285e+00,7.004189491271972656e-01,-5.287665724754333496e-01,-8.250645548105239868e-02,1.824834585189819336e+00,9.907933473587036133e-01,2.690032482147216797e+00,9.712707996368408203e-01,-9.394593238830566406e-01,1.040272694081068039e-02,1.602044582366943359e+00,-2.886729538440704346e-01,-9.800693988800048828e-01,-7.847675085067749023e-01,-9.489840865135192871e-01,-5.024985074996948242e-01,7.016471624374389648e-01,-4.147695899009704590e-01,7.328693270683288574e-01,1.299016952514648438e+00,-2.146385423839092255e-02,-3.625474870204925537e-01,-1.526233792304992676e+00,1.010340809822082520e+00,6.279789656400680542e-02,-8.057753443717956543e-01,-9.460401535034179688e-01,5.088145136833190918e-01,-6.216724514961242676e-01,2.271064966917037964e-01,9.923707842826843262e-01,7.906717061996459961e-02,2.676997520029544830e-02,2.752589993178844452e-03
9.247691035270690918e-01,6.466747522354125977e-01,1.068033456802368164e+00,-3.085100948810577393e-01,2.894140779972076416e-01,-7.963681221008300781e-01,-4.621843993663787842e-01,-5.983251929283142090e-01,7.252089381217956543e-01,-4.079342484474182129e-01,9.315110445022583008e-01,4.134161025285720825e-02,-6.526976227760314941e-01,9.727278351783752441e-02,-1.613792538642883301e+00,4.678165316581726074e-01,1.070271968841552734e+00,6.147804856300354004e-01,3.071836829185485840e-01,-8.973348736763000488e-01,-1.772044152021408081e-01,-7.511666417121887207e-01,-1.813635468482971191e+00,-1.402833700180053711e+00,1.407001495361328125e+00,1.600390076637268066e+00,1.704620003700256348e+00,-1.048718571662902832e+00,-1.174181327223777771e-01,-4.566264748573303223e-01,1.545566558837890625e+00,1.434490084648132324e+00,8.929364085197448730e-01,5.878292322158813477e-01,5.972814932465553284e-02,1.012728691101074219e+00,1.583828568458557129e+00,-1.889065355062484741e-01,5.944442152976989746e-01,-7.180457711219787598e-01,9.397850632667541504e-01,-1.362897157669067383e+00,-1.242626786231994629e+00,1.895448565483093262e+00,-1.231856822967529297e+00,1.438162922859191895e-01,-1.006158590316772461e+00,-1.489905565977096558e-01,-1.276727318763732910e+00,7.067881226539611816e-01,-3.415738642215728760e-01,-7.999368906021118164e-01,-4.249995946884155273e-01,3.592655062675476074e-01,-1.325307726860046387e+00,-4.551443755626678467e-01,7.537741065025329590e-01,-3.537724027410149574e-03,-4.116086363792419434e-01,8.761731386184692383e-01,-1.117935657501220703e+00,1.871411085128784180e+00,-2.458719909191131592e-01,3.697203099727630615e-01,4.392748773097991943e-01,1.383966505527496338e-01,-5.801656842231750488e-01,8.583264946937561035e-01,3.769307136535644531e-01,-9.446687102317810059e-01,5.934759378433227539e-01,-1.188018441200256348e+00,-2.039104700088500977e-01,-6.577358841896057129e-01,-5.837784409523010254e-01,-2.247147709131240845e-01,7.874992489814758301e-01,-5.160768628120422363e-01,1.647061824798583984e+00,-1.542041182518005371e+00,5.161366462707519531e-01,-4.417154490947723389e-01,1.483502388000488281e+00,-8.396261930465698242e-01,-3.835684657096862793e-01,-7.251636981964111328e-01,1.594177484512329102e-01,-4.030370414257049561e-01,-4.142464697360992432e-01,-7.358295917510986328e-01,1.279591798782348633e+00,-3.715090453624725342e-01,9.216084480285644531e-01,-1.727752238512039185e-01,-2.297257073223590851e-02,-2.312554717063903809e-01,1.549820899963378906e+00,1.265110611915588379e+00,-5.806511044502258301e-01,-2.483820766210556030e-01
-1.840331912040710449e+00,1.151228308677673340e+00,1.673391014337539673e-01,-5.271084904670715332e-01,-1.373256564140319824e+00,-2.040713578462600708e-01,-1.488139986991882324e+00,-1.813470125198364258e+00,-1.084863394498825073e-01,4.434081912040710449e-01,-2.073741912841796875e+00,3.491655886173248291e-01,-4.267331361770629883e-01,6.291725039482116699e-01,-6.729107499122619629e-01,9.544768929481506348e-01,1.875630021095275879e-01,4.005715548992156982e-01,-4.024958238005638123e-02,-2.010337114334106445e-01,6.010009050369262695e-01,-1.906107068061828613e-01,9.623808264732360840e-01,3.347870409488677979e-01,-9.323454499244689941e-01,-4.670096635818481445e-01,1.735279321670532227e+00,3.155867457389831543e-01,-1.008046865463256836e+00,1.216416880488395691e-01,1.126711845397949219e+00,6.256193518638610840e-01,-8.096521496772766113e-01,-1.825696602463722229e-02,-3.239089846611022949e-01,-5.631355643272399902e-01,4.762771725654602051e-01,1.244754195213317871e+00,8.456897735595703125e-01,5.826739072799682617e-01,6.221348047256469727e-01,-9.073246121406555176e-01,1.763070523738861084e-01,-1.017765522003173828e+00,1.365422308444976807e-01,4.699057340621948242e-01,4.791578054428100586e-01,-7.118894904851913452e-02,-8.279842138290405273e-01,1.253439903259277344e+00,6.018291786313056946e-02,1.901849389076232910e+00,-7.527220249176025391e-01,-6.540834158658981323e-02,4.051355645060539246e-02,1.068972945213317871e+00,-1.149923577904701233e-01,8.536604642868041992e-01,-1.293043732643127441e+00,-1.418715357780456543e+00,-3.561431765556335449e-01,-9.514479041099548340e-01,1.146331310272216797e+00,1.191404834389686584e-01,-2.397444993257522583e-01,6.331657767295837402e-01,-6.638759374618530273e-02,-6.842575669288635254e-01,-1.025678634643554688e+00,1.312351107597351074e+00,9.184662699699401855e-01,9.547241330146789551e-01,-1.127594590187072754e+00,6.931555867195129395e-01,1.157640933990478516e+00,7.212433218955993652e-01,-8.065062761306762695e-02,1.769791007041931152e+00,2.363714456558227539e+00,6.897121071815490723e-01,1.664522409439086914e+00,1.505836844444274902e-01,1.523827482014894485e-02,-6.322593092918395996e-01,2.650870382785797119e-01,1.519234538078308105e+00,-3.318511247634887695e-01,-3.985551297664642334e-01,6.165006756782531738e-01,5.822285264730453491e-02,1.751950263977050781e+00,-5.687159299850463867e-01,3.415633738040924072e-01,-4.032643884420394897e-02,-9.954103827476501465e-02,1.042097732424736023e-01,-1.017266869544982910e+00,-2.813365221023559570e+00,-9.602826833724975586e-01,-2.407409548759460449e-01
-1.311895996332168579e-01,-1.067930579185485840e+00,7.169317007064819336e-01,-9.711586833000183105e-01,1.854631662368774414e+00,1.085994914174079895e-01,2.820356190204620361e-01,-1.506269812583923340e+00,-1.468471884727478027e+00,2.554259002208709717e-01,1.358791708946228027e+00,-1.248083710670471191e-01,-4.337957128882408142e-02,4.984821006655693054e-02,4.100432395935058594e-01,-1.612655878067016602e+00,-1.038870215415954590e+00,-1.554492861032485962e-02,-1.586881279945373535e+00,1.195894956588745117e+00,-2.400884032249450684e-01,-6.618824005126953125e-01,1.418214082717895508e+00,3.262856483459472656e+00,-1.260042667388916016e+00,-1.636207461357116699e+00,-5.970379710197448730e-01,-1.303276538848876953e+00,1.295980930328369141e+00,6.995768547058105469e-01,-2.136559635400772095e-01,7.628162503242492676e-01,4.757623970508575439e-01,-4.504137337207794189e-01,-3.237447738647460938e-01,4.384168088436126709e-01,-3.528369069099426270e-01,-9.860299527645111084e-02,1.584992855787277222e-01,-4.821219742298126221e-01,8.041903972625732422e-01,-9.342536330223083496e-01,-5.924756526947021484e-01,3.184781372547149658e-01,7.220376282930374146e-02,3.880867660045623779e-01,1.045782446861267090e+00,-1.964531987905502319e-01,1.926045298576354980e+00,-1.428447842597961426e+00,-1.067146807909011841e-01,5.520395636558532715e-01,1.832051426172256470e-01,8.412438631057739258e-01,1.403924465179443359e+00,-2.237143278121948242e+00,1.932464540004730225e-01,-2.323462665081024170e-01,-3.509810566902160645e-01,-4.171899855136871338e-01,-7.027660012245178223e-01,2.176173329353332520e-01,-3.552176952362060547e-01,1.471835374832153320e+00,1.491527915000915527e+00,-1.272393941879272461e+00,-5.136166810989379883e-01,5.503398180007934570e-01,-8.844082951545715332e-01,1.073228001594543457e+00,-1.783883124589920044e-01,-3.736971318721771240e-01,1.161353349685668945e+00,1.148804664611816406e+00,6.470954418182373047e-01,2.059779912233352661e-01,1.216645836830139160e-01,9.514990448951721191e-02,4.315943419933319092e-01,2.114242315292358398e-01,3.419730067253112793e-01,3.050719387829303741e-02,7.701528072357177734e-01,2.395853400230407715e-01,1.056676149368286133e+00,5.865117907524108887e-01,-1.257687620818614960e-02,-2.806543707847595215e-01,2.155199289321899414e+00,-2.262101888656616211e+00,2.280882596969604492e+00,7.900134325027465820e-01,2.803247570991516113e-01,2.028789520263671875e+00,3.091720342636108398e-01,-7.288582921028137207e-01,-3.272863626480102539e-01,-9.530681967735290527e-01,-9.943242669105529785e-01,-7.139756083488464355e-01
1.486571192741394043e+00,-1.296133697032928467e-01,4.917129278182983398e-01,9.588392376899719238e-01,-1.335993409156799316e+00,-5.149735212326049805e-01,-1.464475274085998535e+00,-7.304708659648895264e-02,-1.105610132217407227e+00,-8.594402670860290527e-01,-1.925996303558349609e+00,-1.556111693382263184e+00,5.367146134376525879e-01,-1.038533329963684082e+00,5.142768621444702148e-01,1.737028956413269043e+00,-1.263871937990188599e-01,-9.569042921066284180e-02,-2.379348687827587128e-02,-4.799843728542327881e-01,1.190354585647583008e+00,5.463523268699645996e-01,1.945839673280715942e-01,5.922816395759582520e-01,-1.552000403404235840e+00,-6.893605925142765045e-03,5.931359529495239258e-01,-1.478381361812353134e-02,1.926928311586380005e-01,-3.942271471023559570e-01,2.752216577529907227e+00,-5.156718492507934570e-01,3.234101831912994385e-01,2.095485687255859375e+00,1.739809513092041016e+00,1.166107058525085449e+00,-5.873075127601623535e-01,-4.386077523231506348e-01,-4.537529647350311279e-01,-2.647494375705718994e-01,-1.682473540306091309e+00,-4.562104344367980957e-01,1.608303666114807129e+00,1.911582827568054199e+00,1.051972150802612305e+00,-4.392364919185638428e-01,-3.398124873638153076e-01,7.506744861602783203e-01,1.256879806518554688e+00,2.058086693286895752e-01,4.081164598464965820e-01,-3.621501922607421875e-01,-6.216772198677062988e-01,-2.916693128645420074e-02,1.001512527465820312e+00,2.661933898925781250e-01,-9.398592710494995117e-01,-1.699956536293029785e+00,-6.796867251396179199e-01,-2.313853502273559570e+00,9.075250625610351562e-01,5.208876729011535645e-01,4.444997012615203857e-01,-7.794863730669021606e-02,-9.713550209999084473e-01,-1.865851521492004395e+00,-3.252439666539430618e-03,8.806032538414001465e-01,5.040720105171203613e-01,4.581794142723083496e-01,3.120209872722625732e-01,2.946878075599670410e-01,-5.020824670791625977e-01,3.860098719596862793e-01,4.060316085815429688e-01,-1.736848831176757812e+00,4.495766162872314453e-01,-6.803081035614013672e-01,1.194446921348571777e+00,6.966478824615478516e-01,-1.500509977340698242e+00,-1.656784653663635254e+00,-1.931523382663726807e-01,3.795090317726135254e-01,3.683366999030113220e-02,6.218437552452087402e-01,-7.906795144081115723e-01,4.207881391048431396e-01,-6.279215812683105469e-01,-3.416896164417266846e-01,6.551147103309631348e-01,-1.584782004356384277e+00,2.058440685272216797e+00,1.498045027256011963e-01,9.877703785896301270e-01,4.019324481487274170e-02,-7.802323102951049805e-01,9.906210899353027344e-01,3.121999502182006836e-01,-4.414134323596954346e-01
9.608712792396545410e-01,4.330466967076063156e-03,8.393251299858093262e-01,-4.931795299053192139e-01,1.694538354873657227e+00,8.219004869461059570e-01,6.437194347381591797e-01,6.992213129997253418e-01,-1.498483419418334961e+00,-1.435182809829711914e+00,-3.279259502887725830e-01,1.487190246582031250e+00,-6.966861486434936523e-01,-4.384529888629913330e-01,-1.421842217445373535e+00,2.482148855924606323e-01,2.233663558959960938e+00,2.993817925453186035e-01,-4.159961044788360596e-01,-1.074001908302307129e+00,1.964955925941467285e+00,-1.056223034858703613e+00,1.956663131713867188e+00,-1.661179661750793457e-01,1.348749279975891113e+00,5.185682177543640137e-01,-9.927859902381896973e-01,-1.779630929231643677e-01,-4.264305830001831055e-01,-3.379503786563873291e-01,4.014770686626434326e-02,-1.101251959800720215e+00,-5.747156143188476562e-01,-1.144734144210815430e+00,-8.443828821182250977e-01,5.365970134735107422e-01,1.421467423439025879e+00,-8.524069190025329590e-02,-1.292315125465393066e+00,-1.053386926651000977e+00,-8.117080330848693848e-01,1.389884710311889648e+00,1.345483422279357910e+00,-1.989232420921325684e+00,5.953282583504915237e-03,1.379401087760925293e+00,-1.783951967954635620e-01,3.684332072734832764e-01,3.342773318290710449e-01,7.581298947334289551e-01,-5.044339299201965332e-01,-1.254425495862960815e-01,1.111878991127014160e+00,-7.620668411254882812e-01,-1.510159492492675781e+00,-1.269145846366882324e+00,3.849491775035858154e-01,-8.844487667083740234e-01,6.536462306976318359e-01,-7.790817618370056152e-01,1.090267300605773926e+00,-4.817070364952087402e-01,3.983086049556732178e-01,-7.144038677215576172e-01,6.507850885391235352e-01,-1.007398486137390137e+00,-8.356029391288757324e-01,2.009574770927429199e-01,1.538294553756713867e+00,-1.276229500770568848e+00,-2.120918333530426025e-01,7.355371713638305664e-01,-1.578002095222473145e+00,9.522590041160583496e-01,1.720972895622253418e+00,6.025493741035461426e-01,-3.368205428123474121e-01,1.400126218795776367e+00,4.553024172782897949e-01,-2.350320577621459961e+00,-1.579228043556213379e+00,-1.186572551727294922e+00,-1.663138866424560547e+00,-1.428506493568420410e+00,-9.410507082939147949e-01,1.175692200660705566e+00,-2.279197216033935547e+00,2.180291712284088135e-01,-9.934100508689880371e-01,1.186795115470886230e+00,3.301948904991149902e-01,3.086613416671752930e-01,1.441972374916076660e+00,3.981477022171020508e-01,8.405112028121948242e-01,-4.674331545829772949e-01,-3.790614902973175049e-01,7.560146450996398926e-01,-4.511219561100006104e-01,-1.325382232666015625e+00
6.235866546630859375e-01,1.767645835876464844e+00,8.241928815841674805e-01,-1.890722364187240601e-01,4.320393502712249756e-01,1.536757111549377441e+00,-5.487520098686218262e-01,3.412818908691406250e-01,1.062025666236877441e+00,8.475002646446228027e-01,-8.569359779357910156e-01,1.708517909049987793e+00,-7.680851966142654419e-02,1.806116700172424316e+00,3.484604358673095703e-01,-5.826490521430969238e-01,8.976189494132995605e-01,3.535625934600830078e-01,7.402819991111755371e-01,-1.372098684310913086e+00,-2.888649404048919678e-01,9.388046264648437500e-01,9.059264659881591797e-01,-9.134694933891296387e-01,-2.762323319911956787e-01,-1.730611622333526611e-01,5.725342780351638794e-02,2.022770941257476807e-01,1.083700299263000488e+00,9.510293006896972656e-01,-4.320599734783172607e-01,-3.190456330776214600e-01,-2.482569962739944458e-01,-8.465420603752136230e-01,-1.927093863487243652e+00,-8.384051918983459473e-01,3.474195003509521484e-01,1.091354250907897949e+00,8.702056854963302612e-02,-9.855874627828598022e-02,2.177942752838134766e+00,-1.359414935111999512e+00,-2.708640813827514648e+00,-9.949458241462707520e-01,1.109316721558570862e-01,-8.427780866622924805e-01,2.970711588859558105e-01,-3.249023854732513428e-01,-1.399797677993774414e+00,6.411315798759460449e-01,7.831016778945922852e-01,9.313395619392395020e-01,5.052408203482627869e-02,-5.103340744972229004e-01,6.225710511207580566e-01,1.072885036468505859e+00,-4.145354926586151123e-01,-4.477789998054504395e-01,5.750243067741394043e-01,7.373241186141967773e-01,3.646308779716491699e-01,-4.367448389530181885e-01,-1.666018724441528320e+00,1.180555582046508789e+00,3.627859950065612793e-01,-1.302232891321182251e-01,2.273845195770263672e+00,1.174503326416015625e+00,-2.794316053390502930e+00,2.317312955856323242e+00,1.109585285186767578e+00,9.039276242256164551e-01,-7.298160195350646973e-01,-1.263238396495580673e-02,-2.370317220687866211e+00,1.105877518653869629e+00,1.184526562690734863e+00,-1.092597991228103638e-01,-1.276470869779586792e-01,-8.208196759223937988e-01,-1.701849460601806641e+00,-3.478024899959564209e-02,-1.081841289997100830e-01,-2.141949385404586792e-01,5.483042001724243164e-01,-1.567806124687194824e+00,-5.876534581184387207e-01,1.539809852838516235e-01,-5.814113020896911621e-01,5.705249905586242676e-01,-1.628962993621826172e+00,-4.664518237113952637e-01,1.412128061056137085e-01,-2.039710134267807007e-01,9.018196463584899902e-01,9.698934108018875122e-02,-6.588670015335083008e-01,4.882614016532897949e-01,-1.805539876222610474e-01,2.975608706474304199e-01
3.076445460319519043e-01,3.610246181488037109e-01,4.424005150794982910e-01,2.353533953428268433e-01,-1.958709657192230225e-01,2.854631654918193817e-02,5.407716035842895508e-01,-1.590207815170288086e+00,3.186947703361511230e-01,1.290732175111770630e-01,9.850688576698303223e-01,1.039330601692199707e+00,-2.898470163345336914e-01,-1.183110833168029785e+00,-5.294579863548278809e-01,4.147568047046661377e-01,5.361400246620178223e-01,1.916747212409973145e+00,8.688871264457702637e-01,-7.243658304214477539e-01,-1.650675833225250244e-01,-3.259112536907196045e-01,-5.469471216201782227e-02,1.369397491216659546e-01,3.429948687553405762e-01,1.672387957572937012e+00,-8.616048842668533325e-03,-6.037098169326782227e-01,-4.034511744976043701e-02,8.482518047094345093e-02,1.394685953855514526e-01,-9.533065557479858398e-02,-5.742347240447998047e-01,-4.548256471753120422e-02,-1.006987452507019043e+00,3.151133954524993896e-01,-1.386559009552001953e-02,-1.002660468220710754e-01,-4.771467447280883789e-01,-3.242378234863281250e-01,-6.375179886817932129e-01,-1.269135922193527222e-01,4.805130362510681152e-01,6.125359535217285156e-01,-4.348133876919746399e-02,1.085630416870117188e+00,-1.025428295135498047e+00,1.145868897438049316e+00,9.563232064247131348e-01,-8.375155180692672729e-02,8.565613031387329102e-01,1.724019050598144531e+00,-4.040504992008209229e-01,1.130452513694763184e+00,3.391588628292083740e-01,6.067053228616714478e-02,-1.583369255065917969e+00,-3.993822336196899414e-01,2.232874631881713867e-01,-5.939606111496686935e-03,-9.768927097320556641e-01,-1.525907874107360840e+00,1.459279209375381470e-01,1.615175485610961914e+00,-9.302901029586791992e-01,-3.867855668067932129e-01,1.386637687683105469e+00,-9.427363276481628418e-01,-2.812775671482086182e-01,-2.278611660003662109e+00,3.249741196632385254e-01,1.827594041824340820e-01,-9.585795998573303223e-01,-1.089791774749755859e+00,-6.154755353927612305e-01,-9.865216612815856934e-01,-3.277889266610145569e-02,-2.098371028900146484e+00,-9.755203872919082642e-02,2.622197568416595459e-01,1.226041316986083984e+00,1.373683810234069824e-01,1.007760405540466309e+00,-3.784065246582031250e-01,-8.921748995780944824e-01,-2.088093310594558716e-01,1.316599130630493164e+00,2.012510776519775391e+00,3.409982025623321533e-01,-7.347779870033264160e-01,1.173716068267822266e+00,-7.019698619842529297e-01,3.582354485988616943e-01,5.600370168685913086e-01,9.894526600837707520e-01,8.785460144281387329e-02,-8.551399111747741699e-01,-1.039499402046203613e+00,1.212186217308044434e+00,3.293492555618286133e+00
1.204477787017822266e+00,2.685239613056182861e-01,-2.633011341094970703e+00,1.712072610855102539e+00,8.358609676361083984e-01,-8.060278892517089844e-01,-9.768444299697875977e-01,-1.473153829574584961e+00,-7.580320835113525391e-01,8.613440394401550293e-01,3.356290161609649658e-01,1.072455406188964844e+00,-1.806388735771179199e+00,-1.643500924110412598e+00,1.473793506622314453e+00,1.270165443420410156e+00,2.985070645809173584e-01,8.739866316318511963e-02,-9.975932836532592773e-01,1.668334245681762695e+00,1.141680121421813965e+00,5.132139325141906738e-01,4.325589835643768311e-01,-6.550128459930419922e-01,1.808533549308776855e+00,-1.334912776947021484e+00,1.295331120491027832e+00,-2.220812320709228516e+00,-1.306038856506347656e+00,-1.632596999406814575e-01,1.190401077270507812e+00,-1.120061397552490234e+00,-8.689892292022705078e-01,3.131176829338073730e-01,-9.094583392143249512e-01,6.143602728843688965e-01,7.347478270530700684e-01,-3.121100366115570068e-01,1.144654989242553711e+00,-1.928554654121398926e+00,-1.735803961753845215e+00,3.493154942989349365e-01,1.572178602218627930e+00,2.732077240943908691e-01,-7.022937536239624023e-01,-1.622446537017822266e+00,4.471885859966278076e-01,-1.208529155701398849e-02,1.462494254112243652e+00,7.777903079986572266e-01,-9.355565905570983887e-01,8.045156002044677734e-01,4.487546384334564209e-01,1.670866489410400391e+00,-5.211189016699790955e-02,-9.076222777366638184e-01,6.462104916572570801e-01,-7.136760950088500977e-01,7.394636869430541992e-01,-1.576536655426025391e+00,1.329943656921386719e+00,-7.664007544517517090e-01,-1.191097259521484375e+00,-1.346836090087890625e-01,-4.885497987270355225e-01,1.437077164649963379e+00,-6.863628029823303223e-01,6.554140448570251465e-01,-5.691462755203247070e-01,4.925236105918884277e-01,4.037974178791046143e-01,1.442761063575744629e+00,-1.246499538421630859e+00,-1.630908846855163574e+00,8.288047909736633301e-01,6.381137967109680176e-01,-7.306190133094787598e-01,-2.347823381423950195e+00,8.590222597122192383e-01,-6.489325165748596191e-01,-8.909921646118164062e-01,-4.334408044815063477e-01,-6.210787966847419739e-02,-3.342292904853820801e-01,8.614701032638549805e-01,1.452813386917114258e+00,-6.446127891540527344e-01,-2.147689819335937500e+00,-7.594025135040283203e-01,1.268990874290466309e+00,-1.111062169075012207e+00,-6.786525249481201172e-01,-1.436174154281616211e+00,-2.057061672210693359e+00,-1.781068682670593262e+00,7.778058201074600220e-02,-1.401105642318725586e+00,2.011283636093139648e-01,-1.148665785789489746e+00,-1.339767724275588989e-01
5.526996254920959473e-01,-5.095543861389160156e-01,2.865718007087707520e-01,-7.472133040428161621e-01,-3.307266831398010254e-01,7.997929453849792480e-01,1.481413483619689941e+00,2.708264887332916260e-01,2.298963516950607300e-01,4.130248427391052246e-01,-2.472969740629196167e-01,-3.235700726509094238e-01,-1.289610743522644043e+00,7.941523790359497070e-01,-4.718164801597595215e-01,-5.955753922462463379e-01,-2.732938289642333984e+00,-8.402014374732971191e-01,-2.708560466766357422e+00,-1.429076552391052246e+00,2.373663783073425293e-01,3.036735951900482178e-01,1.228995800018310547e+00,-4.683721363544464111e-01,-2.779630199074745178e-02,1.615384340286254883e+00,-9.255294203758239746e-01,-2.479531049728393555e+00,-3.511631786823272705e-01,6.112743616104125977e-01,-1.183100581169128418e+00,7.584013938903808594e-01,-8.214575052261352539e-01,-9.011326432228088379e-01,-8.169331550598144531e-01,-7.717101573944091797e-01,7.245685458183288574e-01,3.337768614292144775e-01,-8.593867421150207520e-01,9.668651223182678223e-02,-1.159547805786132812e+00,7.478141784667968750e-01,3.716310020536184311e-03,-8.370946049690246582e-01,-5.148243308067321777e-01,-6.257729530334472656e-01,-1.847397089004516602e-01,1.054141223430633545e-01,-3.485069572925567627e-01,1.413996368646621704e-01,-1.494920253753662109e+00,-7.337106466293334961e-01,3.742034733295440674e-01,-1.047725558280944824e+00,2.250009775161743164e+00,9.662526249885559082e-01,4.092202484607696533e-01,-5.584477633237838745e-02,-1.069740414619445801e+00,1.377346396446228027e+00,1.096885465085506439e-02,-6.463481187820434570e-01,-2.828604876995086670e-01,1.130612134933471680e+00,1.513025522232055664e+00,3.413924872875213623e-01,1.933585762977600098e+00,4.702373147010803223e-01,8.102048635482788086e-01,-5.270538926124572754e-01,-1.081750869750976562e+00,-6.031821966171264648e-01,-1.328603386878967285e+00,1.722707509994506836e+00,-2.543938457965850830e-01,4.696225821971893311e-01,-2.087510108947753906e+00,1.531835198402404785e+00,1.985036395490169525e-02,7.464010715484619141e-01,-1.823824882507324219e+00,-1.875380992889404297e+00,4.924432933330535889e-01,-4.217010736465454102e-01,-2.534992694854736328e-01,-1.002816915512084961e+00,-6.339906454086303711e-01,3.500270843505859375e-01,-7.526497840881347656e-01,6.812391281127929688e-01,1.202284336090087891e+00,-9.274220466613769531e-02,6.669893264770507812e-01,1.448268890380859375e+00,-1.673876792192459106e-01,-1.042387723922729492e+00,3.819519579410552979e-01,-8.470412492752075195e-01,-2.970201075077056885e-01,1.084215641021728516e+00
1.678985238075256348e+00,-3.499892652034759521e-01,1.439104080200195312e-01,1.085066199302673340e+00,9.784539937973022461e-01,-1.200940966606140137e+00,6.731270998716354370e-02,-3.247218728065490723e-01,-4.565839767456054688e-01,-1.142788976430892944e-01,-1.798134922981262207e+00,3.053620755672454834e-01,9.106143712997436523e-01,5.655755847692489624e-02,-1.656329512596130371e+00,4.702743589878082275e-01,-1.899649202823638916e-01,1.095856904983520508e+00,8.694303035736083984e-01,-9.875279664993286133e-01,7.893277406692504883e-01,-1.346396654844284058e-01,3.724543452262878418e-01,4.947927296161651611e-01,-8.513149619102478027e-02,2.382963299751281738e-01,7.209379076957702637e-01,-1.106021046638488770e+00,1.277649283409118652e+00,1.405979543924331665e-01,1.408313035964965820e+00,-2.223085463047027588e-01,1.113961219787597656e+00,2.748074531555175781e+00,-2.737494409084320068e-01,1.825254857540130615e-01,1.752627314999699593e-03,-8.195474743843078613e-01,3.061046004295349121e-01,-6.731534600257873535e-01,-1.855539530515670776e-01,5.301678553223609924e-02,-3.397710621356964111e-01,2.431354373693466187e-01,-8.993109464645385742e-01,-1.636785864830017090e+00,-2.180882453918457031e+00,9.101890921592712402e-01,4.911528825759887695e-01,-1.142545580863952637e+00,-1.649668812751770020e-01,3.022535443305969238e-01,-5.317526459693908691e-01,-7.512568831443786621e-01,1.515020489692687988e+00,7.021432518959045410e-01,3.735403120517730713e-01,2.029238700866699219e+00,3.377946913242340088e-01,-1.210955083370208740e-01,1.450667858123779297e+00,6.534808278083801270e-01,-2.474314570426940918e-01,1.375331401824951172e+00,-2.173839092254638672e+00,1.433582425117492676e+00,5.673046782612800598e-02,-3.432344496250152588e-01,-6.667060852050781250e-01,2.563012242317199707e-01,9.669594168663024902e-01,-1.192065596580505371e+00,7.274183630943298340e-02,1.056249141693115234e+00,-4.319010078907012939e-01,1.069024801254272461e+00,1.884872317314147949e-01,9.378601908683776855e-01,2.321476936340332031e+00,1.342627108097076416e-01,7.291293144226074219e-01,-2.381128787994384766e+00,6.939075887203216553e-02,-1.353224635124206543e+00,1.639976352453231812e-02,-2.081226259469985962e-01,-1.012970328330993652e+00,-9.478712826967239380e-02,1.557020187377929688e+00,-4.361647069454193115e-01,-2.075011968612670898e+00,-3.051782250404357910e-01,-1.392065644264221191e+00,-4.375606179237365723e-01,5.432454347610473633e-01,1.690410733222961426e+00,3.171562552452087402e-01,4.165937900543212891e-01,-8.569864630699157715e-01,-5.123596787452697754e-01
-2.083654999732971191e-01,-5.773059725761413574e-01,-7.731276750564575195e-01,-5.861173272132873535e-01,-7.853587865829467773e-01,-2.294416666030883789e+00,3.240898847579956055e-01,-7.159205526113510132e-02,-3.535209894180297852e-01,-1.147873997688293457e+00,1.191670894622802734e+00,-1.282805562019348145e+00,9.066622257232666016e-01,1.250398874282836914e+00,1.541820764541625977e+00,5.565727353096008301e-01,-4.383781254291534424e-01,-3.839038312435150146e-02,3.837998211383819580e-01,1.394060403108596802e-01,-2.003306388854980469e+00,-2.421963214874267578e-02,2.524403929710388184e-01,-2.177252531051635742e+00,-1.302723586559295654e-01,-5.683367252349853516e-01,1.225468754768371582e+00,-1.450141906738281250e+00,1.361109614372253418e-01,-5.232329368591308594e-01,-3.083908557891845703e-01,3.246992826461791992e-01,9.584403634071350098e-01,-1.892857670783996582e+00,4.119203984737396240e-01,-1.532130599021911621e+00,-7.998675704002380371e-01,-1.585404872894287109e+00,-7.380083799362182617e-01,-4.639773964881896973e-01,1.616513371467590332e+00,1.106561422348022461e+00,-1.168313026428222656e+00,-1.415139436721801758e+00,-2.290972024202346802e-01,-1.491266250610351562e+00,5.792842507362365723e-01,-1.525576114654541016e+00,5.945036411285400391e-01,-1.010719418525695801e+00,-1.558891981840133667e-01,1.078845977783203125e+00,4.602005481719970703e-01,8.793897628784179688e-01,-1.410695612430572510e-01,-8.590545058250427246e-01,-1.047135949134826660e+00,-2.605314850807189941e-01,-5.194390416145324707e-01,-3.835099935531616211e-01,1.565124094486236572e-01,1.818042159080505371e+00,6.220748424530029297e-01,-4.473654180765151978e-02,2.061312198638916016e+00,-5.390183329582214355e-01,8.143508434295654297e-01,5.070276260375976562e-01,2.646023631095886230e-01,8.673681020736694336e-01,1.817789971828460693e-01,-1.732184767723083496e+00,4.977771043777465820e-01,-5.488450173288583755e-03,4.069760739803314209e-01,2.174566268920898438e+00,2.152904123067855835e-01,9.825561940670013428e-02,-1.022080302238464355e+00,-1.279783964157104492e+00,7.258489727973937988e-01,2.666819989681243896e-01,9.440013170242309570e-01,9.182603359222412109e-01,-5.258569121360778809e-01,-1.010253429412841797e-01,6.071060299873352051e-01,2.544585764408111572e-01,2.164963185787200928e-01,-6.684881448745727539e-01,4.292860925197601318e-01,9.145054221153259277e-01,-6.058119535446166992e-01,9.346094131469726562e-01,1.172888040542602539e+00,1.036171555519104004e+00,-1.260107517242431641e+00,-1.559573113918304443e-01,-5.888851881027221680e-01,1.297863125801086426e+00
-2.656908035278320312e+00,6.406847238540649414e-01,-8.732524514198303223e-01,1.233254313468933105e+00,1.246718615293502808e-01,2.905891835689544678e-01,-1.263987064361572266e+00,1.718724966049194336e-01,5.239962935447692871e-01,-1.746482104063034058e-01,-9.023664593696594238e-01,1.323290228843688965e+00,-1.153112292289733887e+00,4.389464259147644043e-01,1.638860821723937988e+00,-4.583889842033386230e-01,1.288348317146301270e+00,7.784368991851806641e-01,2.346070110797882080e-01,1.355853319168090820e+00,5.826786160469055176e-01,-3.602516055107116699e-01,-1.805812865495681763e-01,-1.039472669363021851e-01,2.151316106319427490e-01,-1.240909457206726074e+00,5.995752215385437012e-01,7.677521109580993652e-01,-1.012478351593017578e+00,3.039145946502685547e+00,-1.693925708532333374e-01,-4.732595384120941162e-01,1.997250132262706757e-02,3.385217394679784775e-03,2.003611326217651367e+00,5.370504856109619141e-01,5.231115221977233887e-01,1.833081722259521484e+00,-4.620710387825965881e-02,-8.342245817184448242e-01,-4.404308795928955078e-01,-1.905508339405059814e-02,1.449800610542297363e+00,-3.694972991943359375e-01,1.273511409759521484e+00,1.430078983306884766e+00,3.781861066818237305e-01,-3.753516674041748047e-01,-6.784609984606504440e-03,-1.410457491874694824e+00,-2.180989265441894531e+00,2.014583110809326172e+00,-1.041632294654846191e+00,-1.813093066215515137e+00,-2.641518115997314453e+00,-2.362122833728790283e-01,-6.767194271087646484e-01,-1.038630962371826172e+00,4.023717343807220459e-01,1.567028999328613281e+00,4.189399480819702148e-01,-2.142853736877441406e+00,9.605233371257781982e-02,8.905658125877380371e-01,5.588288903236389160e-01,-1.834581851959228516e+00,6.919957995414733887e-01,-8.043850660324096680e-01,7.025546431541442871e-01,-1.545916318893432617e+00,-1.212177634239196777e+00,-3.593655526638031006e-01,1.415479660034179688e+00,2.631251811981201172e+00,-1.082248687744140625e+00,-4.781633988022804260e-02,-1.484829187393188477e+00,1.849717259407043457e+00,1.610805392265319824e+00,5.491819381713867188e-01,-5.536466240882873535e-01,3.984070718288421631e-01,8.465225100517272949e-01,1.074655532836914062e+00,1.384016275405883789e+00,1.137518405914306641e+00,-8.970772027969360352e-01,-3.838874399662017822e-02,-6.314592808485031128e-02,-8.299978822469711304e-02,2.165256023406982422e+00,4.480025172233581543e-01,-1.181331872940063477e+00,-1.397684663534164429e-01,-7.612342238426208496e-01,-5.424102544784545898e-01,-3.688287436962127686e-01,3.605975210666656494e-01,1.230266332626342773e+00,1.158229351043701172e+00
-3.758418560028076172e-01,1.491315364837646484e-01,-2.237393617630004883e+00,5.505245327949523926e-01,-4.978372529149055481e-02,-7.061080336570739746e-01,-4.104055762290954590e-01,8.806970119476318359e-01,-6.206642985343933105e-01,-2.249636054039001465e-01,-4.094105660915374756e-01,-7.662058472633361816e-01,1.356294035911560059e+00,8.843553662300109863e-01,-1.280471086502075195e+00,4.184920489788055420e-01,9.756725430488586426e-01,3.156613409519195557e-01,1.215691924095153809e+00,-2.440745681524276733e-01,-1.599769592285156250e+00,-4.692101478576660156e-01,-1.323038935661315918e+00,-1.458503365516662598e+00,-5.951587557792663574e-01,-9.098924994468688965e-01,1.192331075668334961e+00,6.766828894615173340e-01,-4.187734723091125488e-01,9.881128668785095215e-01,-1.301058530807495117e+00,1.092269539833068848e+00,1.291947960853576660e+00,-1.757025837898254395e+00,7.546162605285644531e-02,5.592303276062011719e-01,-1.798379063606262207e+00,-4.344364702701568604e-01,-1.710505008697509766e+00,-2.060074329376220703e+00,7.638213634490966797e-01,2.874667942523956299e-01,-1.081527829170227051e+00,-4.967772960662841797e-01,-9.504771232604980469e-01,-2.772778868675231934e-01,5.092680454254150391e-01,1.200780034065246582e+00,1.633935570716857910e-01,1.073209404945373535e+00,-3.657102882862091064e-01,-1.333177089691162109e+00,5.630578994750976562e-01,-1.036703824996948242e+00,-6.896709557622671127e-03,7.270538210868835449e-01,-4.756873473525047302e-02,-2.547500729560852051e-01,-1.977005481719970703e+00,-8.150542378425598145e-01,7.057941555976867676e-01,1.045807361602783203e+00,-1.630318462848663330e-01,1.092486262321472168e+00,5.820484161376953125e-01,-2.626537382602691650e-01,-1.267925202846527100e-01,-3.994939029216766357e-01,1.154114961624145508e+00,-2.834504470229148865e-03,1.105359435081481934e+00,-2.305829674005508423e-01,-7.299765944480895996e-02,-1.743730545043945312e+00,-1.051867723464965820e+00,1.331371665000915527e-01,7.741979360580444336e-01,-3.897718787193298340e-01,6.438412070274353027e-01,-1.404090076684951782e-01,-4.477046430110931396e-01,-1.691119074821472168e+00,9.349839091300964355e-01,1.190438032150268555e+00,-8.930366635322570801e-01,8.293343186378479004e-01,2.192363291978836060e-01,2.358457595109939575e-01,-1.518417954444885254e+00,-1.333715677261352539e+00,-7.113618254661560059e-01,1.430138707160949707e+00,-7.161162495613098145e-01,-1.514523148536682129e+00,3.451672568917274475e-02,-4.744978155940771103e-03,-2.551642656326293945e-01,-9.002863168716430664e-01,3.321851968765258789e+00,6.208233833312988281e-01
-8.292492479085922241e-02,-7.842438220977783203e-01,-7.421353459358215332e-01,1.093845605850219727e+00,6.078097224235534668e-01,4.515197128057479858e-02,-7.383483052253723145e-01,1.122715950012207031e+00,3.185703456401824951e-01,7.887974381446838379e-01,5.294626951217651367e-02,-6.031157374382019043e-01,2.736723423004150391e+00,-3.004447519779205322e-01,1.046686768531799316e+00,1.942704796791076660e+00,2.043379098176956177e-01,-1.630159020423889160e+00,1.349561333656311035e+00,1.085164189338684082e+00,-6.421225070953369141e-01,-1.239339232444763184e+00,4.498202800750732422e-01,-8.343374133110046387e-01,-2.486060261726379395e-01,9.894348680973052979e-02,1.201154589653015137e+00,-1.072284221649169922e+00,-1.217917680740356445e+00,1.011878967285156250e+00,-1.992053508758544922e+00,-5.352668762207031250e-01,-4.081194475293159485e-02,-8.980737328529357910e-01,2.315975576639175415e-01,-6.364717483520507812e-01,-1.514053106307983398e+00,-1.237511873245239258e+00,9.156890958547592163e-02,8.761190772056579590e-01,1.330880761146545410e+00,4.678516983985900879e-01,-6.230717897415161133e-01,-2.972872853279113770e-01,1.058882594108581543e+00,-1.831649243831634521e-01,1.065457940101623535e+00,-1.702174067497253418e+00,-1.685165882110595703e+00,1.103694081306457520e+00,9.683300256729125977e-01,1.455758929252624512e+00,1.573033213615417480e+00,-1.183843016624450684e+00,8.451505303382873535e-01,2.417005598545074463e-01,1.004260182380676270e+00,7.654621601104736328e-01,-6.590136289596557617e-01,1.964254379272460938e+00,6.555369496345520020e-01,-7.548397183418273926e-01,1.318814396858215332e+00,8.784571290016174316e-01,1.365208268165588379e+00,-2.707436382770538330e-01,1.923627138137817383e+00,-8.988387584686279297e-01,-1.080632686614990234e+00,7.186934351921081543e-01,-7.096607685089111328e-01,6.104529500007629395e-01,2.820370197296142578e-01,6.181612014770507812e-01,-1.146896600723266602e+00,-2.258643507957458496e-02,3.544163703918457031e-01,9.253085255622863770e-01,6.622964739799499512e-01,-1.574291825294494629e+00,-5.514522790908813477e-01,-6.272858977317810059e-01,-1.401757150888442993e-01,1.083807349205017090e+00,2.150624804198741913e-02,1.167819797992706299e-01,2.783772945404052734e-01,1.407218694686889648e+00,-1.774716615676879883e+00,1.146955609321594238e+00,3.983631730079650879e-02,-6.248572468757629395e-02,-1.008966326713562012e+00,-2.014157474040985107e-01,6.726477742195129395e-01,4.702147543430328369e-01,-4.580378830432891846e-01,-6.950717568397521973e-01,4.611199498176574707e-01,-6.980564594268798828e-01
2.999407351016998291e-01,3.978701531887054443e-01,1.098528385162353516e+00,-3.345553576946258545e-01,-1.715803444385528564e-01,5.851339697837829590e-01,2.946916818618774414e-01,-7.283570766448974609e-01,1.939721703529357910e+00,4.564442634582519531e-01,-3.407318294048309326e-01,-5.545442104339599609e-01,-3.579937815666198730e-01,4.765245616436004639e-01,1.217473372817039490e-01,-1.924401640892028809e+00,-4.049355685710906982e-01,-1.189674139022827148e+00,1.350710511207580566e+00,-8.054594993591308594e-01,-4.478573501110076904e-01,3.979641497135162354e-01,1.342225790023803711e+00,-1.471466422080993652e-01,7.588783502578735352e-01,-5.210686922073364258e-01,-7.723276615142822266e-01,2.115408182144165039e+00,-3.098426342010498047e+00,-4.570367336273193359e-01,1.088930249214172363e+00,1.101743698120117188e+00,1.235140860080718994e-01,6.980413198471069336e-02,9.804402589797973633e-01,-2.153182327747344971e-01,1.347489356994628906e+00,-8.423936963081359863e-01,9.290020465850830078e-01,6.597332954406738281e-01,-1.338422536849975586e+00,7.484567761421203613e-01,1.531316488981246948e-01,6.837610602378845215e-01,-1.450131654739379883e+00,3.562565743923187256e-01,-6.387509107589721680e-01,1.457977294921875000e+00,-1.277909576892852783e-01,1.268195509910583496e+00,7.605875134468078613e-01,-2.688331007957458496e-01,2.162438780069351196e-01,1.238696813583374023e+00,2.953522801399230957e-01,1.473847985267639160e+00,-1.020908281207084656e-01,-1.131703138351440430e+00,6.590160131454467773e-01,1.713639140129089355e+00,1.621812582015991211e+00,-6.164757609367370605e-01,-1.519178450107574463e-01,-1.437571287155151367e+00,3.617091178894042969e-01,1.281276941299438477e+00,-1.770218849182128906e+00,-2.244377434253692627e-01,-9.073782563209533691e-01,2.765262722969055176e-01,3.533821105957031250e-01,-1.195667147636413574e+00,-9.760624170303344727e-01,-1.712716460227966309e+00,2.643103301525115967e-01,6.069552898406982422e-01,-1.140555381774902344e+00,-1.307457804679870605e+00,-4.789656996726989746e-01,1.724031329154968262e+00,8.305897712707519531e-01,1.107005357742309570e+00,5.829054713249206543e-01,-5.300095081329345703e-01,-1.452380657196044922e+00,-6.106522679328918457e-01,1.722424864768981934e+00,-3.396123349666595459e-01,6.601424813270568848e-01,-8.405606746673583984e-01,1.165662646293640137e+00,7.526013255119323730e-01,1.069651469588279724e-01,-3.417006693780422211e-03,-2.782047271728515625e+00,1.321075111627578735e-01,1.027264952659606934e+00,-4.395067393779754639e-01,8.116566538810729980e-01,1.113155364990234375e+00
1.230173483490943909e-01,-6.905590891838073730e-01,1.185845613479614258e+00,-1.649585515260696411e-01,6.927077174186706543e-01,1.600832492113113403e-01,-9.452853351831436157e-02,8.089342117309570312e-01,-3.847746253013610840e-01,-1.729835510253906250e+00,-1.258203387260437012e-01,1.254835128784179688e+00,8.453862667083740234e-01,5.665100216865539551e-01,-8.185028433799743652e-01,7.557955980300903320e-01,-5.215712785720825195e-01,1.632912009954452515e-01,7.473390698432922363e-01,-8.242686986923217773e-01,1.307193517684936523e+00,-1.133353114128112793e+00,1.095859169960021973e+00,1.758975442498922348e-03,-6.947943568229675293e-01,1.931969761848449707e+00,4.541370272636413574e-01,8.402619510889053345e-02,-7.884808182716369629e-01,-2.126773297786712646e-01,2.343212813138961792e-01,7.871800661087036133e-01,-6.168764829635620117e-02,-6.471399068832397461e-01,-9.242904186248779297e-01,2.666400000452995300e-02,8.572992682456970215e-01,-1.274585604667663574e+00,1.310577154159545898e+00,7.022893428802490234e-02,3.376143574714660645e-01,1.381204605102539062e+00,7.570244073867797852e-01,-4.467635601758956909e-02,-2.908108830451965332e-01,7.607316374778747559e-01,-1.120758056640625000e+00,-1.326533913612365723e+00,1.759379029273986816e+00,-3.555043041706085205e-01,-7.282246351242065430e-01,5.901238918304443359e-01,2.015139162540435791e-01,-2.009965777397155762e-01,3.646270632743835449e-01,5.882187485694885254e-01,-4.939222037792205811e-01,6.839771866798400879e-01,-9.879922866821289062e-01,1.392877936363220215e+00,-5.564844980835914612e-02,1.669586539268493652e+00,6.021357774734497070e-01,-1.125154018402099609e+00,1.270904064178466797e+00,-6.664081215858459473e-01,-6.177108883857727051e-01,-1.167242884635925293e+00,9.550266861915588379e-01,-7.215182185173034668e-01,7.302466034889221191e-01,3.678782880306243896e-01,1.199139952659606934e+00,4.152632951736450195e-01,3.184777498245239258e-01,-1.028339147567749023e+00,-1.111918449401855469e+00,1.378885656595230103e-01,1.432891376316547394e-02,-7.482412457466125488e-01,8.879525661468505859e-01,-4.134953618049621582e-01,6.316664814949035645e-01,5.096895247697830200e-02,2.959527373313903809e-01,1.795406818389892578e+00,3.988349735736846924e-01,-1.357082366943359375e+00,1.263833284378051758e+00,8.981128334999084473e-01,7.676224708557128906e-01,-1.544914126396179199e+00,-6.114637255668640137e-01,8.342235684394836426e-01,4.234385862946510315e-02,-4.426811039447784424e-01,1.154804080724716187e-01,-2.238765172660350800e-02,9.422425925731658936e-02,1.593279689550399780e-01
1.301335990428924561e-01,-1.261224895715713501e-01,-4.195068180561065674e-01,5.074940323829650879e-01,1.292321383953094482e-01,7.140745520591735840e-01,-2.206953763961791992e+00,-2.066672444343566895e-01,1.162278205156326294e-01,2.153832018375396729e-01,4.294342398643493652e-01,-2.215549815446138382e-03,1.336910963058471680e+00,-1.780027270317077637e+00,9.887202382087707520e-01,-5.336413979530334473e-01,1.453392744064331055e+00,1.260188102722167969e+00,-1.674084544181823730e+00,3.177722692489624023e-01,-1.050780057907104492e+00,-7.295667380094528198e-02,-5.185429453849792480e-01,7.283947616815567017e-02,-5.038559436798095703e-01,7.120361328125000000e-01,1.098393797874450684e+00,2.464693486690521240e-01,-1.274339199066162109e+00,-1.791383266448974609e+00,1.746665239334106445e+00,-2.461187988519668579e-01,1.487007379531860352e+00,-8.411142826080322266e-01,-1.059579610824584961e+00,-8.736994266510009766e-01,3.889570236206054688e-01,-8.223552107810974121e-01,9.652073979377746582e-01,1.042038321495056152e+00,-5.430043935775756836e-01,6.778172254562377930e-01,2.555753946304321289e+00,-1.038608312606811523e+00,-1.334439873695373535e+00,8.324553072452545166e-02,-3.011967897415161133e+00,1.640862822532653809e-01,-1.668008804321289062e+00,3.454605638980865479e-01,-6.127136945724487305e-01,2.892211079597473145e-01,5.187205076217651367e-01,1.001749396324157715e+00,6.025323271751403809e-01,-1.377164125442504883e+00,-2.189004123210906982e-01,2.200454771518707275e-01,-9.695448875427246094e-01,-1.191616654396057129e+00,-1.854617497883737087e-03,-1.031213402748107910e+00,1.246082901954650879e+00,7.625738508068025112e-04,-1.019181489944458008e+00,1.627225577831268311e-01,-2.997930347919464111e-01,2.293129682540893555e+00,-1.947587370872497559e+00,8.749686479568481445e-01,1.110099315643310547e+00,-3.074699640274047852e-01,9.884690642356872559e-01,4.468520581722259521e-01,8.075072765350341797e-01,4.016038179397583008e-01,1.155706882476806641e+00,-1.114708542823791504e+00,1.028265476226806641e+00,8.782797455787658691e-01,1.424227714538574219e+00,4.740273952484130859e-01,-5.806517004966735840e-01,1.175010919570922852e+00,-1.969003796577453613e+00,2.402505278587341309e-01,-1.203244090080261230e+00,8.709315061569213867e-01,-1.400413960218429565e-01,1.674288064241409302e-01,1.292801022529602051e+00,-4.727608859539031982e-01,1.517066001892089844e+00,-9.586570858955383301e-01,-9.856593608856201172e-01,-2.931071259081363678e-02,1.796985417604446411e-01,1.955282390117645264e-01,1.974717527627944946e-01,9.730346202850341797e-01
3.361990153789520264e-01,3.306323289871215820e-01,1.681764006614685059e+00,-6.981299519538879395e-01,-5.366778969764709473e-01,1.396934270858764648e+00,-8.297457098960876465e-01,-1.159237623214721680e+00,-1.789798259735107422e+00,4.042421281337738037e-02,1.052474617958068848e+00,1.355139136314392090e+00,3.541671037673950195e-01,-1.594702363014221191e+00,4.357378184795379639e-01,6.518846154212951660e-01,-1.079008698463439941e+00,-1.417487412691116333e-01,-3.765431046485900879e-01,-1.174160242080688477e+00,-3.149402141571044922e-01,4.715651571750640869e-01,-8.711706399917602539e-01,-5.164316296577453613e-01,-5.447178483009338379e-01,-1.402610838413238525e-01,4.862596392631530762e-01,2.565525054931640625e+00,1.792078167200088501e-01,-4.423479139804840088e-01,-2.288574934005737305e+00,1.974622249603271484e+00,4.243947565555572510e-02,-1.444464921951293945e-01,-1.464526057243347168e-01,-1.430974006652832031e+00,3.327774107456207275e-01,3.204966783523559570e-01,1.262803196907043457e+00,8.761923313140869141e-01,6.076791882514953613e-01,1.553696095943450928e-01,-1.612789273262023926e+00,4.128187894821166992e-01,1.562480926513671875e-01,1.754668116569519043e+00,5.547083020210266113e-01,-8.267833590507507324e-01,8.087782859802246094e-01,9.780847430229187012e-01,9.414749741554260254e-01,2.414228171110153198e-01,8.824953436851501465e-01,-7.683930397033691406e-01,1.112960338592529297e+00,-7.089787721633911133e-01,1.801812887191772461e+00,6.531286835670471191e-01,-5.384243130683898926e-01,8.043483495712280273e-01,5.705293416976928711e-01,-1.232133954763412476e-01,-1.459116339683532715e-01,-1.528577327728271484e+00,-1.084131598472595215e+00,1.538596868515014648e+00,5.423554778099060059e-01,-5.280315279960632324e-01,-1.234704613685607910e+00,1.694255024194717407e-01,-1.066176652908325195e+00,1.973848193883895874e-01,-5.410267710685729980e-01,7.910251617431640625e-01,-1.086501955986022949e+00,3.324031457304954529e-02,-1.643367886543273926e+00,6.659174561500549316e-01,-5.068410560488700867e-02,-4.030904769897460938e-01,3.357644081115722656e-01,-5.757098644971847534e-02,-9.074752926826477051e-01,-5.592076778411865234e-01,1.856686353683471680e+00,5.813534259796142578e-01,6.892954707145690918e-01,-4.230983853340148926e-01,5.823565721511840820e-01,1.972750425338745117e-01,2.499747425317764282e-01,-6.647882461547851562e-01,-2.700199484825134277e-01,-5.931018590927124023e-01,2.592755794525146484e+00,6.508511304855346680e-01,1.196851849555969238e+00,7.730667293071746826e-02,-1.046802163124084473e+00,3.762322962284088135e-01
-1.224900707602500916e-01,-1.396205902099609375e+00,4.372105300426483154e-01,5.582833290100097656e-01,1.013961791992187500e+00,-2.136022150516510010e-01,9.382913708686828613e-01,1.526157855987548828e+00,1.010188698768615723e+00,-4.810163378715515137e-01,-1.806306958198547363e+00,5.306740999221801758e-01,-1.500317096710205078e+00,-6.575837135314941406e-01,1.122692584991455078e+00,1.144525289535522461e+00,-8.694691061973571777e-01,-6.877851486206054688e-01,-9.099965095520019531e-01,-2.223607540130615234e+00,1.713541388511657715e+00,-6.347916722297668457e-01,4.689694344997406006e-01,1.702687382698059082e+00,-9.232213497161865234e-01,-6.355253607034683228e-02,7.012670040130615234e-01,-1.448498487472534180e+00,-1.129393577575683594e+00,5.610632896423339844e-01,-2.297999858856201172e-01,3.930516839027404785e-01,-7.644434571266174316e-01,-1.048543214797973633e+00,2.234507560729980469e+00,9.772772192955017090e-01,-3.578028082847595215e-01,-4.346699416637420654e-01,9.701149463653564453e-01,7.018589377403259277e-01,-4.975894987583160400e-01,-1.643155515193939209e-01,-1.427565693855285645e+00,1.247648000717163086e-01,-4.424540400505065918e-01,-6.191081404685974121e-01,4.023471474647521973e-01,-7.792140543460845947e-02,-6.492668390274047852e-01,-1.790393710136413574e+00,-1.212849736213684082e+00,3.364094719290733337e-02,-7.207769751548767090e-01,-3.602971732616424561e-01,3.374700546264648438e-01,-5.171569585800170898e-01,3.989879786968231201e-01,1.363126873970031738e+00,4.868523776531219482e-01,-3.368609547615051270e-01,-4.936000704765319824e-01,-3.092242777347564697e-01,2.448343783617019653e-01,-3.700023517012596130e-02,1.456129312515258789e+00,4.551671743392944336e-01,1.146164163947105408e-01,-1.004208683967590332e+00,4.134314358234405518e-01,9.835918545722961426e-01,-4.914018809795379639e-01,-2.572637200355529785e-01,2.549268603324890137e-01,1.728016436100006104e-01,1.079294204711914062e+00,-2.922599613666534424e-01,1.310478687286376953e+00,6.446230411529541016e-01,6.526591181755065918e-01,-2.777172923088073730e-01,8.450564146041870117e-01,1.425692558288574219e+00,2.957854568958282471e-01,-2.013302326202392578e+00,-8.941140174865722656e-01,4.287418425083160400e-01,2.168094068765640259e-01,-1.270457625389099121e+00,-1.196019768714904785e+00,-3.818060159683227539e-01,-1.456439971923828125e+00,2.402682453393936157e-01,-5.602734163403511047e-04,1.392759680747985840e+00,-4.424148797988891602e-01,-5.090010762214660645e-01,1.118933796882629395e+00,-1.704558014869689941e+00,4.733794033527374268e-01,-6.244247555732727051e-01
3.786348970606923103e-03,2.904737591743469238e-01,6.875762939453125000e-01,1.417584657669067383e+00,-4.524698555469512939e-01,5.972762703895568848e-01,6.505650877952575684e-01,1.283192515373229980e+00,-1.588606536388397217e-01,6.559674143791198730e-01,9.283168315887451172e-01,1.138619184494018555e+00,3.314533829689025879e-01,7.592043876647949219e-01,5.871927738189697266e-01,-3.710875809192657471e-01,-1.888474225997924805e+00,-1.685655951499938965e+00,-1.091748356819152832e+00,1.389433860778808594e+00,-9.077640771865844727e-01,5.144673585891723633e-01,1.481021285057067871e+00,-1.030780673027038574e+00,-6.326671838760375977e-01,-5.849412679672241211e-01,-6.786431074142456055e-01,1.281216621398925781e+00,5.984393358230590820e-01,1.491549849510192871e+00,5.433421730995178223e-01,5.611519329249858856e-03,-1.670876502990722656e+00,-5.636908579617738724e-03,-1.286282062530517578e+00,-6.740272641181945801e-01,1.462735414505004883e+00,-1.261928558349609375e+00,-4.513124227523803711e-01,-4.938693344593048096e-02,-1.072258114814758301e+00,-3.173101246356964111e-01,1.603278815746307373e-01,-5.495289564132690430e-01,1.255653023719787598e+00,1.447835803031921387e+00,9.783968925476074219e-01,2.470025718212127686e-01,1.448104977607727051e+00,-7.764467000961303711e-01,-7.985154986381530762e-01,1.941786706447601318e-01,4.332336783409118652e-01,1.198675632476806641e+00,-2.322920799255371094e+00,4.132390022277832031e-01,-7.922648191452026367e-01,-1.522899866104125977e+00,-8.513504266738891602e-01,-2.534178256988525391e+00,6.636365652084350586e-01,1.775643944740295410e+00,-1.240031003952026367e+00,4.399572908878326416e-01,-6.177946925163269043e-01,4.501289129257202148e-01,2.294876337051391602e+00,-2.409646511077880859e+00,8.679780960083007812e-01,3.494567275047302246e-01,3.469428718090057373e-01,-6.836832165718078613e-01,7.360698580741882324e-01,-9.799862280488014221e-03,-1.132575199007987976e-01,-1.077101707458496094e+00,-1.129306674003601074e+00,1.058117389678955078e+00,2.080701112747192383e+00,-5.549500584602355957e-01,-7.359284758567810059e-01,-3.956695497035980225e-01,8.160338401794433594e-01,1.929683923721313477e+00,-2.046082019805908203e+00,-1.498788714408874512e+00,3.901780545711517334e-01,8.192551732063293457e-01,-7.516500353813171387e-01,4.020519256591796875e-01,1.288219928741455078e+00,1.589671730995178223e+00,4.042941927909851074e-01,2.303690195083618164e+00,-3.470081388950347900e-01,4.967565834522247314e-01,-2.371436953544616699e-01,-9.340166114270687103e-03,-4.134578704833984375e-01,-1.071473062038421631e-01
3.355575501918792725e-01,6.052004098892211914e-01,-2.352024078369140625e+00,-1.253728628158569336e+00,3.187074065208435059e-01,-7.745932936668395996e-01,-3.174556791782379150e-01,1.288132667541503906e+00,1.249799489974975586e+00,-5.464133024215698242e-01,-2.150778174400329590e-01,1.013210654258728027e+00,-9.509875774383544922e-01,-6.069744229316711426e-01,1.011988997459411621e+00,-6.705726981163024902e-01,1.146945357322692871e+00,1.660561800003051758e+00,-3.448306620121002197e-01,-1.276826620101928711e+00,-5.314761400222778320e-01,7.143821716308593750e-01,-1.735043406486511230e+00,4.927179813385009766e-01,3.268541395664215088e-01,-1.749485015869140625e+00,-1.369517922401428223e+00,-6.500436067581176758e-01,-4.550316035747528076e-01,-4.357474297285079956e-02,-6.816400587558746338e-02,1.049742341041564941e+00,9.790760874748229980e-01,1.013096213340759277e+00,-3.975194394588470459e-01,-7.663634419441223145e-01,-3.179785981774330139e-02,-1.410584568977355957e+00,8.818766474723815918e-01,-4.647152423858642578e-01,-2.596479654312133789e-01,-4.691091477870941162e-01,3.536442220211029053e-01,2.588329076766967773e+00,-6.412407159805297852e-01,-4.070619344711303711e-01,1.826617419719696045e-01,-1.311841964721679688e+00,-8.010430932044982910e-01,1.217767689377069473e-02,8.414781093597412109e-01,-1.112937927246093750e+00,4.269917309284210205e-01,-1.575661897659301758e-01,-9.388503432273864746e-02,1.379355311393737793e+00,-6.056826710700988770e-01,-1.925236880779266357e-01,1.043933629989624023e+00,2.136194556951522827e-01,2.492557466030120850e-01,6.718799471855163574e-01,1.218154430389404297e+00,-3.045374155044555664e-01,-4.009790718555450439e-01,4.347363114356994629e-01,-3.666298687458038330e-01,-7.775424718856811523e-01,1.022504091262817383e+00,-5.037488937377929688e-01,-9.768427014350891113e-01,1.456226408481597900e-01,-1.237402796745300293e+00,5.877015590667724609e-01,2.306473731994628906e+00,3.665027320384979248e-01,-1.860985755920410156e-01,5.219714045524597168e-01,-7.571212649345397949e-01,1.906843036413192749e-01,6.996319293975830078e-01,-3.418295681476593018e-01,1.409635305404663086e+00,2.699199020862579346e-01,-1.002847790718078613e+00,3.101246356964111328e-01,1.291029691696166992e+00,1.164556741714477539e+00,-1.417856574058532715e+00,-5.231766402721405029e-02,-1.055937767028808594e+00,-8.853762149810791016e-01,8.185002207756042480e-01,-3.240646123886108398e-01,2.097978889942169189e-01,-4.515987634658813477e-01,1.201712727546691895e+00,-2.299757599830627441e-01,6.639364361763000488e-01,-1.521670818328857422e-01
9.443517327308654785e-01,-1.677242368459701538e-01,-1.539636731147766113e+00,-8.016359061002731323e-02,1.333983898162841797e+00,-1.028599977493286133e+00,1.266385197639465332e+00,7.891822457313537598e-01,5.373182892799377441e-01,5.676888823509216309e-01,-4.034214317798614502e-01,-4.809981286525726318e-01,1.313592076301574707e+00,4.099445044994354248e-01,-1.453200221061706543e+00,8.221399188041687012e-01,6.646308302879333496e-01,-7.076057195663452148e-01,-1.419780850410461426e+00,-8.252235054969787598e-01,-4.669064283370971680e-01,1.345016360282897949e+00,1.128543376922607422e+00,-5.826267600059509277e-01,1.080268621444702148e+00,1.442105650901794434e+00,2.193769216537475586e+00,-1.407734036445617676e+00,-1.402466177940368652e+00,3.800439834594726562e-01,-4.521284103393554688e-01,-7.496255040168762207e-01,-1.237065196037292480e+00,8.557587265968322754e-01,1.620973229408264160e+00,-3.862746655941009521e-01,1.124046742916107178e-01,-2.823570728302001953e+00,-2.787515223026275635e-01,-6.761835813522338867e-01,-1.558618545532226562e+00,1.446163177490234375e+00,5.903383493423461914e-01,3.770027458667755127e-01,-2.167161703109741211e-01,-7.238159775733947754e-01,1.075413584709167480e+00,4.566696286201477051e-01,-7.207320928573608398e-01,5.667545199394226074e-01,1.626055240631103516e-01,-3.618462979793548584e-01,-1.990465968847274780e-01,-1.648421049118041992e+00,4.235223233699798584e-01,9.412161111831665039e-01,3.787624537944793701e-01,-1.835035085678100586e+00,-1.275225758552551270e+00,-5.797539949417114258e-01,-9.873715639114379883e-01,5.461549162864685059e-01,9.533030390739440918e-01,4.174143373966217041e-01,-5.998408794403076172e-01,-1.476456403732299805e+00,1.071639776229858398e+00,4.718988761305809021e-02,-2.991725444793701172e+00,-6.168867945671081543e-01,-9.822923690080642700e-02,1.997472345829010010e-01,-5.685551166534423828e-01,2.327646911144256592e-01,-2.998991012573242188e-01,7.002477645874023438e-01,2.405320644378662109e+00,1.680665463209152222e-01,9.250767230987548828e-01,1.191731840372085571e-01,-2.177369594573974609e+00,-3.236255794763565063e-02,7.802649736404418945e-01,-3.348812460899353027e-01,-2.188393354415893555e+00,1.037204146385192871e+00,1.601967453956604004e+00,7.166758179664611816e-01,-6.301349401473999023e-01,1.166181087493896484e+00,-2.782325744628906250e-01,-6.274886131286621094e-01,5.751157402992248535e-01,-9.902323782444000244e-02,-1.328177809715270996e+00,-1.926200091838836670e-02,-1.194286108016967773e+00,4.203301370143890381e-01,1.813451647758483887e+00,1.074407935142517090e+00
-4.188130423426628113e-02,-2.263982772827148438e+00,-5.469995737075805664e-01,-1.187546372413635254e+00,5.107785463333129883e-01,-1.170101463794708252e-01,4.714734256267547607e-01,4.382671415805816650e-02,1.000480413436889648e+00,-1.272677063941955566e+00,-8.363764882087707520e-01,3.710806965827941895e-01,9.143344163894653320e-01,6.208837628364562988e-01,-3.155940026044845581e-02,5.640538334846496582e-01,1.369503259658813477e+00,7.850816249847412109e-01,-1.136378288269042969e+00,-5.728490948677062988e-01,-1.097824692726135254e+00,-1.089019179344177246e+00,4.944657981395721436e-01,1.321068644523620605e+00,-5.087159276008605957e-01,9.614977240562438965e-01,6.102441549301147461e-01,1.136000633239746094e+00,5.011932253837585449e-01,-6.669192314147949219e-01,-1.642490863800048828e+00,3.675820231437683105e-01,2.816665768623352051e-01,1.288948416709899902e+00,1.008773088455200195e+00,1.641850948333740234e+00,2.386056661605834961e+00,-4.435110390186309814e-01,9.579264521598815918e-01,-2.596292734146118164e+00,-6.447428464889526367e-01,9.450648427009582520e-01,-1.786456443369388580e-02,6.035028696060180664e-01,-6.169173121452331543e-02,1.677554100751876831e-01,-8.093811571598052979e-02,3.519633710384368896e-01,-8.039363026618957520e-01,-1.269648671150207520e+00,-5.049014687538146973e-01,-1.086730122566223145e+00,3.831447660923004150e-01,1.458461642265319824e+00,2.811871469020843506e-01,-1.800772696733474731e-01,-1.407303452491760254e+00,-2.623228132724761963e-01,2.873450219631195068e-01,6.963973641395568848e-01,-4.449899494647979736e-01,-1.405469298362731934e+00,1.119193196296691895e+00,4.759295582771301270e-01,2.115422487258911133e-01,8.884385228157043457e-01,-8.967643380165100098e-01,-1.942008972167968750e+00,-9.149944186210632324e-01,-2.605274021625518799e-01,-9.022278785705566406e-01,1.711347579956054688e+00,-2.293520271778106689e-01,1.133468508720397949e+00,-8.271333575248718262e-01,-6.690989136695861816e-01,5.371748208999633789e-01,-1.664771795272827148e+00,-1.499594330787658691e+00,1.287456870079040527e+00,1.174463748931884766e+00,2.653060555458068848e-01,-1.734395325183868408e-01,4.013613983988761902e-02,7.099776864051818848e-01,-1.617909073829650879e-01,8.609541058540344238e-01,-1.063753008842468262e+00,-8.405284285545349121e-01,-2.631178140640258789e+00,9.038261175155639648e-01,-1.224201917648315430e+00,-1.688148617744445801e+00,-1.192728996276855469e+00,-3.324227035045623779e-01,5.096704959869384766e-01,1.796774268150329590e+00,4.810515046119689941e-01,8.281588554382324219e-01,-6.239163130521774292e-02
2.559837326407432556e-02,-2.934573590755462646e-01,-5.589779019355773926e-01,-2.240334510803222656e+00,-1.048768281936645508e+00,-2.210601270198822021e-01,-9.623588621616363525e-02,-4.858030974864959717e-01,-1.192779183387756348e+00,8.708966970443725586e-01,-8.882073760032653809e-01,-1.014147400856018066e+00,1.754958271980285645e+00,-1.013191223144531250e+00,5.460606142878532410e-02,-2.986354231834411621e-01,1.397992014884948730e+00,1.110746741294860840e+00,2.307492345571517944e-01,-1.691062152385711670e-01,1.919686794281005859e+00,-2.586820721626281738e-01,-1.116535425186157227e+00,8.449407219886779785e-01,-1.297198534011840820e+00,3.344574943184852600e-02,-8.955026268959045410e-01,-1.958782821893692017e-01,-7.409383654594421387e-01,-4.607292711734771729e-01,-1.730614423751831055e+00,7.366427183151245117e-01,1.032209873199462891e+00,-5.069568157196044922e-01,-2.223624944686889648e+00,1.160365581512451172e+00,9.181610345840454102e-01,1.560594558715820312e+00,-1.717484116554260254e+00,2.328448742628097534e-02,1.494361996650695801e+00,-6.435588598251342773e-01,4.680307805538177490e-01,-2.265735268592834473e-01,-1.231310725212097168e+00,1.334289163351058960e-01,3.672164082527160645e-01,-3.293554484844207764e-01,6.944092512130737305e-01,-3.119330704212188721e-01,9.724026173353195190e-02,3.874586522579193115e-01,1.862209141254425049e-01,1.425289362668991089e-01,-3.396890312433242798e-02,3.667251169681549072e-01,-4.150319695472717285e-01,7.759391665458679199e-01,-2.194098949432373047e+00,7.063409686088562012e-01,1.630540609359741211e+00,1.404985308647155762e+00,-3.109459280967712402e-01,1.824954390525817871e+00,2.572235763072967529e-01,-2.855466902256011963e-01,-5.420788526535034180e-01,-4.674657583236694336e-01,-1.015351533889770508e+00,-8.625093102455139160e-01,1.345899654552340508e-03,7.415984272956848145e-01,1.520855903625488281e+00,1.449495647102594376e-02,4.232316613197326660e-01,-5.214988589286804199e-01,-9.251950979232788086e-01,-8.168586492538452148e-01,9.999585747718811035e-01,7.234331369400024414e-01,1.756719231605529785e+00,3.083530664443969727e-01,-5.136860013008117676e-01,-1.403494596481323242e+00,1.353114545345306396e-01,-1.197758078575134277e+00,6.633421778678894043e-01,-1.906870603561401367e+00,-1.957415938377380371e-01,-1.590658664703369141e+00,-1.494255512952804565e-01,-6.170162558555603027e-01,9.104791283607482910e-01,1.061822772026062012e+00,4.085772037506103516e-01,-3.907114565372467041e-01,1.176087260246276855e+00,-8.637477755546569824e-01,-1.486588001251220703e+00,2.523934245109558105e-01
1.520326137542724609e+00,-9.622178077697753906e-01,3.600956201553344727e-01,-4.717028737068176270e-01,-6.605787277221679688e-01,3.195721507072448730e-01,1.260656237602233887e+00,1.044775843620300293e+00,6.190857291221618652e-01,-7.615191936492919922e-01,4.084702730178833008e-01,-1.869702488183975220e-01,5.181050896644592285e-01,2.280737400054931641e+00,-1.296779513359069824e+00,-5.561311244964599609e-01,-2.247813463211059570e+00,-5.919768810272216797e-01,1.854155898094177246e+00,2.140727043151855469e-01,-4.565284401178359985e-02,-6.011849641799926758e-01,-1.180024147033691406e+00,-3.040671050548553467e-01,1.098349019885063171e-01,1.779790043830871582e+00,2.160376161336898804e-01,-1.354035288095474243e-01,-1.343899071216583252e-01,-1.093381047248840332e-01,5.126320719718933105e-01,-5.234442353248596191e-01,-7.862011790275573730e-01,-1.062839031219482422e+00,-3.252315223217010498e-01,-6.791997551918029785e-01,1.177204489707946777e+00,-6.566908955574035645e-01,3.876081109046936035e-01,1.017226338386535645e+00,-1.028416395187377930e+00,2.110764503479003906e+00,6.749898195266723633e-01,-9.664670825004577637e-01,2.819791793823242188e+00,5.722451210021972656e-01,-8.839856833219528198e-02,-1.831668257713317871e+00,-2.142358303070068359e+00,5.124672651290893555e-01,-9.377896785736083984e-01,1.358324885368347168e+00,3.595989346504211426e-01,2.842788219451904297e+00,-7.118986248970031738e-01,-3.897812068462371826e-01,1.533886909484863281e+00,9.607376456260681152e-01,-1.944597214460372925e-01,-1.407942771911621094e+00,-6.064568758010864258e-01,1.204633474349975586e+00,-8.801893591880798340e-01,5.672531723976135254e-01,3.205975890159606934e-02,3.771682381629943848e-01,-8.467270731925964355e-01,1.515701293945312500e+00,6.525545846670866013e-03,-1.503625869750976562e+00,3.328382968902587891e-01,8.212701678276062012e-01,2.579094767570495605e-01,1.234099388122558594e+00,3.975782990455627441e-01,-1.942194104194641113e-01,8.493468761444091797e-01,2.380052655935287476e-01,7.586806416511535645e-01,-1.431205272674560547e+00,-4.864188656210899353e-02,-4.949029088020324707e-01,2.114639729261398315e-01,1.995982527732849121e+00,1.699885725975036621e-01,8.916637301445007324e-01,7.135205864906311035e-01,-5.519542098045349121e-01,1.018826246261596680e+00,2.344578742980957031e+00,-1.971129775047302246e+00,1.764414161443710327e-01,1.568410277366638184e+00,-1.622178077697753906e+00,1.868681795895099640e-02,-1.486112833023071289e+00,-1.005154967308044434e+00,-9.342827796936035156e-01,3.757602572441101074e-01,7.084606289863586426e-01
-3.849780559539794922e-01,-1.072048023343086243e-01,-9.422429203987121582e-01,6.120423078536987305e-01,-1.485403776168823242e+00,-4.340825974941253662e-01,-4.828807413578033447e-01,-1.385847091674804688e+00,1.032630562782287598e+00,1.551947355270385742e+00,1.294293552637100220e-01,7.624369859695434570e-01,3.861521184444427490e-02,9.036681801080703735e-02,1.375811696052551270e+00,-1.056500375270843506e-01,2.953935563564300537e-01,-1.411180049180984497e-01,-6.812064051628112793e-01,-1.246350049972534180e+00,1.257983088493347168e+00,-7.237781882286071777e-01,3.937156498432159424e-02,-1.852152645587921143e-01,-4.033882021903991699e-01,1.738576412200927734e+00,-8.753870427608489990e-02,1.124848604202270508e+00,-7.404872775077819824e-02,-4.831717610359191895e-01,-1.445162653923034668e+00,-2.069837331771850586e+00,-9.040876626968383789e-01,-8.346741795539855957e-01,4.516533017158508301e-01,3.018819689750671387e-01,-1.237215518951416016e+00,-4.466430842876434326e-01,-8.936113715171813965e-01,3.042746782302856445e+00,-3.392036855220794678e-01,1.434076547622680664e+00,8.957458138465881348e-01,4.503307342529296875e-01,7.096824049949645996e-01,2.741376459598541260e-01,-1.231458187103271484e+00,8.329617977142333984e-01,-5.665572285652160645e-01,1.322872757911682129e+00,-4.300391376018524170e-01,-3.965424299240112305e-01,8.789850473403930664e-01,-4.303352534770965576e-01,5.378971099853515625e-01,-3.636694550514221191e-01,-6.637939214706420898e-01,4.106048643589019775e-01,-1.567304581403732300e-01,-9.322126507759094238e-01,1.922998428344726562e-01,1.224825859069824219e+00,-7.630878686904907227e-01,3.544719219207763672e-01,-9.975721240043640137e-01,5.181322693824768066e-01,-1.114944517612457275e-01,-5.330435037612915039e-01,-3.967776298522949219e-01,-1.571368128061294556e-01,-1.047081232070922852e+00,-1.682889103889465332e+00,-1.654263615608215332e+00,-6.656343936920166016e-01,2.257803082466125488e-01,-2.589590847492218018e-01,1.215859889984130859e+00,-1.576555967330932617e-01,2.024080514907836914e+00,7.775537371635437012e-01,-4.026404321193695068e-01,-6.219681501388549805e-01,2.941601276397705078e-01,-8.596481084823608398e-01,-1.096423864364624023e+00,-5.372883677482604980e-01,2.730957984924316406e+00,1.440401792526245117e+00,-3.392764627933502197e-01,1.261608242988586426e+00,-5.774252414703369141e-01,-1.709713935852050781e+00,-9.056089818477630615e-02,-4.356464147567749023e-01,1.669202804565429688e+00,8.611645102500915527e-01,3.385763466358184814e-01,-1.551114797592163086e+00,-4.911666214466094971e-01,-6.601210832595825195e-01
-1.378041505813598633e+00,1.093726903200149536e-01,3.215893208980560303e-01,3.207852840423583984e-01,1.035969853401184082e+00,1.436674118041992188e+00,-1.387061119079589844e+00,-2.830009460449218750e-01,-1.390311773866415024e-02,-1.094064593315124512e+00,-1.410994648933410645e+00,-2.255141973495483398e+00,-1.703303009271621704e-01,5.986104607582092285e-01,-6.333543062210083008e-01,-7.774438858032226562e-01,-1.373132467269897461e-01,1.521814912557601929e-01,7.481418251991271973e-01,1.196162581443786621e+00,-4.085758626461029053e-01,1.407347202301025391e+00,3.771098554134368896e-01,8.879192471504211426e-01,1.974432110786437988e+00,6.239451169967651367e-01,-8.907086849212646484e-01,-3.511212766170501709e-01,-1.320003122091293335e-01,-1.285495162010192871e+00,-1.113791227340698242e+00,-5.391263961791992188e-01,8.168779313564300537e-02,8.631874918937683105e-01,-4.582922756671905518e-01,-1.571797132492065430e+00,5.453932285308837891e-01,-6.770140528678894043e-01,-6.174108386039733887e-01,-5.081867799162864685e-02,2.394730746746063232e-01,2.516849339008331299e-01,-4.829616248607635498e-01,-1.333750039339065552e-01,-2.753471434116363525e-01,1.087890267372131348e+00,7.650710642337799072e-02,2.985661923885345459e-01,4.963720440864562988e-01,-4.861554503440856934e-01,1.803030133247375488e+00,1.234613776206970215e+00,7.668086290359497070e-01,1.024527922272682190e-01,-1.226440146565437317e-01,1.021773815155029297e+00,2.771893143653869629e-01,-2.909040153026580811e-01,-1.141696572303771973e+00,-4.359477460384368896e-01,-6.715787649154663086e-01,-8.893987536430358887e-01,-1.218845009803771973e+00,-1.173923134803771973e+00,2.027311563491821289e+00,1.034195348620414734e-01,-2.526671588420867920e-01,2.149651288986206055e+00,8.091636300086975098e-01,1.809179544448852539e+00,-1.246305465698242188e+00,1.001718163490295410e+00,-6.491129398345947266e-01,9.138292074203491211e-02,-2.288891077041625977e-01,1.159072399139404297e+00,1.167022943496704102e+00,5.822591781616210938e-01,-9.456641227006912231e-02,7.242005318403244019e-02,-6.267984509468078613e-01,1.623642146587371826e-01,1.662141561508178711e+00,3.244617283344268799e-01,-1.094343662261962891e+00,1.119487643241882324e+00,-1.416119694709777832e+00,8.086135983467102051e-01,-4.264898002147674561e-01,-5.820674300193786621e-01,-1.347165852785110474e-01,-5.503962561488151550e-02,8.620212078094482422e-01,9.633361101150512695e-01,-6.052243709564208984e-01,-1.281476497650146484e+00,9.745366573333740234e-01,-1.939650326967239380e-01,-1.672177672386169434e+00,1.096484661102294922e+00
1.167452692985534668e+00,1.577666029334068298e-02,5.410237908363342285e-01,4.353837668895721436e-02,-1.984656006097793579e-01,-1.168635487556457520e+00,2.801011204719543457e-01,1.263705193996429443e-01,3.990686833858489990e-01,-6.093546152114868164e-01,-6.053223013877868652e-01,-1.450358986854553223e+00,5.260338783264160156e-01,-3.641144633293151855e-01,2.173456192016601562e+00,-6.394057273864746094e-01,6.801703572273254395e-01,-1.119463562965393066e+00,1.886511921882629395e+00,-7.453642319887876511e-03,1.987204074859619141e+00,-2.028547972440719604e-01,1.545361399650573730e+00,-1.918913125991821289e-01,1.317674815654754639e-01,2.085288763046264648e+00,7.791670560836791992e-01,-1.350485347211360931e-02,1.686811685562133789e+00,4.636620357632637024e-02,1.379787828773260117e-02,-3.315576910972595215e-01,-1.622205257415771484e+00,1.173098444938659668e+00,2.570174336433410645e-01,-1.042296528816223145e+00,-1.439544439315795898e+00,7.209940552711486816e-01,9.863737225532531738e-01,6.223992705345153809e-01,1.707894206047058105e-01,3.592988252639770508e-01,-1.058962583541870117e+00,-1.127135753631591797e+00,6.922748088836669922e-01,1.651097655296325684e+00,1.537753820419311523e+00,1.219964623451232910e+00,-3.245319724082946777e-01,9.101576805114746094e-01,2.655099034309387207e-01,1.474794030189514160e+00,-1.389477729797363281e+00,5.668815970420837402e-01,-6.001324206590652466e-02,-8.264807462692260742e-01,-1.581963896751403809e-01,-3.251146972179412842e-01,5.585344433784484863e-01,-5.223480612039566040e-02,1.655691266059875488e+00,4.100970029830932617e-01,3.005732223391532898e-02,3.792725205421447754e-01,-1.348740816116333008e+00,9.123538732528686523e-01,-9.729430079460144043e-01,-2.995049059391021729e-01,-1.896819323301315308e-01,-7.779777050018310547e-01,3.812020421028137207e-01,-3.312875330448150635e-01,-4.108928442001342773e-01,-1.657622218132019043e+00,-1.348809838294982910e+00,5.570791959762573242e-01,3.797795176506042480e-01,-4.653526246547698975e-01,-1.622493743896484375e+00,1.016025662422180176e+00,4.436172842979431152e-01,-2.617478370666503906e-01,-7.408739924430847168e-01,2.840636074542999268e-01,2.695189416408538818e-01,-6.428619474172592163e-02,2.914675176143646240e-01,-8.977117538452148438e-01,-1.086385250091552734e+00,3.622609078884124756e-01,6.059434413909912109e-01,-1.258913755416870117e+00,9.073247909545898438e-01,8.728736042976379395e-01,-1.590167731046676636e-01,-2.936629652976989746e-01,-1.296485424041748047e+00,-2.397271990776062012e-01,-2.796834409236907959e-01,1.470816135406494141e+00
8.337528705596923828e-01,1.525022089481353760e-03,-1.880050301551818848e-01,-9.598899483680725098e-01,-6.772985458374023438e-01,1.466339230537414551e+00,-2.172608375549316406e+00,-2.109734155237674713e-02,-1.486734151840209961e+00,-1.014791488647460938e+00,7.725757956504821777e-01,1.788335680961608887e+00,2.722199678421020508e+00,1.705822467803955078e+00,-1.034944057464599609e+00,6.053161621093750000e-01,2.341061830520629883e+00,-1.310643106698989868e-01,1.362406313419342041e-01,6.064338609576225281e-02,-2.517767250537872314e-01,-1.342586994171142578e+00,-1.295794725418090820e+00,5.335738062858581543e-01,6.125266551971435547e-01,1.300172448158264160e+00,4.494968801736831665e-02,1.283837437629699707e+00,-8.069710731506347656e-01,2.736933529376983643e-02,-7.568298578262329102e-01,-1.136571407318115234e+00,-4.992359504103660583e-02,-1.212323069572448730e+00,-8.750540614128112793e-01,-1.424297690391540527e+00,1.015455007553100586e+00,-1.595168471336364746e+00,-2.901645004749298096e-02,3.549124002456665039e-01,-7.464025020599365234e-01,6.916692852973937988e-01,-9.579862356185913086e-01,-4.671374261379241943e-01,3.603892028331756592e-01,-1.982892155647277832e-01,-2.963826656341552734e-01,-1.597479820251464844e+00,8.342532515525817871e-01,8.353425860404968262e-01,-1.274545025080442429e-02,-1.529049724340438843e-01,3.161309063434600830e-01,3.197070956230163574e-01,-6.680465340614318848e-01,7.711372375488281250e-01,-1.271501302719116211e+00,-3.546981513500213623e-01,8.086803555488586426e-01,4.463832378387451172e-01,8.090153932571411133e-01,-1.309513926506042480e+00,-2.280733585357666016e+00,8.629291057586669922e-01,-8.605671674013137817e-02,4.455079436302185059e-01,-9.476417899131774902e-01,-4.948416948318481445e-01,1.057181835174560547e+00,1.643089771270751953e+00,1.377635300159454346e-01,6.779960393905639648e-01,-9.001646190881729126e-02,1.889271974563598633e+00,1.586498737335205078e+00,-1.587806463241577148e+00,1.485057830810546875e+00,9.791889786720275879e-01,-1.147793382406234741e-01,3.060240745544433594e-01,-2.331630438566207886e-01,3.269358575344085693e-01,-2.352708429098129272e-01,2.575189590454101562e+00,-8.095065355300903320e-01,-8.353716731071472168e-01,-3.610785901546478271e-01,-1.466858536005020142e-01,6.547913551330566406e-01,-6.983492374420166016e-01,6.634635925292968750e-01,-6.788601875305175781e-01,-6.956608295440673828e-01,2.290112674236297607e-01,9.444478750228881836e-01,-2.461689949035644531e+00,1.600050449371337891e+00,6.486143469810485840e-01,-2.598992109298706055e+00,-1.194268912076950073e-01
-9.979603290557861328e-01,6.829704046249389648e-01,1.441325426101684570e+00,6.997035741806030273e-01,3.269036412239074707e-01,1.073770165443420410e+00,5.678896903991699219e-01,-7.388389110565185547e-01,-5.477226376533508301e-01,3.497116267681121826e-01,5.553089380264282227e-01,1.616623878479003906e+00,-2.312180995941162109e-01,1.236837655305862427e-01,6.556534171104431152e-01,-4.033321142196655273e-01,-1.345246434211730957e+00,1.505664825439453125e+00,4.712861776351928711e-01,-1.438579678535461426e+00,4.045233726501464844e-01,-1.720869302749633789e+00,1.213241815567016602e+00,-2.962983846664428711e-01,-1.712027311325073242e+00,4.761789739131927490e-01,1.321829080581665039e+00,-2.385796010494232178e-01,-4.524948000907897949e-01,1.823989272117614746e+00,1.295959949493408203e-01,1.508780598640441895e+00,-2.257862687110900879e-01,3.373057246208190918e-01,-7.812694311141967773e-01,4.967097938060760498e-01,-1.081209629774093628e-01,6.784194111824035645e-01,-1.544170081615447998e-01,2.263535559177398682e-02,-7.711707949638366699e-01,-1.017181515693664551e+00,1.757704764604568481e-01,-7.113214135169982910e-01,6.358003616333007812e-01,6.964573860168457031e-01,-3.494956493377685547e-01,1.252695441246032715e+00,3.871168494224548340e-01,1.231738448143005371e+00,-3.199822306632995605e-01,-1.133120656013488770e+00,-1.444171428680419922e+00,4.647202193737030029e-01,8.630039691925048828e-01,-1.276490688323974609e+00,2.351474463939666748e-01,2.313984483480453491e-01,1.161698997020721436e-01,9.241391420364379883e-01,-5.157805606722831726e-02,5.617313385009765625e-01,7.881922125816345215e-01,7.654208540916442871e-01,1.035132288932800293e+00,-2.328906655311584473e-01,-8.105436563491821289e-01,-6.810234785079956055e-01,1.417136073112487793e+00,-1.869262576103210449e+00,-4.493366777896881104e-01,-5.823771953582763672e-01,7.370125651359558105e-01,-1.296311378479003906e+00,-7.071774601936340332e-01,-1.282526850700378418e+00,1.174253344535827637e+00,1.321951508522033691e+00,-1.584838032722473145e-01,8.494508266448974609e-01,-4.512223899364471436e-01,2.085079252719879150e-01,-1.252394318580627441e-01,-8.961626887321472168e-01,5.805286169052124023e-01,-1.425689578056335449e+00,-1.069947838783264160e+00,1.855975627899169922e+00,1.922868847846984863e+00,8.281874656677246094e-01,-1.848331451416015625e+00,6.704187989234924316e-01,6.560472249984741211e-01,1.293198466300964355e+00,-3.867010176181793213e-01,1.434555768966674805e+00,-9.610811620950698853e-02,3.058016002178192139e-01,-1.028158664703369141e+00,4.151392877101898193e-01
-2.807118892669677734e-01,-1.691945433616638184e+00,-1.117037415504455566e+00,-1.373341828584671021e-01,8.927060365676879883e-01,-7.079650759696960449e-01,6.805191040039062500e-01,-4.611612558364868164e-01,3.104733228683471680e-01,6.036996841430664062e-01,-2.038406372070312500e+00,7.069891691207885742e-01,1.859927654266357422e+00,-4.058832824230194092e-01,-1.388530373573303223e+00,1.762942552566528320e+00,-1.079482555389404297e+00,-2.369598865509033203e+00,-2.010914087295532227e+00,-1.716076612472534180e+00,5.374680757522583008e-01,-3.012692630290985107e-01,-3.961747884750366211e-01,3.424423694610595703e+00,9.856017231941223145e-01,1.067677378654479980e+00,-1.293821036815643311e-01,-1.019339680671691895e+00,3.549539148807525635e-01,-9.120157957077026367e-01,-7.060574889183044434e-01,-1.019733190536499023e+00,-2.526619434356689453e-01,3.028538823127746582e-01,-9.110870361328125000e-01,1.259337425231933594e+00,-1.194325566291809082e+00,-1.952204465866088867e+00,1.384914875030517578e+00,6.328047513961791992e-01,-1.748169064521789551e-01,-1.221673130989074707e+00,-4.968657791614532471e-01,-9.649341702461242676e-01,6.782605051994323730e-01,1.833353996276855469e+00,-4.537621736526489258e-01,3.414776921272277832e-01,1.023919701576232910e+00,9.863610863685607910e-01,8.042074441909790039e-01,-2.958329953253269196e-02,7.170282006263732910e-01,-1.180981040000915527e+00,-4.803865551948547363e-01,8.561593294143676758e-01,1.407016962766647339e-01,-1.645519852638244629e+00,-1.797365099191665649e-01,-3.905244767665863037e-01,7.040135860443115234e-01,-6.861879825592041016e-01,7.189610004425048828e-01,-5.343865752220153809e-01,6.025320887565612793e-01,9.837825298309326172e-01,-1.371136784553527832e+00,-1.400410413742065430e+00,4.698102772235870361e-01,3.538738191127777100e-01,3.054671585559844971e-01,4.720109701156616211e-01,1.060485124588012695e+00,-2.717865705490112305e-01,-8.018221855163574219e-01,3.325195610523223877e-01,1.617106050252914429e-01,-3.999239951372146606e-02,6.344494968652725220e-02,6.074180081486701965e-02,-6.331563591957092285e-01,1.977534443140029907e-01,4.978558793663978577e-02,-1.452734589576721191e+00,-1.743948459625244141e+00,-9.279995560646057129e-01,-5.849554762244224548e-02,-2.224387228488922119e-02,7.755926847457885742e-01,4.628989398479461670e-01,1.548932641744613647e-01,-8.254107236862182617e-01,-5.325652956962585449e-01,-2.147179365158081055e+00,-1.397549271583557129e+00,-4.592130482196807861e-01,-2.686759531497955322e-01,-7.914637327194213867e-01,-2.364281266927719116e-01,1.101058483123779297e+00
4.556307494640350342e-01,-1.185385584831237793e+00,6.361497100442647934e-03,1.013907045125961304e-01,-6.543585658073425293e-01,7.203986048698425293e-01,-2.826222658157348633e+00,-3.672357797622680664e-01,-1.764138936996459961e-01,-9.365357756614685059e-01,-9.559469670057296753e-02,1.524600088596343994e-01,1.947234869003295898e-01,9.897775053977966309e-01,-5.741612985730171204e-02,-6.723411679267883301e-01,-4.112180173397064209e-01,-4.197415411472320557e-01,1.300019502639770508e+00,-1.339371323585510254e+00,-1.435138583183288574e+00,1.190585613250732422e+00,-1.137419819831848145e+00,1.782861948013305664e+00,5.887359380722045898e-01,-1.469457626342773438e+00,1.100222826004028320e+00,1.162397861480712891e+00,-1.557450890541076660e+00,3.948414623737335205e-01,-1.400720238685607910e+00,-6.209329515695571899e-02,-5.210989117622375488e-01,-7.651624679565429688e-01,6.597608327865600586e-01,4.638424813747406006e-01,-7.291160821914672852e-01,-7.303403019905090332e-01,2.892543554306030273e+00,-7.274862378835678101e-02,4.016193151473999023e-01,3.908278048038482666e-01,-6.133508086204528809e-01,-7.111743688583374023e-01,4.952442049980163574e-01,-1.838727951049804688e+00,-1.676047444343566895e-01,-1.079488158226013184e+00,1.139760255813598633e+00,6.084179878234863281e-01,-1.392135262489318848e+00,-1.370129346847534180e+00,1.595209836959838867e+00,-5.372154116630554199e-01,-1.318854570388793945e+00,-3.216324746608734131e-01,-3.432430624961853027e-01,-1.504438400268554688e+00,-9.664131402969360352e-01,1.068186163902282715e+00,-4.334836006164550781e-01,-7.362387776374816895e-01,-1.075765132904052734e+00,-2.389851361513137817e-01,9.960130602121353149e-02,4.638618826866149902e-01,-9.769917130470275879e-01,-1.598899364471435547e+00,-9.237076640129089355e-01,-1.038689494132995605e+00,7.519595026969909668e-01,7.912994623184204102e-01,-1.071061134338378906e+00,-2.740123510360717773e+00,-3.912488222122192383e-01,3.574787676334381104e-01,1.479140669107437134e-01,-1.508666872978210449e+00,-6.870737671852111816e-01,8.276972174644470215e-02,5.200126767158508301e-01,1.308213353157043457e+00,-1.205907315015792847e-01,1.017628192901611328e+00,-2.452565133571624756e-01,6.411284208297729492e-02,1.052990436553955078e+00,-9.206871688365936279e-02,4.178443849086761475e-01,5.842072963714599609e-01,1.062631532549858093e-01,1.287448883056640625e+00,1.630079895257949829e-01,6.051030158996582031e-01,4.863811135292053223e-01,2.754505872726440430e+00,-2.140941143035888672e+00,-3.666928410530090332e-01,-8.487325906753540039e-01,-1.241558790206909180e+00
4.003179967403411865e-01,-7.882449030876159668e-01,-8.489298820495605469e-01,-5.119520425796508789e-02,-1.526243686676025391e+00,8.303952403366565704e-03,-6.831601858139038086e-01,-9.423925280570983887e-01,1.039716839790344238e+00,1.023787632584571838e-01,2.924738228321075439e-01,1.350935339927673340e+00,1.125113606452941895e+00,1.451847236603498459e-02,5.572080016136169434e-01,6.132086515426635742e-01,-9.086632728576660156e-01,1.179038405418395996e+00,-3.547596037387847900e-01,1.761275380849838257e-01,-1.536721229553222656e+00,-1.007463574409484863e+00,-1.382052779197692871e+00,8.660090565681457520e-01,1.441910624504089355e+00,-1.037783861160278320e+00,-4.353612363338470459e-01,-1.700713276863098145e+00,2.607449054718017578e+00,-1.264333724975585938e+00,2.338790416717529297e+00,-9.615238904953002930e-01,-1.430269241333007812e+00,2.326860427856445312e-01,-2.564255297183990479e-01,-2.253986001014709473e-01,-7.478767037391662598e-01,9.543258547782897949e-01,5.327325463294982910e-01,-4.391699135303497314e-01,-1.502014279365539551e+00,1.983012557029724121e+00,5.266129374504089355e-01,-1.450377345085144043e+00,-1.490495681762695312e+00,-1.112423658370971680e+00,9.218003749847412109e-01,5.786077380180358887e-01,2.915291190147399902e-01,1.216348171234130859e+00,-2.022130250930786133e+00,1.810397028923034668e+00,5.817650556564331055e-01,1.154982328414916992e+00,-2.687338829040527344e+00,1.680806398391723633e+00,1.614168524742126465e+00,1.523454189300537109e+00,-8.714111447334289551e-01,-6.383479237556457520e-01,-2.016778469085693359e+00,1.038685917854309082e+00,6.441456079483032227e-02,-4.624307751655578613e-01,-5.469109416007995605e-01,3.700464963912963867e-01,1.153782129287719727e+00,1.610678553581237793e+00,-1.563679814338684082e+00,3.680393695831298828e-01,1.191658005118370056e-01,-1.915632933378219604e-01,6.290861368179321289e-01,-8.807104229927062988e-01,-6.784632056951522827e-02,-1.821999669075012207e+00,8.599410057067871094e-01,-6.070593371987342834e-02,9.054297804832458496e-01,1.258592724800109863e+00,-4.462839066982269287e-01,-1.194774627685546875e+00,1.134954214096069336e+00,-1.493171334266662598e+00,4.855718910694122314e-01,-1.317009210586547852e+00,1.188272237777709961e-01,-8.770042061805725098e-01,1.723924577236175537e-01,-8.028900027275085449e-01,-9.883560538291931152e-01,-4.590350985527038574e-01,-5.094800889492034912e-02,5.809581279754638672e-01,1.244283318519592285e-01,5.087528228759765625e-01,-1.924883276224136353e-01,-2.380272001028060913e-01,-2.399440705776214600e-01,1.681217789649963379e+00
7.254400849342346191e-01,1.677123159170150757e-01,5.042950510978698730e-01,7.044444680213928223e-01,8.740375638008117676e-01,-1.240337491035461426e+00,1.595670580863952637e+00,-1.481324791908264160e+00,-6.849738359451293945e-01,-4.269814863801002502e-02,1.985949039459228516e+00,2.323343157768249512e-01,-5.225043892860412598e-01,9.537180662155151367e-01,-1.473441720008850098e-01,7.194784879684448242e-01,8.857423663139343262e-01,-1.249945402145385742e+00,2.127644300460815430e+00,-4.998629391193389893e-01,9.345294237136840820e-01,1.894482374191284180e-01,-8.422902822494506836e-01,2.135536193847656250e+00,8.977213501930236816e-01,2.069953829050064087e-01,7.068272829055786133e-01,8.342346549034118652e-01,-2.153741866350173950e-01,1.419007778167724609e+00,1.446862936019897461e+00,-1.810076534748077393e-01,4.122727811336517334e-01,2.913102865219116211e+00,-1.734259128570556641e+00,-8.070647120475769043e-01,1.209347486495971680e+00,-1.546401858329772949e+00,-5.097562074661254883e-01,-1.329274415969848633e+00,8.853311538696289062e-01,6.836733222007751465e-01,-3.301629722118377686e-01,1.228548645973205566e+00,-1.853985428810119629e+00,-2.963373661041259766e-01,-5.507183074951171875e-01,-2.347848713397979736e-01,1.429900765419006348e+00,2.818740010261535645e-01,-1.644891262054443359e+00,-1.828641146421432495e-01,5.448403954505920410e-01,8.981673419475555420e-02,-1.243915796279907227e+00,-1.611620187759399414e+00,-3.045507967472076416e-01,2.294128201901912689e-02,-2.915768921375274658e-01,-5.670561641454696655e-02,6.269623041152954102e-01,-9.111363887786865234e-01,5.176556482911109924e-02,7.694442868232727051e-01,-5.393940806388854980e-01,-3.890784084796905518e-01,-4.538764953613281250e-01,-7.770187258720397949e-01,4.739360511302947998e-01,5.614182949066162109e-01,-2.709547996520996094e+00,1.277670860290527344e+00,9.861132502555847168e-01,-6.719907522201538086e-01,8.975812196731567383e-01,5.501641035079956055e-01,1.553312540054321289e-01,-2.095600590109825134e-02,-2.120106697082519531e+00,-1.576680541038513184e+00,3.709743618965148926e-01,-1.106000423431396484e+00,-1.911564022302627563e-01,-3.430079519748687744e-01,1.255667924880981445e+00,-4.772126078605651855e-01,-5.826294049620628357e-02,9.529194831848144531e-01,-3.587167859077453613e-01,-9.463592171669006348e-01,-6.052919030189514160e-01,-5.534165501594543457e-01,1.340259760618209839e-01,-4.948848187923431396e-01,3.170628249645233154e-01,-6.854273676872253418e-01,-3.650415316224098206e-02,-6.741529107093811035e-01,-9.327267408370971680e-01,2.146790027618408203e-01
-1.147953867912292480e+00,5.736173987388610840e-01,-7.112807035446166992e-01,-8.179865479469299316e-01,-5.564112216234207153e-02,2.067018985748291016e+00,1.232726931571960449e+00,4.193580150604248047e-01,-5.893841981887817383e-01,-8.640992045402526855e-01,6.845008116215467453e-03,-1.091430068016052246e+00,-4.948495328426361084e-01,-7.674211859703063965e-01,-1.064496755599975586e+00,1.479448795318603516e+00,6.780241727828979492e-01,8.052821159362792969e-01,-1.111271739006042480e+00,1.970537781715393066e+00,-2.280464887619018555e+00,7.212979793548583984e-01,2.124209702014923096e-01,3.897669017314910889e-01,4.614932537078857422e-01,-1.113037228584289551e+00,3.324824571609497070e-02,-1.104319810867309570e+00,4.808237403631210327e-02,7.114272117614746094e-01,-1.164248347282409668e+00,-1.208401322364807129e+00,-3.476216793060302734e-01,-2.717718601226806641e+00,-1.475588083267211914e-01,-2.100285589694976807e-01,5.049375295639038086e-01,-1.393695116043090820e+00,5.696696639060974121e-01,-1.001093626022338867e+00,-2.870627120137214661e-02,-1.083974599838256836e+00,2.118851184844970703e+00,-1.143227294087409973e-01,1.285692095756530762e+00,-1.017666816711425781e+00,-6.608855724334716797e-01,-4.471231102943420410e-01,-2.003782428801059723e-02,1.623722910881042480e-01,-1.355588197708129883e+00,-6.311461925506591797e-01,-6.332982331514358521e-02,-8.964417576789855957e-01,-1.207787036895751953e+00,8.475081622600555420e-02,-1.076270341873168945e+00,-1.171884298324584961e+00,1.188492327928543091e-01,9.192700684070587158e-02,1.224889531731605530e-01,1.161881089210510254e+00,5.579472780227661133e-01,1.205438375473022461e-01,-7.152996659278869629e-01,4.332978725433349609e-01,9.664590954780578613e-01,1.381795048713684082e+00,-8.291622400283813477e-01,1.805416464805603027e+00,1.123388051986694336e+00,-1.045959472656250000e+00,-1.179086208343505859e+00,6.719641089439392090e-01,1.887445896863937378e-01,5.903233587741851807e-02,2.763777598738670349e-02,1.165770173072814941e+00,9.530854821205139160e-01,4.566603302955627441e-01,4.103631377220153809e-01,3.621838688850402832e-01,-1.938884705305099487e-02,2.325230091810226440e-01,-2.193583548069000244e-01,-4.734238386154174805e-01,2.020369619131088257e-01,4.464446008205413818e-01,-8.022003769874572754e-01,-1.717553377151489258e+00,-7.575563788414001465e-01,-2.347122877836227417e-01,-9.972388148307800293e-01,2.543264031410217285e-01,1.819215655326843262e+00,1.040951251983642578e+00,-1.083492562174797058e-01,-3.942590951919555664e-01,-3.592634499073028564e-01,-8.904822170734405518e-02
-2.634965896606445312e+00,-1.476626396179199219e+00,-1.613339185714721680e+00,-2.362114042043685913e-01,-8.632277846336364746e-01,1.266450732946395874e-01,3.446415662765502930e-01,5.390514135360717773e-01,-2.101668119430541992e+00,-8.941606283187866211e-01,1.086589455604553223e+00,1.091839000582695007e-01,-6.374408602714538574e-01,-4.924890995025634766e-01,6.934576630592346191e-01,-4.746105372905731201e-01,1.452574282884597778e-01,-3.769958019256591797e-02,5.098306536674499512e-01,6.744399070739746094e-01,-8.010520339012145996e-01,4.993530213832855225e-01,1.059200167655944824e+00,8.486934304237365723e-01,2.456953078508377075e-01,-1.705739796161651611e-01,-1.030087113380432129e+00,-5.420539379119873047e-01,1.730445772409439087e-01,1.065837383270263672e+00,3.088186979293823242e-01,6.928365826606750488e-01,5.976999402046203613e-01,-1.083247184753417969e+00,2.071682691574096680e+00,-8.545650839805603027e-01,-2.408975601196289062e+00,-9.102081656455993652e-01,-1.879501938819885254e+00,-8.224351704120635986e-02,9.182912111282348633e-01,-2.650853097438812256e-01,-7.355037927627563477e-01,-3.683827519416809082e-01,8.184580504894256592e-02,-1.554064154624938965e-01,-5.294641256332397461e-01,1.487282216548919678e-01,2.163120545446872711e-02,-6.088989973068237305e-02,-1.102241873741149902e+00,5.688160657882690430e-01,2.818162441253662109e-01,1.776451587677001953e+00,-1.649421572685241699e+00,3.484352529048919678e-01,1.481981039047241211e+00,3.731510341167449951e-01,3.104096055030822754e-01,-3.915075063705444336e-01,-1.284241080284118652e+00,4.666010141372680664e-01,-7.458223700523376465e-01,4.447917342185974121e-01,-3.622971773147583008e-01,1.980721354484558105e-01,-4.047788381576538086e-01,2.121931314468383789e-01,6.848235726356506348e-01,-3.533110320568084717e-01,-7.040832638740539551e-01,1.265247225761413574e+00,9.255194664001464844e-01,-6.109049320220947266e-01,5.748813748359680176e-01,1.128454953432083130e-01,5.372425317764282227e-01,-1.895387053489685059e+00,1.104071855545043945e+00,1.780256032943725586e+00,2.793507874011993408e-01,2.196523666381835938e+00,-2.382006883621215820e+00,-3.074199557304382324e-01,-7.802529633045196533e-02,1.045572105795145035e-02,2.335517644882202148e+00,2.365762740373611450e-01,1.935165405273437500e+00,6.098563075065612793e-01,-3.568916395306587219e-02,3.659657835960388184e-01,6.861351728439331055e-01,-1.102539181709289551e+00,1.265899181365966797e+00,-2.580394744873046875e-01,1.198417469859123230e-01,-5.720164775848388672e-01,-1.998438686132431030e-01,2.558848559856414795e-01
-1.522367358207702637e+00,1.818928271532058716e-01,-3.960770070552825928e-01,1.353062838315963745e-01,-2.331569194793701172e-01,-5.047596693038940430e-01,-5.307153463363647461e-01,-3.978966772556304932e-01,-5.802989378571510315e-02,-9.985920786857604980e-01,-1.513652086257934570e+00,-1.924698799848556519e-01,1.705084443092346191e+00,5.060820579528808594e-01,8.682840466499328613e-01,1.159368157386779785e+00,-2.381282895803451538e-01,2.156507730484008789e+00,-4.403379857540130615e-01,1.133830308914184570e+00,-1.233556032180786133e+00,-5.829035118222236633e-02,2.624781131744384766e-01,6.984368562698364258e-01,-1.127840161323547363e+00,2.880943119525909424e-01,1.516769051551818848e+00,3.599851131439208984e+00,-9.597525596618652344e-01,-7.787840366363525391e-01,3.739867508411407471e-01,1.459943503141403198e-01,7.268435359001159668e-01,-1.188441634178161621e+00,-5.977205634117126465e-01,7.649268954992294312e-02,2.740885317325592041e-01,-2.978664636611938477e-01,4.450007975101470947e-01,6.520056724548339844e-01,-6.625938415527343750e-01,1.619801044464111328e+00,-9.388821721076965332e-01,-1.115651369094848633e+00,3.630171120166778564e-01,-6.182502508163452148e-01,-1.265936613082885742e+00,-2.112877368927001953e+00,-2.066464573144912720e-01,2.477531321346759796e-03,-4.274461045861244202e-02,9.217087030410766602e-01,6.902718544006347656e-02,1.466766238212585449e+00,-1.955896914005279541e-01,-4.449200928211212158e-01,-4.527112245559692383e-01,-8.318386077880859375e-01,4.449907541275024414e-01,3.658771812915802002e-01,1.457688331604003906e+00,4.959856867790222168e-01,2.150063365697860718e-01,1.169935464859008789e+00,-7.708838582038879395e-01,-2.048894166946411133e+00,1.260354995727539062e+00,-5.773031115531921387e-01,1.466228604316711426e+00,8.447512984275817871e-01,6.743994951248168945e-01,-4.421476125717163086e-01,6.001845598220825195e-01,-4.141308367252349854e-01,-9.009370207786560059e-01,-7.155903577804565430e-01,2.815971374511718750e-01,-3.350153565406799316e-01,-5.899997353553771973e-01,1.501190543174743652e+00,2.928456068038940430e-01,-6.134278774261474609e-01,-6.171669363975524902e-01,8.315950632095336914e-01,1.384335398674011230e+00,1.211382031440734863e+00,1.134102940559387207e+00,-1.229842305183410645e-01,-4.199427366256713867e-01,1.294910907745361328e+00,-9.785048961639404297e-01,-6.630371212959289551e-01,8.736119270324707031e-01,9.943120479583740234e-01,2.699592709541320801e-01,3.178634047508239746e-01,6.477934718132019043e-01,1.405752450227737427e-01,1.147865295410156250e+00,5.264913439750671387e-01
7.179087996482849121e-01,4.584295749664306641e-01,6.754618287086486816e-01,3.193799257278442383e-01,-1.409381747245788574e+00,-7.183464765548706055e-01,-6.747587323188781738e-01,-7.492353320121765137e-01,7.241594791412353516e-01,-9.777516722679138184e-01,-9.376558661460876465e-01,2.359582424163818359e+00,1.492746323347091675e-01,-8.415426015853881836e-01,-1.202146053314208984e+00,-1.304079662077128887e-03,9.687231183052062988e-01,5.487987995147705078e-01,-1.160125494003295898e+00,-7.974517941474914551e-01,6.990125775337219238e-01,-2.987973093986511230e-01,-3.740760385990142822e-01,-1.034309267997741699e+00,-1.436414003372192383e+00,-1.057726740837097168e-01,-3.206770718097686768e-01,-9.230051040649414062e-01,6.198694109916687012e-01,4.397578835487365723e-01,9.969013184309005737e-02,5.406381487846374512e-01,-2.666718065738677979e-01,-4.958563446998596191e-01,-5.887366533279418945e-01,7.185061573982238770e-01,-1.130277037620544434e+00,1.021648049354553223e+00,2.634371519088745117e+00,-4.886503517627716064e-01,1.753215938806533813e-01,-9.685505926609039307e-02,2.533628702163696289e+00,1.322488635778427124e-01,1.388190388679504395e-01,-1.671225428581237793e+00,-5.140149593353271484e-01,-1.915899515151977539e-01,-1.321207880973815918e+00,6.173790097236633301e-01,1.043184399604797363e+00,-9.223396778106689453e-01,-3.851302564144134521e-01,1.748221397399902344e+00,-4.319875836372375488e-01,-5.713801383972167969e-01,2.116115570068359375e+00,3.823002278804779053e-01,-1.937266737222671509e-01,3.031216859817504883e-01,1.276104092597961426e+00,7.224268913269042969e-01,-1.247332334518432617e+00,3.477688133716583252e-01,1.112653136253356934e+00,-7.443192601203918457e-01,1.245015501976013184e+00,-7.498327493667602539e-01,-3.858463168144226074e-01,-1.327269792556762695e+00,-1.161610484123229980e+00,3.644699156284332275e-01,-2.822632491588592529e-01,-1.272116065025329590e+00,2.541013360023498535e-01,-5.632630363106727600e-02,1.136500164866447449e-01,-1.651179552078247070e+00,-3.199891448020935059e-01,1.262505531311035156e+00,7.388796806335449219e-01,-2.499029785394668579e-02,1.732076287269592285e+00,-7.232777476310729980e-01,-6.255002617835998535e-01,6.745154857635498047e-01,6.109436154365539551e-01,5.025328993797302246e-01,-8.156086802482604980e-01,5.680241584777832031e-01,1.652642637491226196e-01,2.352956980466842651e-01,-7.481545954942703247e-02,-1.138399124145507812e+00,-9.456294178962707520e-01,2.394756823778152466e-01,5.789012312889099121e-01,-1.266638636589050293e+00,-1.016879916191101074e+00,1.195832967758178711e+00
-1.184085965156555176e+00,1.017355442047119141e+00,2.957621514797210693e-01,-1.576895833015441895e+00,-8.155146837234497070e-01,2.171099931001663208e-01,-7.018024921417236328e-01,2.947356402873992920e-01,6.098019480705261230e-01,2.783995866775512695e-02,7.214614748954772949e-01,-7.508580088615417480e-01,-7.946475148200988770e-01,-3.725564777851104736e-01,5.993826389312744141e-01,3.649661839008331299e-01,-4.249726831912994385e-01,-4.093583226203918457e-01,5.292702317237854004e-01,-4.004444479942321777e-01,5.374345779418945312e-01,-5.070754885673522949e-01,-1.053954601287841797e+00,-3.163375377655029297e+00,-2.497696399688720703e+00,7.778162360191345215e-01,-1.245290637016296387e+00,-1.299490332603454590e+00,-1.321800231933593750e+00,-5.323750376701354980e-01,-4.949090182781219482e-01,-4.215367436408996582e-01,-5.362936258316040039e-01,3.488213717937469482e-01,-1.008063197135925293e+00,-4.135838449001312256e-01,8.351440429687500000e-01,-1.034123182296752930e+00,-1.667669788002967834e-02,-2.422426700592041016e+00,-1.164707660675048828e+00,1.553330898284912109e+00,-9.422671198844909668e-01,1.254859685897827148e+00,-4.398159086704254150e-01,1.068032741546630859e+00,-6.332975029945373535e-01,-2.943729460239410400e-01,8.816482424736022949e-01,2.032749414443969727e+00,7.734258770942687988e-01,7.183722257614135742e-01,-8.848764300346374512e-01,-8.070129901170730591e-02,-1.035071253776550293e+00,1.277865022420883179e-01,1.304419994354248047e+00,-2.079296484589576721e-02,-1.492040872573852539e+00,8.659694194793701172e-01,8.354903459548950195e-01,7.724409103393554688e-01,2.405926465988159180e+00,1.492691397666931152e+00,2.108021974563598633e-01,-9.553022980690002441e-01,5.720714926719665527e-01,1.163921117782592773e+00,-7.408586144447326660e-01,-1.427067816257476807e-01,2.540535032749176025e-01,-3.552600443363189697e-01,1.764606118202209473e+00,-6.761885881423950195e-01,-2.379484891891479492e+00,6.586604565382003784e-02,3.691215217113494873e-01,-6.969838738441467285e-01,-7.510726451873779297e-01,-1.012496471405029297e+00,-1.197452664375305176e+00,-3.729823827743530273e-01,-8.674226999282836914e-01,3.322871029376983643e-01,-1.440539509057998657e-01,9.793179035186767578e-01,-1.601064205169677734e+00,-1.382653236389160156e+00,-6.166074275970458984e-01,-6.433066129684448242e-01,-2.155254781246185303e-01,3.264241814613342285e-01,1.293264389038085938e+00,-2.607243359088897705e-01,1.439414381980895996e+00,1.617702484130859375e+00,-1.658591747283935547e+00,6.421342492103576660e-02,-4.314067587256431580e-02,-5.772231817245483398e-01
3.672816753387451172e-01,9.030099511146545410e-01,3.912436664104461670e-01,2.647948503494262695e+00,-1.176907420158386230e+00,3.404158651828765869e-01,2.681873142719268799e-01,1.355769932270050049e-01,-7.935157418251037598e-01,1.990933120250701904e-01,-1.403963565826416016e+00,-9.945532083511352539e-01,1.464277029037475586e+00,4.416456818580627441e-01,4.943942129611968994e-01,1.339218854904174805e+00,1.481141090393066406e+00,2.666079103946685791e-01,1.109261870384216309e+00,-4.861591160297393799e-01,7.711998224258422852e-01,6.466140747070312500e-01,4.332509040832519531e-01,4.123740792274475098e-01,7.144871950149536133e-01,-4.147875607013702393e-01,-1.064333200454711914e+00,-1.640224814414978027e+00,8.473170995712280273e-01,5.288668870925903320e-01,-2.002625226974487305e+00,-5.192438364028930664e-01,3.346252441406250000e-01,-1.510768175125122070e+00,1.069674491882324219e+00,1.192189335823059082e+00,5.876082777976989746e-01,-7.104598283767700195e-01,3.692726492881774902e-01,1.301890850067138672e+00,-4.353893101215362549e-01,1.319867849349975586e+00,-1.368183046579360962e-01,-1.226843714714050293e+00,7.158616781234741211e-01,6.386809945106506348e-01,-2.555598974227905273e+00,-7.383862733840942383e-01,1.336892694234848022e-01,-5.951328277587890625e-01,-4.148805141448974609e-01,-3.062748610973358154e-01,-9.610333442687988281e-01,-1.362738728523254395e+00,9.066101163625717163e-02,-1.724015027284622192e-01,1.971478939056396484e+00,1.225152313709259033e-01,-3.609749376773834229e-01,-1.418394327163696289e+00,-1.405929803848266602e+00,1.004251360893249512e+00,7.704137563705444336e-01,-7.729512453079223633e-01,-1.984211087226867676e+00,-4.552023410797119141e-01,7.209754586219787598e-01,-5.654798150062561035e-01,-1.545494049787521362e-01,1.067046523094177246e+00,-4.199055433273315430e-01,1.311213016510009766e+00,-4.350903630256652832e-01,2.730933427810668945e-01,-1.488435745239257812e+00,2.641231119632720947e-01,-1.443541841581463814e-03,-6.741339564323425293e-01,3.549813032150268555e-01,-1.695448756217956543e-01,1.409910678863525391e+00,3.082181215286254883e-01,1.298878908157348633e+00,5.018746256828308105e-01,6.435866355895996094e-01,-7.125409245491027832e-01,1.671524047851562500e+00,-1.502689242362976074e+00,4.909235537052154541e-01,-2.052153587341308594e+00,-3.417522311210632324e-01,1.252464294433593750e+00,2.832034826278686523e+00,-1.499767422676086426e+00,2.694048881530761719e-01,-7.190332412719726562e-01,-9.401571154594421387e-01,3.047527372837066650e-01,1.166349090635776520e-02,-1.624223232269287109e+00
-1.699802726507186890e-01,1.736421108245849609e+00,5.210018754005432129e-01,-2.615917921066284180e-01,-3.128666281700134277e-01,3.391767144203186035e-01,5.768910050392150879e-01,3.128224015235900879e-01,-4.352371692657470703e-01,-7.328415513038635254e-01,1.506467103958129883e+00,-1.281020283699035645e+00,-2.529878616333007812e+00,7.935586571693420410e-01,-9.869912862777709961e-01,1.278878808021545410e+00,-1.529916882514953613e+00,-1.667591094970703125e+00,-1.685630828142166138e-01,-8.203628063201904297e-01,-8.418980240821838379e-01,4.618923366069793701e-01,-7.192578911781311035e-01,-1.103073716163635254e+00,-5.146807432174682617e-01,-9.341506958007812500e-01,-7.656724452972412109e-01,-3.249471485614776611e-01,-1.060073256492614746e+00,-1.182694315910339355e+00,8.033163547515869141e-01,-1.009477376937866211e+00,9.378265142440795898e-01,-8.681024312973022461e-01,-7.159881591796875000e-01,-3.704865276813507080e-02,1.288194775581359863e+00,8.564865589141845703e-02,8.197391629219055176e-01,7.327849268913269043e-01,-1.616463661193847656e+00,-1.121662974357604980e+00,-9.930350780487060547e-01,3.724936544895172119e-01,2.108273357152938843e-01,-1.306908130645751953e-01,-1.616153240203857422e+00,-3.415529057383537292e-02,1.257105112075805664e+00,5.407361984252929688e-01,-1.399102091789245605e+00,-1.025488615036010742e+00,-1.003754258155822754e+00,-9.609017372131347656e-01,4.423336982727050781e-01,-9.978948831558227539e-01,-1.108232975006103516e+00,-2.919813431799411774e-02,1.209019303321838379e+00,-4.380002617835998535e-02,3.385976552963256836e-01,-1.776727288961410522e-01,1.275772899389266968e-01,1.217222660779953003e-01,-3.284659683704376221e-01,-2.668904364109039307e-01,-2.155751138925552368e-01,4.984666109085083008e-01,-5.410679578781127930e-01,3.049087822437286377e-01,9.207273125648498535e-01,1.128488659858703613e+00,2.100363731384277344e+00,-1.334344863891601562e+00,-1.557371616363525391e+00,9.039741754531860352e-01,-1.423816204071044922e+00,-1.412555277347564697e-01,-7.419393062591552734e-01,3.717463016510009766e-01,-6.715771555900573730e-01,-2.533504962921142578e-01,1.607551097869873047e+00,1.233839988708496094e+00,-7.876368761062622070e-01,1.206008195877075195e+00,1.203031897544860840e+00,2.848410010337829590e-01,4.834331870079040527e-01,7.495968341827392578e-01,8.672593235969543457e-01,1.283226609230041504e+00,1.108311638236045837e-01,-1.750960469245910645e+00,-5.662018060684204102e-01,6.820536255836486816e-01,1.805763363838195801e+00,-3.479755640029907227e+00,1.319492578506469727e+00,-6.016108393669128418e-02
-4.984390735626220703e-01,-6.243582963943481445e-01,-1.311763286590576172e+00,3.706749379634857178e-01,-6.618523001670837402e-01,-1.626657247543334961e+00,1.986631274223327637e+00,-1.559565812349319458e-01,-1.016483381390571594e-01,-2.096690416336059570e+00,1.228881478309631348e+00,-2.037966400384902954e-01,-2.898274660110473633e-01,7.628976106643676758e-01,-2.082107067108154297e+00,-6.306243538856506348e-01,-1.669448986649513245e-02,6.755182743072509766e-01,2.322488874197006226e-01,1.180887579917907715e+00,-2.531186938285827637e-01,8.223106861114501953e-01,6.051079630851745605e-01,1.099408507347106934e+00,-3.398929238319396973e-01,2.059367179870605469e+00,-7.673412561416625977e-01,6.648306846618652344e-01,5.504072830080986023e-02,-1.061370968818664551e-01,-1.825092315673828125e+00,-2.210562378168106079e-01,-4.118665456771850586e-01,-1.221588253974914551e+00,-4.026018679141998291e-01,9.005641341209411621e-01,-1.039628267288208008e+00,-6.790917366743087769e-02,3.394122421741485596e-01,-5.016962066292762756e-02,1.899287223815917969e+00,2.145809084177017212e-01,5.014318823814392090e-01,2.007818460464477539e+00,9.669820666313171387e-01,-4.358135908842086792e-02,1.219530463218688965e+00,4.671684205532073975e-01,-6.762815117835998535e-01,-1.661870718002319336e+00,-5.533803626894950867e-02,4.832467138767242432e-01,1.362560391426086426e+00,-1.272821903228759766e+00,-1.859606266021728516e+00,1.074243426322937012e+00,7.108352333307266235e-02,-1.887020319700241089e-01,1.376876711845397949e+00,2.091220766305923462e-02,1.156870365142822266e+00,-9.078603982925415039e-01,9.160670042037963867e-01,-7.250120043754577637e-01,-1.730768322944641113e+00,1.687604665756225586e+00,1.039394497871398926e+00,-3.763993978500366211e-01,-1.207974910736083984e+00,3.362959027290344238e-01,-3.948281053453683853e-03,1.240906953811645508e+00,1.114438414573669434e+00,-1.639600157737731934e+00,1.720660686492919922e+00,-1.658144891262054443e-01,-8.107092976570129395e-01,5.389565229415893555e-01,3.566725254058837891e-01,1.612316668033599854e-01,-5.649275705218315125e-02,-3.659594655036926270e-01,-7.819905877113342285e-01,-8.422753214836120605e-01,-6.044187545776367188e-01,-1.756829619407653809e+00,2.299354672431945801e-01,-6.648550033569335938e-01,5.896128416061401367e-01,6.120559573173522949e-01,1.425898313522338867e+00,-5.760565996170043945e-01,2.639033496379852295e-01,-1.753885388374328613e+00,-6.207737326622009277e-01,2.412506937980651855e-01,1.120148658752441406e+00,4.165352582931518555e-01,2.409753322601318359e+00,4.378921985626220703e-01
7.710344195365905762e-01,-1.064090728759765625e+00,-2.464870512485504150e-01,-1.555037945508956909e-01,8.648008704185485840e-01,-1.267018437385559082e+00,-3.211849033832550049e-01,2.490496188402175903e-01,2.029201984405517578e-01,5.565363764762878418e-01,-5.451384186744689941e-01,-3.402794599533081055e-01,1.162648439407348633e+00,6.212000250816345215e-01,-1.923232674598693848e+00,3.113665580749511719e-01,8.228487968444824219e-01,-5.118083208799362183e-02,3.041349165141582489e-02,-1.291429877281188965e+00,1.209629297256469727e+00,-1.317092418670654297e+00,-8.489931821823120117e-01,-8.454027771949768066e-01,-1.819395422935485840e+00,2.330000400543212891e+00,1.049264445900917053e-01,-7.569983005523681641e-01,-1.420871019363403320e-01,-5.748739466071128845e-03,-9.032953530550003052e-02,1.262892842292785645e+00,-5.218070745468139648e-02,7.832278013229370117e-01,-6.407571434974670410e-01,1.624995112419128418e+00,-1.386437535285949707e+00,4.222703576087951660e-01,2.708131633698940277e-02,-1.411152780055999756e-01,9.698905944824218750e-01,1.509320139884948730e+00,6.783478260040283203e-01,-1.123650789260864258e+00,-2.034305334091186523e+00,-6.697698831558227539e-01,2.065443545579910278e-01,3.618960976600646973e-01,-3.662432432174682617e-01,-7.824333906173706055e-01,1.220538616180419922e+00,-8.646993637084960938e-01,2.145337343215942383e+00,3.793347477912902832e-01,-7.705494761466979980e-01,-1.067599892616271973e+00,-8.639217019081115723e-01,-1.582542777061462402e+00,1.808623075485229492e+00,-1.033847928047180176e+00,8.485772013664245605e-01,1.089227274060249329e-01,2.781256735324859619e-01,-1.050731539726257324e+00,8.354767560958862305e-01,-1.291148424148559570e+00,-4.802513122558593750e-01,-7.270548343658447266e-01,-4.055441021919250488e-01,-6.851994395256042480e-01,-4.185042679309844971e-01,-4.934848845005035400e-01,-3.828698098659515381e-01,1.509852290153503418e+00,1.410835742950439453e+00,-9.103788137435913086e-01,-5.166937708854675293e-01,4.724257886409759521e-01,-6.427566404454410076e-05,4.769283235073089600e-01,1.540012836456298828e+00,-3.699966371059417725e-01,1.891269087791442871e+00,1.201548218727111816e+00,6.381240487098693848e-01,3.087911605834960938e-01,-1.121292188763618469e-01,7.142462134361267090e-01,-4.324069023132324219e-01,8.090000748634338379e-01,-1.940893381834030151e-01,7.996533513069152832e-01,1.163968205451965332e+00,1.080554425716400146e-01,-9.000657200813293457e-01,2.381416037678718567e-02,1.097119525074958801e-01,-1.313402771949768066e+00,-1.716880559921264648e+00,-1.959842294454574585e-01
1.420185089111328125e+00,-1.282665729522705078e+00,-1.216707229614257812e+00,-7.697857618331909180e-01,-1.881950497627258301e-01,8.091295361518859863e-01,1.712064504623413086e+00,1.334932327270507812e+00,4.782264828681945801e-01,-8.535110354423522949e-01,-1.121972203254699707e+00,1.211162209510803223e-01,6.846444010734558105e-01,-1.026082754135131836e+00,8.550541996955871582e-01,7.116752117872238159e-02,-6.005771160125732422e-01,1.692358851432800293e+00,-7.939195036888122559e-01,9.302363395690917969e-01,5.538800358772277832e-01,8.885660767555236816e-02,-5.542426705360412598e-01,3.466362953186035156e-01,1.930522322654724121e+00,1.266265869140625000e+00,-1.114306747913360596e-01,4.466223716735839844e-02,2.593087255954742432e-01,9.507341980934143066e-01,-6.210876703262329102e-01,5.945779383182525635e-02,-1.640478253364562988e+00,-7.594812195748090744e-03,1.505503207445144653e-01,8.852159380912780762e-01,-6.723952293395996094e-01,1.244896769523620605e+00,-1.550818830728530884e-01,-5.242683887481689453e-01,-5.202103257179260254e-01,8.214841037988662720e-02,3.412889540195465088e-01,7.249213010072708130e-02,-3.739744424819946289e-01,-9.771702885627746582e-01,-9.666397571563720703e-01,-7.197613120079040527e-01,8.067131042480468750e-01,-1.024056673049926758e-01,-4.671582281589508057e-01,-7.335458993911743164e-01,1.781937122344970703e+00,-1.074713561683893204e-02,-1.493129849433898926e+00,-1.062951803207397461e+00,7.954697608947753906e-01,-2.280030697584152222e-01,-1.000564813613891602e+00,1.276775240898132324e+00,5.256599783897399902e-01,7.005474567413330078e-01,-8.172417283058166504e-01,7.816365361213684082e-01,-5.287756323814392090e-01,-1.552169799804687500e+00,1.300278306007385254e-01,-6.962416768074035645e-01,1.009383082389831543e+00,-1.256110072135925293e+00,2.473342930898070335e-03,2.062541961669921875e+00,5.067984461784362793e-01,3.684259355068206787e-01,-2.271444648504257202e-01,-6.051348447799682617e-01,-5.783521533012390137e-01,9.313476681709289551e-01,-6.368002295494079590e-01,-1.413039207458496094e+00,3.721856772899627686e-01,-5.067133307456970215e-01,1.276414155960083008e+00,2.920605897903442383e+00,-9.101433753967285156e-01,1.402020752429962158e-01,2.637876510620117188e+00,1.125156641006469727e+00,-9.902644157409667969e-01,1.473025798797607422e+00,6.888260841369628906e-01,-5.303363800048828125e-01,-4.574931859970092773e-01,1.703723311424255371e+00,-2.778300782665610313e-03,1.291378885507583618e-01,2.229485273361206055e+00,1.700054645538330078e+00,-1.124210000038146973e+00,1.990925818681716919e-01
2.862089276313781738e-01,5.192134380340576172e-01,-8.141071796417236328e-01,1.594073653221130371e+00,-6.521372795104980469e-01,-1.489573717117309570e-01,1.358026117086410522e-01,-7.737151980400085449e-01,4.313469529151916504e-01,-1.447340011596679688e+00,-1.624335497617721558e-01,-7.675966024398803711e-01,7.064747214317321777e-01,3.721568346023559570e+00,-1.917422652244567871e+00,2.420718073844909668e-01,-8.641198277473449707e-02,1.834926307201385498e-01,1.602865934371948242e+00,1.626749396324157715e+00,7.989934086799621582e-01,-1.221170127391815186e-01,1.254777431488037109e+00,-6.786973476409912109e-01,-2.717544138431549072e-01,-1.142389401793479919e-01,1.134486347436904907e-01,1.245317220687866211e+00,-3.364256396889686584e-02,-6.207463145256042480e-01,9.266943931579589844e-01,-3.587338328361511230e-02,1.325945496559143066e+00,-1.265906929969787598e+00,-1.259388446807861328e+00,1.460959948599338531e-02,1.273655056953430176e+00,5.292010307312011719e-01,-1.570895910263061523e-01,1.717791318893432617e+00,-9.443378448486328125e-01,-1.033349275588989258e+00,-1.730991959571838379e+00,2.000705450773239136e-01,-1.662131071090698242e+00,1.539408802986145020e+00,5.904181599617004395e-01,-5.995870381593704224e-02,1.877012133598327637e+00,5.368264913558959961e-01,-2.459007024765014648e+00,1.776687204837799072e-01,5.580212473869323730e-01,-5.688046216964721680e-01,1.424699068069458008e+00,2.852211296558380127e-01,3.857616186141967773e-01,-1.951720476150512695e+00,2.212542742490768433e-01,8.779073953628540039e-01,-7.403988838195800781e-01,-3.672444028779864311e-03,-6.557870656251907349e-02,-1.181618273258209229e-01,-1.811641573905944824e+00,-1.146618127822875977e+00,-2.582941353321075439e-01,8.049993515014648438e-01,-6.558749675750732422e-01,-3.620321676135063171e-02,-1.700741529464721680e+00,1.492851078510284424e-01,-8.575371503829956055e-01,-1.149926930665969849e-01,-3.089232146739959717e-01,-3.635086119174957275e-01,-5.030326843261718750e-01,3.516933619976043701e-01,-1.568851947784423828e+00,-4.183967113494873047e-01,-7.029729485511779785e-01,1.333981752395629883e+00,1.314449667930603027e+00,1.058399200439453125e+00,1.004275321960449219e+00,1.356292009353637695e+00,-8.572540283203125000e-01,-1.318543195724487305e+00,-1.008828163146972656e+00,8.706761002540588379e-01,-7.146788239479064941e-01,2.216308265924453735e-01,1.830317735671997070e+00,1.225088238716125488e+00,5.119593739509582520e-01,-9.343141913414001465e-01,5.618512257933616638e-02,-1.941973686218261719e+00,2.120307534933090210e-01,1.031930923461914062e+00
8.529438972473144531e-01,6.405029296875000000e-01,2.224041521549224854e-01,4.357812404632568359e-01,-1.180256843566894531e+00,1.224202513694763184e+00,1.069392085075378418e+00,5.307454466819763184e-01,-3.251006603240966797e-01,8.412767648696899414e-01,-2.783392965793609619e-01,3.173129260540008545e-01,-1.242768526077270508e+00,-8.267410844564437866e-02,-1.415086269378662109e+00,4.536986947059631348e-01,6.279861927032470703e-01,1.841571331024169922e+00,1.251495599746704102e+00,-8.413320034742355347e-02,-1.846686363220214844e+00,6.014973521232604980e-01,1.219921037554740906e-01,-9.736018776893615723e-01,1.548303008079528809e+00,1.052278518676757812e+00,7.989290356636047363e-01,4.753169715404510498e-01,3.052368164062500000e-01,-8.242972493171691895e-01,1.348483443260192871e+00,-6.254171729087829590e-01,-1.440206170082092285e-01,-4.647613763809204102e-01,7.123187184333801270e-01,-1.825657486915588379e-01,-6.208958625793457031e-01,8.219805955886840820e-01,1.240222215652465820e+00,-1.335456848144531250e+00,1.570389151573181152e+00,5.233448147773742676e-01,-3.634259998798370361e-01,-3.339157402515411377e-01,-1.073876738548278809e+00,-9.750207662582397461e-01,3.188473880290985107e-01,1.661752223968505859e+00,-3.770480677485466003e-02,1.263420820236206055e+00,-3.174703419208526611e-01,-9.550976753234863281e-02,1.544754020869731903e-02,-6.348032355308532715e-01,6.347404718399047852e-01,-1.897872090339660645e-01,-3.531196117401123047e-01,7.032006978988647461e-02,5.768616795539855957e-01,-1.241935849189758301e+00,4.211868941783905029e-01,-3.139768838882446289e-01,-8.028436452150344849e-02,1.244650006294250488e+00,4.279815554618835449e-01,-5.174646973609924316e-01,-7.541596144437789917e-02,-3.913158476352691650e-01,-1.078658699989318848e+00,9.648483991622924805e-02,2.134055644273757935e-01,-1.529896855354309082e-01,-2.686776161193847656e+00,2.030782252550125122e-01,6.507972478866577148e-01,7.086895406246185303e-03,-4.864602684974670410e-01,-1.394556641578674316e+00,3.015876412391662598e-01,-4.013502895832061768e-01,-1.095435738563537598e+00,5.819364786148071289e-01,-2.971513271331787109e-01,-1.763742685317993164e+00,-5.808987617492675781e-01,-4.939724206924438477e-01,-8.797413110733032227e-01,-2.268462479114532471e-01,5.672724843025207520e-01,9.249843657016754150e-02,-1.075275421142578125e+00,-7.456271648406982422e-01,-6.156774163246154785e-01,6.253361701965332031e-01,6.381621360778808594e-01,-8.551195859909057617e-01,-5.002625584602355957e-01,1.170546054840087891e+00,-1.302717089653015137e+00,-1.565185546875000000e+00
1.819168686866760254e+00,-9.661400914192199707e-01,1.124440789222717285e+00,5.095347762107849121e-01,5.650829896330833435e-02,-7.013900876045227051e-01,-1.471809148788452148e-01,-1.422457933425903320e+00,2.300999164581298828e-01,-1.332406640052795410e+00,-2.640990734100341797e+00,9.340972900390625000e-01,-1.692802309989929199e+00,7.026510238647460938e-01,-1.517712473869323730e+00,-1.016182780265808105e+00,-1.442285418510437012e+00,1.012976765632629395e+00,-1.035174965858459473e+00,7.353736758232116699e-01,-1.535043954849243164e+00,-2.804517745971679688e-01,5.161294341087341309e-01,6.278029680252075195e-01,1.942124605178833008e+00,-4.369438290596008301e-01,1.924323150888085365e-03,-9.149308204650878906e-01,1.541242599487304688e+00,-2.024742841720581055e+00,8.507297039031982422e-01,8.277688026428222656e-01,8.150172233581542969e-01,8.416888713836669922e-01,6.899971365928649902e-01,-1.463604569435119629e+00,-9.342643618583679199e-01,-4.295724630355834961e-01,1.198253989219665527e+00,1.662888288497924805e+00,-1.235431432723999023e+00,1.634132862091064453e-01,7.294650077819824219e-01,8.377385139465332031e-01,-2.041121006011962891e+00,-1.255615115165710449e+00,2.033052206039428711e+00,6.319054961204528809e-01,-5.939323306083679199e-01,-1.179634872823953629e-02,3.539108037948608398e-01,4.442639946937561035e-01,-1.498323529958724976e-01,-1.243669074028730392e-02,4.502409994602203369e-01,-6.186502575874328613e-01,-1.360162615776062012e+00,1.693822264671325684e+00,-7.128459811210632324e-01,6.236659288406372070e-01,5.579011887311935425e-02,1.516842484474182129e+00,6.716333031654357910e-01,1.910955071449279785e+00,1.543382644653320312e+00,6.843516826629638672e-01,-4.093505442142486572e-01,1.698676228523254395e+00,-2.941947281360626221e-01,3.055596351623535156e+00,-1.897229909896850586e+00,-1.067487755790352821e-03,7.454333305358886719e-01,-1.783957600593566895e+00,6.285953521728515625e-01,2.881924808025360107e-01,-6.536017656326293945e-01,-6.876578927040100098e-01,1.029187321662902832e+00,-6.962814182043075562e-02,-1.389408260583877563e-01,5.874299444258213043e-03,7.829496860504150391e-01,-2.171367257833480835e-01,-2.290386110544204712e-01,-8.989256024360656738e-01,9.180037379264831543e-01,4.953636229038238525e-01,-1.974176287651062012e+00,-2.010128974914550781e+00,2.942345619201660156e+00,-1.541189432144165039e+00,6.404423713684082031e-01,-3.494137525558471680e-01,-4.956608116626739502e-01,1.657012850046157837e-01,1.792785078287124634e-01,-1.242747783660888672e+00,2.876406192779541016e+00,-1.315984606742858887e+00
3.453012406826019287e-01,1.962685883045196533e-01,-2.480325549840927124e-01,-4.197988808155059814e-01,-8.920353651046752930e-01,4.397143721580505371e-01,-1.779258847236633301e+00,-8.386336565017700195e-01,-1.080646276473999023e+00,-4.195243492722511292e-02,8.825623393058776855e-01,5.009631514549255371e-01,2.165236711502075195e+00,-1.166678145527839661e-01,2.117504030466079712e-01,7.375960350036621094e-01,8.720579743385314941e-01,3.261916339397430420e-01,8.362133502960205078e-01,-4.520595669746398926e-01,7.968331575393676758e-01,9.017430543899536133e-01,-1.787566423416137695e+00,-2.519713044166564941e-01,1.674748361110687256e-01,4.543891549110412598e-02,-1.399861425161361694e-01,-9.717611670494079590e-01,3.019155263900756836e+00,2.927021495997905731e-02,-1.683799475431442261e-01,-1.145980954170227051e+00,-3.594465553760528564e-01,9.769836440682411194e-03,8.866583704948425293e-01,6.556214094161987305e-01,5.384772419929504395e-01,-1.545634150505065918e+00,-5.928610563278198242e-01,1.029384359717369080e-01,3.649101853370666504e-01,-1.602689266204833984e+00,1.435804605484008789e+00,6.445823311805725098e-01,6.005119681358337402e-01,1.189660191535949707e+00,4.119115471839904785e-01,5.211928393691778183e-03,4.553443193435668945e-01,-8.408105373382568359e-01,2.569645881652832031e+00,2.409591674804687500e-01,2.109468936920166016e+00,-9.779444932937622070e-01,3.234126269817352295e-01,-6.177167296409606934e-01,-2.075317144393920898e+00,-5.770166516304016113e-01,-4.244170784950256348e-01,4.701704084873199463e-01,-3.514153659343719482e-01,6.002395749092102051e-01,-5.301024317741394043e-01,-3.416697978973388672e-01,4.673181176185607910e-01,4.953407943248748779e-01,-8.265298604965209961e-01,9.942531585693359375e-01,-9.921557307243347168e-01,-1.433863282203674316e+00,-8.351138830184936523e-01,-8.378729820251464844e-01,3.874073922634124756e-01,1.716355204582214355e+00,-1.819408297538757324e+00,6.673967242240905762e-01,2.848348319530487061e-01,8.539147973060607910e-01,2.746788740158081055e+00,-5.959368944168090820e-01,1.203378066420555115e-01,-2.131389230489730835e-01,-6.157857775688171387e-01,-9.066297411918640137e-01,-9.721395373344421387e-02,-9.469344615936279297e-01,-1.276923298835754395e+00,1.241936564445495605e+00,2.994280159473419189e-01,8.818361163139343262e-01,6.245919317007064819e-02,-1.792962670326232910e+00,-4.991376101970672607e-01,-1.330380320549011230e+00,-3.145235776901245117e-01,-5.423877835273742676e-01,-2.171244382858276367e+00,-4.689412117004394531e-01,5.146349072456359863e-01,3.880436718463897705e-01
9.236806631088256836e-01,7.424868345260620117e-01,-1.040582180023193359e+00,-3.376466929912567139e-01,7.938241958618164062e-01,-1.385646104812622070e+00,1.016497969627380371e+00,-1.068032979965209961e+00,9.941604733467102051e-01,2.601234018802642822e-01,-2.011471748352050781e+00,-1.235820531845092773e+00,1.365040540695190430e-01,1.038051009178161621e+00,-1.803301721811294556e-01,1.184341430664062500e+00,-9.185296297073364258e-01,-9.493554234504699707e-01,1.476243972778320312e+00,5.842745900154113770e-01,5.758387446403503418e-01,-1.374586701393127441e+00,-1.101731300354003906e+00,2.124395847320556641e+00,-1.384867787361145020e+00,-5.484090447425842285e-01,-8.213482052087783813e-02,-1.705671787261962891e+00,-1.070473432540893555e+00,-1.012897849082946777e+00,-2.068554878234863281e+00,1.362050920724868774e-01,-6.921756267547607422e-01,9.640277624130249023e-01,9.153802990913391113e-01,3.469201922416687012e-01,-6.947020888328552246e-01,-1.766060478985309601e-02,-2.341750711202621460e-01,-2.941129803657531738e-01,3.003883063793182373e-01,-6.342360973358154297e-01,1.541875600814819336e-01,7.601535320281982422e-01,-4.311828315258026123e-01,8.651153445243835449e-01,1.882388234138488770e+00,2.717816352844238281e+00,-1.129476875066757202e-01,1.024533271789550781e+00,2.159211412072181702e-02,-1.814798951148986816e+00,7.832484841346740723e-01,1.057561039924621582e+00,-2.286213636398315430e-01,-1.417679786682128906e-01,-9.538466930389404297e-01,-2.622113227844238281e+00,1.240684628486633301e+00,2.765851318836212158e-01,-8.119236826896667480e-01,-9.438537955284118652e-01,1.357300430536270142e-01,9.065157175064086914e-01,-2.164985895156860352e+00,3.355947732925415039e-01,-3.387821316719055176e-01,1.761824250221252441e+00,1.872211813926696777e+00,-4.633143544197082520e-01,9.472379684448242188e-01,2.414508610963821411e-01,5.002200603485107422e-01,-7.822936177253723145e-01,-8.812866173684597015e-03,-4.205730557441711426e-01,7.282944321632385254e-01,-9.044324755668640137e-01,6.123653054237365723e-01,-1.478510797023773193e-01,-2.397882223129272461e+00,-7.357943654060363770e-01,5.616765618324279785e-01,-9.966941475868225098e-01,-6.723991036415100098e-01,-1.611136317253112793e+00,3.685164749622344971e-01,-7.547025084495544434e-01,6.598176360130310059e-01,1.386416792869567871e+00,2.251973152160644531e+00,-7.373659610748291016e-01,1.012124300003051758e+00,1.428130507469177246e+00,1.426160454750061035e+00,-1.938742548227310181e-01,-1.747756123542785645e+00,-6.738203167915344238e-01,-3.775249719619750977e-01,-4.743031859397888184e-01
-1.434279918670654297e+00,9.038532972335815430e-01,-1.163533687591552734e+00,1.798970699310302734e-01,-6.901547312736511230e-02,-1.513945460319519043e+00,-5.416719913482666016e-01,-1.072562098503112793e+00,1.740976870059967041e-01,1.626230478286743164e-01,-1.690550565719604492e+00,1.598179936408996582e-01,1.632485985755920410e+00,1.030010700225830078e+00,-1.610291361808776855e+00,-8.231725096702575684e-01,-1.107801556587219238e+00,-1.893652558326721191e+00,5.102542042732238770e-01,-6.129069924354553223e-01,3.422599732875823975e-01,-1.854341477155685425e-01,-8.027587831020355225e-02,-4.415609538555145264e-01,1.329580903053283691e+00,8.692798018455505371e-02,-4.229713678359985352e-01,5.520676374435424805e-01,-1.540346026420593262e+00,-3.530379533767700195e-01,2.371638119220733643e-01,7.761826515197753906e-01,7.366588711738586426e-01,1.230043888092041016e+00,2.006661891937255859e+00,-1.027865037322044373e-01,-1.146616041660308838e-01,-2.690050899982452393e-01,8.070417046546936035e-01,-1.255299091339111328e+00,3.612711429595947266e-01,1.166383083909749985e-02,-5.451366901397705078e-01,-1.008214354515075684e+00,1.931495070457458496e-01,-3.789491653442382812e-01,-1.120262861251831055e+00,1.205665230751037598e+00,7.310857772827148438e-01,-1.280374974012374878e-01,1.818715453147888184e+00,9.844254255294799805e-01,-1.902918219566345215e+00,2.784431695938110352e+00,-9.019442796707153320e-01,-8.026520907878875732e-02,-4.223347604274749756e-01,1.306210279464721680e+00,-1.087218642234802246e+00,8.791870474815368652e-01,2.558313310146331787e-01,4.575963616371154785e-01,1.043847084045410156e+00,-9.006644487380981445e-01,-8.117927312850952148e-01,-9.196969121694564819e-02,2.673754096031188965e-01,9.681627154350280762e-02,3.888982832431793213e-01,1.451646208763122559e+00,-9.540933966636657715e-01,1.771163344383239746e-01,8.167393207550048828e-01,-1.201284170150756836e+00,3.418404161930084229e-01,-4.782817065715789795e-01,2.006023526191711426e-01,3.375233113765716553e-01,-5.016607791185379028e-02,-4.542848765850067139e-01,2.679560184478759766e-01,6.087650060653686523e-01,5.950435400009155273e-01,2.406775951385498047e-02,5.038632452487945557e-02,-1.236196607351303101e-01,-1.067206978797912598e+00,3.224963843822479248e-01,-1.381037086248397827e-01,-1.357680261135101318e-01,6.129172444343566895e-01,-7.609097957611083984e-01,-5.921851396560668945e-01,-1.042392373085021973e+00,-1.737551689147949219e+00,8.230528235435485840e-01,3.953554332256317139e-01,4.686322435736656189e-02,-4.569553136825561523e-01,-6.977340579032897949e-01
8.444756269454956055e-01,9.006680250167846680e-01,-7.276476025581359863e-01,-6.964825391769409180e-01,2.342368513345718384e-01,1.174410656094551086e-01,5.038083195686340332e-01,5.037056803703308105e-01,-1.184564433060586452e-03,4.023241996765136719e-01,6.674249768257141113e-01,1.189700141549110413e-01,-6.040976047515869141e-01,4.380531013011932373e-01,-5.161643624305725098e-01,-4.520921409130096436e-01,4.401021897792816162e-01,-8.790332674980163574e-01,7.726250886917114258e-01,-2.174546942114830017e-02,1.665854454040527344e+00,-1.691257953643798828e-02,-4.311963021755218506e-01,-5.523213744163513184e-01,5.194766521453857422e-01,-1.958191096782684326e-01,-1.506148576736450195e+00,-3.440951406955718994e-01,1.659873127937316895e+00,1.490105152130126953e+00,7.841042280197143555e-01,4.263924658298492432e-01,3.711536824703216553e-01,-1.256809115409851074e+00,-1.324997842311859131e-01,-2.791209518909454346e-01,-1.397304773330688477e+00,4.885987937450408936e-01,-1.943961620330810547e+00,4.566923379898071289e-01,1.057297110557556152e+00,4.541753530502319336e-01,-6.846243739128112793e-01,-1.670600473880767822e-01,-3.776569664478302002e-01,9.830870032310485840e-01,-1.428907215595245361e-01,-4.978251457214355469e-01,-4.859915673732757568e-01,-3.919748365879058838e-01,-1.646968007087707520e+00,-5.892378687858581543e-01,-8.775583654642105103e-02,1.131614804267883301e+00,-8.483771681785583496e-01,2.840564727783203125e+00,-7.386982440948486328e-01,-8.045585751533508301e-01,-8.604830503463745117e-01,-1.299421191215515137e+00,-4.064871370792388916e-01,-2.002773284912109375e+00,6.430375576019287109e-01,-1.778342574834823608e-01,-5.539764761924743652e-01,-2.683846652507781982e-01,4.903732240200042725e-01,-1.887844085693359375e+00,7.486562132835388184e-01,1.095369219779968262e+00,-8.147069215774536133e-01,4.374342858791351318e-01,3.467828512191772461e+00,-1.936827152967453003e-01,4.231183826923370361e-01,-8.947665691375732422e-01,1.372476577758789062e+00,-1.211613297462463379e+00,3.433910906314849854e-01,-3.561756014823913574e-01,1.201954841613769531e+00,-1.746544730849564075e-03,2.452175766229629517e-01,1.276968240737915039e+00,1.046390891075134277e+00,-1.213637068867683411e-01,1.194460391998291016e+00,-7.276632785797119141e-01,-4.105633199214935303e-01,1.060877561569213867e+00,-2.061163425445556641e+00,-7.095594406127929688e-01,3.655859827995300293e-01,-3.951341807842254639e-01,9.133793711662292480e-01,3.835729956626892090e-01,-6.917511224746704102e-01,5.317292213439941406e-01,8.743870854377746582e-01,2.120142579078674316e-01
-2.078894339501857758e-02,-1.021473288536071777e+00,2.108901590108871460e-01,-1.203136593103408813e-01,-1.246345996856689453e+00,1.219377517700195312e+00,1.998733356595039368e-02,1.237364888191223145e+00,6.035064458847045898e-01,-1.752684593200683594e+00,-1.187104463577270508e+00,-4.809185862541198730e-01,-1.901878118515014648e+00,5.823743939399719238e-01,9.018940925598144531e-01,1.293652176856994629e+00,-1.517684608697891235e-01,-9.706809520721435547e-01,-1.216777682304382324e+00,2.551882565021514893e-01,-6.901580095291137695e-01,-7.193158268928527832e-01,8.413648605346679688e-01,1.326375365257263184e+00,5.243974924087524414e-01,2.399157136678695679e-01,1.452510237693786621e+00,-1.080900073051452637e+00,1.079666614532470703e+00,6.811856031417846680e-01,4.294972121715545654e-01,7.639325261116027832e-01,2.118634939193725586e+00,1.906700804829597473e-02,5.058819055557250977e-01,-8.417706489562988281e-01,8.517127037048339844e-01,2.340441942214965820e+00,-1.259373188018798828e+00,-9.466706961393356323e-02,-2.190321207046508789e+00,1.102720260620117188e+00,-1.601553410291671753e-01,-5.135388970375061035e-01,3.350528776645660400e-01,2.442978620529174805e-01,-1.179982185363769531e+00,-3.169906437397003174e-01,-9.702423810958862305e-01,-9.079955816268920898e-01,-9.445882439613342285e-01,9.643447399139404297e-01,-7.999164462089538574e-01,8.477088212966918945e-01,-2.812354564666748047e-01,6.538347005844116211e-01,-5.632226467132568359e-01,1.888704180717468262e+00,4.926134645938873291e-01,-1.246879816055297852e+00,-1.316135972738265991e-01,-3.258695125579833984e+00,7.093200087547302246e-01,6.347938179969787598e-01,9.292419552803039551e-01,6.400220990180969238e-01,-1.318666458129882812e+00,-8.619548752903938293e-03,-5.780594348907470703e-01,-1.513333082199096680e+00,-1.403943657875061035e+00,-6.043865084648132324e-01,-1.055948138236999512e+00,1.356457233428955078e+00,7.642143964767456055e-02,2.867280840873718262e-01,-5.583254098892211914e-01,1.861580014228820801e+00,8.655370473861694336e-01,-5.684323906898498535e-01,-1.213238686323165894e-01,-5.151323080062866211e-01,2.113945484161376953e+00,3.248215615749359131e-01,1.523845434188842773e+00,-2.002765655517578125e+00,-5.289694666862487793e-01,-1.539497375488281250e+00,9.170156121253967285e-01,-7.801962494850158691e-01,2.868391275405883789e-01,1.062634825706481934e+00,-9.604614377021789551e-01,-2.635955810546875000e-01,-3.913334012031555176e-01,-3.238059878349304199e-01,-6.634778380393981934e-01,-1.676569938659667969e+00,1.474656462669372559e+00,-5.825836658477783203e-01
3.568327426910400391e-01,-5.164217352867126465e-01,-3.064889609813690186e-01,9.741510748863220215e-01,-1.858672499656677246e+00,2.486709319055080414e-02,9.729484319686889648e-01,-1.024080038070678711e+00,-1.940474867820739746e+00,-6.190937757492065430e-01,1.067295551300048828e+00,-8.356134295463562012e-01,-1.925128698348999023e+00,-1.211449146270751953e+00,9.455846548080444336e-01,-1.797147989273071289e-01,-4.442476928234100342e-01,-1.399872452020645142e-01,-2.536818087100982666e-01,-6.601135134696960449e-01,-4.057790338993072510e-01,-1.831548511981964111e-01,2.009367465972900391e+00,2.293944954872131348e-01,8.119003176689147949e-01,-1.335237741470336914e+00,1.124130129814147949e+00,1.464902639389038086e+00,-1.292007684707641602e+00,6.376693844795227051e-01,6.473137736320495605e-01,-9.419535398483276367e-01,6.727770715951919556e-02,1.401949882507324219e+00,-3.736368119716644287e-01,-5.304097533226013184e-01,5.996178388595581055e-01,1.888564705848693848e+00,3.780976533889770508e-01,5.910314153879880905e-03,-5.364364981651306152e-01,2.116973876953125000e+00,6.499720811843872070e-01,-3.785294294357299805e-01,-2.047835849225521088e-02,3.804677724838256836e-01,-7.907771468162536621e-01,1.394633352756500244e-01,9.315288066864013672e-01,2.441629171371459961e+00,-1.133176803588867188e+00,1.341831684112548828e+00,-1.777956038713455200e-01,1.111706972122192383e+00,-1.795596003532409668e+00,1.039320588111877441e+00,1.839653968811035156e+00,-8.220313787460327148e-01,-1.433264374732971191e+00,-4.538896977901458740e-01,-1.793498635292053223e+00,2.788206040859222412e-01,-1.684820294380187988e+00,2.140200853347778320e+00,-4.900787174701690674e-01,1.804285407066345215e+00,1.784465432167053223e+00,4.864355623722076416e-01,4.304251074790954590e-01,-1.222301006317138672e+00,-1.346839308738708496e+00,-9.398472309112548828e-02,-6.731638312339782715e-01,-1.890710592269897461e+00,-3.386310115456581116e-02,-3.781569302082061768e-01,-4.234851896762847900e-01,4.800416529178619385e-01,9.727022647857666016e-01,4.120488166809082031e-01,-2.971270382404327393e-01,2.681132853031158447e-01,-9.589271545410156250e-01,-2.674266576766967773e+00,7.892726659774780273e-01,1.111650705337524414e+00,-1.975478887557983398e+00,-6.579332947731018066e-01,7.191315889358520508e-01,1.766797184944152832e+00,-4.307850897312164307e-01,6.460115909576416016e-01,1.248123764991760254e+00,-9.322233796119689941e-01,2.071694880723953247e-01,3.900077044963836670e-01,5.142290592193603516e-01,1.100625991821289062e+00,6.833102107048034668e-01,2.390972822904586792e-01
8.349841833114624023e-01,9.557206630706787109e-01,1.633186340332031250e+00,-6.595963239669799805e-02,-9.572021663188934326e-02,-7.986500859260559082e-01,1.158692002296447754e+00,1.441541194915771484e+00,7.103700041770935059e-01,-2.125029861927032471e-01,1.963544487953186035e-01,1.083852887153625488e+00,9.961315393447875977e-01,1.150463700294494629e+00,-1.062779664993286133e+00,-1.146748304367065430e+00,1.101713299751281738e+00,1.165433526039123535e+00,8.589365333318710327e-02,-4.954979419708251953e-01,1.154968261718750000e+00,1.027890518307685852e-01,-1.053304448723793030e-01,-9.755268692970275879e-02,-1.313842058181762695e+00,-1.250319123268127441e+00,-2.611006200313568115e-01,2.341904304921627045e-02,-5.438272953033447266e-01,-1.725269667804241180e-02,1.162838816642761230e+00,-1.024233698844909668e+00,-1.966245055198669434e+00,-7.110286355018615723e-01,-2.096695423126220703e+00,-3.031119108200073242e-01,-8.792394995689392090e-01,6.567758321762084961e-02,-8.524280786514282227e-01,7.133055329322814941e-01,-4.967620670795440674e-01,2.456960678100585938e-01,-1.246647238731384277e+00,8.439133763313293457e-01,3.696336150169372559e-01,-2.970587909221649170e-01,1.481546878814697266e+00,-5.308219194412231445e-01,-5.442282557487487793e-01,5.852361023426055908e-02,1.803975820541381836e+00,-8.675154447555541992e-01,-5.382430553436279297e-01,-7.894270420074462891e-01,2.682917714118957520e-01,8.711075782775878906e-02,1.992210507392883301e+00,-6.684560775756835938e-01,-3.839623928070068359e-01,8.726564794778823853e-02,1.496031135320663452e-01,-5.113761126995086670e-02,-4.577093720436096191e-01,2.871911525726318359e-01,-4.959603846073150635e-01,2.287149906158447266e+00,7.553532123565673828e-01,2.177425026893615723e-01,-4.634265601634979248e-01,5.151031017303466797e-01,2.223656892776489258e+00,1.452756762504577637e+00,-9.809506535530090332e-01,-1.356612145900726318e-01,3.057497441768646240e-01,1.962390661239624023e+00,-4.189330339431762695e-01,1.498856782913208008e+00,-2.471159219741821289e+00,-1.460048913955688477e+00,4.070427417755126953e-01,-2.673870623111724854e-01,-3.144904077053070068e-01,1.233757972717285156e+00,-8.622950315475463867e-01,-4.145274162292480469e-01,2.107687294483184814e-01,-7.241454720497131348e-01,3.882502019405364990e-01,-2.132058590650558472e-01,5.358017086982727051e-01,-1.129718661308288574e+00,5.401834249496459961e-01,1.768527179956436157e-01,6.934258341789245605e-02,-1.418260693550109863e+00,1.817116975784301758e+00,5.172691494226455688e-02,-1.635017275810241699e+00,-7.700811624526977539e-01
8.622915744781494141e-01,9.766548126935958862e-02,3.999002873897552490e-01,-5.065322518348693848e-01,-3.984337151050567627e-01,-5.229223966598510742e-01,5.004000067710876465e-01,6.371956467628479004e-01,-1.124679297208786011e-02,-1.647842288017272949e+00,2.900028228759765625e-01,3.868345320224761963e-01,-5.553483366966247559e-01,-3.937884867191314697e-01,1.626722931861877441e+00,9.981240630149841309e-01,-1.887598872184753418e+00,-3.358171880245208740e-01,1.274467911571264267e-03,-1.383185386657714844e+00,-5.528658032417297363e-01,-2.319871187210083008e-01,7.972714900970458984e-01,-7.865493893623352051e-01,7.269309759140014648e-01,-1.018956024199724197e-02,9.323916435241699219e-01,-2.570038139820098877e-01,2.037219524383544922e+00,-5.992154479026794434e-01,9.857215881347656250e-01,-5.582590699195861816e-01,-1.829088926315307617e-01,-1.223682016134262085e-01,7.620346546173095703e-01,5.258825421333312988e-01,7.776063680648803711e-01,1.760548472404479980e+00,4.935307800769805908e-01,1.978375315666198730e-01,1.062447205185890198e-01,-7.753045856952667236e-02,6.201290488243103027e-01,-2.045831203460693359e+00,-8.504775762557983398e-01,1.334649562835693359e+00,-1.406974643468856812e-01,-1.027016993612051010e-02,-6.546564698219299316e-01,-1.246856570243835449e+00,-9.834512472152709961e-01,9.313479065895080566e-01,-1.370370864868164062e+00,1.135653614997863770e+00,2.543328702449798584e-01,7.611442208290100098e-01,3.082616806030273438e+00,-4.490233212709426880e-02,1.749465614557266235e-01,-4.882903099060058594e-01,3.836736679077148438e-01,-5.316210985183715820e-01,-3.537630438804626465e-01,2.022092819213867188e+00,-9.719158522784709930e-03,-3.519640266895294189e-01,-3.845919668674468994e-01,-4.863736629486083984e-01,-2.690308094024658203e+00,-7.636712193489074707e-01,2.248383313417434692e-01,1.645568847656250000e+00,1.874216198921203613e+00,5.703236460685729980e-01,8.541451096534729004e-01,4.412355124950408936e-01,5.053033232688903809e-01,-6.551426649093627930e-01,7.799935340881347656e-01,-2.145192623138427734e+00,-1.742989301681518555e+00,4.157774448394775391e-01,1.734263420104980469e+00,6.235069036483764648e-01,-8.542619645595550537e-02,-8.091332316398620605e-01,7.374791502952575684e-01,-4.285992085933685303e-01,7.007998228073120117e-01,1.772540807723999023e+00,-9.750215411186218262e-01,-2.670576572418212891e-01,6.152731180191040039e-01,-3.082337379455566406e-01,3.795494735240936279e-01,8.969497084617614746e-01,-1.463485479354858398e+00,8.190518021583557129e-01,3.050418496131896973e-01,-1.270698904991149902e+00
-1.003193497657775879e+00,-1.794268339872360229e-01,-2.918286323547363281e-01,-4.608448743820190430e-01,5.815703272819519043e-01,5.320767760276794434e-01,8.087486028671264648e-01,-3.730587959289550781e-01,6.226516962051391602e-01,-2.440592527389526367e+00,4.191940426826477051e-01,2.426815509796142578e+00,1.255805850028991699e+00,-2.502177059650421143e-01,-1.091348052024841309e+00,5.543627142906188965e-01,1.665098547935485840e+00,2.850448489189147949e-01,1.350578188896179199e+00,-4.775614142417907715e-01,-8.225095868110656738e-01,-5.018024444580078125e-01,1.022885665297508240e-01,-4.467642903327941895e-01,1.083900928497314453e+00,-7.845410108566284180e-01,3.581475913524627686e-01,1.436367392539978027e+00,-4.011294841766357422e-01,-1.108361005783081055e+00,-6.441516280174255371e-01,1.965888440608978271e-01,-6.495324969291687012e-01,-4.664130508899688721e-01,-1.947106003761291504e+00,-1.139611244201660156e+00,-6.063160896301269531e-01,-3.214397653937339783e-02,-8.910970687866210938e-01,8.460864424705505371e-02,-4.890342354774475098e-01,-6.665128469467163086e-01,6.481134295463562012e-01,1.438233107328414917e-01,-2.970975637435913086e-01,-1.049511194229125977e+00,7.467966079711914062e-01,-1.430929064750671387e+00,-1.625901460647583008e+00,-1.160251617431640625e+00,-2.674902975559234619e-01,1.631129384040832520e+00,1.224258542060852051e+00,-8.485654592514038086e-01,-2.801940739154815674e-01,-2.260313510894775391e+00,4.032258987426757812e-01,6.688718199729919434e-01,7.183930277824401855e-01,-4.569939076900482178e-01,3.294023498892784119e-02,-2.647949159145355225e-01,5.140167474746704102e-01,-2.530638277530670166e-01,-4.427289590239524841e-02,-6.273034214973449707e-01,1.174011826515197754e+00,4.885039925575256348e-01,-3.306942284107208252e-01,3.910960555076599121e-01,-2.892880141735076904e-01,-2.406396865844726562e-01,-5.553762316703796387e-01,-1.187242493033409119e-01,3.181833028793334961e-01,-8.505475521087646484e-01,-7.625406235456466675e-02,-7.623245120048522949e-01,4.057817459106445312e-01,-7.429280877113342285e-01,1.525049507617950439e-01,1.193027853965759277e+00,9.394175410270690918e-01,6.568018794059753418e-01,-2.259904623031616211e+00,-1.209018111228942871e+00,-8.047072291374206543e-01,-1.330390095710754395e+00,6.157655715942382812e-01,3.633200004696846008e-02,-1.353941202163696289e+00,3.267290443181991577e-02,-1.320319026708602905e-01,2.633864879608154297e-01,-9.828069210052490234e-01,1.514166235923767090e+00,-5.027200579643249512e-01,-4.084108769893646240e-01,-2.364395141601562500e+00,-5.896739959716796875e-01
1.906940579414367676e+00,3.779128566384315491e-02,-1.793204903602600098e+00,-2.653955221176147461e+00,-3.268237709999084473e-01,7.319393754005432129e-01,1.866600632667541504e+00,2.020959615707397461e+00,-1.391369104385375977e+00,-6.888192892074584961e-01,-7.960140705108642578e-01,-1.199342131614685059e+00,9.942664951086044312e-02,1.580059647560119629e+00,1.289283633232116699e+00,-9.729255437850952148e-01,-1.404119849205017090e+00,8.617857694625854492e-01,1.737096190452575684e+00,1.451905667781829834e-01,6.141858696937561035e-01,5.651482939720153809e-01,-3.604469299316406250e-01,9.032000303268432617e-01,-8.677740693092346191e-01,3.815633356571197510e-01,-3.592455089092254639e-01,-1.550103306770324707e+00,7.590334415435791016e-01,1.909746766090393066e+00,-7.000616788864135742e-01,-4.476843401789665222e-02,-3.053645193576812744e-01,-4.419506192207336426e-01,1.241213083267211914e+00,-8.109158873558044434e-01,-2.558009028434753418e-01,-9.250435829162597656e-01,1.010130167007446289e+00,4.856514036655426025e-01,-1.479269981384277344e+00,1.695988923311233521e-01,8.845061659812927246e-01,6.494999676942825317e-02,-4.825012087821960449e-01,1.790376424789428711e+00,-7.471899986267089844e-01,-2.856574580073356628e-02,1.034298777580261230e+00,-1.638049602508544922e+00,4.967213794589042664e-02,1.203109845519065857e-01,-6.815025806427001953e-01,2.319790124893188477e-01,-1.573327064514160156e+00,-3.950065374374389648e-02,1.245266556739807129e+00,1.316701471805572510e-01,-6.434020996093750000e-01,-1.110453844070434570e+00,1.933264374732971191e+00,-7.196877002716064453e-01,1.808631867170333862e-01,7.606589794158935547e-01,7.201706767082214355e-01,-1.506220698356628418e+00,-1.015483021736145020e+00,6.875362992286682129e-02,7.494973484426736832e-03,2.583386301994323730e-01,-5.762719511985778809e-01,-4.628978371620178223e-01,1.780210733413696289e+00,6.165977567434310913e-02,-5.392595529556274414e-01,-2.702068090438842773e-01,1.926988363265991211e+00,-7.199981212615966797e-01,-9.527306556701660156e-01,5.166084170341491699e-01,1.141807734966278076e-01,3.767173886299133301e-01,1.405431628227233887e-01,-1.023834824562072754e+00,-1.080679535865783691e+00,5.459019914269447327e-02,-2.599764108657836914e+00,2.313252538442611694e-01,-7.023633718490600586e-01,-5.139397382736206055e-01,-2.170438051223754883e+00,7.694765329360961914e-01,3.555784821510314941e-01,-4.876443445682525635e-01,2.667166888713836670e-01,1.270305991172790527e+00,-8.525727391242980957e-01,1.100634455680847168e+00,8.831054568290710449e-01,6.016182899475097656e-01
1.671034932136535645e+00,-4.144938588142395020e-01,3.745520830154418945e+00,-2.007078886032104492e+00,-4.358531832695007324e-01,4.981645345687866211e-01,-1.539543032646179199e+00,1.062611818313598633e+00,6.259478926658630371e-01,1.039687871932983398e+00,-9.886631965637207031e-01,1.537058115005493164e+00,8.711798787117004395e-01,-8.872113823890686035e-01,-5.110918283462524414e-01,1.534063577651977539e+00,1.151440501213073730e+00,-1.140693306922912598e+00,2.183274328708648682e-01,-2.434214353561401367e-01,1.135482907295227051e+00,6.884162425994873047e-01,-6.882373094558715820e-01,-1.239256501197814941e+00,-9.001902341842651367e-01,-7.041418552398681641e-01,-8.288633823394775391e-01,1.222421884536743164e+00,7.126489281654357910e-01,-2.003024369478225708e-01,1.088779196143150330e-01,-2.779366075992584229e-01,-1.899938657879829407e-02,-1.804604530334472656e-01,-5.732921361923217773e-01,3.380551338195800781e+00,4.956056177616119385e-02,3.293614983558654785e-01,4.379458427429199219e-01,2.117338180541992188e+00,-2.533063590526580811e-01,-5.803960561752319336e-01,2.345649957656860352e+00,6.398811470717191696e-03,-1.532663106918334961e-01,1.091442350298166275e-02,-1.872521638870239258e-01,-3.088160157203674316e-01,3.601065278053283691e-01,-1.157287955284118652e-01,-1.070129945874214172e-01,-1.336543440818786621e+00,-4.006003439426422119e-01,-3.048979640007019043e-01,1.870520353317260742e+00,1.436288475990295410e+00,-1.680997133255004883e+00,-1.176217794418334961e+00,2.474990338087081909e-01,1.656303763389587402e+00,4.234927296638488770e-01,1.113026738166809082e+00,-2.050945520401000977e+00,5.481196045875549316e-01,-3.612062633037567139e-01,8.491930961608886719e-01,-2.686095833778381348e-01,-1.597699522972106934e+00,-4.530664384365081787e-01,-7.371766567230224609e-01,-4.125654697418212891e-01,-1.046917438507080078e+00,-1.645297527313232422e+00,2.247904300689697266e+00,8.342113494873046875e-01,7.560793161392211914e-01,1.226526975631713867e+00,7.552655935287475586e-01,7.410404086112976074e-01,-1.013143301010131836e+00,-4.772013053297996521e-02,7.110403776168823242e-01,-3.185577690601348877e-01,3.148354589939117432e-01,-4.383902549743652344e-01,8.723437786102294922e-01,-4.600318670272827148e-01,9.015769958496093750e-01,2.224771738052368164e+00,-1.912779808044433594e+00,-2.358937263488769531e-01,-1.083003997802734375e+00,-9.195481538772583008e-01,-3.290997445583343506e-01,1.641570329666137695e+00,1.851681709289550781e+00,4.734006524085998535e-01,-4.020217657089233398e-01,6.285594701766967773e-01,-4.798012077808380127e-01
-6.070200800895690918e-01,-2.573188245296478271e-01,-5.524206161499023438e-01,1.895573019981384277e+00,1.334427744150161743e-01,7.667072415351867676e-01,1.115231886506080627e-01,-1.314134299755096436e-01,1.396774750901386142e-04,-2.575578689575195312e-01,1.458508968353271484e-01,1.274556875228881836e+00,6.761918216943740845e-02,-2.249444872140884399e-01,1.296524703502655029e-01,-3.877249732613563538e-02,9.202286005020141602e-01,2.490714490413665771e-01,7.004379630088806152e-01,-8.787783384323120117e-01,1.169483661651611328e+00,1.584882855415344238e+00,1.122816875576972961e-01,1.532775163650512695e+00,2.087998390197753906e-01,-3.545067608356475830e-01,4.733646288514137268e-03,2.639251053333282471e-01,7.908964157104492188e-01,1.788771450519561768e-01,1.208961486816406250e+00,-9.549219012260437012e-01,1.389056801795959473e+00,9.558962583541870117e-01,-1.183096051216125488e+00,5.791013240814208984e-01,-9.832524061203002930e-01,-1.587888360023498535e+00,1.763286441564559937e-01,-2.078568190336227417e-01,2.471689879894256592e-01,-6.653088927268981934e-01,-1.433714985847473145e+00,7.892061471939086914e-01,1.531365752220153809e+00,-1.925694108009338379e+00,7.827686071395874023e-01,-3.878948986530303955e-01,-5.709024071693420410e-01,-3.772643804550170898e-01,2.075001716613769531e+00,-1.020144462585449219e+00,-7.485117316246032715e-01,9.324194788932800293e-01,-1.227115988731384277e+00,-2.798123061656951904e-01,5.079414695501327515e-02,-7.444074153900146484e-01,-1.485758185386657715e+00,-3.419527709484100342e-01,-7.288982868194580078e-01,8.118082582950592041e-02,-4.392724335193634033e-01,4.290747642517089844e-01,-6.627889275550842285e-01,5.330507159233093262e-01,-1.273038744926452637e+00,2.014858871698379517e-01,-9.461788088083267212e-02,-1.086684346199035645e+00,-8.667472004890441895e-01,1.363770246505737305e+00,1.559167981147766113e+00,-6.696717143058776855e-01,5.490558743476867676e-01,-1.229422569274902344e+00,-1.453866720199584961e+00,-2.299978256225585938e+00,-2.032347440719604492e+00,8.983666300773620605e-01,1.005658268928527832e+00,7.326166033744812012e-01,-1.747153997421264648e+00,1.927426606416702271e-01,-6.228572130203247070e-01,9.399428963661193848e-01,5.639331936836242676e-01,-1.105040788650512695e+00,1.832226037979125977e+00,-2.850279331207275391e+00,1.698674261569976807e-02,-1.020138263702392578e+00,-1.345069766044616699e+00,1.384531799703836441e-02,7.250134944915771484e-01,-1.109325647354125977e+00,1.497369408607482910e+00,9.356492757797241211e-01,-5.025049448013305664e-01,6.153723597526550293e-01
6.285607814788818359e-01,7.749280426651239395e-03,9.054647088050842285e-01,1.079136013984680176e+00,1.279413819313049316e+00,-1.776638776063919067e-01,4.391337186098098755e-02,8.034397959709167480e-01,-4.488448500633239746e-01,1.094494342803955078e+00,4.250877499580383301e-01,3.274866640567779541e-01,8.543775230646133423e-02,2.299362868070602417e-01,-1.208064436912536621e+00,-4.532478153705596924e-01,-3.933074474334716797e-01,2.740328311920166016e-01,-6.635243296623229980e-01,8.970298767089843750e-01,-6.282243728637695312e-01,5.848236382007598877e-02,-3.153084754943847656e+00,-9.784637093544006348e-01,1.792356610298156738e+00,2.778138816356658936e-01,4.783197045326232910e-01,2.363800704479217529e-01,-5.502865910530090332e-01,-8.238787055015563965e-01,-9.509197622537612915e-02,4.971207678318023682e-01,-3.182773590087890625e-01,-1.980694830417633057e-01,1.863217353820800781e+00,1.300418972969055176e+00,5.217679142951965332e-01,1.005960226058959961e+00,8.051906824111938477e-01,5.352798104286193848e-01,-3.785119056701660156e-01,3.711392581462860107e-01,-4.834535121917724609e-01,-5.162652134895324707e-01,1.106677174568176270e+00,1.858002662658691406e+00,-5.377846583724021912e-02,1.142993494868278503e-01,1.961530447006225586e+00,2.890707552433013916e-01,3.373270630836486816e-01,-1.898615211248397827e-01,1.575096726417541504e+00,2.200235277414321899e-01,1.652126550674438477e+00,1.608466744422912598e+00,3.012585639953613281e-01,-1.236843824386596680e+00,-1.391177773475646973e-01,9.548597931861877441e-01,9.031082987785339355e-01,8.111060410737991333e-02,-5.227699875831604004e-02,2.846486866474151611e-01,-1.974560618400573730e-01,9.866560697555541992e-01,1.698737025260925293e+00,-4.578746110200881958e-02,-2.242228507995605469e+00,-1.698153614997863770e+00,-1.232211351394653320e+00,-1.675469160079956055e+00,-1.296687722206115723e+00,3.402160853147506714e-02,-3.301230669021606445e-01,8.166784048080444336e-01,7.064551115036010742e-01,2.103823900222778320e+00,-1.500762820243835449e+00,-2.344819158315658569e-01,-1.162429928779602051e+00,-6.996565461158752441e-01,2.138402938842773438e+00,1.070155501365661621e+00,-1.723552346229553223e-01,1.825606822967529297e+00,4.162352979183197021e-01,-1.096403241157531738e+00,9.151486754417419434e-01,-4.167664051055908203e-01,-1.058792173862457275e-01,-1.034910678863525391e+00,-2.362871408462524414e+00,1.590852379798889160e+00,4.555847644805908203e-01,1.814171910285949707e+00,1.671765565872192383e+00,6.877200305461883545e-02,4.021153151988983154e-01,-5.883440971374511719e-01
-1.553181886672973633e+00,-1.955213427543640137e+00,-8.903254866600036621e-01,6.065076589584350586e-01,6.614600121974945068e-02,-6.365553736686706543e-01,-1.596953123807907104e-01,9.030541777610778809e-01,-9.181919097900390625e-01,1.006138548254966736e-01,-1.412740498781204224e-01,-8.354792371392250061e-03,-9.293755292892456055e-01,3.667039573192596436e-01,-4.699642360210418701e-01,1.940645098686218262e+00,-3.681056797504425049e-01,1.599803447723388672e+00,7.542876601219177246e-01,-1.134329080581665039e+00,-3.322763144969940186e-01,4.521172642707824707e-01,-3.323101699352264404e-01,-6.594144105911254883e-01,-2.190790176391601562e+00,-1.740614533424377441e+00,-3.562538027763366699e-01,-2.308868914842605591e-01,3.430958092212677002e-01,-9.127290844917297363e-01,7.159673571586608887e-01,-7.635385394096374512e-01,1.220181584358215332e+00,1.605222225189208984e-01,1.178006649017333984e+00,6.128059625625610352e-01,-3.632521331310272217e-01,1.345501184463500977e+00,2.237899601459503174e-01,1.217304825782775879e+00,-1.221726059913635254e+00,1.167307972908020020e+00,1.466671526432037354e-01,1.432192564010620117e+00,-2.456226199865341187e-01,-1.237622737884521484e+00,-2.818273901939392090e-01,-2.591781318187713623e-01,-3.569976091384887695e-01,1.130555987358093262e+00,-1.357801537960767746e-02,1.943080574274063110e-01,-3.033850789070129395e-01,1.409530520439147949e+00,1.009364008903503418e+00,1.579471230506896973e+00,-6.785479784011840820e-01,-2.971147894859313965e-01,-1.160892724990844727e+00,-3.813557028770446777e-01,-3.704514205455780029e-01,-1.233728766441345215e+00,-1.601998448371887207e+00,-1.065002009272575378e-01,-3.778491914272308350e-02,2.566928386688232422e+00,1.487338066101074219e+00,4.772610962390899658e-02,1.583755135536193848e+00,-5.609372258186340332e-01,-1.011287886649370193e-02,-2.644477486610412598e-01,-7.071696519851684570e-01,-9.175740480422973633e-01,7.033379673957824707e-01,9.626832008361816406e-01,2.084916532039642334e-01,1.600523710250854492e+00,1.145481690764427185e-01,-3.653838634490966797e-01,-4.876549839973449707e-01,-1.107078909873962402e+00,1.919169425964355469e+00,3.374619185924530029e-01,-5.919332504272460938e-01,2.178276181221008301e-01,-8.473093509674072266e-01,1.440052866935729980e+00,-1.106810688972473145e+00,-2.766160070896148682e-01,6.119829416275024414e-01,3.142593204975128174e-01,7.649002075195312500e-01,-1.007883310317993164e+00,7.039428949356079102e-01,-1.095772862434387207e+00,6.164500713348388672e-01,7.800885438919067383e-01,-1.115952849388122559e+00,-7.338131666183471680e-01
-9.116643071174621582e-01,1.955041848123073578e-02,4.795975685119628906e-01,2.754737734794616699e-01,1.218785420060157776e-01,1.370498538017272949e+00,1.322710156440734863e+00,5.398383736610412598e-01,1.113905191421508789e+00,-1.306808233261108398e+00,-1.593734979629516602e+00,-1.472265720367431641e+00,-2.840332686901092529e-01,-9.909111857414245605e-01,9.374166280031204224e-02,-1.668483614921569824e-01,-1.454176425933837891e+00,-1.207948684692382812e+00,-8.354671597480773926e-01,6.828806400299072266e-01,4.746122956275939941e-01,-3.946706652641296387e-01,4.895183742046356201e-01,-1.211889311671257019e-01,4.201618731021881104e-01,-5.926489233970642090e-01,1.983463531360030174e-03,-4.634487032890319824e-01,-3.098860681056976318e-01,-1.346177577972412109e+00,7.077663391828536987e-02,-1.225679397583007812e+00,1.253576040267944336e+00,-3.956488966941833496e-01,-2.319449186325073242e-01,-1.065163016319274902e+00,-2.537735104560852051e-01,-1.804714947938919067e-01,-1.313562095165252686e-01,1.004700586199760437e-01,4.444375336170196533e-01,1.351812034845352173e-01,-1.603504896163940430e+00,5.751038342714309692e-02,7.396043539047241211e-01,2.806793153285980225e-01,2.148116588592529297e+00,1.360191941261291504e+00,-6.358070373535156250e-01,-1.404444336891174316e+00,-1.360134720802307129e+00,1.468040794134140015e-01,-1.477764248847961426e-01,1.434205651283264160e+00,-6.497269272804260254e-01,3.950048983097076416e-01,-1.740906238555908203e+00,4.424378275871276855e-02,-3.123177766799926758e+00,-1.489865303039550781e+00,-4.465529024600982666e-01,-4.840463697910308838e-01,-2.123749703168869019e-01,3.204111754894256592e-02,-7.430541515350341797e-02,-2.516753226518630981e-02,1.603354454040527344e+00,3.040229380130767822e-01,-1.033692717552185059e+00,-2.775545716285705566e-01,1.130116224288940430e+00,7.186552286148071289e-01,3.866946399211883545e-01,1.545411705970764160e+00,7.778110504150390625e-01,5.149420499801635742e-01,4.461564868688583374e-02,-6.997873783111572266e-01,-6.721258759498596191e-01,9.280847907066345215e-01,3.582855463027954102e-01,-5.745711326599121094e-01,7.502580881118774414e-01,-1.152711987495422363e+00,-7.868189215660095215e-01,-3.573468327522277832e-01,-1.422393679618835449e+00,-1.588031649589538574e-01,-9.925230145454406738e-01,-6.386723518371582031e-01,6.918491125106811523e-01,1.339077115058898926e+00,1.443218469619750977e+00,-7.881133556365966797e-01,1.242260336875915527e+00,1.348332881927490234e+00,1.806755214929580688e-01,4.960421025753021240e-01,-1.900396943092346191e+00,-1.121473163366317749e-01
-5.488330721855163574e-01,6.877046823501586914e-01,7.872340679168701172e-01,3.282958269119262695e-01,-1.844636440277099609e+00,7.895949482917785645e-01,5.261774659156799316e-01,1.362680554389953613e+00,-6.975396871566772461e-01,-2.195834159851074219e+00,-1.036366701126098633e+00,-1.094150185585021973e+00,-1.946932971477508545e-01,1.005468726158142090e+00,-5.044970512390136719e-01,-1.356565356254577637e+00,-1.430830836296081543e+00,-3.260769248008728027e-01,-1.380289554595947266e+00,-8.156076073646545410e-01,9.562155604362487793e-01,-4.317892789840698242e-01,-1.173704415559768677e-01,1.355059385299682617e+00,4.471869170665740967e-01,1.219925522804260254e+00,7.151828408241271973e-01,8.953756690025329590e-01,6.031466126441955566e-01,1.395015001296997070e+00,4.670140445232391357e-01,9.441288113594055176e-01,-7.875934243202209473e-01,5.515358448028564453e-01,1.837196826934814453e+00,3.154114961624145508e+00,-4.888743460178375244e-01,-4.112516641616821289e-01,5.400369167327880859e-01,-4.936159849166870117e-01,-8.075171709060668945e-01,6.869547963142395020e-01,-1.220664739608764648e+00,-4.380606710910797119e-01,-2.091057300567626953e-01,-9.105613082647323608e-02,2.608790993690490723e-01,-6.090939044952392578e-01,-1.254411101341247559e+00,7.570733428001403809e-01,-1.630607724189758301e+00,-5.835662484169006348e-01,-5.953644216060638428e-02,-6.305605769157409668e-01,-1.805624723434448242e+00,-1.108621582388877869e-01,-8.908588290214538574e-01,-1.404782086610794067e-01,-3.764524161815643311e-01,3.398900508880615234e+00,8.409176468849182129e-01,2.177909202873706818e-02,-1.250775218009948730e+00,-1.975962400436401367e+00,1.079562902450561523e+00,-6.803811788558959961e-01,-1.483735680580139160e+00,2.244128227233886719e+00,-3.364086151123046875e-01,5.723408460617065430e-01,9.771518707275390625e-01,4.736984968185424805e-01,-1.321989744901657104e-01,-1.002084493637084961e+00,8.236974477767944336e-02,-8.454806208610534668e-01,1.719907522201538086e-01,1.023509576916694641e-01,-7.803411036729812622e-02,-1.499402761459350586e+00,6.443715095520019531e-01,1.090830445289611816e+00,-1.470429003238677979e-01,1.609948873519897461e-01,8.772010803222656250e-01,5.460717082023620605e-01,-1.513124108314514160e+00,-5.998773500323295593e-02,7.559291124343872070e-01,1.066936373710632324e+00,2.271839618682861328e+00,3.501177132129669189e-01,-3.951503336429595947e-01,-2.073222547769546509e-01,-2.083698660135269165e-01,-2.804871797561645508e-01,-6.609053611755371094e-01,-7.052404284477233887e-01,-8.613595962524414062e-01,-1.539132446050643921e-01
-3.102447390556335449e-01,3.885816037654876709e-01,3.116030693054199219e-01,4.761817753314971924e-01,1.010048389434814453e+00,2.522297143936157227e+00,-5.459272265434265137e-01,-2.044466972351074219e+00,-1.246052622795104980e+00,1.343680024147033691e+00,-1.127055525779724121e+00,-3.251457214355468750e-01,9.765315651893615723e-01,-4.076307713985443115e-01,-7.165783643722534180e-01,-5.820052623748779297e-01,-2.549535989761352539e+00,-1.514306664466857910e-01,8.183709383010864258e-01,3.732342123985290527e-01,-5.919639468193054199e-01,-7.377331852912902832e-01,4.491082578897476196e-02,-5.228900164365768433e-02,-7.857222557067871094e-01,1.702665448188781738e+00,-4.832685291767120361e-01,7.302174717187881470e-02,-1.463598012924194336e+00,-3.199281692504882812e-01,-1.098352298140525818e-01,8.833897709846496582e-01,1.265408992767333984e+00,-6.043733358383178711e-01,3.096288442611694336e-01,9.620952606201171875e-01,9.184714555740356445e-01,3.200427889823913574e-01,1.518716663122177124e-01,-2.157116867601871490e-02,-1.067139983177185059e+00,-2.485426366329193115e-01,-5.179242417216300964e-02,-6.848047971725463867e-01,1.068363547325134277e+00,5.474649667739868164e-01,8.605934977531433105e-01,-1.804505348205566406e+00,-1.459894657135009766e+00,-8.144423961639404297e-01,-8.907063007354736328e-01,9.769183993339538574e-01,8.622915148735046387e-01,-6.716939806938171387e-02,-1.484177231788635254e+00,-1.417568922042846680e+00,2.332257628440856934e-01,-1.235388636589050293e+00,-4.682727456092834473e-01,9.263633936643600464e-02,-3.969582319259643555e-01,4.750100076198577881e-01,3.319382965564727783e-01,-4.500893875956535339e-02,-1.752483010292053223e+00,-1.252541661262512207e+00,-7.669102549552917480e-01,1.994153141975402832e+00,-5.122038125991821289e-01,2.233006358146667480e-01,1.056661725044250488e+00,-1.226912617683410645e+00,-3.554066121578216553e-01,-5.364067554473876953e-01,-6.362475752830505371e-01,-1.351652264595031738e+00,1.128718256950378418e+00,-2.215828299522399902e-01,1.620243906974792480e+00,5.220995545387268066e-01,-2.289122104644775391e+00,-1.376009583473205566e-01,1.859199523925781250e+00,-1.862806558609008789e+00,1.504702568054199219e-01,3.092924952507019043e-01,-2.609405517578125000e-01,1.273437976837158203e+00,-6.069151312112808228e-02,-7.191447019577026367e-01,1.650857776403427124e-01,-1.021909192204475403e-01,-2.429966330528259277e-01,8.329211473464965820e-01,9.766789078712463379e-01,1.148088932037353516e+00,-3.676310181617736816e-01,-1.078618243336677551e-01,-1.585163712501525879e+00,4.466309547424316406e-01
-1.687712311744689941e+00,-5.615044236183166504e-01,2.464283704757690430e-01,-2.354380935430526733e-01,-1.294016122817993164e+00,-1.810544729232788086e-01,-1.737586975097656250e+00,-3.063005208969116211e-01,1.606807112693786621e-01,-1.156184196472167969e+00,3.382824361324310303e-01,5.580997094511985779e-02,-3.937654495239257812e-01,-3.689492344856262207e-01,-8.079175353050231934e-01,1.805892467498779297e+00,3.194935917854309082e-01,5.166397094726562500e-01,7.926629483699798584e-02,-8.016030192375183105e-01,6.229664683341979980e-01,4.086187183856964111e-01,-3.337924480438232422e-01,2.777887284755706787e-01,-2.197277247905731201e-01,9.502941370010375977e-01,-6.111331656575202942e-02,3.972570002079010010e-01,-6.123548150062561035e-01,2.593815326690673828e-01,8.058544397354125977e-01,4.309833943843841553e-01,2.685284018516540527e-01,3.488904237747192383e-01,1.234011173248291016e+00,-9.987227916717529297e-01,-1.720114201307296753e-01,-1.143585443496704102e+00,-1.759410381317138672e+00,5.559921860694885254e-01,-3.505262434482574463e-01,-1.265223026275634766e-01,7.479548454284667969e-01,4.835442639887332916e-03,7.906718850135803223e-01,1.480867624282836914e+00,-4.335390925407409668e-01,8.662623912096023560e-02,1.438460946083068848e-01,5.649744868278503418e-01,2.789959907531738281e+00,1.058805212378501892e-01,8.466372489929199219e-01,-8.374253511428833008e-01,1.137995481491088867e+00,-4.249862208962440491e-02,-4.380108118057250977e-01,1.508365511894226074e+00,2.078328847885131836e+00,2.060932517051696777e-01,-9.272497892379760742e-02,-1.097975596785545349e-01,2.573416829109191895e-01,1.630784869194030762e+00,4.107816517353057861e-01,1.226854801177978516e+00,4.311139285564422607e-01,8.704559206962585449e-01,9.321709275245666504e-01,5.444290637969970703e-01,3.427305221557617188e-01,-7.531450986862182617e-01,-1.706082582473754883e+00,-5.987966060638427734e-01,1.372740387916564941e+00,-7.065420746803283691e-01,9.778820276260375977e-01,-1.515882164239883423e-01,-1.253587722778320312e+00,-1.593550145626068115e-01,-8.086491823196411133e-01,1.197692900896072388e-01,-2.494720935821533203e+00,1.337386816740036011e-01,-9.424094557762145996e-01,4.406458437442779541e-01,5.972833633422851562e-01,7.396031022071838379e-01,1.571008443832397461e+00,7.328911423683166504e-01,-6.963539123535156250e-02,-1.361538767814636230e+00,6.501384973526000977e-01,-1.431461215019226074e+00,1.023300290107727051e+00,-3.495913147926330566e-01,-5.129171013832092285e-01,9.633753895759582520e-01,-5.028507709503173828e-01,4.842908382415771484e-01
-1.249281287193298340e+00,-1.950252205133438110e-01,1.705462932586669922e-01,4.124331176280975342e-01,3.625871837139129639e-01,-6.581938266754150391e-01,1.945798993110656738e-01,1.265080571174621582e+00,2.206520736217498779e-01,3.087681233882904053e-01,-4.007031321525573730e-01,-5.836167335510253906e-01,7.131062150001525879e-01,3.714067339897155762e-01,4.991026222705841064e-01,-2.637946605682373047e-01,-2.523881912231445312e+00,-4.102614521980285645e-01,5.852790474891662598e-01,1.272723317146301270e+00,-7.261454463005065918e-01,-1.625786662101745605e+00,-6.122786998748779297e-01,-8.187566995620727539e-01,-5.725726485252380371e-01,-4.201803505420684814e-01,1.132884383201599121e+00,6.838468909263610840e-01,-1.627381145954132080e-01,1.108083352446556091e-01,7.589773535728454590e-01,-1.634958744049072266e+00,-1.381008923053741455e-01,-2.484011650085449219e+00,1.270212531089782715e-01,-2.231018058955669403e-02,5.989422202110290527e-01,-3.617435097694396973e-01,4.663824439048767090e-01,-1.014950752258300781e+00,8.189194202423095703e-01,3.321753069758415222e-02,6.776508092880249023e-01,9.164263010025024414e-01,-3.153229951858520508e-01,9.412020444869995117e-01,1.416413545608520508e+00,3.152668774127960205e-01,3.931501805782318115e-01,-9.082760661840438843e-02,-1.631570339202880859e+00,1.035673260688781738e+00,1.621766209602355957e+00,3.322014585137367249e-02,-5.140896439552307129e-01,3.497296869754791260e-01,-2.219297289848327637e-01,6.732871532440185547e-01,3.801437914371490479e-01,8.329494595527648926e-01,6.304284930229187012e-01,-5.582293272018432617e-01,-6.774590015411376953e-01,9.129132628440856934e-01,-6.525396704673767090e-01,1.031075567007064819e-01,9.031882882118225098e-01,1.907357573509216309e-01,-2.443139255046844482e-01,-9.961469769477844238e-01,1.708998560905456543e+00,-9.304358810186386108e-02,-9.582590460777282715e-01,-1.168554648756980896e-01,5.274624004960060120e-02,-2.834825217723846436e-01,-1.652156747877597809e-02,1.286168456077575684e+00,-1.107883930206298828e+00,-1.573452472686767578e+00,-1.555046439170837402e+00,1.789475679397583008e+00,4.810631275177001953e-01,-5.840055346488952637e-01,6.414808034896850586e-01,-6.933133006095886230e-01,2.763236284255981445e+00,-4.933347702026367188e-01,4.424718320369720459e-01,-1.035222291946411133e+00,1.042354941368103027e+00,2.470779567956924438e-01,-1.530148506164550781e+00,5.805786252021789551e-01,-2.476775944232940674e-01,-1.551052212715148926e+00,-6.515213847160339355e-01,-2.395528703927993774e-01,-7.888970375061035156e-01,9.694249927997589111e-02
-1.175092682242393494e-01,7.257493138313293457e-01,-4.543727040290832520e-01,-3.497750163078308105e-01,-5.051515698432922363e-01,-7.244324088096618652e-01,6.073262691497802734e-01,-7.107915282249450684e-01,1.417579531669616699e+00,-1.208284378051757812e+00,-6.180238723754882812e-01,2.065710574388504028e-01,-1.164353609085083008e+00,8.653484582901000977e-01,5.168986916542053223e-01,-1.831585884094238281e+00,-3.890593349933624268e-01,-6.561470031738281250e-01,1.003231883049011230e+00,6.656336784362792969e-02,-7.020506262779235840e-01,-2.898801267147064209e-01,1.265660047531127930e+00,-6.333448886871337891e-01,-1.552802801132202148e+00,1.405524253845214844e+00,-1.096511363983154297e+00,1.309531182050704956e-01,4.837226569652557373e-01,1.000723242759704590e+00,-8.183903694152832031e-01,-1.219242572784423828e+00,4.733748733997344971e-02,9.250551462173461914e-03,-1.986631155014038086e+00,3.820166587829589844e-01,6.927742362022399902e-01,2.163621038198471069e-02,9.524329304695129395e-01,-1.028529644012451172e+00,-8.412825465202331543e-01,5.892778635025024414e-01,8.928284645080566406e-01,-4.930336475372314453e-01,-9.494365453720092773e-01,5.272836685180664062e-01,-2.039253234863281250e+00,1.468371897935867310e-01,-1.006270408630371094e+00,-5.595298409461975098e-01,1.891292631626129150e-01,-5.980924963951110840e-01,-8.486279249191284180e-01,-9.447371959686279297e-01,-2.240677475929260254e-01,1.412952393293380737e-01,-1.303439974784851074e+00,4.882302582263946533e-01,2.495002150535583496e-01,1.142874956130981445e+00,3.901616334915161133e-01,-1.547218561172485352e+00,-1.814168691635131836e+00,-5.532581806182861328e-01,-1.292655825614929199e+00,-1.232990622520446777e+00,1.649135708808898926e+00,-9.206932187080383301e-01,-4.144413769245147705e-02,5.429776310920715332e-01,3.360749185085296631e-01,-2.241970747709274292e-01,4.357703924179077148e-01,-1.348052740097045898e+00,-1.602843552827835083e-01,1.450399875640869141e+00,-2.371332883834838867e+00,1.585413813591003418e+00,6.930375099182128906e-02,1.236288785934448242e+00,-4.654649198055267334e-01,5.283353328704833984e-01,1.355905175209045410e+00,5.652023553848266602e-01,-5.514740943908691406e-01,-3.611689209938049316e-01,-1.629599571228027344e+00,-3.422109484672546387e-01,1.738359689712524414e+00,-3.063682317733764648e-01,6.725144386291503906e-01,-7.027921825647354126e-02,-3.838111460208892822e-01,2.030529528856277466e-01,1.145342469215393066e+00,-1.247379660606384277e+00,7.080425620079040527e-01,1.415943503379821777e+00,3.287816047668457031e-01,8.978414535522460938e-02
-8.982549905776977539e-01,4.876211881637573242e-01,-1.789560616016387939e-01,-7.698538303375244141e-01,2.325778722763061523e+00,-1.964590907096862793e+00,8.409682512283325195e-01,3.182959854602813721e-01,-7.834045290946960449e-01,1.263683319091796875e+00,8.062103390693664551e-01,-2.624762058258056641e-01,3.455836698412895203e-02,1.445709228515625000e+00,1.047172904014587402e+00,-3.561648726463317871e-01,-1.687236309051513672e+00,-6.379491686820983887e-01,-3.893002271652221680e-01,1.124496340751647949e+00,-3.407402634620666504e-01,2.521120756864547729e-02,-1.302512407302856445e+00,1.234977364540100098e+00,-9.084004163742065430e-01,1.285480618476867676e+00,1.027822494506835938e+00,-7.296400070190429688e-01,-7.291299104690551758e-01,1.415949165821075439e-01,-3.114554882049560547e-01,-5.358594655990600586e-01,-8.940985798835754395e-01,-1.157938957214355469e+00,2.054752588272094727e+00,1.180006861686706543e+00,3.025093317031860352e+00,-6.923289895057678223e-01,-5.534960031509399414e-01,1.451482057571411133e+00,-2.385230213403701782e-01,1.291758656501770020e+00,5.620942115783691406e-01,-1.675393342971801758e+00,6.557262539863586426e-01,-7.412992119789123535e-01,-2.261541187763214111e-01,-2.775652706623077393e-01,-5.278008580207824707e-01,-6.425773501396179199e-01,-1.380614876747131348e+00,4.378953576087951660e-01,2.823567017912864685e-02,-2.739472389221191406e-01,1.382624864578247070e+00,-1.623137593269348145e+00,7.535592317581176758e-01,-1.969534277915954590e+00,2.610996365547180176e-01,6.657575964927673340e-01,-4.947176873683929443e-01,1.235333561897277832e+00,1.397621154785156250e+00,1.069719910621643066e+00,-1.152240872383117676e+00,-4.638206660747528076e-01,1.026245951652526855e+00,-1.153937697410583496e+00,-2.294983863830566406e+00,-1.241360306739807129e+00,-3.249521553516387939e-01,-2.311712652444839478e-01,2.986953258514404297e+00,7.130570411682128906e-01,1.359815478324890137e+00,-6.790918856859207153e-02,6.609621644020080566e-01,-1.000902295112609863e+00,2.068896532058715820e+00,6.908663362264633179e-02,1.242032051086425781e+00,2.555221617221832275e-01,-3.321794867515563965e-01,2.974447309970855713e-01,-8.945283889770507812e-01,-4.407126903533935547e-01,1.459941387176513672e+00,1.182617783546447754e+00,1.127641424536705017e-01,-3.261998593807220459e-01,-2.461056709289550781e-01,-3.974870741367340088e-01,-1.140614300966262817e-01,-2.213219642639160156e+00,8.498622477054595947e-02,-1.974684238433837891e+00,-2.457342594861984253e-01,1.314947605133056641e-01,1.543162226676940918e+00,-2.601145505905151367e-01
6.869172453880310059e-01,-1.559117197990417480e+00,-1.033742785453796387e+00,1.203882813453674316e+00,-1.270226597785949707e+00,-1.231640815734863281e+00,9.428805112838745117e-01,3.496958613395690918e-01,-1.644847512245178223e+00,1.510488539934158325e-01,1.595592617988586426e+00,-4.130443036556243896e-01,6.786779165267944336e-01,-8.222609758377075195e-01,4.554330706596374512e-01,-7.522127777338027954e-02,-3.627204895019531250e-01,-4.859199002385139465e-02,1.649879574775695801e+00,1.194738149642944336e+00,1.480276823043823242e+00,5.711802244186401367e-01,-1.390523314476013184e+00,2.899688109755516052e-02,-2.016232907772064209e-01,1.109675168991088867e+00,2.193671464920043945e-02,-1.165574669837951660e+00,-8.073897100985050201e-03,1.906416058540344238e+00,1.313361525535583496e+00,2.935252785682678223e-01,3.297312855720520020e-01,-8.694757521152496338e-02,-1.015046477317810059e+00,-6.446967720985412598e-01,-2.809707820415496826e-01,-1.345146298408508301e-01,-1.473336338996887207e+00,3.270658850669860840e-02,-5.678395628929138184e-01,1.927492141723632812e+00,8.706773519515991211e-01,-1.156205177307128906e+00,-5.878300070762634277e-01,1.219653606414794922e+00,-7.571702003479003906e-01,-8.860141038894653320e-01,1.394387364387512207e+00,-1.775071024894714355e-01,6.237935423851013184e-01,2.140476368367671967e-02,-8.998990058898925781e-01,5.819950699806213379e-01,9.738752245903015137e-02,-1.720138937234878540e-01,-1.369476914405822754e+00,-4.661740660667419434e-01,-8.457754254341125488e-01,8.106958270072937012e-01,-1.289971828460693359e+00,-4.864926040172576904e-01,-9.788726568222045898e-01,-9.974658489227294922e-01,7.705004215240478516e-01,3.887469470500946045e-01,-2.032714188098907471e-01,1.638534188270568848e+00,7.831273674964904785e-01,-3.736190199851989746e-01,7.661314010620117188e-01,-1.062798380851745605e+00,3.682061433792114258e-01,4.856810271739959717e-01,-3.598733246326446533e-01,-3.172169327735900879e-01,6.435269117355346680e-02,-1.600151211023330688e-01,2.282249212265014648e+00,-1.920218110084533691e+00,1.536213904619216919e-01,1.049006953835487366e-01,1.511789202690124512e+00,-2.055123597383499146e-01,-4.278540611267089844e-01,-1.316153258085250854e-01,-1.343845129013061523e+00,-2.546253919601440430e+00,4.242537319660186768e-01,-1.901583373546600342e-01,-7.195433378219604492e-01,1.577226966619491577e-01,-3.846881985664367676e-01,7.904036045074462891e-01,1.307618975639343262e+00,-3.630544543266296387e-01,5.603232383728027344e-01,6.623159050941467285e-01,4.378606677055358887e-01,1.683595478534698486e-01
-3.132130205631256104e-02,-8.962169885635375977e-01,-1.000634431838989258e+00,1.259527921676635742e+00,-1.764742136001586914e-01,-1.899690032005310059e+00,1.645849943161010742e-01,-2.263711988925933838e-01,3.856800794601440430e-01,5.010995268821716309e-01,3.548892140388488770e-01,1.411453962326049805e+00,-3.274125754833221436e-01,1.208996415138244629e+00,5.913515090942382812e-01,-7.032532095909118652e-01,-1.720062196254730225e-01,8.738676458597183228e-02,2.472107261419296265e-01,-2.061742991209030151e-01,-4.380463659763336182e-01,2.007226459681987762e-02,2.487338781356811523e-01,-1.848848611116409302e-01,1.838539481163024902e+00,1.665847152471542358e-01,1.430481076240539551e+00,6.504235863685607910e-01,-1.489976327866315842e-02,-8.992515802383422852e-01,1.265722155570983887e+00,6.349737048149108887e-01,-8.566794395446777344e-01,-3.953093290328979492e-01,1.533984780311584473e+00,1.045900225639343262e+00,1.101375460624694824e+00,8.157543540000915527e-01,2.189946770668029785e-01,-3.904503583908081055e-01,1.565667152404785156e+00,-3.962108492851257324e-01,-5.491966754198074341e-02,4.216548502445220947e-01,2.208341360092163086e-01,-3.121353387832641602e-01,-4.149753153324127197e-01,1.649836659431457520e+00,2.425072193145751953e-01,-2.711881399154663086e-01,-5.628286004066467285e-01,-1.179101541638374329e-01,2.501046657562255859e-01,-4.583636224269866943e-01,-2.602026164531707764e-01,1.498965024948120117e-01,-2.410588562488555908e-01,1.814267992973327637e+00,-6.993231177330017090e-01,-6.532047986984252930e-01,-1.646779060363769531e+00,1.383721947669982910e+00,-1.776466369628906250e-01,-8.660902976989746094e-01,-1.478371262550354004e+00,-2.199432849884033203e-01,1.067758649587631226e-01,1.675387263298034668e+00,-2.817751467227935791e-01,-3.740603625774383545e-01,-2.236294150352478027e-01,-2.007051944732666016e+00,6.338174343109130859e-01,5.747764185070991516e-02,-3.055853843688964844e+00,-1.012604758143424988e-01,-4.699774086475372314e-01,1.761238574981689453e+00,-8.579287528991699219e-01,-8.706552535295486450e-02,-1.946334838867187500e-01,-1.569125533103942871e+00,-3.617074489593505859e-01,7.201803922653198242e-01,5.622367933392524719e-02,-1.215840458869934082e+00,-6.327148675918579102e-01,6.410786509513854980e-01,9.831719398498535156e-01,5.110972523689270020e-01,7.282809019088745117e-01,-4.986834526062011719e-01,1.145902927964925766e-02,-1.822765707969665527e+00,7.641695141792297363e-01,7.069684863090515137e-01,6.052110195159912109e-01,-4.229213297367095947e-01,-3.905008733272552490e-01,-2.659780979156494141e-01
9.960560202598571777e-01,8.492160439491271973e-01,8.353482931852340698e-02,-9.506081044673919678e-02,2.721010334789752960e-02,8.389198780059814453e-01,1.259851455688476562e+00,-2.943485379219055176e-01,-6.505560278892517090e-01,4.858786761760711670e-01,-3.350131213665008545e-01,9.475673437118530273e-01,-2.701652944087982178e-01,5.247498154640197754e-01,-7.581809163093566895e-01,6.668074131011962891e-01,-6.242948174476623535e-01,-8.180996775627136230e-01,2.896243035793304443e-01,-3.383398354053497314e-01,-7.691577076911926270e-01,-1.148644760251045227e-01,5.167695879936218262e-02,-4.230908751487731934e-01,-1.449791550636291504e+00,-1.470201313495635986e-01,5.684423074126243591e-02,2.115176171064376831e-01,-8.830320239067077637e-01,-2.693036794662475586e-01,1.056442737579345703e+00,1.206125974655151367e+00,2.133337974548339844e+00,4.990108609199523926e-01,-1.976601034402847290e-01,1.175905615091323853e-01,-2.884619235992431641e-01,-1.768629789352416992e+00,-2.231259346008300781e+00,8.511134982109069824e-01,-1.117297410964965820e+00,-1.976314663887023926e+00,6.638539433479309082e-01,1.588876724243164062e+00,7.460857033729553223e-01,-2.600517868995666504e-01,1.365225911140441895e+00,9.592964053153991699e-01,5.926547050476074219e-01,-5.642086863517761230e-01,7.132036983966827393e-02,-8.690319061279296875e-01,-2.682898759841918945e+00,-3.835313916206359863e-01,1.787946939468383789e+00,1.162556171417236328e+00,2.372022420167922974e-01,-5.751468613743782043e-02,-9.098765254020690918e-02,1.052626371383666992e+00,-1.173934698104858398e+00,-4.251167774200439453e-01,-8.570194840431213379e-01,1.875844478607177734e+00,-8.596592545509338379e-01,6.932401657104492188e-01,-8.392042517662048340e-01,1.251448035240173340e+00,5.305945277214050293e-01,-1.222324296832084656e-01,6.063349843025207520e-01,8.882662057876586914e-01,1.088627696037292480e+00,-1.380295772105455399e-02,8.278835415840148926e-01,8.781452775001525879e-01,1.550232321023941040e-01,-1.200253129005432129e+00,-6.194685697555541992e-01,-4.150743484497070312e-01,1.200244307518005371e+00,5.976513624191284180e-01,-1.724445343017578125e+00,8.734281659126281738e-01,1.268233418464660645e+00,-1.675265908241271973e+00,3.896955400705337524e-02,5.119708776473999023e-01,2.520207166671752930e-01,-6.193161606788635254e-01,-1.956679582595825195e+00,-2.031753301620483398e+00,1.884126663208007812e+00,1.089250802993774414e+00,-8.305270075798034668e-01,-2.991281449794769287e-01,2.834594845771789551e-01,-1.079985260963439941e+00,-7.211827635765075684e-01,1.033275961875915527e+00
-5.734413862228393555e-02,4.817080199718475342e-01,-1.585617065429687500e-01,-2.697008848190307617e-01,5.643976926803588867e-01,1.323123931884765625e+00,4.001776278018951416e-01,2.824552357196807861e-01,-2.039429903030395508e+00,1.850070506334304810e-01,-8.114387392997741699e-01,-9.681883454322814941e-01,1.969474315643310547e+00,1.480568647384643555e-01,-4.032207429409027100e-01,-4.062979221343994141e-01,-8.141478896141052246e-01,-4.664608538150787354e-01,6.224712133407592773e-01,2.090754985809326172e+00,-5.571848750114440918e-01,-1.334416151046752930e+00,7.853523492813110352e-01,-1.210909843444824219e+00,7.887001633644104004e-01,7.094762921333312988e-01,-1.429253935813903809e+00,-5.673400759696960449e-01,-4.981283247470855713e-01,-4.732181131839752197e-01,-2.542470991611480713e-01,8.265289068222045898e-01,-1.465783834457397461e+00,-1.194963097572326660e+00,-2.874445617198944092e-01,-5.572201013565063477e-01,1.381081104278564453e+00,3.921781480312347412e-01,2.904012612998485565e-02,-9.352315068244934082e-01,-3.801101744174957275e-01,-7.776035666465759277e-01,3.540075719356536865e-01,5.756430625915527344e-01,-9.996668994426727295e-02,-4.670972526073455811e-01,1.248080730438232422e+00,-1.379884481430053711e-01,8.942428231239318848e-01,-9.830519556999206543e-01,-8.407564163208007812e-01,1.200965404510498047e+00,1.521303653717041016e+00,-4.351836442947387695e-01,6.855199933052062988e-01,-8.443498015403747559e-01,9.056937098503112793e-01,1.816520094871520996e-01,1.163305878639221191e+00,5.073003172874450684e-01,1.349817156791687012e+00,2.810494303703308105e-01,-4.567603468894958496e-01,-4.246485531330108643e-01,8.542965650558471680e-01,-2.751734852790832520e-01,2.387302219867706299e-01,2.317477464675903320e+00,1.107306361198425293e+00,1.648139953613281250e+00,5.485789179801940918e-01,2.273587703704833984e+00,-5.792355537414550781e-01,1.340361237525939941e+00,2.154631614685058594e+00,-2.719806693494319916e-02,1.557584702968597412e-01,-1.090572595596313477e+00,-1.951911091804504395e+00,3.566372990608215332e-01,1.499161124229431152e+00,2.078682422637939453e+00,2.032875567674636841e-01,-7.954529523849487305e-01,-1.942225575447082520e+00,2.244223505258560181e-01,1.983291625976562500e+00,-5.845575928688049316e-01,-8.813360929489135742e-01,6.468803286552429199e-01,-8.592181205749511719e-01,2.454028576612472534e-01,-8.191028237342834473e-02,-1.024603247642517090e+00,-1.521840214729309082e+00,-1.701604962348937988e+00,8.167555928230285645e-01,-2.602764666080474854e-01,-6.935586333274841309e-01,-6.628875732421875000e-01
-1.025861978530883789e+00,-2.504993416368961334e-02,-1.320504248142242432e-01,-9.128738641738891602e-01,-8.481280878186225891e-03,1.318083405494689941e-01,6.096934676170349121e-01,2.182631254196166992e+00,6.703354120254516602e-01,2.619662284851074219e-01,1.289042979478836060e-01,1.643433451652526855e+00,-3.360672593116760254e-01,-6.393709778785705566e-01,-1.743192225694656372e-01,2.134552955627441406e+00,5.236638188362121582e-01,-1.486860036849975586e+00,-5.162336230278015137e-01,9.331060647964477539e-01,2.205209136009216309e-01,-2.924448847770690918e-01,-5.914439558982849121e-01,-1.724140644073486328e+00,2.259880304336547852e-01,5.966107249259948730e-01,-9.543361067771911621e-01,-1.803436636924743652e+00,-1.751628398895263672e+00,-4.067302048206329346e-01,4.310241937637329102e-01,5.725793913006782532e-02,-5.493846163153648376e-02,-6.224584579467773438e-01,-1.893200874328613281e+00,2.042475193738937378e-01,3.452278971672058105e-01,1.283424615859985352e+00,-3.287120163440704346e-01,-6.272711753845214844e-01,7.210570573806762695e-01,-3.829180728644132614e-03,-6.359294652938842773e-01,9.866058826446533203e-01,-1.250916272401809692e-01,-9.758448004722595215e-01,-9.237141013145446777e-01,-2.273018956184387207e-01,-5.867642164230346680e-01,-1.761380553245544434e+00,3.089506626129150391e-01,-9.352942705154418945e-01,1.941279292106628418e+00,4.112332463264465332e-01,-6.416825205087661743e-02,-1.688803076744079590e+00,-7.964031100273132324e-01,-8.758619427680969238e-01,-4.952336847782135010e-01,-5.844432115554809570e-01,7.623016834259033203e-02,-1.946426630020141602e-01,3.785397112369537354e-01,1.491140604019165039e+00,-7.787615060806274414e-01,-1.218401193618774414e+00,3.601592481136322021e-01,5.569679141044616699e-01,2.159417629241943359e+00,-2.588961601257324219e+00,-1.385045051574707031e-01,1.355362415313720703e+00,5.106500983238220215e-01,-1.288340926170349121e+00,6.567891836166381836e-01,8.862351775169372559e-01,1.070986032485961914e+00,-4.278224706649780273e-01,6.679767966270446777e-01,3.910034298896789551e-01,-2.212465256452560425e-01,1.033417463302612305e+00,2.202195376157760620e-01,1.251453042030334473e+00,3.446256518363952637e-01,-1.098109006881713867e+00,2.028590917587280273e+00,3.836932778358459473e-01,-1.255239248275756836e+00,-1.138726234436035156e+00,2.934819757938385010e-01,-9.423149824142456055e-01,-5.564273595809936523e-01,-4.841003417968750000e-01,1.437614202499389648e+00,-2.323415130376815796e-01,2.697981595993041992e-01,-9.542251378297805786e-02,-9.486849606037139893e-02,-1.635406911373138428e-01
9.675949215888977051e-01,-8.976516723632812500e-01,6.836302876472473145e-01,1.385462760925292969e+00,-1.134824156761169434e+00,1.258662939071655273e+00,-5.207664966583251953e-01,1.401832103729248047e-01,-9.203354716300964355e-01,3.668175041675567627e-01,2.369365692138671875e-01,-1.476873636245727539e+00,-4.927400052547454834e-01,1.011725421994924545e-02,8.458641171455383301e-01,4.749045148491859436e-02,2.124184221029281616e-01,2.680329084396362305e-01,-2.701764404773712158e-01,-7.319959402084350586e-01,5.959094762802124023e-01,-5.844547748565673828e-01,2.400847226381301880e-01,3.388998284935951233e-02,1.021142080426216125e-01,9.555087685585021973e-01,-3.269236087799072266e-01,5.059540271759033203e-01,-2.909083366394042969e-01,2.628755271434783936e-01,4.267803430557250977e-01,6.891024708747863770e-01,8.669247031211853027e-01,-5.113729238510131836e-01,2.474848747253417969e+00,-1.200451493263244629e+00,-7.664515972137451172e-01,-1.135886430740356445e+00,-6.682258099317550659e-02,-1.433593183755874634e-01,2.658079266548156738e-01,-4.726221859455108643e-01,-1.402212142944335938e+00,1.540620177984237671e-01,2.138281017541885376e-01,-1.544648706912994385e-01,-1.302638888359069824e+00,9.223980903625488281e-01,8.913995027542114258e-01,2.468869090080261230e-01,1.974250189960002899e-02,5.996602177619934082e-01,7.285944819450378418e-01,5.031970143318176270e-01,4.866744875907897949e-01,-3.203660011291503906e+00,-7.333511114120483398e-02,1.170923233032226562e+00,5.257776379585266113e-01,4.380218684673309326e-01,2.350640296936035156e-01,1.587433457374572754e+00,-6.956067681312561035e-01,-3.135963976383209229e-01,1.242843791842460632e-01,1.598833918571472168e+00,7.833253741264343262e-01,-1.380367398262023926e+00,-4.607592150568962097e-02,9.167566299438476562e-01,3.457199931144714355e-01,-8.611872196197509766e-01,-1.173726320266723633e+00,-1.642170786857604980e+00,1.570050358772277832e+00,-8.554727435111999512e-01,-1.226549148559570312e+00,4.441620707511901855e-01,6.059942245483398438e-01,2.591745853424072266e-01,2.914029359817504883e-01,8.760466575622558594e-01,-3.695383667945861816e-01,-3.536288738250732422e-01,-4.677914083003997803e-01,5.413299202919006348e-01,-4.982740581035614014e-01,-1.745638810098171234e-02,-4.030990600585937500e-01,1.081043124198913574e+00,-4.809211790561676025e-01,6.171333789825439453e-01,2.993171811103820801e-01,3.588739633560180664e-01,6.546540856361389160e-01,5.645169615745544434e-01,-1.312315464019775391e+00,-1.505859136581420898e+00,3.842563331127166748e-01,-5.443539619445800781e-01
-2.755575776100158691e-01,1.575389802455902100e-01,1.911511719226837158e-01,-2.976429939270019531e+00,3.251914307475090027e-02,-2.411297321319580078e+00,4.605121314525604248e-01,1.345821857452392578e+00,4.725719094276428223e-01,3.319853218272328377e-03,6.396657228469848633e-01,1.426602840423583984e+00,-1.959171533584594727e+00,1.674046277999877930e+00,-8.658754080533981323e-02,-1.319528818130493164e+00,2.738799154758453369e-01,1.182650089263916016e+00,-1.535901784896850586e+00,1.895802319049835205e-01,2.084665298461914062e+00,-6.214910745620727539e-01,3.947205841541290283e-01,-8.691551089286804199e-01,8.835642039775848389e-02,1.889976024627685547e+00,1.587359666824340820e+00,-7.356531620025634766e-01,5.028406381607055664e-01,1.163560748100280762e+00,-1.558015465736389160e+00,-8.183221817016601562e-01,1.898437976837158203e+00,2.973704636096954346e-01,-1.442896604537963867e+00,-1.899506926536560059e+00,-3.351718783378601074e-01,-5.057543516159057617e-01,9.192426800727844238e-01,-5.092781409621238708e-02,-1.399733901023864746e+00,1.117477893829345703e+00,-2.722811102867126465e-01,1.035919189453125000e+00,1.783123970031738281e+00,-1.105205416679382324e+00,4.386824071407318115e-01,-6.372905373573303223e-01,-2.689601853489875793e-02,-1.052159070968627930e+00,-1.092715620994567871e+00,-8.214722871780395508e-01,-1.745244413614273071e-01,-4.888536632061004639e-01,2.213774681091308594e+00,-7.292540743947029114e-03,9.509145468473434448e-02,3.753361850976943970e-02,7.764358520507812500e-01,-8.252865672111511230e-01,-1.884680986404418945e-01,5.539892315864562988e-01,-4.975923001766204834e-01,1.617306023836135864e-01,-3.685580492019653320e-01,-1.344819664955139160e-01,1.888132095336914062e+00,1.595585823059082031e+00,-1.554881334304809570e+00,5.700464844703674316e-01,-1.143636777997016907e-01,-1.262362360954284668e+00,-3.832522630691528320e-01,-5.407835841178894043e-01,3.982563316822052002e-01,6.893349438905715942e-02,4.873612895607948303e-02,2.693522274494171143e-01,1.706627011299133301e+00,-5.882663726806640625e-01,-5.683535337448120117e-01,1.317951735109090805e-02,9.804974198341369629e-01,5.870617628097534180e-01,-8.009543418884277344e-01,-1.468269675970077515e-01,-6.041819453239440918e-01,1.748250126838684082e-01,-3.857793509960174561e-01,-4.701856076717376709e-01,-6.940416097640991211e-01,6.567623019218444824e-01,5.274699330329895020e-01,-1.049507141113281250e+00,-1.214415431022644043e+00,1.194402337074279785e+00,-1.761976242065429688e+00,3.696868717670440674e-01,3.854022175073623657e-02,1.771769523620605469e-01
5.581508278846740723e-01,1.249975800514221191e+00,4.392022192478179932e-01,1.025325536727905273e+00,-1.035698056221008301e+00,1.189688205718994141e+00,2.498174190521240234e+00,-7.713931202888488770e-01,-5.248541831970214844e-01,7.385133206844329834e-02,-8.081973344087600708e-02,2.861807681620121002e-02,8.805384039878845215e-01,1.538536310195922852e+00,-1.683906793594360352e+00,-1.211942076683044434e+00,8.941158056259155273e-01,-5.575897693634033203e-01,8.438517451286315918e-01,-7.958404421806335449e-01,5.807084441184997559e-01,-5.263724327087402344e-01,8.974936604499816895e-02,3.934338390827178955e-01,8.854427188634872437e-02,-4.782612025737762451e-01,-7.567117810249328613e-01,-1.473530083894729614e-01,-6.419886350631713867e-01,1.547784805297851562e+00,-1.661715865135192871e+00,6.693677902221679688e-01,-2.091624289751052856e-01,-1.255763024091720581e-01,2.359979867935180664e+00,-3.684146702289581299e-01,-3.316906094551086426e-01,2.756884992122650146e-01,-8.306334614753723145e-01,-6.267008781433105469e-01,6.058566570281982422e-01,1.797017693519592285e+00,-2.357086896896362305e+00,-1.682441353797912598e+00,8.764256834983825684e-01,-1.447407126426696777e+00,-1.479144215583801270e+00,-8.988633155822753906e-01,8.347787857055664062e-01,-1.340897440910339355e+00,2.916808724403381348e-01,4.707437455654144287e-01,-1.524673402309417725e-01,-2.045126914978027344e+00,2.520915031433105469e+00,2.499986410140991211e+00,1.531791687011718750e+00,7.677726447582244873e-02,-4.335179030895233154e-01,3.779762387275695801e-01,-1.700978279113769531e+00,-9.343503117561340332e-01,3.332467079162597656e-01,1.631817936897277832e+00,1.818763256072998047e+00,-1.046369433403015137e+00,-2.851562201976776123e-02,-8.597102761268615723e-01,-6.206077933311462402e-01,-2.740308940410614014e-01,3.834938704967498779e-01,-2.138157486915588379e-01,-2.315419673919677734e+00,-6.440918445587158203e-01,-1.107990741729736328e+00,-2.967181429266929626e-02,-7.742712646722793579e-02,-1.574694633483886719e+00,3.819909989833831787e-01,2.861241996288299561e-01,-9.254377484321594238e-01,-2.473044395446777344e-01,-1.353989362716674805e+00,2.037870645523071289e+00,1.147419363260269165e-01,-5.329432487487792969e-01,-1.247389540076255798e-01,6.733217090368270874e-02,1.450367212295532227e+00,1.725217342376708984e+00,3.366512954235076904e-01,-2.524841427803039551e-01,1.175905585289001465e+00,1.075747847557067871e+00,-4.849274456501007080e-01,3.704504370689392090e-01,1.103040337562561035e+00,3.425085246562957764e-01,4.498034119606018066e-01,9.092653542757034302e-02
8.623093366622924805e-02,-7.518473863601684570e-01,5.463401675224304199e-01,2.449090003967285156e+00,-9.063898324966430664e-01,7.824266552925109863e-01,-2.258365869522094727e+00,1.358892083168029785e+00,-5.662218928337097168e-01,-3.058425784111022949e-01,-5.471834540367126465e-01,4.117730855941772461e-01,-8.332994580268859863e-01,-1.064953207969665527e+00,7.449929602444171906e-03,-1.230985641479492188e+00,1.906350851058959961e-01,-2.151479125022888184e-01,9.876616597175598145e-01,5.620928108692169189e-02,-4.425194561481475830e-01,1.141529455780982971e-01,1.231390014290809631e-01,-2.613320015370845795e-02,6.615393161773681641e-01,-4.293747618794441223e-02,-6.986041069030761719e-01,-9.568699598312377930e-01,1.335845112800598145e+00,6.952525973320007324e-01,-5.305754542350769043e-01,-3.386071324348449707e-01,-1.941096901893615723e+00,-3.030557930469512939e-01,1.171831607818603516e+00,5.777903199195861816e-01,4.871447086334228516e-01,-3.435355424880981445e-01,8.944437503814697266e-01,-4.340920150279998779e-01,1.262806177139282227e+00,5.371361970901489258e-01,-1.155195236206054688e+00,-1.176547050476074219e+00,-3.191357254981994629e-01,2.453017383813858032e-01,-1.773670762777328491e-01,-1.640219539403915405e-01,-1.540814638137817383e+00,-9.676492810249328613e-01,-7.833525538444519043e-01,1.408668875694274902e+00,1.208590626716613770e+00,1.166724681854248047e+00,8.791168928146362305e-01,7.343391422182321548e-03,-4.892925918102264404e-01,-6.858465075492858887e-01,-1.991025447845458984e+00,-1.524506956338882446e-01,-1.745920896530151367e+00,-1.045500993728637695e+00,-6.776785254478454590e-01,9.927185177803039551e-01,-1.065858244895935059e+00,1.267387509346008301e+00,-2.548103332519531250e-01,-6.567097455263137817e-02,-1.442794919013977051e+00,-2.353261709213256836e-01,1.391804456710815430e+00,6.039386391639709473e-01,1.511340141296386719e-01,2.278764396905899048e-01,6.500604152679443359e-01,-8.160176873207092285e-01,-1.185140252113342285e+00,-1.762534856796264648e+00,-2.334994971752166748e-01,-3.586529195308685303e-01,-5.028162002563476562e-01,-7.173001170158386230e-01,1.566174387931823730e+00,-9.367525577545166016e-01,3.830870985984802246e-01,1.362204074859619141e+00,-8.751696944236755371e-01,-7.099803090095520020e-01,-5.601348280906677246e-01,-7.377699017524719238e-01,1.270555377006530762e+00,4.944712519645690918e-01,-7.132522463798522949e-01,-9.006135463714599609e-01,-1.424990743398666382e-01,-1.653135657310485840e+00,-1.150920748710632324e+00,1.300736784934997559e+00,-4.546388685703277588e-01,1.467359185218811035e+00
7.282628118991851807e-02,2.974613010883331299e-01,-8.662542700767517090e-01,-2.508091032505035400e-01,-2.028041124343872070e+00,1.409828364849090576e-01,-1.381338238716125488e+00,-7.086695432662963867e-01,4.461272358894348145e-01,1.498266577720642090e+00,1.363874197006225586e+00,-6.209273934364318848e-01,-3.066520392894744873e-01,1.040882393717765808e-01,1.050551056861877441e+00,5.037556290626525879e-01,-2.345486432313919067e-01,4.572907090187072754e-01,-7.385464012622833252e-02,5.164069682359695435e-02,7.655222415924072266e-01,5.497068166732788086e-01,-9.389383196830749512e-01,1.086522817611694336e+00,1.332315206527709961e+00,4.529725015163421631e-02,9.365447759628295898e-01,3.697202801704406738e-01,-4.779177010059356689e-01,-4.402579367160797119e-01,-1.872398734092712402e+00,4.600248113274574280e-02,3.406175673007965088e-01,-5.930967330932617188e-01,1.411777973175048828e+00,-1.321168661117553711e+00,1.489897370338439941e+00,-4.580092132091522217e-01,2.577317953109741211e-01,-5.321026593446731567e-02,2.468162775039672852e+00,5.075917243957519531e-01,-3.829359710216522217e-01,-2.663061916828155518e-01,8.535505831241607666e-02,-7.503022998571395874e-02,-8.488507866859436035e-01,-7.739285826683044434e-01,1.012766242027282715e+00,-2.277328729629516602e+00,3.216834962368011475e-01,5.735779404640197754e-01,6.458730697631835938e-01,1.601555645465850830e-01,1.612848341464996338e-01,-5.341707542538642883e-02,1.755467057228088379e+00,4.677875638008117676e-01,8.124217987060546875e-01,-2.749823629856109619e-01,-1.675559639930725098e+00,-1.326002180576324463e-01,-1.305747389793395996e+00,1.274111390113830566e+00,-2.314286977052688599e-01,-3.023713827133178711e-01,-6.694006919860839844e-02,-3.116819635033607483e-02,1.635270118713378906e+00,1.899641305208206177e-01,8.787736296653747559e-01,-3.155860006809234619e-01,-1.816611528396606445e+00,5.892353057861328125e-01,2.371010780334472656e-01,1.140613675117492676e+00,-2.865988612174987793e-01,1.020498991012573242e+00,-5.599318146705627441e-01,4.171659648418426514e-01,-1.602929115295410156e+00,1.017902255058288574e+00,5.463466048240661621e-01,1.066460490226745605e+00,-7.231191396713256836e-01,8.014751672744750977e-01,3.287088274955749512e-01,-2.056808948516845703e+00,-1.581001162528991699e+00,-1.926376461982727051e+00,-3.533903360366821289e-01,-8.597589135169982910e-01,1.473344955593347549e-02,1.354754567146301270e+00,-2.098526358604431152e-01,-1.638704299926757812e+00,-1.626472711563110352e+00,-8.671652674674987793e-01,7.137330770492553711e-01,9.586863517761230469e-01
1.168679594993591309e+00,-4.831684529781341553e-01,5.385733246803283691e-01,1.073318362236022949e+00,1.647060036659240723e+00,5.869082361459732056e-02,1.534515857696533203e+00,5.151085257530212402e-01,-1.576002001762390137e+00,-1.506216287612915039e+00,-1.703459858894348145e+00,-6.855977177619934082e-01,2.238799095153808594e+00,4.840513169765472412e-01,1.728581786155700684e-01,1.144565492868423462e-01,3.436224460601806641e-01,6.112854182720184326e-02,5.083276629447937012e-01,-5.753557384014129639e-02,-3.457160294055938721e-01,-7.372875809669494629e-01,1.137317776679992676e+00,-1.256031155586242676e+00,6.785342097282409668e-01,-1.666776657104492188e+00,-8.587171435356140137e-01,6.351799368858337402e-01,-2.240891605615615845e-01,-1.499513983726501465e-01,-6.842657923698425293e-01,-7.514367699623107910e-01,1.704284399747848511e-01,-8.232929706573486328e-01,-1.663891434669494629e+00,-6.349881887435913086e-01,4.724440276622772217e-01,-3.376486897468566895e-01,1.880339113995432854e-03,1.792194545269012451e-01,-9.383047819137573242e-01,4.325678944587707520e-01,1.245528683066368103e-01,-4.123888909816741943e-01,-1.066017746925354004e+00,3.701729178428649902e-01,-9.824399352073669434e-01,2.845481932163238525e-01,-1.422485709190368652e+00,6.241813898086547852e-01,7.103685140609741211e-01,-1.291359424591064453e+00,-9.983902573585510254e-01,-1.792910248041152954e-01,-1.452229738235473633e+00,-4.867110848426818848e-01,1.992316246032714844e-01,-9.544779062271118164e-01,5.552237629890441895e-01,1.269524216651916504e+00,-4.610601663589477539e-01,-6.758692860603332520e-01,6.346195191144943237e-02,-8.977358341217041016e-01,-1.052927136421203613e+00,1.081454157829284668e+00,-2.704627215862274170e-01,-1.897222921252250671e-02,-6.101863384246826172e-01,-1.721216201782226562e+00,1.017002701759338379e+00,7.669835090637207031e-01,1.991158872842788696e-01,-1.980214715003967285e+00,4.701359570026397705e-01,-6.916677951812744141e-01,-1.643757671117782593e-01,-3.944593667984008789e-01,2.461870610713958740e-01,-1.050569772720336914e+00,9.123237133026123047e-01,-6.166769266128540039e-01,1.028217554092407227e+00,2.573914229869842529e-01,-5.547377467155456543e-01,2.426569908857345581e-01,7.390224933624267578e-01,-2.098973989486694336e+00,-6.849030405282974243e-02,4.485338628292083740e-01,4.808196425437927246e-01,-1.101515054702758789e+00,7.581708431243896484e-01,8.152119815349578857e-02,-3.791277855634689331e-02,-1.570032685995101929e-01,2.050570100545883179e-01,-8.562983274459838867e-01,-1.726523637771606445e+00,1.820233017206192017e-01
-2.016934379935264587e-02,1.717499732971191406e+00,1.211936399340629578e-01,9.020916819572448730e-01,-1.529757976531982422e+00,-1.315540909767150879e+00,3.655205368995666504e-01,-3.135622665286064148e-02,5.526031851768493652e-01,-7.958887219429016113e-01,3.182575479149818420e-02,6.591405868530273438e-01,-4.353774189949035645e-01,-8.652109503746032715e-01,9.612213373184204102e-01,-1.006848931312561035e+00,-7.275814414024353027e-01,8.483188152313232422e-01,3.567069768905639648e-01,-2.245974242687225342e-01,-4.110448658466339111e-01,2.009063661098480225e-01,-3.233053088188171387e-01,1.819138646125793457e+00,-1.384431362152099609e+00,-1.648959517478942871e-01,1.004336357116699219e+00,-4.008477032184600830e-01,-2.272125780582427979e-01,-8.821619153022766113e-01,9.082141518592834473e-01,-9.020891189575195312e-01,-1.146330595016479492e+00,-1.499324917793273926e+00,4.347876012325286865e-01,5.655241608619689941e-01,9.263561964035034180e-01,1.781337857246398926e-01,1.075803637504577637e+00,2.092670440673828125e+00,1.347723305225372314e-01,-5.621162652969360352e-01,-5.646784305572509766e-01,-1.132301613688468933e-01,-3.813617825508117676e-01,5.153685212135314941e-01,7.786688208580017090e-01,2.526344954967498779e-01,-3.224039673805236816e-01,-4.887318611145019531e-02,1.673897504806518555e+00,-7.646167874336242676e-01,2.898288965225219727e-01,5.698988437652587891e-01,4.501921534538269043e-01,-7.348424196243286133e-01,1.655878782272338867e+00,4.681303501129150391e-01,1.531307101249694824e+00,1.394178152084350586e+00,4.972992539405822754e-01,-1.496036529541015625e+00,8.563387393951416016e-01,-7.847409844398498535e-01,-9.421942830085754395e-01,1.013653278350830078e+00,6.823781132698059082e-01,-8.198086023330688477e-01,-6.896102428436279297e-02,3.341596722602844238e-01,-1.555940389633178711e+00,1.768165588378906250e+00,9.380629062652587891e-01,-7.728171944618225098e-01,-9.942945241928100586e-01,-2.140358239412307739e-01,-3.278543651103973389e-01,-7.769997119903564453e-01,1.310424804687500000e+00,-1.114871382713317871e+00,3.158380687236785889e-01,-4.811640083789825439e-01,3.998700529336929321e-02,-1.319629430770874023e+00,1.118903756141662598e+00,9.924649596214294434e-01,-2.053220510482788086e+00,1.353826045989990234e+00,2.417842149734497070e-01,5.994555950164794922e-01,-4.790449738502502441e-01,7.150974273681640625e-01,-1.371833682060241699e+00,-1.188803195953369141e+00,-8.466452360153198242e-01,1.505528330802917480e+00,-7.311869263648986816e-01,3.264444470405578613e-01,2.383500933647155762e-01,-2.344598323106765747e-01
1.863370418548583984e+00,-9.623330086469650269e-03,2.850324809551239014e-01,-1.212058886885643005e-01,-7.981151342391967773e-01,1.573759317398071289e-01,-2.933177649974822998e-01,-4.567933380603790283e-01,2.603302955627441406e+00,-5.056361854076385498e-02,1.705404818058013916e-01,1.045152664184570312e+00,-5.162931978702545166e-02,-1.073312163352966309e+00,-5.736992955207824707e-01,1.528593748807907104e-01,-5.712938904762268066e-01,-2.639366865158081055e+00,-1.490729093551635742e+00,-1.386881619691848755e-01,-9.546127319335937500e-01,6.165883317589759827e-02,-9.917604327201843262e-01,-9.320049285888671875e-01,8.092603087425231934e-01,-5.333208441734313965e-01,1.014712005853652954e-01,2.061523914337158203e+00,2.900006294250488281e+00,1.345194727182388306e-01,-1.627229736186563969e-03,2.066460698843002319e-01,7.123401165008544922e-01,1.305340528488159180e+00,-7.047516107559204102e-02,-2.355142384767532349e-01,-7.464422583580017090e-01,-1.209438800811767578e+00,1.852326273918151855e+00,1.490186929702758789e+00,-1.342609971761703491e-01,-1.346046447753906250e+00,1.053513586521148682e-01,-7.113483548164367676e-01,1.173119843006134033e-01,-3.375900387763977051e-01,1.700273156166076660e+00,1.006739377975463867e+00,-2.430287152528762817e-01,2.982333898544311523e-01,2.508874535560607910e-01,-9.845389127731323242e-01,-5.021964311599731445e-01,-2.219376325607299805e+00,1.353679418563842773e+00,1.206587404012680054e-01,2.628802955150604248e-01,9.040527790784835815e-02,-3.640593290328979492e-01,9.895031452178955078e-01,3.173668980598449707e-01,7.045156359672546387e-01,-6.807081699371337891e-01,-1.851103186607360840e+00,-1.531006097793579102e+00,-5.700559020042419434e-01,-4.883505403995513916e-01,-9.656590223312377930e-01,-8.266827091574668884e-03,4.516916871070861816e-01,-8.797544836997985840e-01,1.690470933914184570e+00,5.669541358947753906e-01,-2.191184908151626587e-01,1.555082559585571289e+00,-3.902904987335205078e-01,9.108587503433227539e-01,6.255747079849243164e-01,-2.348573505878448486e-01,-2.141260385513305664e+00,-1.047149062156677246e+00,1.867635399103164673e-01,-2.171996980905532837e-01,3.151908218860626221e-01,-9.150561690330505371e-01,3.925090730190277100e-01,1.184249520301818848e+00,1.533719599246978760e-01,1.544768929481506348e+00,4.125628471374511719e-01,1.939544081687927246e+00,7.930752635002136230e-01,1.561522930860519409e-01,1.348736643791198730e+00,5.694133639335632324e-01,-7.046394944190979004e-01,4.816386103630065918e-02,-4.248344525694847107e-02,-6.422541737556457520e-01,7.371304631233215332e-01
