5.319340825080871582e-01,-2.075395286083221436e-01,1.043034568428993225e-01,1.348175294697284698e-02,-4.153421819210052490e-01,-2.515496313571929932e-01,1.840822219848632812e+00,-9.746331572532653809e-01,1.032665371894836426e-01,4.899001419544219971e-01,3.956979215145111084e-01,2.616287231445312500e+00,1.861772775650024414e+00,-7.212129235267639160e-01,1.158422350883483887e+00,6.876800060272216797e-01,1.736039482057094574e-02,-7.464907318353652954e-02,4.793509840965270996e-01,-1.297828257083892822e-01,-8.555281162261962891e-01,1.807409048080444336e+00,-2.841043949127197266e+00,-8.466312289237976074e-01,-1.315850764513015747e-01,-7.520002126693725586e-01,6.772052645683288574e-01,-1.857910990715026855e+00,-2.158143520355224609e+00,-3.132125139236450195e-01,-7.841514945030212402e-01,-8.443048000335693359e-01,1.244901716709136963e-01,1.497986435890197754e+00,-2.756361365318298340e-01,6.358349323272705078e-01,5.639586448669433594e-01,5.126740932464599609e-01,-5.757120847702026367e-01,2.919002771377563477e-01,-5.311665534973144531e-01,8.985354900360107422e-01,1.912592202425003052e-01,-7.164030075073242188e-01,3.321993649005889893e-01,-1.110123991966247559e-01,-1.525420546531677246e+00,-1.686747670173645020e+00,-1.236239552497863770e+00,4.620735347270965576e-01,-3.399182856082916260e-01,9.975474476814270020e-01,3.982288837432861328e-01,1.154302000999450684e+00,7.329629063606262207e-01,1.336727380752563477e+00,-6.544754505157470703e-01,-9.911794066429138184e-01,-2.004607021808624268e-01,-3.040271438658237457e-02,6.361696124076843262e-01,-1.341012716293334961e+00,-2.014648199081420898e+00,-1.207375407218933105e+00,3.200480714440345764e-02,-8.909677863121032715e-01,-1.403468847274780273e+00,-1.180693984031677246e+00,6.380725651979446411e-02,-4.662807583808898926e-01,1.363764643669128418e+00,-8.665153384208679199e-01,-9.217748045921325684e-01,-1.469481825828552246e+00,-1.610036253929138184e+00,-4.220153689384460449e-01,-1.838331222534179688e-01,-5.277552604675292969e-01,-3.404504805803298950e-02,2.589955627918243408e-01,4.283913597464561462e-02,3.309115469455718994e-01,-2.143875122070312500e+00,-1.587047696113586426e+00,4.336780905723571777e-01,1.563613116741180420e-01,1.857849240303039551e+00,5.795626044273376465e-01,-9.952796101570129395e-01,-1.598110608756542206e-02,1.598510026931762695e+00,1.023047208786010742e+00,8.961226344108581543e-01,-3.974989354610443115e-01,5.951570868492126465e-01,-2.828971147537231445e+00,-5.091501474380493164e-01,-4.104682803153991699e-01,-1.712068356573581696e-02,-1.122350692749023438e+00
4.142025709152221680e-01,1.171848058700561523e+00,1.484975457191467285e+00,1.928120553493499756e-01,-8.187807798385620117e-01,-2.396136224269866943e-01,-2.720787823200225830e-01,4.886806309223175049e-01,-9.446358084678649902e-01,-4.379737675189971924e-01,1.736073046922683716e-01,1.395188271999359131e-01,-1.411177635192871094e+00,7.071689367294311523e-01,2.199164152145385742e+00,-1.184110641479492188e-01,4.160355925559997559e-01,8.820522576570510864e-02,-4.533943533897399902e-01,2.808207646012306213e-02,1.010654091835021973e+00,4.647783935070037842e-01,1.865882992744445801e+00,9.452788233757019043e-01,-5.220795869827270508e-01,-6.473576426506042480e-01,2.349239885807037354e-01,-2.058221958577632904e-02,-4.441742002964019775e-01,-7.087838053703308105e-01,-3.116018176078796387e-01,-2.952735871076583862e-02,4.001631736755371094e-01,-1.886444091796875000e+00,-1.625743806362152100e-01,2.011618465185165405e-01,6.250324845314025879e-01,-1.112431645393371582e+00,-6.309388577938079834e-02,-1.147230744361877441e+00,-1.228607371449470520e-01,6.125103831291198730e-01,5.620308518409729004e-01,-2.642836570739746094e-01,9.407701492309570312e-01,-9.993389248847961426e-02,-2.190205574035644531e+00,-1.139761567115783691e+00,8.487237691879272461e-01,-5.071272850036621094e-01,-9.148219227790832520e-01,8.699873089790344238e-01,7.516597211360931396e-02,-9.648863077163696289e-01,5.412332415580749512e-01,-3.554712533950805664e-01,8.146792054176330566e-01,-1.328747749328613281e+00,2.111062854528427124e-01,-4.200633168220520020e-01,-1.706134438514709473e+00,4.787588715553283691e-01,5.236135125160217285e-01,1.538342356681823730e+00,7.794615626335144043e-01,3.437085449695587158e-01,6.506907939910888672e-01,1.076524257659912109e+00,-4.131079018115997314e-01,1.778099089860916138e-01,1.012377738952636719e+00,2.120512276887893677e-01,-1.262228608131408691e+00,-1.262557268142700195e+00,1.482485771179199219e+00,6.102861166000366211e-01,-1.288524270057678223e+00,-3.703116178512573242e-01,-4.361730217933654785e-01,5.152484178543090820e-01,1.918225288391113281e+00,-1.076549291610717773e+00,-2.786206960678100586e+00,3.770505785942077637e-01,1.914401538670063019e-02,1.433582067489624023e+00,-3.861567005515098572e-02,-7.524027824401855469e-01,1.686917394399642944e-01,-7.262435555458068848e-01,-5.896092057228088379e-01,-1.137101054191589355e+00,4.551875889301300049e-01,-8.931766748428344727e-01,-9.952496290206909180e-01,-1.924929976463317871e+00,1.110163569450378418e+00,5.398015975952148438e-01,2.518980763852596283e-03,6.147103905677795410e-01
1.572420895099639893e-01,-4.450842738151550293e-01,1.510423719882965088e-01,-7.631784081459045410e-01,-9.004167318344116211e-01,-1.254106014966964722e-01,8.925737813115119934e-03,9.241187572479248047e-01,2.647626101970672607e-01,1.280552521347999573e-02,3.892464935779571533e-01,-1.625647395849227905e-01,1.983232378959655762e+00,-1.061230152845382690e-01,-2.285691648721694946e-01,3.069054484367370605e-01,-2.227699756622314453e-01,9.459016919136047363e-01,-6.459341049194335938e-01,-1.547884106636047363e+00,-5.071766376495361328e-01,-7.276119589805603027e-01,-4.133256077766418457e-01,1.295878648757934570e+00,-8.237245678901672363e-02,7.003785967826843262e-01,1.524227738380432129e+00,5.105848312377929688e-01,-1.372209668159484863e+00,1.421769976615905762e+00,-1.174724340438842773e+00,-7.600160241127014160e-01,3.490056693553924561e-01,2.670389413833618164e-01,1.213601708412170410e+00,3.928899466991424561e-01,-1.318070650100708008e+00,1.171775221824645996e+00,6.553789973258972168e-01,-1.552288055419921875e+00,4.886876940727233887e-01,-1.568011641502380371e+00,3.629423081874847412e-01,8.841113448143005371e-01,-7.572063803672790527e-01,-8.624172955751419067e-02,5.886594057083129883e-01,3.911400139331817627e-01,1.298722505569458008e+00,-3.084492087364196777e-01,-8.498603105545043945e-01,8.771135210990905762e-01,1.877828389406204224e-01,-1.585130840539932251e-01,-7.188708186149597168e-01,-1.322031021118164062e+00,1.418228745460510254e+00,2.829301357269287109e-01,-4.459904730319976807e-01,1.238993644714355469e+00,-9.050566554069519043e-01,4.928691387176513672e-01,2.029643654823303223e-01,-1.119747519493103027e+00,1.081388473510742188e+00,3.444097042083740234e-01,1.144593715667724609e+00,3.615030050277709961e-01,-1.454944491386413574e+00,1.781901001930236816e+00,1.697986245155334473e+00,-3.569013178348541260e-01,5.077313780784606934e-01,-2.363802194595336914e-01,-6.845358014106750488e-01,1.884764790534973145e+00,6.656266748905181885e-02,6.052891612052917480e-01,-1.288696825504302979e-01,1.868271231651306152e-01,-1.179459333419799805e+00,4.884941130876541138e-02,-2.657075524330139160e-01,1.726572275161743164e+00,-6.530171036720275879e-01,4.354293942451477051e-01,-1.297860264778137207e+00,6.942254900932312012e-01,4.501763284206390381e-01,1.786531686782836914e+00,4.225771427154541016e-01,1.099825724959373474e-01,-1.255863606929779053e-01,-1.160705208778381348e+00,-1.854202389717102051e+00,-9.736196696758270264e-02,-2.291785925626754761e-01,1.580750048160552979e-01,4.628492593765258789e-01,4.253457486629486084e-01
-8.958938717842102051e-01,-6.856327652931213379e-01,-5.748758912086486816e-01,-5.233027338981628418e-01,1.875168234109878540e-01,1.353678345680236816e+00,6.952372193336486816e-01,7.617618441581726074e-01,3.079554140567779541e-01,8.508778810501098633e-01,1.366739273071289062e+00,6.865570545196533203e-01,1.780087947845458984e+00,-2.197900563478469849e-01,-5.536939501762390137e-01,-1.912324190139770508e+00,-1.157591771334409714e-02,1.612747073173522949e+00,-1.449762098491191864e-02,4.550896212458610535e-02,-2.211102992296218872e-01,-1.459330201148986816e+00,-9.296090155839920044e-02,-4.081297218799591064e-01,1.231862902641296387e+00,6.407143473625183105e-01,3.927981555461883545e-01,2.149218082427978516e+00,-2.311450004577636719e+00,-3.722831904888153076e-01,2.143498897552490234e+00,1.541328072547912598e+00,1.939516067504882812e+00,1.439750909805297852e+00,6.891093254089355469e-01,-1.179436206817626953e+00,-7.209327220916748047e-01,6.602264475077390671e-04,1.617457747459411621e+00,-1.219384193420410156e+00,7.777048945426940918e-01,-1.975220322608947754e+00,6.174046993255615234e-01,-1.161685585975646973e+00,-1.134374499320983887e+00,-1.282909989356994629e+00,-6.477527786046266556e-04,1.339117586612701416e-01,-7.136363983154296875e-01,2.397992610931396484e+00,-2.129594981670379639e-02,1.541599988937377930e+00,1.849743872880935669e-01,4.015659987926483154e-01,9.204279780387878418e-01,-1.754374861717224121e+00,-1.765827655792236328e+00,5.624408125877380371e-01,6.773751378059387207e-01,1.425763070583343506e-01,7.936053872108459473e-01,1.281773328781127930e+00,-3.196706771850585938e-01,-1.608269572257995605e+00,-4.605650156736373901e-02,-6.957548260688781738e-01,1.044997334480285645e+00,1.939080476760864258e+00,9.116353392601013184e-01,2.233826160430908203e+00,-5.811684206128120422e-02,-1.093881487846374512e+00,-8.707844018936157227e-01,1.646557807922363281e+00,7.343792319297790527e-01,2.474543005228042603e-01,9.452270269393920898e-01,-1.186402678489685059e+00,-7.226377725601196289e-01,7.107498645782470703e-01,-7.955092787742614746e-01,-9.095708727836608887e-01,-6.233409047126770020e-01,-7.893055677413940430e-01,7.870447039604187012e-01,-1.402873039245605469e+00,2.375516891479492188e+00,5.572196245193481445e-01,5.667523145675659180e-01,1.159880876541137695e+00,3.879584372043609619e-01,-3.868006169795989990e-01,-7.909206151962280273e-01,1.200589060783386230e+00,-2.567427158355712891e-01,-4.125039577484130859e-01,-5.005089640617370605e-01,2.481990903615951538e-01,1.036627292633056641e+00,7.625777125358581543e-01
-1.018134355545043945e+00,-8.285929560661315918e-01,-1.112016201019287109e+00,-9.273582696914672852e-01,1.981133818626403809e+00,1.107804656028747559e+00,-4.181745648384094238e-02,6.499969363212585449e-01,-8.581566810607910156e-01,1.192169189453125000e+00,1.079883456230163574e+00,-2.380319386720657349e-01,-8.154327422380447388e-02,-9.107683897018432617e-01,8.697171211242675781e-01,-6.014435291290283203e-01,-6.816120147705078125e-01,1.456435561180114746e+00,1.366001367568969727e+00,2.406383156776428223e-01,5.285304784774780273e-01,-1.021543666720390320e-01,2.675581455230712891e+00,1.072900071740150452e-01,2.619055807590484619e-01,-1.424307703971862793e+00,-1.783963680267333984e+00,6.928828358650207520e-02,-1.842010207474231720e-02,2.964619174599647522e-02,4.047713279724121094e-01,6.045851111412048340e-01,4.281903505325317383e-01,4.754711687564849854e-01,-5.945953130722045898e-01,8.886423110961914062e-01,1.218639254570007324e+00,-7.594055533409118652e-01,-9.238278865814208984e-01,-9.955096244812011719e-01,-2.922769784927368164e-01,1.099858582019805908e-01,6.866176724433898926e-01,3.523060977458953857e-01,-6.100003123283386230e-01,-2.187526226043701172e-01,-1.023998737335205078e+00,-9.236390590667724609e-01,-1.316456496715545654e-01,3.471356630325317383e-02,-3.350606858730316162e-01,3.866953849792480469e-01,1.569689959287643433e-01,-2.050401210784912109e+00,5.562061071395874023e-01,3.306002020835876465e-01,-6.222323775291442871e-01,-2.531437389552593231e-02,3.423405587673187256e-01,-8.863971233367919922e-01,6.485819220542907715e-01,-1.349699497222900391e-01,1.695822119712829590e+00,-8.526800572872161865e-02,7.789217829704284668e-01,-1.431128025054931641e+00,1.779649257659912109e+00,-9.196145534515380859e-01,9.852013587951660156e-01,-1.325719833374023438e+00,6.913464665412902832e-01,1.098127961158752441e+00,3.316846787929534912e-01,-9.131801128387451172e-01,4.488284289836883545e-01,2.190181761980056763e-01,-1.351431161165237427e-01,-2.620577812194824219e-01,-1.448306322097778320e+00,5.929495692253112793e-01,-7.869639992713928223e-02,2.794768810272216797e-01,1.328896760940551758e+00,1.325989246368408203e+00,-7.050466537475585938e-01,-2.655304074287414551e-01,9.258524775505065918e-01,-1.352697253227233887e+00,-2.711205482482910156e-01,-5.423020720481872559e-01,-2.313770204782485962e-01,1.019938468933105469e+00,7.437723223119974136e-03,6.532759070396423340e-01,-1.155615374445915222e-01,9.812127947807312012e-01,-6.166822910308837891e-01,1.023830294609069824e+00,1.383202075958251953e+00,8.714586496353149414e-02
3.015797138214111328e-01,-4.584148228168487549e-01,-9.009152054786682129e-01,-3.865365684032440186e-01,3.247148990631103516e-01,-2.703167963773012161e-03,8.613724708557128906e-01,-1.219188809394836426e+00,3.037465810775756836e-01,-1.507227301597595215e+00,3.166948556900024414e-01,-6.737821549177169800e-02,5.041643977165222168e-03,-3.835881054401397705e-01,-1.502696394920349121e+00,3.116337954998016357e-01,8.623822927474975586e-01,1.283616781234741211e+00,1.203604698181152344e+00,-3.180151283740997314e-01,4.344130754470825195e-01,1.003473639488220215e+00,-4.002730846405029297e-01,3.886428177356719971e-01,1.380554676055908203e+00,-3.003004789352416992e-01,7.691303491592407227e-01,1.207404136657714844e+00,-5.709340572357177734e-01,-2.048414349555969238e-01,4.822512716054916382e-02,6.656283885240554810e-02,-8.030419945716857910e-01,7.583786249160766602e-01,4.483423829078674316e-01,3.242514431476593018e-01,-7.337833046913146973e-01,-1.445802807807922363e+00,1.142470836639404297e+00,3.531652390956878662e-01,-4.419953003525733948e-02,-4.854817688465118408e-01,7.998709678649902344e-01,4.917303025722503662e-01,-1.428370177745819092e-01,-6.635382771492004395e-01,9.492553472518920898e-01,-3.201701045036315918e-01,-3.385315537452697754e-01,2.266448140144348145e-01,-6.571394801139831543e-01,-7.676423788070678711e-01,1.702084660530090332e+00,7.646100521087646484e-01,9.206229448318481445e-01,-6.051961779594421387e-01,-6.786205768585205078e-01,-1.062506556510925293e+00,-7.920683026313781738e-01,2.827454209327697754e-01,4.298264086246490479e-01,-1.683315932750701904e-01,1.204352021217346191e+00,-9.609386324882507324e-01,-9.754900336265563965e-01,5.989263057708740234e-01,-6.611316800117492676e-01,-5.536426305770874023e-01,-1.004296820610761642e-03,5.675386190414428711e-01,5.110137462615966797e-01,-1.359297990798950195e+00,-1.307753443717956543e+00,-1.662286281585693359e+00,2.462533265352249146e-01,9.729299545288085938e-01,-3.924218416213989258e-01,-1.665937006473541260e-01,4.985401630401611328e-01,7.754204869270324707e-01,1.103693127632141113e+00,-1.247082829475402832e+00,6.862033009529113770e-01,1.893129348754882812e+00,4.120792448520660400e-01,8.316174149513244629e-01,1.319981962442398071e-01,-4.346423447132110596e-01,-3.139850497245788574e-01,2.346269786357879639e-01,-3.520848155021667480e-01,1.467095255851745605e+00,-1.307752966880798340e+00,-9.152623414993286133e-01,-1.656586885452270508e+00,1.634258508682250977e+00,-3.152779117226600647e-02,-3.829388646408915520e-03,-1.265018939971923828e+00,-1.413664221763610840e+00
7.225701212882995605e-01,-3.333715200424194336e-01,1.936427235603332520e+00,-1.143826723098754883e+00,-1.923528909683227539e-01,-1.116897106170654297e+00,1.463392972946166992e-01,-1.946809291839599609e+00,6.568393111228942871e-01,-6.648237109184265137e-01,1.440688133239746094e+00,4.368332624435424805e-01,-7.528123855590820312e-01,-1.688653230667114258e+00,-5.851438641548156738e-01,4.667386412620544434e-02,-4.973443150520324707e-01,1.053196787834167480e-01,1.630674302577972412e-02,-7.186660766601562500e-01,5.686759948730468750e-01,8.122997879981994629e-01,2.830141186714172363e-01,-1.841219305992126465e+00,1.580748438835144043e+00,-1.823920965194702148e+00,-5.182749032974243164e-01,7.206054031848907471e-02,5.087745189666748047e-01,1.968384861946105957e+00,1.913690209388732910e+00,1.211354017257690430e+00,1.008164525032043457e+00,7.466511130332946777e-01,-8.121835589408874512e-01,-5.135725717991590500e-03,1.150114163756370544e-01,-8.838410377502441406e-01,-4.703212976455688477e-01,-6.203207373619079590e-01,1.414188742637634277e+00,9.835262894630432129e-01,1.252767920494079590e+00,-7.376351356506347656e-01,1.122385144233703613e+00,2.597863435745239258e+00,1.678500622510910034e-01,1.520752459764480591e-01,-2.010630607604980469e+00,3.542980194091796875e+00,1.797712326049804688e+00,1.613182127475738525e-01,2.059408724308013916e-01,-8.502721786499023438e-02,-1.181501150131225586e+00,-1.428191065788269043e+00,4.446107894182205200e-02,-5.768443942070007324e-01,-2.036951333284378052e-01,1.225253820419311523e+00,-6.126247644424438477e-01,-1.351923823356628418e+00,7.607886195182800293e-01,-5.633651614189147949e-01,-6.806841492652893066e-01,8.499991893768310547e-01,-2.911624014377593994e-01,6.308523416519165039e-01,1.777566671371459961e+00,8.303936719894409180e-01,7.999455928802490234e-01,-3.489224612712860107e-01,-6.131755560636520386e-02,-2.570371627807617188e-01,1.808160096406936646e-01,-8.344891071319580078e-01,7.407188415527343750e-01,2.083840131759643555e+00,6.716468930244445801e-01,4.260027706623077393e-01,5.091972947120666504e-01,4.097829461097717285e-01,5.928895995020866394e-02,-1.329341173171997070e+00,1.064177870750427246e+00,-8.156342059373855591e-02,1.071937918663024902e+00,1.493591219186782837e-01,-3.790919780731201172e-01,8.130000233650207520e-01,-2.602330207824707031e+00,-3.522585630416870117e-01,2.019695192575454712e-01,8.876888751983642578e-01,-1.874454975128173828e+00,-3.808950185775756836e-01,-2.693640887737274170e-01,-7.904349565505981445e-01,5.061018466949462891e-01,1.099541068077087402e+00
-5.756112337112426758e-01,-6.537790894508361816e-01,-9.272618591785430908e-02,-5.746839046478271484e-01,-5.293584465980529785e-01,-4.516195058822631836e-01,1.696507215499877930e+00,4.361771941184997559e-01,-7.796811461448669434e-01,1.894466400146484375e+00,3.150549829006195068e-01,-3.503305017948150635e-01,1.752033472061157227e+00,-3.170153871178627014e-02,4.245419204235076904e-01,-4.477660059928894043e-01,-2.303383648395538330e-01,-5.130379199981689453e-01,5.026299357414245605e-01,1.563554167747497559e+00,2.926021218299865723e-01,8.016807436943054199e-01,-7.541974186897277832e-01,6.119554638862609863e-01,-2.177959680557250977e-01,2.297788619995117188e+00,2.108528614044189453e+00,-9.310069680213928223e-01,1.397796392440795898e+00,4.472753107547760010e-01,6.903715133666992188e-01,1.354124784469604492e+00,1.821447163820266724e-01,-6.366493701934814453e-01,1.163540601730346680e+00,-1.112080454826354980e+00,-1.841383278369903564e-01,-2.674421668052673340e-01,8.436374664306640625e-01,7.662190794944763184e-01,6.257827877998352051e-01,1.220208168029785156e+00,-9.040434956550598145e-01,5.009835362434387207e-01,-2.232534170150756836e+00,3.576928973197937012e-01,6.395092010498046875e-01,-1.199965119361877441e+00,-8.217273354530334473e-01,-4.820408523082733154e-01,-7.233573198318481445e-01,9.548075795173645020e-01,-9.071028232574462891e-01,7.135585546493530273e-01,-9.598459601402282715e-01,2.540117502212524414e-02,1.719819068908691406e+00,1.638277173042297363e+00,-1.044680476188659668e+00,2.844099402427673340e-01,1.135683774948120117e+00,-2.081204891204833984e+00,8.218131661415100098e-01,-5.554519891738891602e-01,6.008318811655044556e-02,1.046925783157348633e+00,7.780935764312744141e-01,-5.305880904197692871e-01,-7.887683510780334473e-01,1.094715595245361328e+00,-3.174725174903869629e-02,-8.059277534484863281e-01,1.617808580398559570e+00,2.115557193756103516e+00,6.149018406867980957e-01,1.180959418416023254e-01,-7.175074219703674316e-01,-1.232784986495971680e+00,1.595618426799774170e-01,1.343682169914245605e+00,6.971109509468078613e-01,1.713844656944274902e+00,4.017470777034759521e-01,2.507516443729400635e-01,-1.306648612022399902e+00,2.253522872924804688e+00,-6.720024347305297852e-01,2.430398166179656982e-01,-4.134356379508972168e-01,4.342808425426483154e-01,4.512450397014617920e-01,4.366809129714965820e-01,-9.404705166816711426e-01,-2.502640942111611366e-03,-8.211721181869506836e-01,9.762026667594909668e-01,-1.254500627517700195e+00,5.275520086288452148e-01,-9.424543380737304688e-01,9.480873942375183105e-01
-7.171567082405090332e-01,5.912634730339050293e-01,1.910740971565246582e+00,1.054343223571777344e+00,-9.399167895317077637e-01,-5.729826688766479492e-01,-5.813714861869812012e-01,7.681521773338317871e-02,7.073600292205810547e-01,2.501109540462493896e-01,5.987921357154846191e-01,1.227641344070434570e+00,-3.262086510658264160e-01,-1.372791647911071777e+00,-1.846959352493286133e+00,-7.247905135154724121e-01,-1.168304800987243652e+00,3.341355919837951660e-01,-8.913911879062652588e-02,2.056901305913925171e-01,2.151529550552368164e+00,4.186349809169769287e-01,-5.518279075622558594e-01,1.105378627777099609e+00,-2.583229303359985352e+00,4.118330776691436768e-01,-6.910821199417114258e-01,-1.069033294916152954e-01,8.791280984878540039e-01,-1.609072804450988770e+00,-1.340639472007751465e+00,-1.050320118665695190e-01,3.702902197837829590e-01,1.334178924560546875e+00,1.341896355152130127e-01,6.342065930366516113e-01,-1.613644599914550781e+00,-6.435267329216003418e-01,7.072314620018005371e-01,-2.513383626937866211e-01,4.653027355670928955e-01,-9.100264310836791992e-01,1.798625141382217407e-01,-1.453073620796203613e+00,-9.575362801551818848e-01,-1.268804311752319336e+00,7.328492403030395508e-01,-5.093188285827636719e-01,1.462550997734069824e+00,-9.278897047042846680e-01,-4.801815450191497803e-01,-1.238452076911926270e+00,1.410089373588562012e+00,1.089693307876586914e+00,1.786698549985885620e-01,7.128854990005493164e-01,1.043833971023559570e+00,3.113210797309875488e-01,-2.864168882369995117e-01,-1.050298333168029785e+00,-9.980214238166809082e-01,1.309864819049835205e-01,-1.321098208427429199e+00,1.825688123703002930e+00,8.888869732618331909e-02,-4.262886941432952881e-02,2.098530292510986328e+00,-9.515236616134643555e-01,4.987790882587432861e-01,-1.403363227844238281e+00,9.377484321594238281e-01,6.605252623558044434e-02,-3.079118132591247559e-01,-1.296491146087646484e+00,-3.241089582443237305e-01,-6.351051330566406250e-01,-1.716791510581970215e+00,7.478950023651123047e-01,2.757606506347656250e+00,-3.567764759063720703e-01,-5.179492235183715820e-01,-8.290248513221740723e-01,-1.078695535659790039e+00,-4.872554838657379150e-01,1.786952733993530273e+00,-1.556284189224243164e+00,-1.022080421447753906e+00,-1.336692810058593750e+00,-7.682723999023437500e-01,6.384766101837158203e-01,-3.788122534751892090e-02,-8.843812346458435059e-01,-6.373494863510131836e-01,-1.927171051502227783e-01,3.571420907974243164e-01,-3.639858961105346680e-01,-1.014661788940429688e+00,1.103296160697937012e+00,-2.372535690665245056e-02,-1.332156181335449219e+00
5.714064836502075195e-01,-1.108933091163635254e+00,-1.604392170906066895e+00,7.572273612022399902e-01,-1.818405151367187500e+00,6.710436940193176270e-01,-3.291114568710327148e-01,-1.067015808075666428e-02,1.550793766975402832e+00,2.114124745130538940e-01,1.872846186161041260e-01,-1.507539488375186920e-02,-8.246906101703643799e-02,7.836118936538696289e-01,1.146630406379699707e+00,-8.482977747917175293e-01,1.243497356772422791e-01,1.707530170679092407e-01,1.600431054830551147e-01,-3.788611590862274170e-01,9.854979515075683594e-01,-4.169347137212753296e-02,-9.252113699913024902e-01,7.779244780540466309e-01,-4.740283489227294922e-01,-1.128888368606567383e+00,1.313824057579040527e+00,-3.641419410705566406e-01,-3.542170524597167969e-01,-2.420748919248580933e-01,-5.235567092895507812e-01,3.864800035953521729e-01,1.051111578941345215e+00,-1.764270067214965820e+00,1.886132001876831055e+00,-1.196661591529846191e+00,2.429525107145309448e-01,-1.571308970451354980e+00,1.459445834159851074e+00,8.808410167694091797e-01,-1.217147037386894226e-01,1.001609086990356445e+00,1.966489791870117188e+00,-1.703875660896301270e-01,1.105427026748657227e+00,-1.535594820976257324e+00,-7.722898125648498535e-01,-3.315263241529464722e-02,4.343320801854133606e-02,-1.063990712165832520e+00,8.016420602798461914e-01,2.633696198463439941e-01,-1.252500534057617188e+00,6.730989813804626465e-01,3.355560824275016785e-02,-1.346789598464965820e+00,-3.018165528774261475e-01,-1.072685867547988892e-01,8.876485228538513184e-01,-1.100677609443664551e+00,-5.600366592407226562e-01,5.364990234375000000e-01,-8.599691092967987061e-02,-1.528583288192749023e+00,-7.679501175880432129e-01,-1.975855231285095215e+00,-1.794138669967651367e+00,1.752610087394714355e+00,3.312660157680511475e-01,-4.324336070567369461e-03,8.332261443138122559e-02,-5.937267541885375977e-01,-1.287601470947265625e+00,8.191701769828796387e-01,1.122264027595520020e+00,4.080271422863006592e-01,-7.045355439186096191e-01,-3.721261918544769287e-01,-8.039673566818237305e-01,-1.229365348815917969e+00,-2.364103794097900391e-01,-4.672431349754333496e-01,2.944974303245544434e-01,2.667016088962554932e-01,2.228371500968933105e-01,7.095009088516235352e-02,-7.253020405769348145e-01,1.303065121173858643e-01,-5.908663868904113770e-01,8.240433931350708008e-01,-9.361422657966613770e-01,-1.853101998567581177e-01,6.322501301765441895e-01,1.014624238014221191e+00,4.071125090122222900e-01,6.094828248023986816e-02,1.566138744354248047e+00,1.786126852035522461e+00,2.581221461296081543e-01,1.481202691793441772e-01
1.138985753059387207e+00,3.290513455867767334e-01,1.613255143165588379e-01,-2.204321146011352539e+00,2.176924228668212891e+00,4.068988263607025146e-01,-6.493481993675231934e-01,7.350646704435348511e-02,4.041841998696327209e-02,-2.414710819721221924e-01,-2.154943495988845825e-01,-1.195917367935180664e+00,-1.358938097953796387e+00,5.345556735992431641e-01,3.411039710044860840e-01,-4.990459978580474854e-01,4.363659024238586426e-02,6.467528939247131348e-01,3.997422158718109131e-01,-1.325054287910461426e+00,1.883036613464355469e+00,2.412813752889633179e-01,4.234856367111206055e-01,-2.163066148757934570e+00,1.154649376869201660e+00,1.052524685859680176e+00,-1.583151370286941528e-01,5.565965771675109863e-01,4.183146357536315918e-01,5.525211095809936523e-01,3.933970928192138672e-01,-3.529883027076721191e-01,-1.438202381134033203e+00,1.094185635447502136e-01,1.264830827713012695e+00,-2.000422477722167969e+00,1.557776629924774170e-01,3.080935478210449219e-01,-1.005818128585815430e+00,1.581512928009033203e+00,-1.676194190979003906e+00,-9.924788773059844971e-02,-3.312371373176574707e-01,1.146785378456115723e+00,1.358142495155334473e-01,-1.811896413564682007e-01,-4.352798759937286377e-01,1.459305584430694580e-01,3.592631965875625610e-02,1.156643629074096680e+00,-1.020316600799560547e+00,8.427473306655883789e-01,-3.553381860256195068e-01,-3.140719830989837646e-01,-1.944380998611450195e-01,-1.689482092857360840e+00,8.334210515022277832e-01,-4.400477707386016846e-01,1.254690885543823242e+00,-3.009493052959442139e-01,-1.996898651123046875e-01,-1.306725382804870605e+00,-1.251395940780639648e+00,1.273283660411834717e-01,6.863962411880493164e-01,-8.498476147651672363e-01,7.203343510627746582e-01,-1.157214641571044922e+00,7.475373744964599609e-01,-8.801150918006896973e-01,-1.910666942596435547e+00,-6.110729575157165527e-01,1.233179211616516113e+00,4.857075512409210205e-01,1.026759028434753418e+00,2.627774715423583984e+00,-1.311862587928771973e+00,-9.683097600936889648e-01,-2.157285213470458984e+00,3.683779239654541016e-01,1.457671225070953369e-01,-3.785956799983978271e-01,-6.743140816688537598e-01,9.192252755165100098e-01,2.061262279748916626e-01,-6.396231055259704590e-01,-1.230347871780395508e+00,-1.217162966728210449e+00,1.662442460656166077e-03,4.181310832500457764e-01,-8.272824883460998535e-01,-2.007877975702285767e-01,-1.770244956016540527e+00,7.530793547630310059e-01,-1.468275934457778931e-01,1.280276417732238770e+00,-1.029004216194152832e+00,6.881570219993591309e-01,-8.345931768417358398e-02,-2.863207459449768066e-01
7.467363476753234863e-01,5.812532305717468262e-01,-2.164011299610137939e-01,-9.085925221443176270e-01,7.913835048675537109e-01,-3.696886897087097168e-01,-2.690871655941009521e-01,-7.839481234550476074e-01,2.340901851654052734e+00,2.653215080499649048e-02,-1.595114767551422119e-01,-4.900784492492675781e-01,-5.241339206695556641e-01,2.316063046455383301e-01,7.439050823450088501e-02,-9.818801879882812500e-01,1.127609491348266602e+00,9.641204476356506348e-01,-1.988054513931274414e-01,1.501846790313720703e+00,-5.196401476860046387e-01,1.837455511093139648e+00,8.586728572845458984e-01,5.514713525772094727e-01,-1.749503314495086670e-01,8.552809953689575195e-01,-8.637228012084960938e-01,-4.519122838973999023e-01,-1.675646066665649414e+00,-3.647998273372650146e-01,-5.122643709182739258e-01,6.764706373214721680e-01,-7.644250988960266113e-01,4.701076149940490723e-01,4.516699314117431641e-01,9.221692681312561035e-01,7.027732133865356445e-01,-7.445199489593505859e-01,9.190852642059326172e-01,-2.107448816299438477e+00,6.760556101799011230e-01,1.006062030792236328e+00,-2.430906444787979126e-01,-6.011188030242919922e-01,-1.679700165987014771e-01,-3.332482278347015381e-01,1.088987708091735840e+00,-1.248555541038513184e+00,2.299755662679672241e-01,-1.464259147644042969e+00,-6.630583405494689941e-01,-1.671651363372802734e+00,2.835166640579700470e-02,-5.657513141632080078e-01,1.083757996559143066e+00,2.263741642236709595e-01,-8.599683642387390137e-01,5.981211364269256592e-02,2.142132997512817383e+00,3.480980396270751953e+00,3.860138058662414551e-01,1.285144329071044922e+00,5.081065297126770020e-01,-1.530072212219238281e+00,1.552473939955234528e-02,-1.236564993858337402e+00,5.705348253250122070e-01,9.702965021133422852e-01,-6.317626833915710449e-01,-7.575321793556213379e-01,1.870461702346801758e-01,-4.395126700401306152e-01,9.964473545551300049e-02,-1.980811655521392822e-01,1.609360694885253906e+00,-4.419101178646087646e-01,-8.921279311180114746e-01,1.149232149124145508e+00,-9.448559880256652832e-01,1.284159779548645020e+00,-8.230865001678466797e-01,4.132800698280334473e-01,3.246783018112182617e-01,2.273658961057662964e-01,-2.084295153617858887e-01,-5.927859544754028320e-01,-7.674477696418762207e-01,4.228858351707458496e-01,-9.453624486923217773e-01,9.651352167129516602e-01,1.529369130730628967e-02,-1.399322032928466797e+00,-7.980846166610717773e-01,5.732246637344360352e-01,-7.421861588954925537e-02,1.453770399093627930e-01,4.419053196907043457e-01,1.725128293037414551e+00,1.205774664878845215e+00,3.603251576423645020e-01
-2.046670436859130859e+00,2.072005510330200195e+00,-6.850073337554931641e-01,4.047420918941497803e-01,-8.766677230596542358e-02,2.254117012023925781e+00,-1.359123110771179199e+00,8.765249848365783691e-01,-1.150831699371337891e+00,-3.029531717300415039e+00,1.590335249900817871e+00,5.138457417488098145e-01,1.153013348579406738e+00,-1.334539055824279785e+00,-1.500551342964172363e+00,-1.913795948028564453e+00,1.729070544242858887e+00,-1.299608826637268066e+00,2.050769329071044922e+00,8.739681839942932129e-01,-1.223148405551910400e-02,-1.825371265411376953e+00,-2.625519931316375732e-01,-5.399919748306274414e-01,-1.326862163841724396e-02,1.862477809190750122e-01,-1.069542288780212402e+00,-1.789499282836914062e+00,-1.070835351943969727e+00,-1.338660597801208496e+00,-1.170787930488586426e+00,2.105488061904907227e+00,4.807065129280090332e-01,7.930614054203033447e-02,-4.310946464538574219e-01,1.218726515769958496e+00,-1.780728250741958618e-01,6.701211929321289062e-01,7.575489282608032227e-01,-5.098259449005126953e-01,-3.952259123325347900e-01,7.325842380523681641e-01,7.187419533729553223e-01,7.255263328552246094e-01,-9.826537966728210449e-02,-1.522641539573669434e+00,-4.438458085060119629e-01,-2.157575339078903198e-01,-5.635626614093780518e-02,2.432511299848556519e-01,3.076869249343872070e-01,-5.952154397964477539e-01,1.565634965896606445e+00,2.044646263122558594e+00,2.375142574310302734e+00,-1.514284610748291016e+00,-2.040997743606567383e-01,6.575477719306945801e-01,-2.978822588920593262e-01,-5.558480620384216309e-01,1.415992617607116699e+00,9.949054121971130371e-01,-4.389432072639465332e-01,3.691286742687225342e-01,1.467608928680419922e+00,7.007614374160766602e-01,-1.240701317787170410e+00,-8.175782859325408936e-02,-7.441775798797607422e-01,1.094980359077453613e+00,-1.034092068672180176e+00,-2.328605651855468750e-01,7.405285239219665527e-01,-1.632556080818176270e+00,-8.019372075796127319e-02,1.736592173576354980e+00,-3.211336582899093628e-02,1.532116979360580444e-01,1.246775627136230469e+00,6.786534935235977173e-02,-2.435395002365112305e+00,8.828917145729064941e-01,-1.986467689275741577e-01,-9.356335997581481934e-01,1.269765496253967285e-01,-1.110700130462646484e+00,-1.311905860900878906e+00,6.129016280174255371e-01,5.538722276687622070e-01,-3.096728026866912842e-01,1.130991578102111816e+00,-1.260043382644653320e+00,1.141859591007232666e-01,-2.893231511116027832e-01,1.231963634490966797e+00,-8.166742324829101562e-01,-6.441019177436828613e-01,-4.329064190387725830e-01,4.705391228199005127e-01,2.369139432907104492e+00
-7.774316668510437012e-01,-1.559380173683166504e+00,-2.608676850795745850e-01,-5.382716655731201172e-01,4.897094368934631348e-01,1.078181028366088867e+00,1.715177655220031738e+00,6.687878370285034180e-01,4.036159515380859375e-01,7.362700104713439941e-01,2.985101342201232910e-01,1.159565448760986328e+00,-9.575517475605010986e-02,1.433108806610107422e+00,1.154611825942993164e+00,7.525067329406738281e-01,-9.492777585983276367e-01,-6.863517165184020996e-01,-1.227709531784057617e+00,1.406728744506835938e+00,1.047166109085083008e+00,2.947227060794830322e-01,-1.171872615814208984e-01,-2.037238329648971558e-01,1.188720315694808960e-01,7.267232052981853485e-03,1.549855172634124756e-01,7.788587361574172974e-02,-4.055981338024139404e-01,9.147374033927917480e-01,1.635331273078918457e+00,-9.641538858413696289e-01,-5.748582538217306137e-03,6.184062361717224121e-01,7.541285157203674316e-01,1.330089449882507324e+00,1.137604117393493652e+00,1.164925098419189453e+00,1.135762572288513184e+00,-1.748993039131164551e+00,2.816264629364013672e-01,1.655518859624862671e-01,6.767546534538269043e-01,1.796652317047119141e+00,-7.474361658096313477e-01,1.369558930397033691e+00,3.909951448440551758e-01,-6.585671901702880859e-01,2.706508934497833252e-01,-1.399638056755065918e+00,-1.132125496864318848e+00,1.871281117200851440e-01,1.577187418937683105e+00,-6.391120553016662598e-01,3.910836875438690186e-01,-1.023524880409240723e+00,-9.545564055442810059e-01,2.004837095737457275e-01,-1.150222063064575195e+00,-3.365165591239929199e-01,8.096691966056823730e-01,2.075995922088623047e+00,-4.478997886180877686e-01,-6.657881736755371094e-01,-2.720422267913818359e+00,1.784424424171447754e+00,-2.224631309509277344e+00,-2.061183691024780273e+00,-7.388217449188232422e-01,1.112392187118530273e+00,1.239467978477478027e+00,-2.077541351318359375e+00,-6.594037413597106934e-01,-9.526673704385757446e-02,7.177204489707946777e-01,-1.312763690948486328e+00,1.437737941741943359e+00,4.266622662544250488e-02,1.707419753074645996e+00,2.206527590751647949e-01,-4.409242570400238037e-01,-3.155067563056945801e-03,-2.655064463615417480e-01,-2.615135312080383301e-01,2.252835273742675781e+00,-1.147003054618835449e+00,4.845066666603088379e-01,-1.129022121429443359e+00,7.635635137557983398e-01,-3.641493022441864014e-01,1.477454543113708496e+00,1.048664212226867676e+00,-4.926493763923645020e-01,1.852352470159530640e-01,-3.231752812862396240e-01,-1.022906601428985596e-01,1.229072690010070801e+00,9.442210793495178223e-01,1.978993043303489685e-02,-1.074358224868774414e+00
-2.588272690773010254e-01,5.766252055764198303e-02,3.759873509407043457e-01,-1.753053784370422363e+00,-6.769381165504455566e-01,5.139157176017761230e-01,8.099042773246765137e-01,2.209298849105834961e+00,-6.438236832618713379e-01,-4.492880403995513916e-01,6.862469017505645752e-02,-2.231628179550170898e+00,-9.310271143913269043e-01,-6.063459515571594238e-01,6.501963138580322266e-01,1.453063130378723145e+00,-1.786182641983032227e+00,-1.618589609861373901e-01,4.994720816612243652e-01,-1.068768620491027832e+00,4.849752485752105713e-01,-4.079041779041290283e-01,-4.121589660644531250e-02,-6.482834815979003906e-01,1.086371183395385742e+00,1.076439991593360901e-01,-1.382381319999694824e+00,4.177444279193878174e-01,3.623535931110382080e-01,-2.409389056265354156e-02,1.153792381286621094e+00,8.842296600341796875e-01,2.854584753513336182e-01,2.731309533119201660e-01,-1.256735026836395264e-01,7.076396346092224121e-01,-5.932040810585021973e-01,2.708675384521484375e+00,-1.599067926406860352e+00,-6.829710304737091064e-02,-3.940508365631103516e-01,8.165302872657775879e-01,-6.730315685272216797e-01,-3.366970121860504150e-01,4.964747726917266846e-01,-8.824046254158020020e-01,3.221064507961273193e-01,1.561648011207580566e+00,-9.753757715225219727e-01,-1.525009036064147949e+00,4.257365763187408447e-01,2.970280349254608154e-01,-6.190979480743408203e-01,-5.882797837257385254e-01,5.845592617988586426e-01,-8.780732750892639160e-01,8.494766056537628174e-02,4.353868067264556885e-01,9.913606643676757812e-01,-3.493190705776214600e-01,1.643894910812377930e+00,6.526067852973937988e-02,-3.112028241157531738e-01,5.729296207427978516e-01,-3.001638650894165039e-01,6.771510839462280273e-01,-1.226579844951629639e-01,-5.539185404777526855e-01,-2.015936136245727539e+00,1.594478935003280640e-01,7.298323512077331543e-01,-6.275972127914428711e-01,-2.975361347198486328e-01,1.502834558486938477e+00,5.304004997014999390e-02,-6.513715535402297974e-02,1.437158286571502686e-01,-7.173182964324951172e-01,3.001363575458526611e-01,1.085374951362609863e+00,-1.959536910057067871e+00,-5.394003391265869141e-01,-6.760766506195068359e-01,-2.264938116073608398e+00,8.728280663490295410e-01,-1.408960819244384766e+00,2.798177897930145264e-01,-2.090571224689483643e-01,6.509270519018173218e-02,-9.541271328926086426e-01,1.482173681259155273e+00,-1.504685133695602417e-01,-3.810034096240997314e-01,1.383888423442840576e-01,-3.456135392189025879e-01,-1.690645962953567505e-01,1.142811849713325500e-01,-1.480152606964111328e+00,3.116146624088287354e-01,7.313289046287536621e-01
-1.624717593193054199e+00,-8.076302409172058105e-01,-9.684277176856994629e-01,8.674668669700622559e-01,5.895781517028808594e-01,4.258220493793487549e-01,-1.586913585662841797e+00,5.385653376579284668e-01,-3.754864037036895752e-01,1.026591539382934570e+00,2.766675353050231934e-01,7.436308264732360840e-01,2.184549570083618164e-01,-5.856548547744750977e-01,-1.005953073501586914e+00,1.212544560432434082e+00,-1.103527426719665527e+00,4.002495706081390381e-01,-7.746242284774780273e-01,-1.032664775848388672e+00,7.928566336631774902e-01,-6.005201935768127441e-01,6.125646829605102539e-01,-8.453224301338195801e-01,-3.765593767166137695e-01,1.624658823013305664e+00,-1.026759028434753418e+00,-7.200546860694885254e-01,-2.041764855384826660e-01,-1.297327160835266113e+00,-5.121601819992065430e-01,2.893584072589874268e-01,-1.707179665565490723e+00,1.209009528160095215e+00,-1.305839300155639648e+00,-1.256801038980484009e-01,-9.477220773696899414e-01,1.422121971845626831e-01,1.124416947364807129e+00,-3.104696750640869141e+00,7.939306497573852539e-01,3.318232297897338867e-01,2.171753793954849243e-01,-1.890469193458557129e+00,-1.090336591005325317e-01,9.323450922966003418e-01,1.196089506149291992e+00,-1.520164012908935547e+00,-1.064746379852294922e+00,7.640784978866577148e-01,-6.851231455802917480e-01,1.430219650268554688e+00,-2.050357818603515625e+00,1.136403083801269531e+00,7.086325883865356445e-01,7.729901373386383057e-02,-7.287724614143371582e-01,6.975435018539428711e-01,-9.962060451507568359e-01,-1.644228816032409668e+00,2.341729253530502319e-01,1.171230748295783997e-01,-7.517635822296142578e-02,-5.437362194061279297e-01,-3.661096394062042236e-01,1.333330124616622925e-01,2.685152590274810791e-01,7.637717574834823608e-02,1.346504807472229004e+00,4.862721562385559082e-01,-1.327159762382507324e+00,2.382034957408905029e-01,-2.586361467838287354e-01,-1.636746376752853394e-01,-9.651024937629699707e-01,-5.505975484848022461e-01,1.805248111486434937e-02,2.723932564258575439e-01,-5.185428857803344727e-01,-1.276085078716278076e-01,-9.175484180450439453e-01,-4.878620803356170654e-01,1.020848602056503296e-01,-8.936691880226135254e-01,-9.972283840179443359e-01,-1.020293116569519043e+00,2.664999485015869141e+00,2.006552219390869141e+00,-5.355601310729980469e-01,-8.165886402130126953e-01,-6.324267387390136719e-01,2.068777829408645630e-01,-1.928945064544677734e+00,-1.024898737668991089e-01,1.172237396240234375e+00,1.090962290763854980e+00,4.561707973480224609e-01,1.793635487556457520e+00,-1.772204160690307617e+00,-1.017150044441223145e+00
-9.918114542961120605e-01,-2.320928722620010376e-01,1.727288007736206055e+00,6.486828327178955078e-01,5.663552880287170410e-01,2.958736121654510498e-01,-1.365397453308105469e+00,1.249887943267822266e-01,-1.179764606058597565e-02,3.142679631710052490e-01,-9.238642454147338867e-01,-1.019704937934875488e-01,-4.749142229557037354e-01,-1.597188591957092285e+00,-4.686463177204132080e-01,-6.182247400283813477e-01,-8.466222286224365234e-01,1.117640495300292969e+00,-5.639238357543945312e-01,2.037354111671447754e-01,4.472533613443374634e-02,7.409436702728271484e-01,-3.847996890544891357e-01,-1.160193920135498047e+00,9.190804958343505859e-01,1.402310490608215332e+00,-8.341138958930969238e-01,-8.423155546188354492e-01,-1.743203261867165565e-03,4.845016002655029297e-01,1.340192675590515137e+00,2.240519046783447266e+00,-5.833919048309326172e-01,-7.171755433082580566e-01,-2.483649700880050659e-01,-1.718315482139587402e+00,1.535346031188964844e+00,6.248210668563842773e-01,-6.734116673469543457e-01,-9.853940606117248535e-01,3.878479003906250000e+00,-9.644142389297485352e-01,-2.127593904733657837e-01,3.353515267372131348e-02,-9.355400204658508301e-01,1.443683028221130371e+00,1.453189730644226074e+00,-9.013422131538391113e-01,-2.831690549850463867e+00,1.121225714683532715e+00,-2.791924178600311279e-01,1.282235503196716309e+00,-1.008612275123596191e+00,1.356416702270507812e+00,-4.863849580287933350e-01,-1.480768561363220215e+00,-1.241243481636047363e+00,1.450280547142028809e-01,-2.216362714767456055e+00,1.247891426086425781e+00,-2.976409196853637695e-01,-5.633710026741027832e-01,-5.589459538459777832e-01,-1.476732134819030762e+00,-9.674932360649108887e-01,5.754548683762550354e-02,-1.453139424324035645e+00,-2.413005381822586060e-01,1.838590204715728760e-01,-7.714858055114746094e-01,-4.256408810615539551e-01,-1.021070957183837891e+00,5.239624977111816406e-01,8.381841331720352173e-02,1.194566130638122559e+00,-2.028843760490417480e-01,-1.962501049041748047e+00,-1.504183769226074219e+00,8.873311281204223633e-01,-7.085418105125427246e-01,6.529030203819274902e-01,-4.239081144332885742e-01,-2.285807020962238312e-02,1.219375848770141602e+00,-1.129582285881042480e+00,7.231101393699645996e-01,1.138156373053789139e-02,-6.480372548103332520e-01,8.114657402038574219e-01,2.275941371917724609e-01,9.170610904693603516e-01,1.954885244369506836e+00,-4.865542948246002197e-01,9.950546026229858398e-01,-2.107912778854370117e+00,-6.217278242111206055e-01,3.863376006484031677e-02,-4.991103410720825195e-01,-7.012457251548767090e-01,1.428749203681945801e+00
-9.423496574163436890e-02,8.513181805610656738e-01,1.053981930017471313e-01,3.493084013462066650e-01,-4.300273060798645020e-01,4.599123001098632812e-01,1.213947892189025879e+00,3.674325048923492432e-01,1.399182677268981934e+00,1.318875551223754883e+00,-2.859098911285400391e-01,-4.725369215011596680e-01,-1.151130422949790955e-01,-1.405334234237670898e+00,-6.801848411560058594e-01,-1.072602391242980957e+00,-1.204089283943176270e+00,-1.109796166419982910e+00,6.151616573333740234e-01,3.590076267719268799e-01,1.929535746574401855e+00,1.384404659271240234e+00,-1.549737095832824707e+00,-5.931172966957092285e-01,-1.080412268638610840e+00,3.079244196414947510e-01,1.397139877080917358e-01,-1.026171922683715820e+00,1.683734208345413208e-01,1.513600945472717285e+00,-4.765827953815460205e-01,3.995796740055084229e-01,1.163557410240173340e+00,2.154485940933227539e+00,-3.954699039459228516e-01,9.564684629440307617e-01,-2.056349754333496094e+00,-8.784570693969726562e-01,-2.392199486494064331e-01,-1.849146485328674316e-01,-3.997441232204437256e-01,6.151951551437377930e-01,-4.605590701103210449e-01,-1.691298931837081909e-01,-4.662680625915527344e-01,-8.199232220649719238e-01,1.720773130655288696e-01,9.816643595695495605e-01,-1.191206455230712891e+00,-1.196280241012573242e+00,-1.458084955811500549e-02,4.765573143959045410e-02,1.766384482383728027e+00,5.536088943481445312e-01,1.187378644943237305e+00,5.308060348033905029e-02,-1.567596644163131714e-01,-1.085913896560668945e+00,-2.254228740930557251e-01,-2.145708203315734863e-01,7.294947504997253418e-01,-1.571055054664611816e-01,2.703908830881118774e-02,1.573650121688842773e+00,-1.101832270622253418e+00,-6.098933219909667969e-01,-3.997749984264373779e-01,-4.145677983760833740e-01,4.211596846580505371e-01,2.144206166267395020e-01,-1.407064795494079590e-01,-5.641744136810302734e-01,1.331389188766479492e+00,1.745188474655151367e+00,1.282352805137634277e-01,-1.040135145187377930e+00,-1.892582029104232788e-01,-1.460658311843872070e+00,-6.873082518577575684e-01,-6.350494027137756348e-01,1.384092867374420166e-01,1.153864637017250061e-01,2.765689045190811157e-02,1.896507024765014648e+00,-3.923120796680450439e-01,1.690726995468139648e+00,-2.468753337860107422e+00,-4.028757214546203613e-01,6.620226055383682251e-02,-9.864060282707214355e-01,-1.124213933944702148e+00,-1.953481435775756836e-01,-5.114879831671714783e-02,-5.503417253494262695e-01,4.933413863182067871e-01,-2.553167343139648438e+00,1.293737888336181641e+00,1.406170241534709930e-02,-2.336017787456512451e-01,6.146299839019775391e-01
-6.668299436569213867e-01,2.264845222234725952e-01,9.713066816329956055e-01,7.249308228492736816e-01,8.056375980377197266e-01,-5.461743474006652832e-01,-6.916003823280334473e-01,7.410819083452224731e-02,-4.306338131427764893e-01,-6.417720317840576172e-01,-2.654042243957519531e-01,-1.234408259391784668e+00,-1.153369098901748657e-01,6.076977849006652832e-01,1.601673722267150879e+00,-4.462232813239097595e-03,1.449778527021408081e-01,1.479942444711923599e-02,4.281100332736968994e-01,-1.166189789772033691e+00,3.907776772975921631e-01,1.864471733570098877e-01,5.156684517860412598e-01,3.676932156085968018e-01,-5.868494510650634766e-01,7.259109616279602051e-01,8.851566314697265625e-01,-6.873354911804199219e-01,-3.849288225173950195e-01,-1.021205067634582520e+00,-4.480172097682952881e-01,1.263096213340759277e+00,1.124443635344505310e-01,-9.329157471656799316e-01,-4.892210066318511963e-01,1.408459901809692383e+00,-1.553247809410095215e+00,-2.758658826351165771e-01,-8.982965350151062012e-01,-7.893179655075073242e-01,1.348730772733688354e-01,9.549294710159301758e-01,-6.126272678375244141e-01,7.223681807518005371e-01,6.278631687164306641e-01,-6.486881375312805176e-01,5.314897000789642334e-02,-1.383329510688781738e+00,1.059480071067810059e+00,1.866015315055847168e+00,-1.279959678649902344e+00,-5.128427147865295410e-01,4.524138942360877991e-02,9.993849992752075195e-01,6.602013707160949707e-01,-5.442298650741577148e-01,1.298424959182739258e+00,-8.885852992534637451e-02,-4.918380081653594971e-01,-1.081040263175964355e+00,3.286832332611083984e+00,-5.860248208045959473e-01,-1.933227896690368652e+00,1.430399656295776367e+00,1.844383239746093750e+00,1.910408616065979004e+00,1.279030561447143555e+00,7.973278760910034180e-01,-1.379773974418640137e+00,2.007666043937206268e-02,3.559160828590393066e-01,-1.543708086013793945e+00,-8.059480786323547363e-01,4.745051860809326172e-01,-1.789781093597412109e+00,-6.358867287635803223e-01,1.299186944961547852e+00,6.013749241828918457e-01,1.998957619071006775e-02,1.204939842224121094e+00,-6.758615374565124512e-01,-1.449533104896545410e+00,-9.274300336837768555e-01,3.338950574398040771e-01,1.593156695365905762e+00,-4.788284897804260254e-01,5.093447566032409668e-01,-2.567779421806335449e-01,1.126593351364135742e+00,2.338410168886184692e-01,-1.200447320938110352e+00,-1.952745318412780762e+00,8.728576898574829102e-01,1.383518695831298828e+00,-8.167230486869812012e-01,1.574909806251525879e+00,-3.834551870822906494e-01,1.398870348930358887e+00,2.674074470996856689e-01,2.699601054191589355e-01
1.416415214538574219e+00,-1.170993447303771973e+00,-3.852150440216064453e-01,9.652933478355407715e-01,-1.682399749755859375e+00,-4.290784895420074463e-01,-1.464062690734863281e+00,-1.465579867362976074e-01,-8.533948659896850586e-01,2.053060770034790039e+00,-1.784319728612899780e-01,2.988806366920471191e-01,8.702646009624004364e-03,2.755073904991149902e-01,-8.613253235816955566e-01,-1.890416860580444336e+00,-1.680628895759582520e+00,-6.007622480392456055e-01,4.045704752206802368e-02,1.299140691757202148e+00,-1.121349930763244629e+00,-1.457141786813735962e-01,8.042964935302734375e-01,-5.556000769138336182e-02,3.876082003116607666e-01,9.034676551818847656e-01,-1.843292266130447388e-01,-7.825695276260375977e-01,-2.841835319995880127e-01,-7.453421950340270996e-01,-1.159817218780517578e+00,3.354846835136413574e-01,-5.240283012390136719e-01,9.847050905227661133e-02,-2.813292443752288818e-01,-1.104994654655456543e+00,1.088952302932739258e+00,-1.992411613464355469e+00,-6.400467753410339355e-01,1.273706197738647461e+00,1.247813344001770020e+00,7.214433550834655762e-01,9.734658598899841309e-01,5.407420992851257324e-01,-1.146009340882301331e-01,1.709532380104064941e+00,4.404444694519042969e-01,4.534448683261871338e-01,2.423631995916366577e-01,-8.823559880256652832e-01,-1.174127340316772461e+00,-9.752448201179504395e-01,1.259310007095336914e+00,-9.503874778747558594e-01,-5.106762424111366272e-02,-3.703450262546539307e-01,1.226126477122306824e-01,-1.164475083351135254e+00,3.443666398525238037e-01,2.914663255214691162e-01,-9.887149333953857422e-01,-2.034471273422241211e+00,1.349862068891525269e-01,-6.020638346672058105e-01,1.046481013298034668e+00,2.644790410995483398e+00,-2.044682800769805908e-01,-1.999702215194702148e+00,1.583603769540786743e-01,-1.275489807128906250e+00,-2.130612373352050781e+00,1.021702408790588379e+00,3.499217033386230469e-01,-1.108977556228637695e+00,-1.271489143371582031e+00,-3.771496713161468506e-01,-6.019359827041625977e-01,1.540095925331115723e+00,-6.803203821182250977e-01,-1.471097767353057861e-01,-4.290130138397216797e-01,1.990960478782653809e+00,-5.357953906059265137e-01,2.002986818552017212e-01,-8.724965453147888184e-01,-5.518774390220642090e-01,2.490159511566162109e+00,1.478561282157897949e+00,-1.803399801254272461e+00,-6.794575601816177368e-02,-3.564924001693725586e-02,-4.928707778453826904e-01,1.170544028282165527e+00,3.259502947330474854e-01,-1.831609457731246948e-01,-2.148086726665496826e-01,8.906599879264831543e-02,-1.115283966064453125e-01,-3.192880153656005859e-01,1.994200199842453003e-01
-5.476840734481811523e-01,-1.101001858711242676e+00,-7.020834833383560181e-02,7.880903482437133789e-01,3.521487116813659668e-01,2.646374225616455078e+00,6.738722920417785645e-01,7.049453258514404297e-01,9.291118979454040527e-01,-8.433699607849121094e-01,-1.078352451324462891e+00,5.503723621368408203e-01,-9.065327048301696777e-01,-1.996467471122741699e+00,-9.371749162673950195e-01,-2.551910839974880219e-02,-9.420874714851379395e-01,-6.690562367439270020e-01,1.877211183309555054e-01,-4.233670532703399658e-01,3.913279473781585693e-01,-4.980231523513793945e-01,1.527386426925659180e+00,-6.990537047386169434e-01,-1.030037403106689453e+00,-1.113711223006248474e-01,-1.206536293029785156e+00,-4.634759128093719482e-01,8.005547523498535156e-01,1.276164889335632324e+00,5.665655732154846191e-01,1.101552248001098633e+00,8.672822713851928711e-01,4.693072140216827393e-01,-8.077704310417175293e-01,-8.939491957426071167e-02,7.972404956817626953e-01,-1.537496745586395264e-01,-4.162161350250244141e-01,-2.775720953941345215e-01,8.869317770004272461e-01,-2.452000141143798828e+00,1.352852821350097656e+00,-7.314877510070800781e-01,7.166011333465576172e-01,-2.980237007141113281e-01,1.020491480827331543e+00,-4.986628293991088867e-01,-1.810895681381225586e+00,9.273613095283508301e-01,2.677469514310359955e-02,-1.375133693218231201e-01,2.565699815750122070e-01,-5.044426918029785156e-01,1.870057731866836548e-01,3.318743407726287842e-01,-1.164340227842330933e-01,4.712449312210083008e-01,-1.323055505752563477e+00,-3.288875818252563477e-01,6.904989480972290039e-01,1.997564435005187988e-01,3.154003024101257324e-01,-6.300697922706604004e-01,-6.454650163650512695e-01,-1.018522083759307861e-01,-5.411027073860168457e-01,6.936239600181579590e-01,5.273951292037963867e-01,-1.018169224262237549e-01,-4.191218912601470947e-01,-2.955695092678070068e-01,4.928506910800933838e-02,2.596947252750396729e-01,6.335919499397277832e-01,2.128609120845794678e-01,2.008548527956008911e-01,-8.199295997619628906e-01,2.915047407150268555e-01,-3.625423610210418701e-01,-1.325775265693664551e+00,-1.245108604431152344e+00,7.076148986816406250e-01,7.830541729927062988e-01,-4.743540287017822266e-01,-3.800579011440277100e-01,4.406749308109283447e-01,-7.095948457717895508e-01,-6.776401996612548828e-01,2.278669357299804688e+00,3.610597923398017883e-02,2.311750948429107666e-01,8.973578810691833496e-01,-2.677412509918212891e+00,-1.311455368995666504e+00,-6.092933416366577148e-01,-1.712760776281356812e-01,6.526229977607727051e-01,-2.718698978424072266e-01,-5.207963585853576660e-01
3.319061100482940674e-01,-1.097248792648315430e+00,-3.325760066509246826e-01,-1.078675508499145508e+00,2.246050983667373657e-01,8.768882751464843750e-01,1.284788370132446289e+00,5.087926387786865234e-01,4.947918653488159180e-01,-1.828691244125366211e+00,1.094055056571960449e+00,1.508223533630371094e+00,2.126298993825912476e-01,-2.082934379577636719e-01,-1.677173823118209839e-01,-5.346739888191223145e-01,1.210662484169006348e+00,2.077571630477905273e+00,-5.268447399139404297e-01,-6.599293947219848633e-01,-5.822119116783142090e-01,-6.535698175430297852e-01,8.493272066116333008e-01,1.341790318489074707e+00,-1.702168583869934082e+00,9.004438668489456177e-02,1.310615777969360352e+00,3.284737467765808105e-02,-4.875915348529815674e-01,-5.745330452919006348e-02,2.764840126037597656e-01,7.469119876623153687e-02,-1.994402110576629639e-01,1.357730031013488770e+00,-8.435840718448162079e-04,2.861106097698211670e-01,-1.159029960632324219e+00,-1.136458039283752441e+00,-9.880995154380798340e-01,4.212384819984436035e-01,-3.816027045249938965e-01,5.290037393569946289e-01,-1.584688067436218262e+00,-2.474043369293212891e+00,-1.930340886116027832e+00,2.548584043979644775e-01,2.684437930583953857e-01,-7.373862713575363159e-02,-8.184624314308166504e-01,-5.006163120269775391e-01,-3.498119711875915527e-01,1.109953045845031738e+00,-1.991266012191772461e-01,-1.672756314277648926e+00,-7.001923769712448120e-02,5.392346382141113281e-01,9.790827631950378418e-01,1.263503581285476685e-01,-3.756266832351684570e-01,8.058807253837585449e-01,8.108629584312438965e-01,1.140566766262054443e-01,-1.821890234947204590e+00,-9.504029154777526855e-01,1.701640009880065918e+00,7.923328280448913574e-01,1.622364759445190430e+00,1.171750068664550781e+00,1.555755972862243652e+00,-7.436989545822143555e-01,-1.312733534723520279e-02,2.035040140151977539e+00,6.693711876869201660e-01,9.071322530508041382e-02,1.609588742256164551e+00,2.515738010406494141e-01,-7.241016030311584473e-01,1.610525846481323242e-01,-4.449883103370666504e-01,1.526041984558105469e+00,1.632258296012878418e+00,-9.663382768630981445e-01,-3.647401332855224609e-01,-5.274219512939453125e-01,1.567914336919784546e-01,-1.187846422195434570e+00,1.083986520767211914e+00,-8.405465483665466309e-01,2.253355026245117188e+00,7.302613258361816406e-01,6.802836656570434570e-01,-2.282837331295013428e-01,5.842379927635192871e-01,8.017827570438385010e-02,-6.270385384559631348e-01,1.270250082015991211e-01,5.341376066207885742e-01,-5.887289047241210938e-01,2.623096667230129242e-02,-3.409893214702606201e-01
9.975231289863586426e-01,-1.347103118896484375e-01,6.172095537185668945e-01,8.052222728729248047e-01,6.509222984313964844e-01,-2.482225656509399414e+00,-5.998026132583618164e-01,3.017604053020477295e-01,9.754449725151062012e-01,-3.481044769287109375e-01,-6.546093225479125977e-01,-1.526782214641571045e-01,8.104301095008850098e-01,-1.214525625109672546e-01,-1.895294785499572754e-01,4.504672586917877197e-01,-8.753577470779418945e-01,4.339036941528320312e-01,-9.663783311843872070e-01,9.760886430740356445e-02,1.054688096046447754e+00,-1.301784366369247437e-01,-2.404731065034866333e-01,1.011308431625366211e+00,-1.347433447837829590e+00,-8.804494887590408325e-02,-3.399392962455749512e-01,5.592266321182250977e-01,1.385693192481994629e+00,-4.996962249279022217e-01,-8.853532671928405762e-01,-1.882480978965759277e+00,2.421306371688842773e+00,-1.067893266677856445e+00,-1.988693922758102417e-01,3.915176987648010254e-01,-2.047124207019805908e-01,-1.317906677722930908e-01,-6.050601601600646973e-01,-9.458341002464294434e-01,4.874628782272338867e-02,2.799578011035919189e-01,-8.159994482994079590e-01,-7.805801033973693848e-01,1.359037607908248901e-01,2.813671827316284180e-01,5.646331310272216797e-01,1.613930463790893555e+00,-5.112148523330688477e-01,8.439079523086547852e-01,1.415233492851257324e+00,-1.105537414550781250e+00,4.521300196647644043e-01,1.483217477798461914e+00,-1.567131876945495605e+00,-1.480624556541442871e+00,9.761068820953369141e-01,-4.861371815204620361e-01,-6.680702567100524902e-01,9.482102990150451660e-01,7.292345762252807617e-01,5.174231529235839844e-01,1.277942180633544922e+00,-7.662020921707153320e-01,-1.196549773216247559e+00,8.611829280853271484e-01,8.418690562248229980e-01,4.400811195373535156e-01,-3.816234767436981201e-01,-5.231147408485412598e-01,-3.099962174892425537e-01,-1.774097800254821777e+00,5.478534102439880371e-01,-4.396118819713592529e-01,-3.210200071334838867e-01,-1.521494507789611816e+00,-7.057390213012695312e-01,1.340543389320373535e+00,-2.492128163576126099e-01,8.135470747947692871e-02,5.996568799018859863e-01,7.401054352521896362e-02,-1.370546936988830566e+00,-1.020957469940185547e+00,-2.354444377124309540e-02,1.542870998382568359e+00,2.420821636915206909e-01,-9.113405346870422363e-01,-1.727844595909118652e+00,-8.337003737688064575e-02,-1.543542742729187012e+00,-1.170077681541442871e+00,-9.871777296066284180e-01,-1.396032422780990601e-01,1.215219020843505859e+00,-1.085358977317810059e+00,-7.349040359258651733e-02,3.584762662649154663e-02,-1.371457457542419434e+00,1.282007336616516113e+00
5.264344215393066406e-01,-9.781377911567687988e-01,-3.213083744049072266e-01,-9.816461801528930664e-01,-8.663299083709716797e-01,2.389450743794441223e-02,-7.187515497207641602e-01,1.368176639080047607e-01,-1.077789142727851868e-01,-1.457102179527282715e+00,6.181972622871398926e-01,-1.036318063735961914e+00,5.457652211189270020e-01,-2.363459318876266479e-01,3.550441935658454895e-02,-8.283972740173339844e-01,1.880404829978942871e+00,1.701640605926513672e+00,-1.185844421386718750e+00,2.080058902502059937e-01,5.236977338790893555e-01,1.193913102149963379e+00,-1.828344464302062988e-01,-4.305739700794219971e-02,1.732887148857116699e+00,-4.013030827045440674e-01,-4.737550318241119385e-01,-1.193695306777954102e+00,1.760133951902389526e-01,1.146807193756103516e+00,-2.778235673904418945e-01,4.682116508483886719e-01,-5.169168710708618164e-01,-1.968863129615783691e+00,-2.581292092800140381e-01,2.177632808685302734e+00,5.989149957895278931e-02,-5.914909243583679199e-01,-1.092887997627258301e+00,1.251914143562316895e+00,-1.791136562824249268e-01,-4.066129401326179504e-02,-1.600804209709167480e+00,-1.233589351177215576e-01,-9.338966012001037598e-01,2.047909975051879883e+00,6.569708585739135742e-01,-2.671802639961242676e-01,9.924901276826858521e-02,1.947207301855087280e-01,1.855993717908859253e-01,-2.982608973979949951e-01,-9.388439655303955078e-01,2.094622850418090820e+00,-1.144796252250671387e+00,9.759721904993057251e-02,-8.925372958183288574e-01,8.863056302070617676e-01,-8.708755970001220703e-01,-7.854688763618469238e-01,-1.111597061157226562e+00,5.258189886808395386e-02,1.580714702606201172e+00,2.660289593040943146e-02,-1.553012579679489136e-01,4.759812951087951660e-01,1.127578616142272949e+00,1.108406186103820801e-01,-1.699103862047195435e-01,7.953295111656188965e-01,-8.087194561958312988e-01,3.466294705867767334e-02,-5.861277580261230469e-01,-2.079015731811523438e+00,-1.367756009101867676e+00,-1.607569813728332520e+00,1.704253911972045898e+00,1.205085277557373047e+00,-1.037491917610168457e+00,1.463957279920578003e-01,2.768205642700195312e+00,-4.078629612922668457e-01,1.328067660331726074e+00,-5.890800356864929199e-01,5.396845340728759766e-01,-1.429354429244995117e+00,-1.545474380254745483e-01,1.563418626785278320e+00,1.772052526473999023e+00,-1.399487376213073730e+00,-1.861210942268371582e+00,6.578345298767089844e-01,-1.258634805679321289e+00,-1.282264709472656250e+00,1.845832705497741699e+00,-4.812691509723663330e-01,9.933602809906005859e-01,-8.661392331123352051e-01,1.064390778541564941e+00,9.206244945526123047e-01
1.459382891654968262e+00,1.371698141098022461e+00,-1.011385679244995117e+00,4.613825380802154541e-01,-1.475247502326965332e+00,-2.135525465011596680e+00,-7.956176996231079102e-01,-1.769258826971054077e-01,1.144054412841796875e+00,-1.258875727653503418e-01,2.891705930233001709e-01,1.350598335266113281e-01,-9.723233580589294434e-01,-1.978247463703155518e-01,3.203575313091278076e-01,7.341793179512023926e-01,-5.316762924194335938e-01,4.513659700751304626e-02,7.755932807922363281e-01,-5.126072764396667480e-01,-3.600882589817047119e-01,1.546571612358093262e+00,-1.339529275894165039e+00,1.258767724037170410e+00,-6.297631859779357910e-01,-1.992667436599731445e+00,5.951402783393859863e-01,6.934928894042968750e-01,-1.343761384487152100e-02,-2.547804832458496094e+00,2.028407305479049683e-01,-1.056843042373657227e+00,-2.161666303873062134e-01,-1.789236664772033691e+00,5.960171818733215332e-01,1.695658713579177856e-01,7.549497485160827637e-01,-4.268159568309783936e-01,-3.954620659351348877e-01,9.270954132080078125e-01,5.510368347167968750e-01,-2.470398247241973877e-01,-4.015145003795623779e-01,-1.008221268653869629e+00,2.588185310363769531e+00,6.943013072013854980e-01,-1.932583898305892944e-01,8.210856914520263672e-01,-4.460749626159667969e-01,1.046111226081848145e+00,-6.780012696981430054e-02,4.926979243755340576e-01,-2.631193101406097412e-01,-6.263276934623718262e-02,-2.077635824680328369e-01,-7.757257819175720215e-01,-3.855587840080261230e-01,9.184500575065612793e-02,1.361433744430541992e+00,4.867760539054870605e-01,3.277921378612518311e-01,-1.775338649749755859e+00,6.985186338424682617e-01,-1.066088080406188965e-01,7.765609622001647949e-01,1.582582354545593262e+00,1.429928421974182129e+00,9.864394664764404297e-01,-1.258705735206604004e+00,8.168672323226928711e-01,4.483115077018737793e-01,-6.323240995407104492e-01,-7.109415531158447266e-02,1.461260616779327393e-01,2.060982465744018555e+00,1.507685542106628418e+00,-1.247497916221618652e+00,-9.130139350891113281e-01,-2.025337696075439453e+00,4.520897269248962402e-01,1.659945964813232422e+00,7.626255154609680176e-01,-7.569077014923095703e-01,-1.134459018707275391e+00,-3.887458741664886475e-01,1.029477000236511230e+00,-3.064036369323730469e-01,7.607994675636291504e-01,1.525214791297912598e+00,4.408594965934753418e-01,9.155582189559936523e-01,1.371183156967163086e+00,5.524303317070007324e-01,-3.331202268600463867e-01,-3.170644044876098633e-01,3.001637160778045654e-01,1.773823201656341553e-01,6.490138173103332520e-01,2.645724266767501831e-02,-1.156605005264282227e+00
5.468507409095764160e-01,-1.054572939872741699e+00,-8.953456282615661621e-01,1.450688481330871582e+00,7.409872859716415405e-02,4.930896162986755371e-01,-1.852539777755737305e-01,1.275945186614990234e+00,-3.306655883789062500e-01,-5.802413225173950195e-01,-2.529059723019599915e-02,2.181487560272216797e+00,-2.743617165833711624e-03,1.545541286468505859e+00,5.267844200134277344e-01,1.289849400520324707e+00,4.203580021858215332e-01,6.613662838935852051e-01,1.567628383636474609e+00,1.154278874397277832e+00,1.376238942146301270e+00,1.234499454498291016e+00,-1.134492039680480957e+00,-5.430483222007751465e-01,-1.557162046432495117e+00,-6.792784333229064941e-01,-6.925153732299804688e-01,-4.171443730592727661e-02,-2.999525368213653564e-01,1.061760067939758301e+00,5.558415502309799194e-02,-1.153273105621337891e+00,-3.930506706237792969e-01,-6.567851901054382324e-01,-6.786423921585083008e-01,1.899474114179611206e-01,-1.288163661956787109e-01,-4.968046396970748901e-02,2.331891536712646484e+00,-1.511505603790283203e+00,4.645337462425231934e-01,-1.409248232841491699e+00,-8.228399604558944702e-02,1.333464384078979492e+00,-1.035775423049926758e+00,1.255331374704837799e-02,3.590711057186126709e-01,1.552293896675109863e+00,1.124432921409606934e+00,3.229276835918426514e-01,1.425921797752380371e+00,-6.065703630447387695e-01,1.030207157135009766e+00,2.770015895366668701e-01,5.769860744476318359e-01,-1.869830131530761719e+00,-5.206559300422668457e-01,-9.114722907543182373e-02,1.162636995315551758e+00,-2.548330128192901611e-01,8.640673756599426270e-01,1.181715369224548340e+00,6.743245720863342285e-01,1.377073526382446289e-01,5.102251768112182617e-01,-1.180642127990722656e+00,8.731088042259216309e-01,-4.790296033024787903e-02,2.786860466003417969e+00,1.320262193679809570e+00,1.203589320182800293e+00,-7.839279174804687500e-01,1.916912347078323364e-01,-5.082843899726867676e-01,5.502499341964721680e-01,3.663554489612579346e-01,-4.026957154273986816e-01,-1.045760154724121094e+00,-7.832787036895751953e-01,2.667649984359741211e-01,2.841143131256103516e+00,1.321615338325500488e+00,3.880260288715362549e-01,9.200358986854553223e-01,6.337322294712066650e-02,-1.553028106689453125e+00,3.759498000144958496e-01,-1.516395807266235352e+00,-1.529761075973510742e+00,1.581944078207015991e-01,1.718236923217773438e+00,7.697345316410064697e-02,5.207189917564392090e-01,1.122564196586608887e+00,-3.592127561569213867e-01,-3.475283682346343994e-01,-6.178311109542846680e-01,1.150179982185363770e+00,-8.470860123634338379e-01,-1.212103486061096191e+00
-2.799333930015563965e-01,2.073555469512939453e+00,-1.056918263435363770e+00,-1.185482069849967957e-01,5.687841214239597321e-03,4.565128684043884277e-02,-1.752674818038940430e+00,6.868575811386108398e-01,-1.346749544143676758e+00,-1.290041923522949219e+00,-1.188703179359436035e+00,-7.814819812774658203e-01,-8.939476609230041504e-01,-2.223098754882812500e+00,-1.005890130996704102e+00,1.423009037971496582e+00,4.049452841281890869e-01,3.990737199783325195e-01,4.085415601730346680e-02,-5.047202110290527344e-01,-1.477842181921005249e-01,6.006732583045959473e-01,-7.351060211658477783e-02,-5.386013984680175781e-01,-1.064782813191413879e-01,6.517115235328674316e-01,-3.604699373245239258e-01,-6.237759590148925781e-01,-6.831491589546203613e-01,9.136781692504882812e-01,8.762696981430053711e-01,6.963192820549011230e-01,4.662248492240905762e-01,-6.884514093399047852e-01,-1.750437319278717041e-01,-1.072057604789733887e+00,-8.358687758445739746e-01,-2.439401596784591675e-01,5.295774936676025391e-01,2.821340560913085938e+00,1.120129749178886414e-01,-1.103967308998107910e+00,6.291739642620086670e-02,9.842125177383422852e-01,-2.845644712448120117e+00,8.919693231582641602e-01,1.574413418769836426e+00,1.607602715492248535e+00,2.360309287905693054e-02,5.256994366645812988e-01,-9.600391387939453125e-01,-4.219048917293548584e-01,1.883322477340698242e+00,1.691701292991638184e+00,6.613878607749938965e-01,2.785859107971191406e-01,-1.243012771010398865e-01,-6.794736981391906738e-01,-1.348631262779235840e+00,-9.770538657903671265e-02,-1.768146395683288574e+00,-7.334085702896118164e-01,1.017903447151184082e+00,-1.258752822875976562e+00,1.080281853675842285e+00,8.742020726203918457e-01,7.563330531120300293e-01,-6.882861256599426270e-01,-5.096297860145568848e-01,-6.192055344581604004e-01,3.122334927320480347e-02,2.802616357803344727e-01,-8.924045562744140625e-01,-1.127826571464538574e+00,-3.020379245281219482e-01,5.137078464031219482e-02,1.765921711921691895e+00,-4.400151073932647705e-01,-1.577332258224487305e+00,-4.733389616012573242e-01,2.106489896774291992e+00,-4.739948213100433350e-01,1.284723281860351562e-01,-1.709158778190612793e+00,-6.904938071966171265e-02,5.519242882728576660e-01,3.085124790668487549e-01,7.106855046004056931e-03,3.423238694667816162e-01,-1.028304472565650940e-01,1.240959316492080688e-01,1.600035905838012695e+00,7.268825173377990723e-01,-1.671733260154724121e-01,-8.151584863662719727e-01,5.568307638168334961e-01,-3.260622918605804443e-01,-8.265808224678039551e-01,1.489967584609985352e+00,2.911120951175689697e-01
-1.571889370679855347e-01,-6.631864905357360840e-01,1.198457002639770508e+00,1.349277853965759277e+00,-7.192472219467163086e-01,-1.114337444305419922e+00,6.087940931320190430e-01,-6.831938028335571289e-01,1.758740901947021484e+00,-1.480530142784118652e+00,1.387296915054321289e+00,-9.866107106208801270e-01,-5.740778446197509766e-01,-1.299684345722198486e-01,-7.771875858306884766e-01,3.494716584682464600e-01,1.725443154573440552e-01,7.922797203063964844e-01,4.174073040485382080e-01,-6.615430712699890137e-01,6.555550098419189453e-01,1.283513307571411133e+00,9.068258106708526611e-02,-3.096104264259338379e-01,-2.908677756786346436e-01,1.467873454093933105e+00,-5.946488976478576660e-01,-1.406878232955932617e+00,1.283821821212768555e+00,-3.313871473073959351e-02,1.416600942611694336e+00,-5.869734287261962891e-01,-6.843208521604537964e-02,5.923181176185607910e-01,3.690475523471832275e-01,-6.208748817443847656e-01,-1.107126474380493164e+00,-1.402769327163696289e+00,3.863604664802551270e-01,7.610786557197570801e-01,1.545389652252197266e+00,3.748455345630645752e-01,7.074665427207946777e-01,-2.484835624694824219e+00,8.644842505455017090e-01,-5.293706655502319336e-01,2.586030960083007812e+00,4.495151638984680176e-01,1.503459334373474121e+00,-2.561427354812622070e-01,-4.205852150917053223e-01,1.343905925750732422e+00,-1.211238950490951538e-01,-1.092084646224975586e+00,1.469104588031768799e-01,9.486539363861083984e-01,2.685439288616180420e-01,1.295548319816589355e+00,-2.468751519918441772e-01,1.530572533607482910e+00,6.585022211074829102e-01,-1.303526878356933594e+00,-1.620785444974899292e-01,-1.058245301246643066e+00,-7.523871660232543945e-01,2.065574884414672852e+00,1.439032673835754395e+00,-2.458488643169403076e-01,1.097834825515747070e+00,2.384140044450759888e-01,-1.261380076408386230e+00,1.626150757074356079e-01,-7.927904725074768066e-01,7.650662660598754883e-01,6.059560179710388184e-01,7.109417319297790527e-01,-4.685649871826171875e-01,1.352062344551086426e+00,1.617909073829650879e-01,-4.640921056270599365e-01,-1.952372789382934570e-01,2.550387009978294373e-02,2.470149248838424683e-01,-2.813394367694854736e-02,9.626421332359313965e-02,9.961894750595092773e-01,-1.003526687622070312e+00,6.869453191757202148e-01,5.360705852508544922e-01,3.322421014308929443e-01,1.461977362632751465e+00,-1.618095487356185913e-01,-1.652179062366485596e-01,1.611573696136474609e-01,6.569644808769226074e-01,-2.160054922103881836e+00,3.937257528305053711e-01,1.030480980873107910e+00,-9.778026342391967773e-01,-1.615803837776184082e+00
-1.011787176132202148e+00,5.938716530799865723e-01,4.393998384475708008e-01,-2.681774497032165527e-01,3.296620771288871765e-02,-2.836945354938507080e-01,3.034933805465698242e-01,1.514389991760253906e+00,1.919932514429092407e-01,-1.545489192008972168e+00,2.344194501638412476e-01,-1.005269408226013184e+00,2.449742704629898071e-01,1.111369371414184570e+00,-2.329456806182861328e+00,-2.361540317535400391e+00,2.593112230300903320e+00,-8.902635425329208374e-03,-6.955794692039489746e-01,-9.956626594066619873e-02,-4.015100598335266113e-01,4.619448184967041016e-01,1.921965837478637695e+00,-6.677312850952148438e-01,-1.626713991165161133e+00,-5.574131011962890625e-01,-6.562791466712951660e-01,3.242153525352478027e-01,-2.701999902725219727e+00,8.923254162073135376e-02,1.528568387031555176e+00,1.155686855316162109e+00,4.401627480983734131e-01,-4.893172681331634521e-01,8.749915957450866699e-01,-2.263259515166282654e-02,-7.482249736785888672e-01,1.624157875776290894e-01,-1.239762187004089355e+00,6.807146668434143066e-01,2.455543875694274902e-01,-1.261607855558395386e-01,-9.231439828872680664e-01,8.278270810842514038e-02,-5.235618948936462402e-01,1.587356448173522949e+00,-1.065630465745925903e-01,-1.197012305259704590e+00,3.591566324234008789e+00,-2.285408526659011841e-01,-1.438303947448730469e+00,7.731747627258300781e-01,8.723745346069335938e-01,-1.521185785531997681e-01,-9.921911954879760742e-01,-2.988688945770263672e-01,1.491721272468566895e+00,-5.523948073387145996e-01,1.607448101043701172e+00,-5.977091789245605469e-01,-7.695561051368713379e-01,-1.116916537284851074e+00,1.949286907911300659e-01,1.067580342292785645e+00,-9.948970377445220947e-02,-2.200641185045242310e-01,8.819177746772766113e-01,-2.382403761148452759e-01,6.585716009140014648e-01,8.891732096672058105e-01,-1.631742954254150391e+00,2.244792461395263672e+00,-1.255369663238525391e+00,-1.094313621520996094e+00,-1.321234107017517090e+00,-1.226627752184867859e-01,6.156827211380004883e-01,-8.217896223068237305e-01,4.598374962806701660e-01,-5.384591817855834961e-01,8.890717029571533203e-01,-1.012092471122741699e+00,4.852197319269180298e-02,1.308519363403320312e+00,-1.114358678460121155e-01,6.128870695829391479e-02,-1.156392931938171387e+00,3.756480291485786438e-03,7.826323509216308594e-01,8.141759634017944336e-01,9.063207507133483887e-01,-1.306497454643249512e+00,8.316205143928527832e-01,-1.166166663169860840e+00,3.675285279750823975e-01,-8.617988824844360352e-01,1.367135047912597656e+00,7.630529999732971191e-01,-1.313862483948469162e-02,-5.246160030364990234e-01
9.829996824264526367e-01,2.333339154720306396e-01,1.248245835304260254e-01,-3.184566795825958252e-01,3.424146771430969238e-01,-9.379670619964599609e-01,-4.195772707462310791e-01,1.226329684257507324e+00,1.086531639099121094e+00,5.308929085731506348e-01,3.931881114840507507e-02,5.591149255633354187e-02,2.956261336803436279e-01,-3.318527936935424805e-01,9.728574752807617188e-01,9.398223459720611572e-02,4.716373085975646973e-01,-4.654133617877960205e-01,-1.380853295326232910e+00,-7.944166064262390137e-01,1.825559437274932861e-01,-1.751398682594299316e+00,-1.624245285987854004e+00,-1.024987816810607910e+00,6.664726138114929199e-01,1.021059632301330566e+00,-1.379206418991088867e+00,4.703209102153778076e-01,-7.853260040283203125e-01,-1.851550817489624023e+00,2.492299795150756836e+00,-7.834177613258361816e-01,1.122455120086669922e+00,-7.854065299034118652e-02,-1.325390577316284180e+00,1.440240621566772461e+00,-1.595554798841476440e-01,-4.883338212966918945e-01,3.440847396850585938e-01,1.428755283355712891e+00,-1.314890861511230469e+00,-1.430914759635925293e+00,-7.546989917755126953e-01,2.000952720642089844e+00,6.331123709678649902e-01,2.185486704111099243e-01,-1.604848146438598633e+00,-2.873355746269226074e-01,2.029916524887084961e+00,-2.136702775955200195e+00,1.251707315444946289e+00,9.601824283599853516e-01,-1.466119289398193359e+00,-8.361839056015014648e-01,-8.846843242645263672e-01,9.594327211380004883e-01,2.373217344284057617e+00,-1.496426612138748169e-01,-8.398576825857162476e-02,4.556822776794433594e-01,1.519495964050292969e+00,-6.489796191453933716e-02,5.302691459655761719e-01,-1.941330432891845703e+00,-1.483834683895111084e-01,-8.666694164276123047e-01,1.583844661712646484e+00,-6.492970585823059082e-01,4.651620518416166306e-03,-7.482278347015380859e-01,-1.678826570510864258e+00,1.291749775409698486e-01,-5.114336609840393066e-01,5.025689005851745605e-01,1.469637513160705566e+00,-4.348880052566528320e-01,-2.263413429260253906e+00,-1.354544758796691895e+00,1.468277692794799805e+00,5.874860286712646484e-01,5.350528359413146973e-01,4.143010675907135010e-01,-4.893309772014617920e-01,1.863510847091674805e+00,-1.170715689659118652e+00,-6.800552606582641602e-01,-8.962599188089370728e-02,4.688007831573486328e-01,-1.704421043395996094e+00,5.512514114379882812e-01,1.208102107048034668e+00,2.386288791894912720e-01,-2.158680111169815063e-01,-3.088180720806121826e-01,-1.261586904525756836e+00,-1.591110944747924805e+00,-1.520428299903869629e+00,2.089058309793472290e-01,4.033714160323143005e-02,-4.184217751026153564e-01
3.557882547378540039e+00,-3.657318949699401855e-01,1.285807043313980103e-01,-1.228172302246093750e+00,2.534592151641845703e-01,2.130031824111938477e+00,-6.257929205894470215e-01,-9.556930661201477051e-01,2.046300172805786133e-01,-2.224983215332031250e+00,-5.212275981903076172e-01,9.271574020385742188e-01,8.564934134483337402e-01,-5.080038309097290039e-01,-7.646520733833312988e-01,-3.308078050613403320e-01,-2.447637796401977539e+00,-6.066072359681129456e-02,-3.334235772490501404e-02,-5.643318891525268555e-01,3.985417783260345459e-01,2.013432532548904419e-01,3.957642316818237305e-01,1.111912131309509277e+00,-9.463365674018859863e-01,-1.303283929824829102e+00,5.925749987363815308e-02,1.007855385541915894e-01,-6.846997737884521484e-01,1.205430507659912109e+00,5.569397211074829102e-01,8.520253896713256836e-01,-2.988691441714763641e-02,-4.614858329296112061e-01,-2.555691719055175781e+00,8.721781522035598755e-02,2.617953121662139893e-01,1.249663114547729492e+00,-7.618172168731689453e-01,1.486342072486877441e+00,-6.569296121597290039e-01,1.695979952812194824e+00,7.818455100059509277e-01,-6.442016959190368652e-01,-1.954189062118530273e+00,-2.041397094726562500e+00,-5.936877727508544922e-01,-1.617576479911804199e+00,-6.464647650718688965e-01,-1.568953037261962891e+00,1.708101153373718262e+00,-3.325453400611877441e-01,1.505469918251037598e+00,-3.332713544368743896e-01,-3.603373467922210693e-01,2.584939301013946533e-01,-4.451206326484680176e-01,-4.752893149852752686e-01,-3.278847932815551758e-01,-1.142458915710449219e+00,1.545625805854797363e+00,1.308500647544860840e+00,-8.042553663253784180e-01,-9.490799903869628906e-01,-5.010310411453247070e-01,3.677777647972106934e-01,1.129884570837020874e-01,1.606409549713134766e-01,-3.906481266021728516e-01,-1.989704966545104980e+00,1.576054215431213379e+00,-2.941758334636688232e-01,-8.137009143829345703e-01,-2.129653096199035645e-01,-1.916201472282409668e+00,-1.490138769149780273e-01,-3.117971122264862061e-01,-9.918132424354553223e-02,9.903620481491088867e-01,-7.302004098892211914e-01,-1.290065526962280273e+00,2.577230691909790039e+00,-1.243281587958335876e-01,-1.845947146415710449e+00,-2.665236294269561768e-01,2.086133241653442383e+00,8.693905547261238098e-03,5.553049445152282715e-01,1.034925818443298340e+00,-1.043907046318054199e+00,3.718814849853515625e-01,-1.450736284255981445e+00,-6.557243466377258301e-01,-4.155449867248535156e-01,1.446601986885070801e+00,-5.509513616561889648e-01,-1.306090354919433594e-01,-1.023066878318786621e+00,-4.395085275173187256e-01,-3.063439726829528809e-01
4.417247176170349121e-01,2.244627028703689575e-01,-5.333923697471618652e-01,7.708026170730590820e-01,-8.946282863616943359e-01,1.112282872200012207e+00,-1.627123236656188965e+00,-2.972940206527709961e-01,3.451902568340301514e-01,1.346282482147216797e+00,-6.595954895019531250e-01,-9.244146943092346191e-01,-8.542932271957397461e-01,-9.243695139884948730e-01,2.529689371585845947e-01,-1.107048511505126953e+00,-2.178748130798339844e+00,-1.590075045824050903e-01,1.283427119255065918e+00,-1.529269516468048096e-01,-1.077715754508972168e-01,-1.932686448097229004e+00,-6.966668367385864258e-01,-2.314805239439010620e-01,-5.380859971046447754e-01,-6.419067382812500000e-01,-5.565084815025329590e-01,1.335038900375366211e+00,-2.989118099212646484e-01,2.328322976827621460e-01,1.095732808113098145e+00,2.031143665313720703e+00,-1.277716994285583496e+00,-3.226569175720214844e+00,-8.421009182929992676e-01,-9.938899874687194824e-01,2.171339690685272217e-01,4.370816051959991455e-01,-1.755943149328231812e-01,-4.792792201042175293e-01,2.643780224025249481e-02,-1.351916044950485229e-01,-5.661487579345703125e-01,7.377288341522216797e-01,-7.281481027603149414e-01,5.540224537253379822e-02,-1.430193901062011719e+00,-8.813371062278747559e-01,-1.359066814184188843e-01,1.331625431776046753e-01,-8.245033025741577148e-01,1.329720020294189453e+00,1.307927608489990234e+00,3.248678520321846008e-02,-9.420166015625000000e-01,-1.829410642385482788e-01,3.855209350585937500e-01,-1.145621165633201599e-01,-2.851387560367584229e-01,1.166902899742126465e+00,2.427362799644470215e-01,6.971743702888488770e-01,-1.460598707199096680e+00,1.576276183128356934e+00,3.913609683513641357e-01,-7.740543484687805176e-01,-9.985279440879821777e-01,-3.003600835800170898e-01,9.120371937751770020e-01,-7.484605908393859863e-01,3.000560104846954346e-01,-1.197677701711654663e-01,-4.563026428222656250e-01,1.099974632263183594e+00,-3.177566081285476685e-02,-4.294516742229461670e-01,6.467162370681762695e-01,8.343616873025894165e-02,3.055254817008972168e-01,1.073718309402465820e+00,-1.335016727447509766e+00,7.680721879005432129e-01,-9.170873165130615234e-01,-2.418851375579833984e+00,2.095990031957626343e-01,-8.031678795814514160e-01,1.860462665557861328e+00,1.294935107231140137e+00,-1.816999912261962891e-01,-1.297267675399780273e-01,-1.589805841445922852e+00,-6.821438670158386230e-01,4.096044898033142090e-01,5.921844840049743652e-01,-4.817539751529693604e-01,7.058703154325485229e-02,-1.088233947753906250e+00,-1.212420582771301270e+00,-2.192008495330810547e+00,-8.595276474952697754e-01
1.015898585319519043e+00,-1.684439897537231445e+00,-1.651294469833374023e+00,-6.663839817047119141e-01,2.100912570953369141e+00,-2.154032230377197266e+00,8.931565284729003906e-01,-6.803694963455200195e-01,-5.488678216934204102e-01,-1.759570538997650146e-01,-9.038968086242675781e-01,-5.954522490501403809e-01,5.031274557113647461e-01,9.531090855598449707e-01,-1.025860548019409180e+00,8.849850893020629883e-01,-1.009283661842346191e+00,2.140188694000244141e+00,6.324670910835266113e-01,-1.219298601150512695e+00,-7.841697931289672852e-01,-6.715775728225708008e-01,-1.535854302346706390e-02,-2.927406504750251770e-02,4.887043833732604980e-01,1.203020215034484863e+00,-1.289738565683364868e-01,3.717836439609527588e-01,5.116949081420898438e-01,-7.128834128379821777e-01,-2.605096697807312012e-01,-1.827273488044738770e+00,5.228594541549682617e-01,6.847943663597106934e-01,-1.224346280097961426e+00,2.484117262065410614e-02,5.674596428871154785e-01,9.540266990661621094e-01,4.933632537722587585e-02,-9.217795729637145996e-01,-3.473087549209594727e-01,-7.375098466873168945e-01,-1.998916745185852051e+00,-2.141179084777832031e+00,-1.251120567321777344e+00,-4.103092849254608154e-01,-1.346078753471374512e+00,-1.119085550308227539e+00,2.515773534774780273e+00,-1.639853835105895996e+00,8.354558348655700684e-01,7.903363704681396484e-01,1.287497639656066895e+00,5.712117552757263184e-01,1.435255050659179688e+00,-6.448976993560791016e-01,-4.433687031269073486e-01,9.354084134101867676e-01,-6.912882924079895020e-01,-1.872813940048217773e+00,2.111886143684387207e-01,1.514594443142414093e-02,8.854373693466186523e-01,1.243353709578514099e-01,-1.500810861587524414e+00,-3.338482081890106201e-01,3.345782682299613953e-02,8.538625836372375488e-01,-1.380141854286193848e+00,-1.751599311828613281e+00,1.318759679794311523e+00,1.989104032516479492e+00,5.329313278198242188e-01,7.909315228462219238e-01,1.940493471920490265e-02,-9.927580505609512329e-02,2.755987048149108887e-01,5.196435451507568359e-01,1.936374664306640625e+00,1.088322103023529053e-01,-7.478212118148803711e-01,-5.545455813407897949e-01,-1.061950773000717163e-01,-5.678791999816894531e-01,1.940650194883346558e-01,2.058597356081008911e-01,1.750631779432296753e-01,-3.275273144245147705e-01,-3.375196158885955811e-01,-1.793520689010620117e+00,2.436119079589843750e+00,-1.807307720184326172e+00,1.082609415054321289e+00,-6.115126609802246094e-01,-5.146070122718811035e-01,3.882899135351181030e-02,6.583209633827209473e-01,1.056260228157043457e+00,1.443492412567138672e+00,1.404176354408264160e+00
2.114459872245788574e-01,5.589841008186340332e-01,3.436305373907089233e-02,-7.346913218498229980e-02,-1.669211030006408691e+00,3.813593834638595581e-02,-6.168885231018066406e-01,5.745558142662048340e-01,-2.022998332977294922e+00,-7.966405153274536133e-01,4.307171702384948730e-01,9.058867692947387695e-01,-1.279900431632995605e+00,-3.452945351600646973e-01,7.190239429473876953e-02,6.009259819984436035e-01,-1.349376797676086426e+00,2.957629859447479248e-01,1.071927070617675781e+00,7.344040870666503906e-01,5.232632160186767578e-01,-1.278112649917602539e+00,-1.823919534683227539e+00,-4.411886632442474365e-01,-5.077542662620544434e-01,7.083837389945983887e-01,-6.841171383857727051e-01,5.776524543762207031e-02,4.801451563835144043e-01,-1.061209321022033691e+00,-2.287248224020004272e-01,5.394182205200195312e-01,1.424080252647399902e+00,3.249704837799072266e-03,-1.954223029315471649e-02,1.085652709007263184e+00,-2.803450822830200195e-01,-7.883096337318420410e-01,-1.879616022109985352e+00,-1.918483376502990723e-01,-3.231243491172790527e-01,3.964578509330749512e-01,1.093913674354553223e+00,1.048790097236633301e+00,1.960270285606384277e+00,3.753814697265625000e-01,-3.099245429039001465e-01,-5.012553334236145020e-01,7.138675451278686523e-01,8.401312232017517090e-01,-9.749398380517959595e-02,-4.368384182453155518e-01,9.930977225303649902e-01,3.805085122585296631e-01,-1.780589371919631958e-01,5.638685226440429688e-01,-1.605937957763671875e+00,3.263621777296066284e-02,7.668002694845199585e-02,2.364342361688613892e-01,-6.047779321670532227e-01,2.790912866592407227e+00,1.005072951316833496e+00,-8.636761307716369629e-01,7.391623854637145996e-01,7.389417290687561035e-01,1.447370529174804688e+00,4.544989392161369324e-02,-7.825236022472381592e-02,1.006739616394042969e+00,-8.940482139587402344e-02,1.080154299736022949e+00,2.436086535453796387e-02,2.463608741760253906e+00,1.653129756450653076e-01,-2.060065418481826782e-01,-3.868279159069061279e-01,-4.551488161087036133e-01,-1.995745599269866943e-01,-2.229519337415695190e-01,7.011987268924713135e-02,-7.528899312019348145e-01,7.483775019645690918e-01,-3.581542372703552246e-01,1.297127455472946167e-01,3.708365559577941895e-01,1.014801934361457825e-01,-1.721963047981262207e+00,-4.251754581928253174e-01,9.016294777393341064e-02,4.480697810649871826e-01,-3.573107719421386719e-01,-1.885665804147720337e-01,-2.384747862815856934e-01,1.107942819595336914e+00,2.625341653823852539e+00,3.892355859279632568e-01,-6.343806982040405273e-01,2.359156906604766846e-01,1.998415589332580566e+00
1.363101840019226074e+00,-4.184714853763580322e-01,-7.497192621231079102e-01,6.719090342521667480e-01,-9.940617680549621582e-01,-6.091296076774597168e-01,-2.463478893041610718e-01,-2.423117309808731079e-01,-2.143182158470153809e-01,-4.189114570617675781e-01,9.381882101297378540e-02,1.054765284061431885e-01,-1.426998019218444824e+00,-1.034618258476257324e+00,-5.115446820855140686e-02,1.077598690986633301e+00,-5.813030600547790527e-01,-3.517015278339385986e-01,4.753539860248565674e-01,8.418697118759155273e-01,-6.060112714767456055e-01,-1.152843832969665527e+00,6.135242581367492676e-01,-1.250467896461486816e+00,-1.678541183471679688e+00,-5.428066253662109375e-01,9.182046651840209961e-01,7.284350395202636719e-01,-9.215776920318603516e-01,2.420799583196640015e-01,2.523565888404846191e-01,-1.294594816863536835e-02,6.313255429267883301e-01,-5.215852260589599609e-01,1.470161080360412598e-01,-1.195269942283630371e+00,1.276731044054031372e-01,-7.566023468971252441e-01,-2.857683300971984863e-01,-1.944251179695129395e+00,8.430258035659790039e-01,-8.095102384686470032e-03,8.346716165542602539e-01,1.121260449290275574e-01,1.144483685493469238e+00,1.797732353210449219e+00,-2.073687553405761719e+00,1.018516182899475098e+00,-1.000500768423080444e-01,-9.643248468637466431e-02,-2.953485548496246338e-01,-3.324444890022277832e-01,1.098992347717285156e+00,-1.021038413047790527e+00,2.144320905208587646e-01,5.962173342704772949e-01,-1.409092903137207031e+00,-1.326961994171142578e+00,-8.713343143463134766e-01,6.080240607261657715e-01,3.017540931701660156e+00,3.399609327316284180e-01,-1.846702396869659424e-01,5.994294583797454834e-02,-2.765041589736938477e-01,-5.057978034019470215e-01,1.981075406074523926e+00,-7.472296804189682007e-02,9.740442037582397461e-01,-7.682417333126068115e-02,6.843043118715286255e-02,2.928853511810302734e+00,-2.353792637586593628e-01,-2.426760494709014893e-01,7.509606480598449707e-01,-1.355237811803817749e-01,-1.260910391807556152e+00,4.326151907444000244e-01,2.935246229171752930e-01,4.198158383369445801e-01,5.460522174835205078e-01,2.307116389274597168e-01,-8.242051303386688232e-02,-1.232196092605590820e+00,6.346003413200378418e-01,2.417106479406356812e-01,1.149077564477920532e-01,9.041289091110229492e-01,2.052252531051635742e+00,1.419942140579223633e+00,5.827433466911315918e-01,5.579548478126525879e-01,-7.958554625511169434e-01,-4.330758154392242432e-01,-8.671550154685974121e-01,1.550090163946151733e-01,-6.540321707725524902e-01,-2.074294805526733398e+00,-5.075668692588806152e-01,-5.241724252700805664e-01
-1.083815455436706543e+00,-2.659292459487915039e+00,2.240737438201904297e+00,-2.688229978084564209e-01,-1.147528886795043945e+00,-4.267571270465850830e-01,-1.079831480979919434e+00,2.358514070510864258e-01,8.034176230430603027e-01,1.455604434013366699e+00,6.604255437850952148e-01,1.050180435180664062e+00,-4.333986937999725342e-01,-6.687136292457580566e-01,1.913354992866516113e-01,1.027545094490051270e+00,-2.458247184753417969e+00,-1.296078115701675415e-01,-4.252729415893554688e-01,-1.223520517349243164e+00,2.088737249374389648e+00,1.126819252967834473e+00,4.826245605945587158e-01,-6.223210692405700684e-01,6.103009581565856934e-01,-4.594980180263519287e-01,8.375709652900695801e-01,3.417863249778747559e-01,-6.965080648660659790e-02,9.974855780601501465e-01,6.223970055580139160e-01,-1.557665824890136719e+00,-5.728238821029663086e-01,5.132412910461425781e-01,1.936228573322296143e-01,-1.051828384399414062e+00,-2.552319765090942383e-01,-7.041481733322143555e-01,2.292243093252182007e-01,1.015664696693420410e+00,1.375678062438964844e+00,-3.058834969997406006e-01,-5.056970119476318359e-01,-1.365079045295715332e+00,7.646151781082153320e-01,1.255514025688171387e+00,-3.853517174720764160e-01,-8.339272737503051758e-01,1.048406720161437988e+00,-5.034518241882324219e-01,-1.704637646675109863e+00,6.978918910026550293e-01,1.025869607925415039e+00,3.765711784362792969e-01,5.541821718215942383e-01,1.675410151481628418e+00,1.121642217040061951e-01,1.218589186668395996e+00,3.044529259204864502e-01,5.729143619537353516e-01,-7.566570043563842773e-01,8.072052597999572754e-01,3.900634944438934326e-01,-1.789819121360778809e+00,-2.745793461799621582e-01,-8.639875054359436035e-01,1.624892950057983398e+00,4.822368919849395752e-02,-7.177199125289916992e-01,1.518385529518127441e+00,6.874693036079406738e-01,-1.233752250671386719e+00,-8.561610579490661621e-01,-1.221527814865112305e+00,6.109571456909179688e-01,2.463147163391113281e+00,-9.587631225585937500e-01,2.351715803146362305e+00,2.547504663467407227e+00,-1.246747136116027832e+00,-1.178047537803649902e+00,5.012962222099304199e-01,-3.364876145496964455e-03,-4.470010995864868164e-01,-6.020393967628479004e-01,-1.294896006584167480e-01,-1.347807049751281738e+00,1.129097223281860352e+00,-1.462664827704429626e-02,-1.049022316932678223e+00,-4.711820781230926514e-01,-3.081581592559814453e-01,5.712760090827941895e-01,1.129201292991638184e+00,-1.105096817016601562e+00,-1.138309717178344727e+00,7.884446978569030762e-01,-3.072788417339324951e-01,1.683271050453186035e+00,-8.413395285606384277e-01
4.430332779884338379e-01,3.860550224781036377e-01,-3.429220616817474365e-01,2.003397941589355469e+00,-8.911004066467285156e-01,-9.304232895374298096e-02,-1.241329789161682129e+00,1.221465826034545898e+00,-3.258522450923919678e-01,-6.461544632911682129e-01,1.305158615112304688e+00,5.806528329849243164e-01,-2.887457311153411865e-01,-8.577606678009033203e-01,-6.674426198005676270e-01,-3.301329016685485840e-01,-1.074746809899806976e-02,-8.745437264442443848e-01,1.102282047271728516e+00,2.503484785556793213e-01,-1.442407846450805664e+00,-1.086841464042663574e+00,6.045283675193786621e-01,4.491904675960540771e-01,7.562665939331054688e-01,1.711061835289001465e+00,1.756762981414794922e+00,-5.685995221138000488e-01,-6.278532147407531738e-01,1.150802493095397949e+00,-2.057335525751113892e-01,-2.208367735147476196e-01,1.586946845054626465e+00,1.181245684623718262e+00,-1.022470951080322266e+00,1.457494050264358521e-01,7.086026668548583984e-02,1.044669866561889648e+00,-4.390312731266021729e-01,2.814337313175201416e-01,1.487595081329345703e+00,5.829992890357971191e-01,-8.990536928176879883e-01,-8.910971879959106445e-02,9.797581434249877930e-01,1.759210109710693359e+00,5.270544886589050293e-01,7.783018946647644043e-01,-1.252842992544174194e-01,-1.453676700592041016e+00,7.595836520195007324e-01,2.652964890003204346e-01,2.711046934127807617e-01,9.447245597839355469e-01,1.153064608573913574e+00,7.214826345443725586e-01,8.937541842460632324e-01,5.962585210800170898e-01,-3.752928078174591064e-01,2.132827788591384888e-01,-1.381866335868835449e-01,-2.649285793304443359e-01,-2.880998849868774414e-01,3.902482986450195312e-01,-2.201680541038513184e-01,-2.952361106872558594e-01,-1.242744565010070801e+00,1.617752164602279663e-01,9.009113311767578125e-01,-6.927112936973571777e-01,-6.946581006050109863e-01,7.329934239387512207e-01,-4.063306152820587158e-01,7.653667926788330078e-01,6.778265237808227539e-01,-2.941593229770660400e-01,-7.461914420127868652e-01,6.744496822357177734e-01,5.562172457575798035e-02,7.948598861694335938e-01,1.043469309806823730e+00,-2.267762422561645508e+00,1.009896636009216309e+00,6.647866964340209961e-01,-5.377792119979858398e-01,1.553584456443786621e+00,4.574922025203704834e-01,-9.483749270439147949e-01,-1.278210520744323730e+00,2.177060842514038086e-01,1.749776721000671387e+00,-5.116600394248962402e-01,5.999374389648437500e-01,-1.351557016372680664e+00,1.707137107849121094e+00,3.062531054019927979e-01,-1.186662554740905762e+00,1.111714959144592285e+00,8.357275128364562988e-01,-1.417642593383789062e+00
-1.151206731796264648e+00,1.793872952461242676e+00,5.709043741226196289e-01,-1.675704240798950195e+00,-2.935889959335327148e-01,-4.929996132850646973e-01,4.407179653644561768e-01,-1.493175029754638672e+00,7.183778285980224609e-01,1.069210410118103027e+00,-4.771041683852672577e-03,-1.444733619689941406e+00,1.016870975494384766e+00,3.004920780658721924e-01,-7.086413502693176270e-01,6.097530722618103027e-01,-2.172004938125610352e+00,-4.668753743171691895e-01,-1.501290798187255859e-01,-7.247768640518188477e-01,1.608393907546997070e+00,3.041362166404724121e-01,-4.710897505283355713e-01,2.085919529199600220e-01,7.831852436065673828e-01,-1.510003566741943359e+00,-8.695487976074218750e-01,1.434972733259201050e-01,1.279140561819076538e-01,-9.009125828742980957e-01,1.361636668443679810e-01,4.957964420318603516e-01,8.342624902725219727e-01,-1.125461220741271973e+00,-2.054792046546936035e-01,7.990244626998901367e-01,-9.306550025939941406e-01,1.019745349884033203e+00,-1.706233382225036621e+00,-2.661227703094482422e+00,3.457308188080787659e-02,2.808201313018798828e-01,3.752145767211914062e-01,4.206773042678833008e-01,-3.604932725429534912e-01,-1.018415451049804688e+00,-2.298541784286499023e+00,1.991265773773193359e+00,7.485510706901550293e-01,1.023387536406517029e-01,-9.951847791671752930e-02,-1.641937851905822754e+00,4.034154117107391357e-01,-4.507157206535339355e-01,1.925833225250244141e+00,8.002583980560302734e-01,3.693343997001647949e-01,-6.639750003814697266e-01,-1.897893548011779785e-01,1.670226693153381348e+00,-4.769288301467895508e-01,-5.098890885710716248e-02,1.783999204635620117e-01,8.215352296829223633e-01,-2.640465736389160156e+00,2.313768416643142700e-01,1.294498443603515625e+00,-4.118407666683197021e-01,-5.833999514579772949e-01,-1.797000288963317871e+00,-1.113392949104309082e+00,-1.566568017005920410e-01,7.613247036933898926e-01,-9.595069289207458496e-01,-1.018936336040496826e-01,2.110271006822586060e-01,1.381593823432922363e+00,6.847530603408813477e-01,-1.231896162033081055e+00,1.171231389045715332e+00,1.511474490165710449e+00,-1.540282607078552246e+00,6.538005471229553223e-01,2.799288928508758545e-01,3.200428560376167297e-02,1.006364703178405762e+00,-1.997369080781936646e-01,-1.431113123893737793e+00,1.506407380104064941e+00,1.607134006917476654e-02,7.276948541402816772e-02,2.996540367603302002e-01,-5.393763780593872070e-01,1.227041959762573242e+00,1.336120724678039551e+00,-5.803093910217285156e-01,1.254408597946166992e+00,-4.784828424453735352e-01,-2.666342854499816895e-01,2.160114794969558716e-01
-4.809954017400741577e-02,5.970438122749328613e-01,-1.118441820144653320e+00,2.500875234603881836e+00,6.524019837379455566e-01,-2.593494653701782227e+00,-4.672785997390747070e-01,7.314237356185913086e-01,-6.017198562622070312e-01,1.083685994148254395e+00,7.151762843132019043e-01,9.210410118103027344e-01,7.933799028396606445e-01,4.651011228561401367e-01,1.257941961288452148e+00,-4.047993719577789307e-01,-1.388651371002197266e+00,6.034242510795593262e-01,-5.254858136177062988e-01,6.092441082000732422e-01,7.881343960762023926e-01,2.171126842498779297e+00,1.196874141693115234e+00,-4.992005527019500732e-01,2.396279335021972656e+00,-4.134687781333923340e-01,-7.059153914451599121e-01,-2.582319676876068115e-01,-1.248280480504035950e-01,-2.222660779953002930e+00,-1.410822153091430664e+00,-3.470891416072845459e-01,-1.391593813896179199e+00,-6.704921126365661621e-01,2.731655836105346680e-01,-2.514461576938629150e-01,3.480412364006042480e-01,3.901596367359161377e-01,1.458171844482421875e+00,-2.832022905349731445e+00,-1.354625225067138672e+00,1.101966619491577148e+00,-5.030430555343627930e-01,-6.239487230777740479e-02,-1.755533814430236816e+00,8.311581015586853027e-01,3.163035213947296143e-01,-1.402067065238952637e+00,6.656142473220825195e-01,5.597900152206420898e-01,-8.673637509346008301e-01,-2.148085832595825195e+00,2.279170274734497070e+00,1.457663297653198242e+00,5.057416558265686035e-01,-3.644461557269096375e-02,-9.304116368293762207e-01,1.027986288070678711e+00,4.648896157741546631e-01,1.060263067483901978e-01,5.970903038978576660e-01,-1.393693804740905762e+00,1.900983154773712158e-01,-8.630837798118591309e-01,4.127860069274902344e-01,5.408965945243835449e-01,-3.539832234382629395e-01,-6.562920808792114258e-01,-3.157206177711486816e-01,5.573710203170776367e-01,-9.639342874288558960e-02,-1.505599260330200195e+00,1.456466317176818848e-01,-3.467816412448883057e-01,-8.205507397651672363e-01,-4.199715554714202881e-01,3.757417500019073486e-01,-1.670782923698425293e+00,8.462047576904296875e-02,1.593272566795349121e+00,-1.505915284156799316e+00,1.108744978904724121e+00,8.896790146827697754e-01,7.989536970853805542e-02,1.059649363160133362e-01,1.868070244789123535e+00,6.420463919639587402e-01,6.949079036712646484e-01,-1.232779622077941895e+00,-1.192722439765930176e+00,-2.603396773338317871e-01,5.199666023254394531e-01,-6.883420944213867188e-01,-1.753467082977294922e+00,-1.117936372756958008e+00,-5.745402574539184570e-01,-4.323629736900329590e-01,1.119722247123718262e+00,4.175441861152648926e-01,-5.248569250106811523e-01
-8.195185661315917969e-01,-1.272782921791076660e+00,8.238969743251800537e-02,9.926589131355285645e-01,3.224616870284080505e-02,9.557821154594421387e-01,1.856112480163574219e-01,1.007365703582763672e+00,-8.743382692337036133e-01,-6.548433899879455566e-01,-7.868417352437973022e-02,9.462501406669616699e-01,4.672644138336181641e-01,-1.526557058095932007e-01,-4.285276234149932861e-01,9.175154566764831543e-01,-3.235964849591255188e-02,1.275433599948883057e-01,-5.396574735641479492e-01,-1.040313124656677246e+00,1.332185029983520508e+00,2.237624078989028931e-01,6.876872777938842773e-01,1.448286533355712891e+00,-9.678896665573120117e-01,-2.040137648582458496e-01,6.689370870590209961e-01,8.379824161529541016e-01,2.846449017524719238e-01,-2.825876772403717041e-01,1.869156837463378906e+00,-1.161120086908340454e-01,-1.743543505668640137e+00,-7.192460298538208008e-01,-1.135063886642456055e+00,-3.761883080005645752e-02,-1.312013030052185059e+00,4.102873802185058594e-01,-1.044634938240051270e+00,-9.575352072715759277e-01,5.659121870994567871e-01,2.200151793658733368e-02,7.067462801933288574e-01,1.295236349105834961e-01,1.796939969062805176e+00,3.294093906879425049e-01,-1.879780888557434082e+00,-1.028357148170471191e+00,-8.964802324771881104e-02,-9.439532458782196045e-02,2.347868531942367554e-01,1.106069564819335938e+00,-1.125902533531188965e+00,2.713020741939544678e-01,-8.229193687438964844e-01,3.770995140075683594e-02,4.431373775005340576e-01,-5.794364213943481445e-02,-1.077411100268363953e-01,-2.350986480712890625e+00,-3.920637965202331543e-01,1.903232216835021973e+00,7.088360190391540527e-01,1.858188748359680176e+00,4.896358549594879150e-01,1.185103297233581543e+00,-1.102580904960632324e+00,1.066064685583114624e-01,1.432823181152343750e+00,-5.618897080421447754e-01,2.769151926040649414e+00,7.009794116020202637e-01,-7.390128374099731445e-01,-1.025908827781677246e+00,1.244478464126586914e+00,2.326793223619461060e-01,-1.083158493041992188e+00,7.687599956989288330e-02,-8.156372904777526855e-01,-8.517783880233764648e-01,2.624140024185180664e+00,1.073752269148826599e-01,-8.928687572479248047e-01,-8.436857461929321289e-01,9.060326218605041504e-01,-4.349176287651062012e-01,1.255462765693664551e+00,1.279574334621429443e-01,-2.259228751063346863e-02,-2.704181373119354248e-01,1.078042149543762207e+00,5.509868860244750977e-01,6.746608018875122070e-01,-1.085573554039001465e+00,-6.268965005874633789e-01,1.338667273521423340e+00,3.335952758789062500e-01,3.321872949600219727e-01,-1.746052652597427368e-01,-8.229228258132934570e-01
1.349838018417358398e+00,1.372458219528198242e+00,-7.525556683540344238e-01,-2.948784232139587402e-01,5.605211257934570312e-01,-1.892060786485671997e-01,-5.705366842448711395e-03,5.129601955413818359e-01,4.269044697284698486e-01,3.943837285041809082e-01,-3.015504181385040283e-01,4.458947777748107910e-01,1.273633837699890137e+00,-1.816771924495697021e-01,-4.812518656253814697e-01,7.196847796440124512e-01,6.316866278648376465e-01,-8.627601861953735352e-01,1.315848827362060547e+00,5.979847908020019531e-01,4.977603554725646973e-01,-5.274958014488220215e-01,-1.349281221628189087e-01,3.765310347080230713e-01,-5.749299526214599609e-01,-2.371675670146942139e-01,-1.180435538291931152e+00,-5.727041363716125488e-01,6.511007547378540039e-01,-5.243856906890869141e-01,1.595437645912170410e+00,-2.447350502014160156e+00,-3.087566196918487549e-01,6.021001338958740234e-01,-6.978734135627746582e-01,-2.461126446723937988e-01,-1.354950070381164551e-01,-4.580924212932586670e-01,-1.089375972747802734e+00,1.574302792549133301e+00,-1.509343147277832031e+00,-1.037836313247680664e+00,-3.269144296646118164e-01,5.914734601974487305e-01,-1.035978198051452637e+00,2.566812336444854736e-01,-4.797595143318176270e-01,-1.048627018928527832e+00,1.248671039938926697e-01,-2.868225574493408203e+00,-8.752297610044479370e-03,1.418899655342102051e+00,-1.121099948883056641e+00,-8.499740362167358398e-01,6.234553456306457520e-01,-8.129297494888305664e-01,-1.301573991775512695e+00,-5.115481615066528320e-01,1.039964199066162109e+00,-7.708200812339782715e-02,-1.125896215438842773e+00,-3.408829569816589355e-01,-1.019588947296142578e+00,6.431291103363037109e-01,6.875683069229125977e-01,-5.639788508415222168e-01,1.110689193010330200e-01,1.576078832149505615e-01,9.327891469001770020e-01,1.107240796089172363e+00,1.593266844749450684e+00,-1.542400121688842773e+00,1.840066313743591309e-01,5.142193436622619629e-01,-1.571005284786224365e-01,1.208919525146484375e+00,5.937720537185668945e-01,-9.502099752426147461e-01,1.042480111122131348e+00,-4.639859795570373535e-01,-9.298234581947326660e-01,4.326552748680114746e-01,7.970939874649047852e-01,-4.512348473072052002e-01,-4.480645656585693359e-01,-9.790973067283630371e-01,-8.261641263961791992e-01,8.157193660736083984e-01,-5.149852037429809570e-01,4.620305001735687256e-01,-4.477080106735229492e-01,2.476450353860855103e-01,2.407348871231079102e+00,-1.388074755668640137e+00,8.915045261383056641e-01,-1.523612439632415771e-01,-5.283015370368957520e-01,3.843910098075866699e-01,-6.794533133506774902e-01,1.214277669787406921e-01
1.515538096427917480e+00,-4.891448616981506348e-01,7.396730780601501465e-01,1.111244559288024902e+00,1.648699492216110229e-02,2.261443376541137695e+00,-1.333670616149902344e-01,1.266860127449035645e+00,-3.220807313919067383e-01,-6.981029510498046875e-01,-7.850342392921447754e-01,-1.696303367614746094e+00,9.556281566619873047e-01,4.231451079249382019e-03,-4.111554920673370361e-01,-1.107192993164062500e+00,9.062900394201278687e-02,3.437476977705955505e-02,-9.023895263671875000e-01,-1.002747178077697754e+00,2.110307514667510986e-01,-1.163892984390258789e+00,-1.431892633438110352e+00,1.547693610191345215e-01,-1.549352288246154785e+00,-7.358628511428833008e-01,1.788518667221069336e+00,8.657236695289611816e-01,1.333095550537109375e+00,1.434708535671234131e-01,5.753871202468872070e-01,5.011156797409057617e-01,1.101804018020629883e+00,2.544889450073242188e+00,-3.438638150691986084e-02,-2.357774823904037476e-01,-6.145687773823738098e-02,7.621787190437316895e-01,1.051953434944152832e+00,3.760382235050201416e-01,2.989530861377716064e-01,7.479031682014465332e-01,-4.597575217485427856e-02,-4.063950181007385254e-01,-6.655450165271759033e-02,1.625382661819458008e+00,-1.401874899864196777e+00,2.759566009044647217e-01,-6.258184313774108887e-01,2.117944508790969849e-01,1.532003581523895264e-01,-3.098441958427429199e-01,1.233808040618896484e+00,2.652268707752227783e-01,-4.121391847729682922e-02,-8.265142440795898438e-01,-2.724778652191162109e-01,-5.519514083862304688e-01,-3.907206952571868896e-01,1.758462339639663696e-01,-3.743347823619842529e-01,8.264953494071960449e-01,1.691708922386169434e+00,2.458740472793579102e+00,-5.690709352493286133e-01,-3.132877945899963379e-01,2.117612361907958984e-01,-6.036995053291320801e-01,-3.981140628457069397e-02,8.388554453849792480e-01,-6.380931735038757324e-01,8.693112134933471680e-01,9.204191565513610840e-01,1.298038244247436523e+00,9.227429032325744629e-01,-1.622759103775024414e+00,6.510288715362548828e-01,4.270101189613342285e-01,-4.078752100467681885e-01,-4.972848892211914062e-01,5.687291733920574188e-03,-8.151204586029052734e-01,8.427419662475585938e-01,-1.129775881767272949e+00,1.355886816978454590e+00,1.368685126304626465e+00,-2.342754125595092773e+00,-6.649038940668106079e-02,4.200926721096038818e-01,-1.257225990295410156e+00,-1.027667045593261719e+00,2.133618295192718506e-01,-1.943644404411315918e+00,-1.672226786613464355e+00,2.256835103034973145e-01,6.467521935701370239e-02,-3.106494545936584473e-01,1.408223152160644531e+00,7.992259263992309570e-01,-9.114126563072204590e-01
-7.619367837905883789e-01,-9.300152659416198730e-01,-5.421890020370483398e-01,-2.026335000991821289e+00,-7.766589522361755371e-01,2.615967299789190292e-03,9.334476590156555176e-01,-4.797075390815734863e-01,-8.940568566322326660e-01,6.614274382591247559e-01,-2.297295928001403809e-01,-1.424124360084533691e+00,1.769552826881408691e+00,-2.879549026489257812e+00,1.399914175271987915e-01,2.736569568514823914e-02,-1.392583608627319336e+00,1.786379367113113403e-01,1.559332847595214844e+00,-1.956552565097808838e-01,1.755459785461425781e+00,-2.799196541309356689e-01,1.743615746498107910e+00,1.602407097816467285e+00,-8.905083537101745605e-01,1.626976728439331055e-01,-1.023297980427742004e-01,-8.285068869590759277e-01,-2.398349344730377197e-01,-5.293714404106140137e-01,3.379712998867034912e-01,-1.637510061264038086e-01,-1.557960867881774902e+00,1.418968558311462402e+00,4.267697334289550781e-01,4.305842518806457520e-01,-7.463381290435791016e-01,8.940166831016540527e-01,-1.268501639366149902e+00,3.655787110328674316e-01,-1.252867460250854492e+00,-1.919856071472167969e-01,-1.264875531196594238e+00,-9.308338761329650879e-01,1.760536789894104004e+00,6.541130542755126953e-01,-1.037712574005126953e+00,-2.338368445634841919e-01,-1.118502020835876465e+00,-2.491807222366333008e+00,6.004877090454101562e-01,-1.412974447011947632e-01,-5.918396711349487305e-01,-7.990664839744567871e-01,-5.456411242485046387e-01,-1.398866325616836548e-01,-1.729926347732543945e+00,-5.110600590705871582e-01,1.616371870040893555e+00,6.739134788513183594e-01,-2.143410444259643555e+00,1.101655721664428711e+00,-1.221993565559387207e+00,-1.417430520057678223e+00,8.608814477920532227e-01,2.764693498611450195e-01,7.915140390396118164e-01,-6.657736003398895264e-02,1.360974788665771484e+00,1.422585129737854004e+00,6.053277850151062012e-01,1.382243037223815918e+00,1.437073826789855957e+00,-3.775850832462310791e-01,5.411371588706970215e-01,-1.290860176086425781e+00,-7.877230644226074219e-01,-9.512171745300292969e-01,-8.969552516937255859e-01,-1.082104206085205078e+00,2.355427592992782593e-01,2.933640778064727783e-01,6.175540685653686523e-01,1.592151284217834473e+00,2.151970386505126953e+00,-1.163866281509399414e+00,-1.281765580177307129e+00,-4.043636322021484375e-01,1.943761944770812988e+00,-7.427145242691040039e-01,7.771920561790466309e-01,-9.367557764053344727e-01,-6.441345810890197754e-01,2.586530745029449463e-01,1.451710909605026245e-01,-3.659733831882476807e-01,1.016250014305114746e+00,-1.633805871009826660e+00,-7.716302275657653809e-01,-1.576994061470031738e-01
4.529650807380676270e-01,2.809961438179016113e-01,9.017117619514465332e-01,1.106958866119384766e+00,5.070286989212036133e-01,1.023583412170410156e+00,4.182633757591247559e-01,7.269291281700134277e-01,6.987649202346801758e-01,-3.182076811790466309e-01,1.896215975284576416e-02,-1.316459536552429199e+00,5.489864945411682129e-01,2.047949552536010742e+00,4.842515289783477783e-01,6.830152869224548340e-01,1.564187526702880859e+00,2.034600973129272461e+00,-8.674091696739196777e-01,6.229916214942932129e-01,1.187254786491394043e+00,-5.536178946495056152e-01,1.343063235282897949e+00,1.222243070602416992e+00,-2.143909931182861328e+00,1.598852276802062988e+00,-9.167852997779846191e-01,-1.316689848899841309e+00,1.463423490524291992e+00,-7.367973327636718750e-01,-1.012598514556884766e+00,-9.737232923507690430e-01,-5.175901055335998535e-01,-7.227027416229248047e-01,6.405367702245712280e-02,-4.765279293060302734e-01,-2.467201948165893555e+00,-1.663489341735839844e-01,1.401906162500381470e-01,-1.025263786315917969e+00,-1.966188669204711914e+00,-3.183690607547760010e-01,-9.035028815269470215e-01,2.306469678878784180e-01,-1.260111808776855469e+00,4.977366626262664795e-01,2.864105403423309326e-01,-8.576175570487976074e-02,7.022744417190551758e-01,-8.052245378494262695e-01,-9.015439152717590332e-01,1.505505740642547607e-01,-1.222937583923339844e+00,9.625379443168640137e-01,7.166236639022827148e-01,-5.456337332725524902e-01,1.353515863418579102e+00,2.233241945505142212e-01,3.748521506786346436e-01,6.232698559761047363e-01,1.395744085311889648e+00,-7.152349352836608887e-01,1.896425724029541016e+00,3.525078594684600830e-01,-1.077276587486267090e+00,-1.343442499637603760e-01,3.289842605590820312e-02,-8.171574473381042480e-01,-4.488979876041412354e-01,1.468301773071289062e+00,-1.051940441131591797e+00,1.038756608963012695e+00,6.370918154716491699e-01,6.713269352912902832e-01,3.953886777162551880e-02,-1.141855120658874512e+00,2.070660591125488281e-01,-6.791982054710388184e-01,-2.247059643268585205e-01,-2.032890558242797852e+00,-9.174481965601444244e-03,2.664967775344848633e-01,1.040864348411560059e+00,-7.508258223533630371e-01,4.565125107765197754e-01,-2.239013612270355225e-01,-5.342677980661392212e-02,-1.921802312135696411e-01,-2.243525385856628418e-01,-3.486700057983398438e-01,1.574010550975799561e-01,-5.749943852424621582e-01,-7.553160190582275391e-01,-9.693606495857238770e-01,-5.631279945373535156e-01,1.238127946853637695e+00,4.375615417957305908e-01,2.084916353225708008e+00,5.458271503448486328e-01,-6.665576696395874023e-01
-6.979036331176757812e-01,-7.267878651618957520e-01,-1.125494718551635742e+00,1.399550318717956543e+00,-2.141250371932983398e+00,-1.629871010780334473e+00,-1.000526189804077148e+00,-6.426343917846679688e-01,-1.048359155654907227e+00,1.435243010520935059e+00,2.721407115459442139e-01,-1.113523721694946289e+00,-1.690011978149414062e+00,-9.111933708190917969e-01,-8.494282364845275879e-01,9.457262158393859863e-01,3.778818994760513306e-02,8.348041176795959473e-01,-7.540886998176574707e-01,-1.516569256782531738e+00,-2.254631519317626953e-01,7.725204229354858398e-01,-1.866212785243988037e-01,-4.602824151515960693e-01,4.316515624523162842e-01,-3.966774940490722656e-01,-6.471450924873352051e-01,1.827463746070861816e+00,1.453828692436218262e+00,-6.939960122108459473e-01,7.717685699462890625e-01,-1.024292230606079102e+00,7.285063713788986206e-02,-1.248267889022827148e-01,6.720214486122131348e-01,-4.725412726402282715e-01,2.478560507297515869e-01,-7.200602293014526367e-01,-7.565134167671203613e-01,-1.108236551284790039e+00,2.429796457290649414e+00,-3.886684179306030273e-01,-1.062906011939048767e-01,9.334864616394042969e-01,3.751731514930725098e-01,1.259583830833435059e+00,-3.596377074718475342e-01,1.460558921098709106e-01,-1.925653219223022461e-01,-9.923366904258728027e-01,-1.269955396652221680e+00,3.621702194213867188e-01,8.238308429718017578e-01,-2.942216992378234863e-01,-2.629493951797485352e+00,-2.978025674819946289e-01,1.134648323059082031e+00,3.219709694385528564e-01,-4.297324419021606445e-01,1.641393184661865234e+00,1.690372675657272339e-01,1.237718343734741211e+00,5.644229054450988770e-01,1.540166258811950684e+00,7.141005396842956543e-01,7.689312696456909180e-01,-6.896666437387466431e-02,1.390060305595397949e+00,-2.988202869892120361e-01,-5.368778109550476074e-01,-1.350744247436523438e+00,-2.511494874954223633e+00,-2.424923628568649292e-01,1.688405752182006836e+00,1.263894557952880859e+00,9.158601760864257812e-01,-8.874070644378662109e-01,4.034513533115386963e-01,1.239900231361389160e+00,1.305194497108459473e+00,-1.539716958999633789e+00,-2.187075138092041016e+00,-2.434248030185699463e-01,-6.882321238517761230e-01,-1.413083314895629883e+00,-4.903817474842071533e-01,1.654485702514648438e+00,1.617324352264404297e+00,1.131889939308166504e+00,-8.119963854551315308e-02,6.951702237129211426e-01,-4.152695536613464355e-01,1.305367469787597656e+00,1.136747375130653381e-01,-2.629133164882659912e-01,1.707403302192687988e+00,7.113595008850097656e-01,-7.851690053939819336e-01,-3.502174913883209229e-01,-5.156266689300537109e-01
-7.714473009109497070e-01,-1.189683556556701660e+00,1.184304833412170410e+00,6.729081869125366211e-01,-8.814916610717773438e-01,1.963410675525665283e-01,5.031912326812744141e-01,1.323641061782836914e+00,6.796477437019348145e-01,-1.317559838294982910e+00,2.279160022735595703e-01,6.306539177894592285e-01,-2.933602035045623779e-01,1.217928767204284668e+00,-6.938643455505371094e-01,-2.986142933368682861e-01,9.287390112876892090e-01,1.688745915889739990e-01,3.671313524246215820e-01,-1.541567087173461914e+00,-9.310370087623596191e-01,-7.122102975845336914e-01,1.158786535263061523e+00,-2.934419214725494385e-01,-1.172263503074645996e+00,-7.246558368206024170e-02,1.125611543655395508e+00,6.130943298339843750e-01,3.022432327270507812e-01,1.040068984031677246e+00,1.238907575607299805e+00,-1.740214109420776367e+00,7.263258099555969238e-01,-2.708172202110290527e-01,1.238749846816062927e-01,-9.821938276290893555e-01,1.382029294967651367e+00,3.046266734600067139e-01,-5.328822135925292969e-01,1.512325644493103027e+00,1.599645853042602539e+00,2.615255117416381836e-01,-1.860278546810150146e-01,1.759272575378417969e+00,-4.300256669521331787e-01,4.594846963882446289e-01,-1.778453230857849121e+00,4.410534799098968506e-01,-2.405957281589508057e-01,-2.576124370098114014e-01,1.151711195707321167e-01,-1.691650986671447754e+00,1.028259515762329102e+00,-8.009563088417053223e-01,1.858111470937728882e-02,1.908079981803894043e+00,-1.167963504791259766e+00,-5.515075922012329102e-01,-5.382514595985412598e-01,8.984460830688476562e-01,-1.227915406227111816e+00,4.850585386157035828e-02,2.146691083908081055e-01,-1.891764849424362183e-01,1.082296252250671387e+00,-9.018964767456054688e-01,3.740878403186798096e-01,1.607251644134521484e+00,-1.651624217629432678e-02,-1.425458073616027832e+00,-3.369119167327880859e-01,8.718051910400390625e-01,-2.082263678312301636e-01,-4.691581726074218750e-01,-1.121214032173156738e-01,-1.770507693290710449e-01,2.262151427567005157e-02,-1.246732115745544434e+00,5.682781338691711426e-01,1.899378061294555664e+00,-4.476875364780426025e-01,-4.637902975082397461e-01,-5.100109577178955078e-01,2.123411417007446289e+00,-1.195903301239013672e+00,2.885211408138275146e-01,-8.457506895065307617e-01,-2.091220393776893616e-02,1.376238584518432617e+00,-1.487953186035156250e+00,-6.419492959976196289e-01,-5.393593311309814453e-01,1.920564889907836914e+00,1.914135962724685669e-01,-2.444559633731842041e-01,4.455962777137756348e-01,-3.935839533805847168e-01,7.517662644386291504e-01,4.877357482910156250e-01,1.047161698341369629e+00
-9.837740659713745117e-01,-5.199767947196960449e-01,1.571413874626159668e+00,5.007960796356201172e-01,-1.512578874826431274e-01,7.915517091751098633e-01,9.165980219841003418e-01,-1.878842562437057495e-01,6.045002341270446777e-01,-2.820635139942169189e-01,2.827223241329193115e-01,1.992702335119247437e-01,-9.449577890336513519e-03,1.065165281295776367e+00,-2.625457286834716797e+00,-1.053133964538574219e+00,-1.625734418630599976e-01,-5.867796540260314941e-01,5.397645831108093262e-01,-4.882046878337860107e-01,1.216686248779296875e+00,-9.361777454614639282e-03,5.084921717643737793e-01,-5.065462589263916016e-01,4.998821020126342773e-01,-6.456512808799743652e-01,3.916083872318267822e-01,-3.251395002007484436e-02,1.012670755386352539e+00,1.346606135368347168e+00,1.785556674003601074e+00,4.103872776031494141e-01,9.762097597122192383e-01,1.279629826545715332e+00,-1.411330848932266235e-01,1.321477055549621582e+00,7.054348587989807129e-01,-6.994200944900512695e-01,3.709318041801452637e-01,1.033785581588745117e+00,-9.432283043861389160e-01,-4.541891217231750488e-01,2.338030338287353516e+00,-9.245738983154296875e-01,-2.968642413616180420e-01,5.858448147773742676e-01,8.912158608436584473e-01,8.206589818000793457e-01,7.506881952285766602e-01,1.205006599426269531e+00,2.641535699367523193e-01,1.634643971920013428e-01,6.820220947265625000e-01,8.557326197624206543e-01,-1.752714872360229492e+00,-2.229638814926147461e+00,-1.612263560295104980e+00,5.317944288253784180e-01,4.337549209594726562e-01,8.217207193374633789e-01,1.519033405929803848e-02,9.048241972923278809e-01,-1.474080830812454224e-01,7.815107703208923340e-01,-8.757918328046798706e-02,-1.350087404251098633e+00,2.049357444047927856e-01,1.304446578025817871e+00,-5.032500624656677246e-01,9.906072020530700684e-01,-6.855512261390686035e-01,-2.967791318893432617e+00,2.758546471595764160e-01,-5.356076955795288086e-01,-4.765587449073791504e-01,-4.633719623088836670e-01,8.407951593399047852e-01,-1.181159138679504395e+00,-1.311489105224609375e+00,-7.774215191602706909e-02,-3.681190609931945801e-01,-5.480600595474243164e-01,-3.327391743659973145e-01,6.120852231979370117e-01,-4.301688373088836670e-01,1.166322469711303711e+00,1.641414999961853027e+00,2.657643258571624756e-01,-6.108058691024780273e-01,8.352684788405895233e-03,-5.663833618164062500e-01,-8.089100122451782227e-01,3.127330914139747620e-02,8.229900002479553223e-01,-6.840018630027770996e-01,1.859402805566787720e-01,-5.014616847038269043e-01,-8.607989549636840820e-02,5.124719738960266113e-01,-1.328989267349243164e+00
-5.352812409400939941e-01,1.547166556119918823e-01,2.946946620941162109e-01,-2.212487757205963135e-01,1.375613570213317871e+00,6.765267848968505859e-01,2.696584463119506836e-01,-8.143225312232971191e-02,1.264861971139907837e-01,-1.517117172479629517e-01,6.100500822067260742e-01,1.948050141334533691e+00,7.324078679084777832e-01,-1.998971998691558838e-01,-3.188294470310211182e-01,1.050899028778076172e+00,-1.064556956291198730e+00,8.716641664505004883e-01,2.416993975639343262e-01,7.301933169364929199e-01,-4.712664186954498291e-01,9.627336859703063965e-01,1.330294311046600342e-01,8.917985558509826660e-01,-1.140478491783142090e+00,-7.453998327255249023e-01,5.520570874214172363e-01,6.017621140927076340e-03,2.500982999801635742e+00,-1.536586787551641464e-03,-4.490473866462707520e-01,1.502005569636821747e-02,-7.683635354042053223e-01,-3.925464674830436707e-02,-4.859363138675689697e-01,-1.327870726585388184e+00,5.369574427604675293e-01,-3.200660943984985352e-01,-7.016878128051757812e-01,-3.611999452114105225e-01,-1.391923666000366211e+00,-1.146991729736328125e+00,2.213656902313232422e-01,-3.998149037361145020e-01,2.790199220180511475e-01,3.469904363155364990e-01,1.716746926307678223e+00,4.977965056896209717e-01,1.350614309310913086e+00,-1.618330359458923340e+00,4.113037586212158203e-01,1.345020532608032227e-01,2.133830487728118896e-01,6.001431345939636230e-01,-1.150696635246276855e+00,2.076993227005004883e+00,-5.583760142326354980e-01,-8.961587548255920410e-01,5.335733890533447266e-01,-3.787246644496917725e-01,1.441116571426391602e+00,-1.027846150100231171e-02,7.270961999893188477e-01,-1.004082560539245605e-01,-6.873840689659118652e-01,1.143914699554443359e+00,1.380992889404296875e+00,-1.918630719184875488e+00,-5.373519659042358398e-01,-9.516005516052246094e-01,-2.537822127342224121e-01,-1.542183279991149902e+00,9.351637363433837891e-01,-1.178544759750366211e+00,2.192539453506469727e+00,3.056348562240600586e-01,-1.017965316772460938e+00,-2.151426225900650024e-01,-1.006163477897644043e+00,-6.585605740547180176e-01,-4.867632687091827393e-01,-9.111363887786865234e-01,-2.931209504604339600e-01,1.565127611160278320e+00,1.741604804992675781e-01,-1.053078889846801758e+00,5.417274236679077148e-01,6.109924316406250000e-01,-3.295429050922393799e-01,1.691705465316772461e+00,-5.108854174613952637e-01,1.516558602452278137e-02,1.171930313110351562e+00,-1.092364117503166199e-01,-2.605830132961273193e-01,-7.101358175277709961e-01,-5.740677118301391602e-01,-5.460681915283203125e-01,5.843546986579895020e-01,1.221123576164245605e+00
5.196913704276084900e-02,-1.043495416641235352e+00,-4.966126978397369385e-01,5.863340497016906738e-01,-4.075894653797149658e-01,1.046022549271583557e-01,-1.651774644851684570e-01,9.438776969909667969e-01,3.513929545879364014e-01,-4.512797296047210693e-02,1.475531697273254395e+00,-6.329709291458129883e-01,-2.445454597473144531e+00,8.669661879539489746e-01,3.881851211190223694e-02,1.277194619178771973e+00,1.554728895425796509e-01,6.497608423233032227e-01,-1.284980535507202148e+00,4.052460789680480957e-01,-1.559907793998718262e+00,3.834078609943389893e-01,1.823527932167053223e+00,4.161839187145233154e-01,-8.660642057657241821e-02,1.095135092735290527e+00,-3.473276197910308838e-01,1.046345233917236328e+00,7.007243633270263672e-01,-3.775718808174133301e-01,6.297471523284912109e-01,-1.364633917808532715e+00,-2.300173193216323853e-01,2.211295127868652344e+00,9.356499910354614258e-01,1.278540045022964478e-01,-1.878666043281555176e+00,-1.792045086622238159e-01,-1.052129745483398438e+00,-7.448762059211730957e-01,9.838295727968215942e-02,5.739349126815795898e-01,6.024323105812072754e-01,8.208585381507873535e-01,-2.107506990432739258e+00,2.438652813434600830e-01,7.177507281303405762e-01,3.975842595100402832e-01,1.626885652542114258e+00,-3.583183288574218750e-01,-7.331519722938537598e-01,1.144923120737075806e-01,-1.727115273475646973e+00,-1.925417184829711914e-01,1.015784263610839844e+00,1.229074001312255859e+00,8.836845755577087402e-01,-1.018417596817016602e+00,-8.991473913192749023e-01,1.128960847854614258e+00,-3.682279288768768311e-01,1.464866101741790771e-01,-1.168648719787597656e+00,2.575740516185760498e-01,-4.282315373420715332e-01,-4.051025509834289551e-01,-7.412298321723937988e-01,8.832639455795288086e-02,-4.694638550281524658e-01,4.596278071403503418e-01,5.705201625823974609e-01,2.485872954130172729e-01,4.401796758174896240e-01,-1.565597057342529297e-01,2.253365516662597656e+00,-8.216229081153869629e-01,-2.300570011138916016e-01,6.513228416442871094e-01,2.876850664615631104e-01,7.058121562004089355e-01,-8.573856949806213379e-01,-6.833575963973999023e-01,-3.554917871952056885e-01,-2.785498499870300293e-01,2.300433516502380371e-01,1.136485099792480469e+00,-3.261332213878631592e-01,-1.593082785606384277e+00,1.457876086235046387e+00,-1.136933803558349609e+00,8.472071588039398193e-02,-2.311540246009826660e-01,4.956343173980712891e-01,-2.077920828014612198e-03,-1.652690768241882324e+00,1.142512917518615723e+00,-1.578458428382873535e+00,9.626027345657348633e-01,5.373203754425048828e-01,2.289533019065856934e-01
-8.754358291625976562e-01,-1.597196221351623535e+00,-1.366591334342956543e+00,3.551051951944828033e-03,4.053954780101776123e-01,1.947899460792541504e-01,-8.989068865776062012e-01,-3.534632325172424316e-01,-8.725403547286987305e-01,-9.057348966598510742e-02,1.000901222229003906e+00,-1.105322241783142090e+00,-7.589419186115264893e-02,7.500574588775634766e-01,1.655524671077728271e-01,4.082904458045959473e-01,-2.161042690277099609e+00,-1.284255385398864746e+00,-8.142420053482055664e-01,-6.034817695617675781e-01,5.652231574058532715e-01,-6.383708119392395020e-01,-1.533716082572937012e+00,9.809541106224060059e-01,4.435339868068695068e-01,4.665994048118591309e-01,3.645283877849578857e-01,1.215707898139953613e+00,-5.486856698989868164e-01,7.484387755393981934e-01,-1.127680182456970215e+00,-1.824132949113845825e-01,9.692782908678054810e-02,2.020598798990249634e-01,6.103041768074035645e-01,-1.060089707374572754e+00,3.488239347934722900e-01,5.398864150047302246e-01,1.610793232917785645e+00,-2.205670118331909180e+00,-4.422212839126586914e-01,-6.745454668998718262e-01,-4.081131517887115479e-01,2.258981168270111084e-01,9.540617465972900391e-01,-6.812283396720886230e-01,-7.662694156169891357e-02,3.013724327087402344e+00,8.289694786071777344e-01,1.543326139450073242e+00,4.155322536826133728e-02,4.439656734466552734e-01,-6.945174187421798706e-02,1.538298249244689941e+00,-1.152767896652221680e+00,1.602578610181808472e-01,3.475820124149322510e-01,1.581925630569458008e+00,-7.181704044342041016e-01,7.176858838647603989e-03,-5.791536569595336914e-01,-8.658869266510009766e-01,-3.741587698459625244e-02,1.499368309974670410e+00,3.957522213459014893e-01,-1.381017327308654785e+00,3.933513164520263672e-01,1.326331257820129395e+00,1.113686203956604004e+00,3.344053030014038086e-01,-1.067973896861076355e-01,-4.194977879524230957e-01,4.364480972290039062e-01,7.987730205059051514e-02,-7.245412468910217285e-01,-3.072351217269897461e-01,2.127255946397781372e-01,-6.128278970718383789e-01,2.279063612222671509e-01,-2.077741861343383789e+00,6.131581068038940430e-01,-9.142812490463256836e-01,-5.876765847206115723e-01,1.463435888290405273e+00,5.387080311775207520e-01,-1.642949581146240234e+00,-1.668376773595809937e-01,-5.652624368667602539e-01,-1.222355812788009644e-01,2.108721733093261719e-01,-8.315533995628356934e-01,-2.832336425781250000e-01,2.259218692779541016e-01,1.715307086706161499e-01,-1.103821873664855957e+00,1.369700789451599121e+00,-1.800913363695144653e-01,-4.175427556037902832e-01,-1.782641172409057617e+00,6.050180792808532715e-01
-8.206639289855957031e-01,-1.877140641212463379e+00,5.890401005744934082e-01,-1.430190563201904297e+00,2.492568828165531158e-02,5.123276710510253906e-01,5.379987359046936035e-01,9.960646033287048340e-01,-4.389641880989074707e-01,-1.046291708946228027e+00,8.618608117103576660e-01,-3.244313001632690430e-01,2.382971644401550293e-01,-9.242242574691772461e-01,7.014841437339782715e-01,5.628493428230285645e-01,-4.092451930046081543e-02,-1.962515234947204590e+00,-1.782176613807678223e+00,-5.614233613014221191e-01,5.244817733764648438e-01,3.129402995109558105e-01,1.692989021539688110e-01,-8.581812977790832520e-01,1.174677014350891113e+00,1.093431934714317322e-01,-1.782169342041015625e+00,4.767555594444274902e-01,-1.933743476867675781e+00,-1.676259040832519531e+00,-2.980114221572875977e-01,1.429733872413635254e+00,4.185549616813659668e-01,6.464872360229492188e-01,6.328908801078796387e-01,-4.304268658161163330e-01,-3.467212319374084473e-01,-7.704309225082397461e-01,5.154510140419006348e-01,-1.378132820129394531e+00,-1.014885306358337402e+00,-3.989394903182983398e-01,-6.847376227378845215e-01,-1.808096766471862793e+00,-4.986366629600524902e-01,-3.008793108165264130e-02,-1.426672786474227905e-01,1.674871683120727539e+00,-4.463036060333251953e-01,3.678773716092109680e-02,1.570157647132873535e+00,-7.566642761230468750e-01,5.351134538650512695e-01,6.403315663337707520e-01,6.365658044815063477e-01,-2.145138978958129883e-01,-2.344996929168701172e+00,-4.821724891662597656e-01,-9.721915721893310547e-01,-1.094249844551086426e+00,-2.359357118606567383e+00,-6.733803749084472656e-01,-1.929055899381637573e-01,7.231834530830383301e-01,-1.170464396476745605e+00,-2.516255080699920654e-01,2.964562475681304932e-01,8.627951741218566895e-01,-6.305086016654968262e-01,2.581697404384613037e-01,2.949920892715454102e-01,-7.465784903615713120e-03,-6.278803199529647827e-02,-1.360025525093078613e+00,-1.733418583869934082e+00,-7.387705445289611816e-01,-1.575904935598373413e-01,-3.607874363660812378e-02,-7.863546013832092285e-01,2.574965715408325195e+00,-1.989845156669616699e+00,1.156559735536575317e-01,-2.489373207092285156e+00,1.169775962829589844e+00,7.997754216194152832e-01,9.026278257369995117e-01,8.554821014404296875e-01,-5.901992321014404297e-01,-9.346319437026977539e-01,-6.119841337203979492e-01,-2.155510902404785156e+00,8.774898648262023926e-01,1.120807170867919922e+00,-1.511355042457580566e+00,-1.524772047996520996e+00,2.118462175130844116e-01,-7.892295122146606445e-01,-1.968800306320190430e+00,2.076332569122314453e+00,-1.612515926361083984e+00
-1.203349351882934570e+00,-1.041321039199829102e+00,-2.125570774078369141e+00,1.105039641261100769e-01,4.990873038768768311e-01,-1.195060372352600098e+00,6.007963418960571289e-01,5.920540690422058105e-01,-2.078915834426879883e-01,-9.806468486785888672e-01,9.556913971900939941e-01,1.453049778938293457e+00,-1.508104443550109863e+00,-9.588240981101989746e-01,3.194120228290557861e-01,-1.191677689552307129e+00,8.822157382965087891e-01,1.116751790046691895e+00,-1.431356906890869141e+00,-8.612471818923950195e-02,5.288071557879447937e-02,1.858550906181335449e+00,-9.447129964828491211e-01,7.029039263725280762e-01,-4.645004868507385254e-01,-9.730254411697387695e-01,3.997351527214050293e-01,6.997832655906677246e-01,-1.145452141761779785e+00,-7.742888927459716797e-01,6.733733415603637695e-01,1.038064479827880859e+00,1.937356829643249512e+00,-2.257343053817749023e+00,-1.940841227769851685e-01,-2.365200966596603394e-01,-2.655920684337615967e-01,-2.092662572860717773e+00,-1.217309355735778809e+00,8.076658248901367188e-01,4.525109529495239258e-01,-9.960350394248962402e-01,-2.757581323385238647e-02,-8.410891294479370117e-01,-2.181427240371704102e+00,1.178741574287414551e+00,3.594077005982398987e-02,-1.311666011810302734e+00,4.104456007480621338e-01,-1.723080873489379883e-01,-1.377666145563125610e-01,3.222015202045440674e-01,-1.437169075012207031e+00,5.030939579010009766e-01,-1.598366945981979370e-01,5.803989768028259277e-01,-1.526568174362182617e+00,-1.211482405662536621e+00,-8.513190150260925293e-01,-1.321068286895751953e+00,-1.723916053771972656e+00,1.708605885505676270e+00,-1.713322401046752930e+00,1.427461862564086914e+00,5.889750719070434570e-01,-1.961584985256195068e-01,6.876220703125000000e-01,5.170859396457672119e-02,-5.580826103687286377e-02,-2.160679847002029419e-01,-2.295442581176757812e+00,2.160517692565917969e+00,-4.119147360324859619e-01,-4.372087717056274414e-01,-3.874298036098480225e-01,9.783529639244079590e-01,1.893645077943801880e-01,-4.564820230007171631e-01,-1.262293457984924316e+00,1.479449719190597534e-01,2.047760784626007080e-01,6.483082175254821777e-01,6.164095401763916016e-01,2.383878380060195923e-01,2.457630634307861328e-01,-3.390775620937347412e-01,1.015631794929504395e+00,-2.011942863464355469e-02,-1.271673321723937988e+00,7.234627008438110352e-01,7.195487022399902344e-01,5.007941722869873047e-01,-6.151312589645385742e-01,-4.947550296783447266e-01,-7.707514166831970215e-01,1.332611799240112305e+00,-7.557496428489685059e-02,3.251938223838806152e-01,-3.415421117097139359e-03,-1.629509449005126953e+00
7.871884703636169434e-01,1.425637125968933105e+00,1.319677233695983887e+00,7.408574223518371582e-01,1.193598866462707520e+00,-2.473388761281967163e-01,2.338096380233764648e+00,8.460041284561157227e-01,-1.453826189041137695e+00,-9.672444462776184082e-01,7.956136465072631836e-01,2.707488238811492920e-01,-2.615511417388916016e-01,2.477416276931762695e+00,-2.223651647567749023e+00,1.928291469812393188e-01,9.014230966567993164e-01,-5.977828502655029297e-01,9.995453953742980957e-01,1.627834200859069824e+00,5.784658789634704590e-01,-1.533751606941223145e+00,6.490824222564697266e-01,8.293594121932983398e-01,-1.517220377922058105e+00,4.310027062892913818e-01,-6.210459470748901367e-01,1.412952899932861328e+00,9.802062511444091797e-01,-1.069513201713562012e+00,-1.487918663769960403e-02,-6.713289022445678711e-01,2.210718154907226562e+00,7.753223180770874023e-01,-2.085361182689666748e-01,3.333130180835723877e-01,1.735720317810773849e-03,-4.334608092904090881e-02,6.094605922698974609e-01,-7.101590633392333984e-01,-1.554528474807739258e+00,5.812976956367492676e-01,-4.520757868885993958e-02,8.220316767692565918e-01,-3.447906076908111572e-01,-7.488420605659484863e-01,-1.838431507349014282e-01,-6.197165250778198242e-01,5.255419015884399414e-01,-4.403907060623168945e-01,5.853055715560913086e-01,-1.896536946296691895e+00,-7.410324811935424805e-01,-1.622723698616027832e+00,-1.891595363616943359e+00,4.235986471176147461e-01,1.670107245445251465e+00,1.748848110437393188e-01,9.876216053962707520e-01,-1.103986501693725586e+00,5.799394249916076660e-01,2.160040378570556641e+00,-9.075909256935119629e-01,1.570709198713302612e-01,-5.680009722709655762e-01,1.002816319465637207e+00,-2.116033285856246948e-01,4.818715453147888184e-01,8.019180893898010254e-01,-2.309114038944244385e-01,1.294931650161743164e+00,1.367882966995239258e+00,-1.892500400543212891e+00,-9.764789342880249023e-01,-4.044974148273468018e-01,1.479656577110290527e+00,3.899328708648681641e-01,-1.310154050588607788e-01,6.017367839813232422e-01,5.513502657413482666e-02,1.276214361190795898e+00,-1.656428873538970947e-01,-5.438460111618041992e-01,4.390557110309600830e-02,1.256322026252746582e+00,-1.476332187652587891e+00,9.520506858825683594e-01,-1.371688127517700195e+00,-9.819038510322570801e-01,1.534416317939758301e+00,-4.586717486381530762e-01,-8.692318797111511230e-01,6.115815043449401855e-01,-7.275966405868530273e-01,-1.993444561958312988e+00,-5.072514414787292480e-01,6.462905406951904297e-01,-2.853332757949829102e-01,-1.688066363334655762e+00,-3.275725245475769043e-01
-1.108307600021362305e+00,-1.519539505243301392e-01,-1.982963979244232178e-01,-8.528947830200195312e-01,-1.194370985031127930e+00,1.168558478355407715e+00,1.003573775291442871e+00,-9.396745562553405762e-01,-2.291542053222656250e+00,1.678926467895507812e+00,-1.285162448883056641e+00,-7.268953323364257812e-01,-7.736786603927612305e-01,1.586774826049804688e+00,-2.613558471202850342e-01,5.164424777030944824e-01,-2.381629943847656250e-01,4.246902465820312500e-01,-2.202596664428710938e-01,-2.703389644622802734e+00,5.823585391044616699e-01,6.543631553649902344e-01,-1.436023116111755371e+00,4.424559473991394043e-01,1.327109098434448242e+00,-1.470329880714416504e+00,-8.791958689689636230e-01,1.709287405014038086e+00,1.061677694320678711e+00,1.307004332542419434e+00,3.030601739883422852e-01,-1.424101889133453369e-01,2.922978103160858154e-01,-6.455282568931579590e-01,7.881920784711837769e-02,3.312074542045593262e-01,-1.196630448102951050e-01,-1.717692762613296509e-01,-4.416974186897277832e-01,-8.023759722709655762e-01,-1.447687268257141113e+00,-1.524777561426162720e-01,-1.551626443862915039e+00,-3.391364216804504395e-01,7.952998280525207520e-01,-1.493830919265747070e+00,5.687124729156494141e-01,8.935946822166442871e-01,9.096332192420959473e-01,3.081207871437072754e-01,-1.009886860847473145e+00,9.835791587829589844e-01,1.399109125137329102e+00,1.653982043266296387e+00,1.443944334983825684e+00,-5.531992763280868530e-02,2.595456317067146301e-02,6.761966943740844727e-01,2.767698287963867188e+00,1.799795031547546387e-02,9.579619765281677246e-01,-1.706451535224914551e+00,-8.791645169258117676e-01,2.514793872833251953e-01,1.024139672517776489e-02,-3.463923931121826172e-01,-1.538567423820495605e+00,1.759042292833328247e-01,7.891222238540649414e-01,3.113980889320373535e-01,-2.969650924205780029e-01,-2.294735193252563477e+00,-4.912811145186424255e-02,7.879288792610168457e-01,2.049566984176635742e+00,-5.348544716835021973e-01,7.478501647710800171e-02,-1.589424967765808105e+00,-1.092842102050781250e+00,-1.741517305374145508e+00,1.768337368965148926e+00,9.940562397241592407e-02,3.073188066482543945e-01,-2.601504027843475342e-01,-8.760768175125122070e-02,-1.527449846267700195e+00,-4.219452738761901855e-01,1.259288787841796875e+00,7.059547901153564453e-01,5.814681053161621094e-01,-1.970138102769851685e-01,1.135923504829406738e+00,-1.639480590820312500e+00,-6.381136178970336914e-02,-2.598412752151489258e+00,1.234495520591735840e+00,-1.247694253921508789e+00,-7.520158886909484863e-01,-1.469032764434814453e+00,-1.350185461342334747e-02
-3.292460441589355469e-01,1.292686700820922852e+00,-6.147674322128295898e-01,-1.076698973774909973e-01,1.946443438529968262e+00,6.559041142463684082e-01,-5.017896890640258789e-01,-1.554984599351882935e-01,1.078631997108459473e+00,3.230642080307006836e-01,-1.375870466232299805e+00,-1.859585493803024292e-01,7.414330840110778809e-01,-3.603283166885375977e-01,-9.830205887556076050e-02,-1.345811367034912109e+00,-1.029459595680236816e+00,-2.329938888549804688e+00,8.307034969329833984e-01,7.300494909286499023e-01,-1.171071290969848633e+00,3.782171905040740967e-01,1.801921725273132324e-01,-1.544971466064453125e+00,7.829320430755615234e-01,8.628166913986206055e-01,-7.368199229240417480e-01,1.352423071861267090e+00,-7.265139222145080566e-01,-1.201294064521789551e+00,8.795626759529113770e-01,-4.844635426998138428e-01,5.185406282544136047e-02,4.463236629962921143e-01,8.819405436515808105e-01,-1.344557255506515503e-01,-5.028143525123596191e-01,4.625779986381530762e-01,-9.598074853420257568e-02,1.411687374114990234e+00,1.389074802398681641e+00,-1.219509005546569824e+00,-1.573538541793823242e+00,-1.467744827270507812e+00,5.020393729209899902e-01,1.303109526634216309e+00,1.877921819686889648e+00,7.274149060249328613e-01,-1.427676439285278320e+00,7.224759459495544434e-01,-2.881944894790649414e+00,-9.142328500747680664e-01,1.889040470123291016e+00,4.652264714241027832e-01,-2.887919843196868896e-01,-1.940242409706115723e+00,-1.228636384010314941e+00,-3.005097806453704834e-02,1.299608349800109863e-01,-1.587775796651840210e-01,9.676180034875869751e-02,1.913832783699035645e+00,-8.642801046371459961e-01,-2.243251085281372070e+00,-1.196405887603759766e-01,5.379905104637145996e-01,2.502039372920989990e-01,-1.033980488777160645e+00,-7.779263257980346680e-01,8.738247752189636230e-01,-1.694808602333068848e-01,-4.809116423130035400e-01,-1.048321947455406189e-01,-2.150537729263305664e+00,1.057214260101318359e+00,-9.026250243186950684e-02,2.206668853759765625e-01,1.261043548583984375e+00,-2.611031532287597656e-01,1.355307221412658691e+00,-1.155003428459167480e+00,6.943374276161193848e-01,-3.392249047756195068e-01,-9.553319811820983887e-01,-3.260717913508415222e-02,-4.470791220664978027e-01,-1.274881362915039062e-01,9.138585329055786133e-01,7.221430540084838867e-02,3.465582728385925293e-01,9.237386584281921387e-01,-3.519992828369140625e-01,-9.377148747444152832e-01,-1.304265707731246948e-01,1.213140606880187988e+00,-3.221880793571472168e-01,1.453558564186096191e+00,-1.606934785842895508e+00,-5.589969754219055176e-01,-4.891215264797210693e-01
2.732183225452899933e-02,1.183578014373779297e+00,9.971867203712463379e-01,-6.995699405670166016e-01,6.188703775405883789e-01,-4.387602210044860840e-02,5.863342285156250000e-01,6.525032520294189453e-01,2.626332521438598633e+00,-8.299867510795593262e-01,2.357998788356781006e-01,1.013032793998718262e+00,-6.517444550991058350e-02,-4.886164069175720215e-01,8.501161932945251465e-01,1.025360226631164551e+00,1.849611163139343262e+00,-9.616184234619140625e-01,-6.273927688598632812e-01,1.251923441886901855e+00,9.623643159866333008e-01,1.164551496505737305e+00,3.164238929748535156e-01,1.863394528627395630e-01,2.188566207885742188e+00,-1.222254056483507156e-02,9.039082527160644531e-01,1.218437075614929199e+00,1.791097968816757202e-02,-2.042403221130371094e+00,9.567695260047912598e-01,1.533555626869201660e+00,6.807051897048950195e-01,-6.708292365074157715e-01,1.939631581306457520e+00,1.793323993682861328e+00,-9.582696557044982910e-01,2.206694483757019043e-01,-4.152015447616577148e-01,-4.205223321914672852e-01,-5.789622068405151367e-01,-7.145133614540100098e-01,-1.038893580436706543e+00,-1.620648652315139771e-01,-1.000421524047851562e+00,-4.885712563991546631e-01,5.112395882606506348e-01,5.062674283981323242e-01,-2.138848781585693359e+00,1.106959953904151917e-01,-1.098914965987205505e-01,1.108384966850280762e+00,-1.251695275306701660e+00,1.736470460891723633e-01,2.820397615432739258e-01,9.482323527336120605e-01,1.213322430849075317e-01,4.856449067592620850e-01,4.086375832557678223e-01,4.697380363941192627e-01,7.368992567062377930e-01,3.973336219787597656e-01,-3.892312347888946533e-01,6.323282718658447266e-01,-2.207541465759277344e-01,2.000245332717895508e+00,-1.029056787490844727e+00,1.120423436164855957e+00,-1.162719950079917908e-01,-6.821041703224182129e-01,-1.716056168079376221e-01,1.022436976432800293e+00,-3.897617757320404053e-01,-3.306248784065246582e-01,-1.127340555191040039e+00,1.673039346933364868e-01,-1.016315698623657227e+00,1.342133164405822754e+00,1.326802253723144531e+00,-1.579490184783935547e+00,-2.983338534832000732e-01,-5.050582289695739746e-01,-3.717510104179382324e-01,-4.156593084335327148e-01,1.701091378927230835e-01,2.042854130268096924e-01,4.340346902608871460e-02,1.289618968963623047e+00,-8.599384427070617676e-01,1.646002054214477539e+00,-2.697522044181823730e-01,2.336276054382324219e+00,-9.736878424882888794e-02,-1.320441812276840210e-01,5.070238113403320312e-01,2.418941259384155273e+00,-1.987585306167602539e+00,3.971776366233825684e-01,5.346825346350669861e-02,-1.455772370100021362e-01
1.826135963201522827e-01,3.223763406276702881e-01,1.817460358142852783e-01,4.333145618438720703e-01,-8.104525804519653320e-01,3.854449465870857239e-02,1.111973404884338379e+00,1.206339895725250244e-01,1.681067109107971191e+00,9.437999129295349121e-01,1.750239253044128418e+00,4.604741334915161133e-01,7.767978906631469727e-01,-1.775274276733398438e-01,1.163765430450439453e+00,-1.751989006996154785e+00,-1.031311035156250000e+00,6.423624753952026367e-01,1.254918217658996582e+00,4.519512057304382324e-01,-1.794132590293884277e-01,-1.339744567871093750e+00,-1.151910543441772461e+00,1.621490001678466797e+00,1.006707429885864258e+00,-8.977264165878295898e-01,-1.352640867233276367e+00,1.288916170597076416e-01,4.438107013702392578e-01,7.957234978675842285e-01,-5.495826900005340576e-02,7.553580403327941895e-01,-3.349463343620300293e-01,-8.640561699867248535e-01,-3.456220030784606934e-01,9.059386849403381348e-01,-3.497857153415679932e-01,-1.242528438568115234e+00,-1.583642721176147461e+00,-1.078707456588745117e+00,-5.417900681495666504e-01,5.866733193397521973e-01,7.857371568679809570e-01,-1.067533731460571289e+00,-7.783191800117492676e-01,-2.125604867935180664e+00,-1.433125436305999756e-01,-1.296770095825195312e+00,-9.129647016525268555e-01,1.405722975730895996e+00,-3.382221698760986328e+00,6.815830469131469727e-01,-2.314544439315795898e+00,-5.171402096748352051e-01,1.262215375900268555e+00,-3.515368998050689697e-01,1.636133313179016113e+00,4.584379494190216064e-01,2.494323104619979858e-01,-7.499632239341735840e-01,-8.867545723915100098e-01,-2.759547904133796692e-02,-1.113947257399559021e-01,8.953111767768859863e-01,1.140765547752380371e+00,1.092767238616943359e+00,1.213148534297943115e-01,1.088584661483764648e+00,-8.347948789596557617e-01,-2.425536811351776123e-01,1.744846440851688385e-02,1.089296340942382812e+00,-1.054847761988639832e-01,-2.083817958831787109e+00,2.131164819002151489e-01,-7.763227224349975586e-01,2.250384807586669922e+00,-1.507869720458984375e+00,7.395364046096801758e-01,8.854358196258544922e-01,1.507501959800720215e+00,1.109415769577026367e+00,-1.063047170639038086e+00,1.134709715843200684e+00,-2.446459233760833740e-01,-4.971382319927215576e-01,3.570469915866851807e-01,-3.671351075172424316e-01,-1.238430261611938477e+00,-1.174013495445251465e+00,1.335127055644989014e-01,2.496436983346939087e-01,-1.841276884078979492e+00,1.271381825208663940e-01,1.102089405059814453e+00,-3.927906751632690430e-01,-3.494178354740142822e-01,-3.837842941284179688e-01,3.983452022075653076e-01,4.776852428913116455e-01
-1.644569873809814453e+00,1.487362980842590332e+00,8.604319691658020020e-01,1.022204995155334473e+00,1.221418261528015137e+00,-5.294058918952941895e-01,5.828723907470703125e-01,-5.734131336212158203e-01,3.087074756622314453e-01,4.809514880180358887e-01,1.759067773818969727e-01,9.064980745315551758e-01,3.512604236602783203e-01,-9.036074280738830566e-01,-1.419407010078430176e+00,4.666385650634765625e-01,1.460551023483276367e+00,-1.980406194925308228e-01,5.892868638038635254e-01,4.904241263866424561e-01,6.655898094177246094e-01,-4.971618652343750000e-01,-1.842121839523315430e+00,1.600726723670959473e+00,-4.875445961952209473e-01,-6.019570827484130859e-01,-1.572225987911224365e-01,-1.439317941665649414e+00,-1.304801106452941895e+00,-1.261975407600402832e+00,-6.889868974685668945e-01,1.150732755661010742e+00,3.238730132579803467e-01,1.075729489326477051e+00,-1.845608711242675781e+00,9.733393788337707520e-01,-5.850924253463745117e-01,2.506368398666381836e+00,1.213654160499572754e+00,-9.587849378585815430e-01,1.070650458335876465e+00,-1.563226938247680664e+00,5.101075768470764160e-01,4.314566850662231445e-01,-4.810029864311218262e-01,7.912281155586242676e-01,-1.786666214466094971e-01,-1.020457744598388672e+00,4.253046810626983643e-01,6.941454410552978516e-01,-1.311462879180908203e+00,1.446576118469238281e+00,2.462849467992782593e-01,-4.349526464939117432e-01,1.183621287345886230e+00,7.506563663482666016e-01,2.301803350448608398e+00,-1.217190146446228027e+00,1.795381456613540649e-01,-2.197426408529281616e-01,-1.905960887670516968e-01,1.230717897415161133e+00,-5.403136610984802246e-01,1.552874743938446045e-01,-3.957398533821105957e-01,7.601441740989685059e-01,3.208868503570556641e-01,4.240518808364868164e-01,4.761191606521606445e-01,-8.169469237327575684e-01,-1.028564333915710449e+00,-4.170476794242858887e-01,3.196968138217926025e-01,1.009048223495483398e+00,-5.858778953552246094e-01,-1.380056381225585938e+00,2.107617706060409546e-01,5.930544137954711914e-01,7.296119630336761475e-02,-1.286198198795318604e-01,1.373899817466735840e+00,8.937219381332397461e-01,-2.221005409955978394e-01,2.105464220046997070e+00,-1.773870468139648438e+00,-8.508532047271728516e-01,7.256064414978027344e-01,1.632192581892013550e-01,-7.231699824333190918e-01,1.212047338485717773e+00,-7.848162204027175903e-02,-2.547587633132934570e+00,-9.078907221555709839e-02,-3.532477319240570068e-01,-6.129339337348937988e-01,7.084103226661682129e-01,-6.472437977790832520e-01,7.964815497398376465e-01,-2.472592443227767944e-01,8.746366202831268311e-02
-1.514923810958862305e+00,-6.779592037200927734e-01,1.662129640579223633e+00,-9.447845816612243652e-01,1.698411822319030762e+00,-2.265477478504180908e-01,-1.038398623466491699e+00,-7.134097814559936523e-01,-6.911863386631011963e-02,1.248951554298400879e+00,-2.998856306076049805e-01,1.415670275688171387e+00,4.683847129344940186e-01,-1.469620227813720703e+00,1.248134851455688477e+00,1.653180457651615143e-02,5.586634278297424316e-01,1.337480187416076660e+00,-2.001984834671020508e+00,8.485391736030578613e-01,-1.103696346282958984e+00,-3.404411077499389648e-01,2.641544118523597717e-02,1.485787510871887207e+00,1.311712414026260376e-01,2.819579541683197021e-01,7.053188681602478027e-01,-5.636491179466247559e-01,-3.426898956298828125e+00,8.647904992103576660e-01,1.334821730852127075e-01,6.504892706871032715e-01,4.854644834995269775e-01,1.293876647949218750e+00,1.745218485593795776e-01,-7.824998497962951660e-01,-1.938105106353759766e+00,-7.705357670783996582e-01,1.021497011184692383e+00,3.995892107486724854e-01,9.217609465122222900e-02,2.113090157508850098e-01,-5.036720037460327148e-01,-1.064207434654235840e+00,-6.652661561965942383e-01,-1.355656385421752930e-01,-6.924605369567871094e-01,-8.516317009925842285e-01,-1.093212246894836426e+00,2.984670698642730713e-01,1.157384395599365234e+00,-5.790839791297912598e-01,-2.567933559417724609e+00,-3.841568708419799805e+00,-1.699465632438659668e+00,-9.645497798919677734e-01,-9.623673558235168457e-01,1.239370107650756836e+00,-1.519981265068054199e+00,3.232274949550628662e-01,3.829720020294189453e-01,-2.094068765640258789e+00,6.152265667915344238e-01,1.170441627502441406e+00,-6.180692315101623535e-01,-2.334310114383697510e-01,-1.533592820167541504e+00,-2.622162580490112305e+00,-2.421920597553253174e-01,-7.055404782295227051e-01,1.360501408576965332e+00,3.746145367622375488e-01,-2.478001266717910767e-02,2.074085026979446411e-01,-6.157999634742736816e-01,1.199969053268432617e+00,1.803628921508789062e+00,5.184844136238098145e-01,3.288398385047912598e-01,-1.740359902381896973e+00,7.054734826087951660e-01,-7.073146700859069824e-01,4.275890588760375977e-01,-2.101715803146362305e+00,-6.481664776802062988e-01,1.030107975006103516e+00,1.202473640441894531e+00,4.975636303424835205e-01,1.867173314094543457e-01,4.026612937450408936e-01,-1.248331293463706970e-01,3.109826147556304932e-01,-6.585462689399719238e-01,9.752864241600036621e-01,2.117402851581573486e-01,1.623207181692123413e-01,1.101478338241577148e+00,-2.874748781323432922e-02,-4.464698210358619690e-02,-5.316012501716613770e-01
2.113646984100341797e+00,1.470052003860473633e+00,-9.041206240653991699e-01,1.610436677932739258e+00,-1.304635763168334961e+00,-5.894781947135925293e-01,1.170466065406799316e+00,1.220729708671569824e+00,-5.004794597625732422e-01,-8.781042695045471191e-02,7.028403878211975098e-01,-1.517026662826538086e+00,5.831682682037353516e-01,-1.124821975827217102e-01,-2.072195529937744141e+00,2.971082627773284912e-01,4.316010326147079468e-02,2.277535915374755859e+00,3.711107671260833740e-01,5.909215211868286133e-01,-8.741761445999145508e-01,-1.016389012336730957e+00,5.788522958755493164e-01,1.693932771682739258e+00,-7.614251375198364258e-01,-8.591710925102233887e-01,-9.349426627159118652e-01,-1.118307948112487793e+00,-6.082179397344589233e-02,1.264794945716857910e+00,7.003031671047210693e-02,-1.408814311027526855e+00,-5.607383251190185547e-01,-1.585605740547180176e-01,1.939179003238677979e-01,-1.254337549209594727e+00,-1.283671021461486816e+00,6.682603061199188232e-02,-4.459946751594543457e-01,-6.789461374282836914e-01,8.728731274604797363e-01,1.144377708435058594e+00,-1.884547829627990723e+00,-6.365333497524261475e-02,-1.418500542640686035e+00,1.331903815269470215e+00,-3.821069002151489258e-01,8.079419732093811035e-01,-1.243180334568023682e-01,8.220306038856506348e-01,1.054587602615356445e+00,-3.936900496482849121e-01,1.355119496583938599e-01,-3.842279911041259766e-01,1.369168519973754883e+00,7.952900528907775879e-01,4.743450321257114410e-03,8.068466186523437500e-01,5.242754817008972168e-01,1.163319230079650879e+00,-5.569483041763305664e-01,1.037589550018310547e+00,-7.466435432434082031e-02,-1.030758976936340332e+00,-1.014573454856872559e+00,3.474358916282653809e-01,-1.724128276109695435e-01,-1.699810266494750977e+00,-1.207647919654846191e+00,3.579361736774444580e-01,-2.847901880741119385e-01,6.362039446830749512e-01,-6.418507695198059082e-01,1.398433327674865723e+00,8.294802308082580566e-01,7.251875996589660645e-01,6.900461912155151367e-01,1.754683852195739746e+00,-2.793430984020233154e-01,1.974261522293090820e+00,-6.228756308555603027e-01,-6.575528979301452637e-01,2.124992132186889648e+00,3.183347284793853760e-01,-1.190533995628356934e+00,-8.131793141365051270e-01,7.805364578962326050e-02,3.501076251268386841e-02,-1.353672981262207031e+00,8.234664201736450195e-01,4.680983722209930420e-01,9.083871543407440186e-02,1.039677619934082031e+00,-2.241674065589904785e-01,-2.794736325740814209e-01,1.542892813682556152e+00,-1.777586221694946289e+00,1.135223150253295898e+00,-3.453852832317352295e-01,1.535794258117675781e+00
-4.926435649394989014e-01,2.165286689996719360e-01,1.416909933090209961e+00,-1.010836381465196609e-02,-4.550903737545013428e-01,3.332763016223907471e-01,1.506203532218933105e+00,1.415368355810642242e-02,1.575293540954589844e-01,2.069204330444335938e+00,-1.353769540786743164e+00,5.208092331886291504e-01,-6.710299253463745117e-01,2.086285129189491272e-02,-9.529729485511779785e-01,2.485468685626983643e-01,2.554584443569183350e-01,3.151782155036926270e-01,-7.483764886856079102e-01,-7.592663168907165527e-02,3.430152833461761475e-01,4.455372095108032227e-01,2.685268223285675049e-01,8.310904502868652344e-01,-6.474390029907226562e-01,1.296805381774902344e+00,-7.571480870246887207e-01,8.784551620483398438e-01,3.638866841793060303e-01,-1.154666185379028320e+00,1.863966703414916992e+00,-1.243995904922485352e+00,-4.127186834812164307e-01,8.238806724548339844e-01,1.489373326301574707e+00,-8.892194628715515137e-01,-6.876281499862670898e-01,1.871484875679016113e+00,-1.372597694396972656e+00,-9.240858554840087891e-01,1.176658749580383301e+00,-1.306125283241271973e+00,4.105620980262756348e-01,-3.759458065032958984e-01,-2.039476186037063599e-01,-1.168424963951110840e+00,-1.055194497108459473e+00,-1.909013390541076660e+00,-4.667027890682220459e-01,-8.457306623458862305e-01,-1.171035319566726685e-02,6.587842702865600586e-01,6.281709671020507812e-01,2.387760579586029053e-01,1.481185317039489746e+00,2.005409002304077148e-01,9.858893603086471558e-02,-8.886168152093887329e-02,9.026805758476257324e-01,2.157956600189208984e+00,1.253453373908996582e+00,1.633314192295074463e-01,1.738684624433517456e-01,-1.014778256416320801e+00,-6.853286623954772949e-01,-5.717853903770446777e-01,-8.708355426788330078e-01,-1.225643396377563477e+00,-2.559269368648529053e-01,-6.254106760025024414e-01,-4.538264274597167969e-01,7.353996038436889648e-01,-3.563508689403533936e-01,1.267212390899658203e+00,2.359167933464050293e-01,-1.169987678527832031e+00,-2.409984320402145386e-01,1.011550188064575195e+00,-1.698360592126846313e-02,1.011422753334045410e+00,1.572840847074985504e-02,1.239611208438873291e-01,4.257484376430511475e-01,1.089655756950378418e+00,-1.340566396713256836e+00,-2.194243907928466797e+00,6.981422901153564453e-01,2.180312722921371460e-01,9.397623687982559204e-02,5.389928072690963745e-02,4.635988175868988037e-01,1.290105700492858887e+00,-1.728326559066772461e+00,-2.464873790740966797e+00,-2.937545813620090485e-02,-9.064498543739318848e-01,-5.586335062980651855e-01,-1.486188888549804688e+00,2.090502262115478516e+00,-8.576782941818237305e-01
5.421633124351501465e-01,-1.079492330551147461e+00,-9.648141860961914062e-01,4.845288693904876709e-01,-7.479712367057800293e-01,1.541711241006851196e-01,1.076510027050971985e-01,-1.931741237640380859e-01,1.064029455184936523e+00,-1.538227051496505737e-01,2.942392826080322266e+00,1.586387157440185547e+00,-1.099553227424621582e+00,-2.229629084467887878e-02,4.504653513431549072e-01,-2.226661741733551025e-01,-3.373418748378753662e-01,-4.971994161605834961e-01,-1.111808344721794128e-01,-1.232749745249748230e-01,-4.459599032998085022e-02,1.073879599571228027e+00,8.282892704010009766e-01,2.213842123746871948e-01,9.403029456734657288e-03,1.814299672842025757e-01,2.923152446746826172e-01,-1.414305686950683594e+00,-9.479323625564575195e-01,-1.782291382551193237e-01,-3.907189145684242249e-02,-6.290264129638671875e-01,1.179610118269920349e-01,-8.904992938041687012e-01,-7.800831794738769531e-01,2.028656303882598877e-01,1.364459156990051270e+00,1.220014914870262146e-01,1.983508348464965820e+00,-1.061321794986724854e-01,-1.181935071945190430e+00,-1.568600773811340332e+00,7.987799644470214844e-01,-1.262436509132385254e+00,4.281027317047119141e-01,2.454248905181884766e+00,3.067792952060699463e-01,1.642297983169555664e+00,-1.032698825001716614e-01,-3.880384862422943115e-01,-1.378451824188232422e+00,-1.389184594154357910e-01,7.354792356491088867e-01,7.046191096305847168e-01,-2.948814034461975098e-01,1.709534674882888794e-01,-5.038828253746032715e-01,3.773832321166992188e-01,-7.584921717643737793e-01,4.970509186387062073e-02,1.007408857345581055e+00,-8.958096504211425781e-01,-1.338438749313354492e+00,4.779867231845855713e-01,6.314507722854614258e-01,1.404538452625274658e-01,-1.401959776878356934e+00,1.385155171155929565e-01,1.055565834045410156e+00,1.395965814590454102e+00,8.744007349014282227e-01,7.807054519653320312e-01,-9.302235394716262817e-02,2.570083737373352051e-02,6.178886890411376953e-01,3.767708688974380493e-02,-1.359982132911682129e+00,-6.667880415916442871e-01,-7.139700055122375488e-01,-2.269091367721557617e+00,5.511621832847595215e-01,2.013208389282226562e+00,8.765802383422851562e-01,8.301861286163330078e-01,-1.751746892929077148e+00,1.089066982269287109e+00,-7.149440050125122070e-01,4.519892930984497070e-01,5.615481138229370117e-01,1.376013517379760742e+00,7.143144607543945312e-01,-1.013195633888244629e+00,-4.105530381202697754e-01,2.756145596504211426e-01,3.380413055419921875e-01,3.462069630622863770e-01,2.989597022533416748e-01,1.089139938354492188e+00,-2.740167379379272461e-01,-2.099239110946655273e+00
-4.176167771220207214e-02,-5.490846633911132812e-01,5.319311618804931641e-01,-8.643541932106018066e-01,-7.163954973220825195e-01,1.475254893302917480e-01,-1.976452618837356567e-01,1.394891589879989624e-01,-2.625746130943298340e-01,3.804962337017059326e-01,3.091842532157897949e-01,-2.887519598007202148e+00,-7.092098593711853027e-01,-7.458242774009704590e-01,-1.139739871025085449e+00,-8.888087272644042969e-01,2.435551166534423828e+00,2.586563825607299805e-01,5.188664197921752930e-01,8.175658583641052246e-01,-2.066490501165390015e-01,1.052293300628662109e+00,-7.376762032508850098e-01,3.833496570587158203e-02,-9.908218383789062500e-01,5.825174450874328613e-01,-7.614342961460351944e-03,-1.083368539810180664e+00,3.803489506244659424e-01,1.743427813053131104e-01,-3.149636685848236084e-01,1.053218722343444824e+00,-1.317086219787597656e+00,-3.512006625533103943e-02,4.297549128532409668e-01,-2.125460147857666016e+00,-3.247691094875335693e-01,4.392489790916442871e-01,-8.329337239265441895e-01,7.324870228767395020e-01,2.184048146009445190e-01,1.537553779780864716e-02,-7.218631505966186523e-01,3.504935204982757568e-01,-3.060112893581390381e-01,1.715708374977111816e-01,1.639078378677368164e+00,-7.534654736518859863e-01,6.234875321388244629e-01,2.926727235317230225e-01,5.801954865455627441e-01,5.556854009628295898e-01,-4.668588936328887939e-01,-5.169746875762939453e-01,-9.370598196983337402e-01,1.174080014228820801e+00,-2.247658073902130127e-01,-4.762741029262542725e-01,-1.313231736421585083e-01,5.285798311233520508e-01,-2.045724689960479736e-01,-3.906800150871276855e-01,1.160686850547790527e+00,-4.912360608577728271e-01,1.587263941764831543e+00,6.562292575836181641e-01,5.440139770507812500e-01,-1.996002793312072754e-01,-4.464724361896514893e-01,5.342794656753540039e-01,-2.684014737606048584e-01,-5.658177733421325684e-01,9.560964703559875488e-01,-2.037014514207839966e-01,6.170892119407653809e-01,-3.422197103500366211e-01,-7.225248217582702637e-01,-8.133124113082885742e-01,5.412411093711853027e-01,4.106236994266510010e-01,2.573675811290740967e-01,7.395941615104675293e-01,7.193027138710021973e-01,4.067773222923278809e-01,-1.552224040031433105e+00,-1.690418601036071777e+00,1.522889137268066406e-01,1.546229720115661621e+00,-2.207047194242477417e-01,-6.388582587242126465e-01,2.151237964630126953e+00,1.401871800422668457e+00,-9.517504572868347168e-01,-7.898701429367065430e-01,-1.226973056793212891e+00,-2.745567262172698975e-01,-1.585489697754383087e-02,7.095577120780944824e-01,9.837268590927124023e-01,-1.521509766578674316e+00
4.908780157566070557e-01,9.264149069786071777e-01,1.618439555168151855e+00,-5.941041707992553711e-01,-1.343689113855361938e-01,-1.567711353302001953e+00,-5.551465749740600586e-01,8.583335578441619873e-02,-8.244697451591491699e-01,-2.438439130783081055e+00,-1.031560897827148438e+00,-5.504623055458068848e-01,8.700398206710815430e-01,-3.655020892620086670e-01,4.589584767818450928e-01,1.020330190658569336e+00,5.376661941409111023e-02,-5.003862380981445312e-01,8.880630135536193848e-01,1.326898336410522461e+00,-7.920567989349365234e-01,2.742619276046752930e+00,-1.004979729652404785e+00,1.232061862945556641e+00,-1.121512413024902344e+00,4.054481089115142822e-01,3.655422031879425049e-01,1.270805478096008301e+00,1.834685206413269043e-01,-1.163208842277526855e+00,2.864196300506591797e-01,8.491204977035522461e-01,1.506972312927246094e+00,-7.911760807037353516e-01,-1.108237504959106445e+00,-2.196784257888793945e+00,-2.489306926727294922e-01,-2.909036874771118164e-01,-2.131900787353515625e+00,1.047426462173461914e+00,1.156891807913780212e-01,1.817993968725204468e-01,1.972126722335815430e+00,-1.866918951272964478e-01,9.381397962570190430e-01,-5.104296207427978516e-01,3.823643028736114502e-01,6.627638339996337891e-01,-1.079879760742187500e+00,4.802192449569702148e-01,-6.080610752105712891e-01,1.336713671684265137e+00,2.529738247394561768e-01,-1.999629020690917969e+00,1.380239725112915039e+00,7.220900058746337891e-01,3.896022439002990723e-01,-1.088096022605895996e+00,-3.576745390892028809e-01,4.009957611560821533e-01,1.147309169173240662e-01,-2.966462075710296631e-02,1.101771950721740723e+00,-2.293757438659667969e+00,9.045341014862060547e-01,-1.032126903533935547e+00,-1.473198175430297852e+00,9.816358089447021484e-01,-9.817680120468139648e-01,-8.606685400009155273e-01,2.288372963666915894e-01,5.811618566513061523e-01,-6.416577696800231934e-01,8.009744286537170410e-01,1.612652897834777832e+00,-1.146065354347229004e+00,-8.410158008337020874e-02,1.524474740028381348e+00,9.738914370536804199e-01,7.373176515102386475e-02,-7.245705723762512207e-01,9.798099994659423828e-01,-7.154651880264282227e-01,1.248642444610595703e+00,-2.285323143005371094e+00,7.721225619316101074e-01,-1.064279437065124512e+00,1.501833833754062653e-02,-1.433164179325103760e-01,-1.112517595291137695e+00,-7.431386113166809082e-01,1.242888808250427246e+00,4.052332937717437744e-01,-1.187138915061950684e+00,1.405948996543884277e+00,2.067075967788696289e-01,7.104619145393371582e-01,3.340893983840942383e-02,-2.265224933624267578e+00,-2.305199354887008667e-01
4.908724874258041382e-02,-1.758950799703598022e-01,7.082269787788391113e-01,8.322172798216342926e-03,-1.179240584373474121e+00,-6.941773891448974609e-01,2.995369195938110352e+00,-2.976776063442230225e-01,3.054324150085449219e+00,9.525974839925765991e-02,-9.615066461265087128e-03,-9.117497205734252930e-01,1.751349091529846191e+00,2.449652194976806641e+00,-1.338289141654968262e+00,1.500275135040283203e-01,-4.049601852893829346e-01,9.868935346603393555e-01,-1.166771531105041504e+00,7.377296686172485352e-01,-4.223766028881072998e-01,-2.589850127696990967e-01,-2.396742582321166992e+00,-2.957604527473449707e-01,-3.697878420352935791e-01,-1.103243470191955566e+00,1.340679407119750977e+00,-3.791823089122772217e-01,1.364264011383056641e+00,-4.060955941677093506e-01,3.742229044437408447e-01,3.556427061557769775e-01,3.488972187042236328e-01,-1.587731361389160156e+00,-1.761505722999572754e+00,-1.492579817771911621e+00,9.633497595787048340e-01,3.994340598583221436e-01,-9.630706310272216797e-01,-1.752106070518493652e+00,-4.332492351531982422e-01,1.475129604339599609e+00,-1.330074429512023926e+00,2.080747485160827637e-01,4.584475159645080566e-01,6.355406045913696289e-01,4.899766147136688232e-01,1.647677540779113770e+00,1.249458074569702148e+00,1.596587777137756348e+00,1.232118964195251465e+00,-2.660739183425903320e+00,-6.646291166543960571e-02,-1.025808095932006836e+00,-2.280638456344604492e+00,2.676221609115600586e+00,9.616364240646362305e-01,7.919536828994750977e-01,-2.258154392242431641e+00,-1.281250596046447754e+00,-2.194681882858276367e+00,1.511435270309448242e+00,-1.293869972229003906e+00,8.814229369163513184e-01,1.200013041496276855e+00,-2.570757865905761719e+00,-4.263713955879211426e-01,-1.254559457302093506e-01,-1.111927390098571777e+00,8.499603718519210815e-02,1.616472601890563965e+00,1.906065046787261963e-01,1.228524327278137207e+00,2.612829506397247314e-01,5.976733937859535217e-02,9.449090808629989624e-02,-1.581609845161437988e+00,1.942883878946304321e-01,-1.339675426483154297e+00,9.319207668304443359e-01,4.840320348739624023e-01,-5.241584181785583496e-01,-4.473799467086791992e-01,2.872389853000640869e-01,5.892864465713500977e-01,-3.431332111358642578e-01,7.998301386833190918e-01,-1.098796129226684570e+00,-5.494880676269531250e-01,-4.658197462558746338e-01,-3.514838516712188721e-01,8.853476047515869141e-01,-4.661853313446044922e-01,-2.573268175125122070e+00,8.245629072189331055e-02,1.572499990463256836e+00,-3.032242059707641602e-01,2.604122161865234375e-01,4.977979063987731934e-01,-1.647246479988098145e+00
-3.012141585350036621e-01,1.821733862161636353e-01,3.194065332412719727e+00,8.028364777565002441e-01,-1.569599628448486328e+00,9.868971109390258789e-01,7.332891225814819336e-01,1.253072381019592285e+00,-9.630521535873413086e-01,1.490143686532974243e-01,1.142656803131103516e-01,-2.446952462196350098e-01,2.146542310714721680e+00,9.932196140289306641e-01,3.662835061550140381e-01,-3.601332306861877441e-01,1.919796824455261230e+00,1.093891978263854980e+00,3.696916699409484863e-01,-6.332778334617614746e-01,-9.476552009582519531e-01,1.353266716003417969e+00,-9.957399368286132812e-01,2.765298187732696533e-01,-2.656002283096313477e+00,8.005566895008087158e-02,2.952387630939483643e-01,7.378783822059631348e-01,4.779937565326690674e-01,-2.025477588176727295e-01,-9.671506881713867188e-01,-8.648993968963623047e-01,-4.134050309658050537e-01,-9.310551881790161133e-01,-7.698937058448791504e-01,-7.351092696189880371e-01,-4.289614558219909668e-01,1.665592670440673828e+00,9.781626462936401367e-01,3.768099844455718994e-01,1.900226473808288574e-01,7.959555387496948242e-01,-8.234928250312805176e-01,1.196786999702453613e+00,1.176663875579833984e+00,-1.820721507072448730e+00,7.702947258949279785e-01,1.156994938850402832e+00,-9.160459041595458984e-01,-3.887572884559631348e-02,-1.558475971221923828e+00,1.063016295433044434e+00,-9.119976311922073364e-02,2.629537582397460938e-01,9.600152969360351562e-01,3.533377945423126221e-01,-7.175003886222839355e-01,4.178500771522521973e-01,1.650819301605224609e+00,-1.249758720397949219e+00,6.716413050889968872e-02,-6.309726238250732422e-01,4.121986627578735352e-01,-6.668858528137207031e-01,-7.175538539886474609e-01,-1.626178503036499023e+00,8.059701323509216309e-01,7.181484103202819824e-01,1.204842567443847656e+00,1.896827816963195801e-01,-8.679978847503662109e-01,-3.345654308795928955e-01,8.476668596267700195e-01,4.787706434726715088e-01,-1.238489866256713867e+00,3.422266989946365356e-02,5.185381174087524414e-01,1.001055121421813965e+00,-1.124693632125854492e+00,-1.373292356729507446e-01,-1.358600705862045288e-01,3.620615005493164062e-01,-6.242382526397705078e-01,-9.580959677696228027e-01,-1.073383212089538574e+00,-2.839947305619716644e-02,-3.668804466724395752e-01,-4.615242481231689453e-01,-7.781490683555603027e-01,1.212926506996154785e+00,7.010937929153442383e-01,-6.222594380378723145e-01,-2.836861908435821533e-01,9.216621518135070801e-02,3.658778965473175049e-01,2.925184667110443115e-01,1.249324083328247070e+00,-2.470507621765136719e+00,1.237168192863464355e+00,-1.433784663677215576e-01
7.700621485710144043e-01,-1.546496301889419556e-01,5.184170007705688477e-01,1.400374889373779297e+00,-8.945287019014358521e-02,1.259477138519287109e+00,4.842508435249328613e-01,-2.566660165786743164e+00,6.043760180473327637e-01,-1.194624304771423340e+00,-1.316607832908630371e+00,5.820002555847167969e-01,-2.185380905866622925e-01,-6.586525440216064453e-01,8.156341314315795898e-01,-6.135079264640808105e-01,-2.063117325305938721e-01,7.526207715272903442e-02,-1.067431569099426270e+00,1.705506563186645508e+00,6.343772262334823608e-02,9.656330347061157227e-01,-5.822295695543289185e-02,-4.825385808944702148e-01,-1.412411451339721680e+00,2.136072635650634766e+00,8.408928513526916504e-01,-1.196694374084472656e+00,1.133802533149719238e-01,-3.044160604476928711e-01,1.997354626655578613e-01,-9.231023192405700684e-01,9.074646048247814178e-03,-1.602026104927062988e+00,-7.314836978912353516e-01,1.354799747467041016e+00,4.681340754032135010e-01,-1.035284519195556641e+00,-1.013819456100463867e+00,-2.814861536026000977e-01,9.413924813270568848e-01,1.666456103324890137e+00,1.168754220008850098e+00,6.734472513198852539e-01,2.182363033294677734e+00,2.950811088085174561e-01,4.199912846088409424e-01,6.939606666564941406e-01,-1.498877257108688354e-01,6.410945057868957520e-01,-2.181107401847839355e-01,3.364671766757965088e-01,1.694798618555068970e-01,-1.234256148338317871e+00,-4.184730648994445801e-01,-1.925851225852966309e+00,4.931613206863403320e-01,2.646572887897491455e-01,2.042366504669189453e+00,-6.201121807098388672e-01,6.518358588218688965e-01,-5.711739659309387207e-01,1.992876678705215454e-01,1.010161876678466797e+00,8.875898122787475586e-01,4.574801027774810791e-01,1.835627257823944092e-01,-1.344301819801330566e+00,1.382552146911621094e+00,-7.647500038146972656e-01,1.867400527000427246e+00,1.097550868988037109e+00,1.273472309112548828e+00,3.277934491634368896e-01,-7.806749343872070312e-01,-7.900156378746032715e-01,6.403929591178894043e-01,5.175738036632537842e-02,-3.691526353359222412e-01,7.140031456947326660e-01,-4.709896743297576904e-01,3.863835707306861877e-03,-9.027747064828872681e-02,-7.514666318893432617e-01,1.698330521583557129e+00,4.019684791564941406e-01,-1.859988689422607422e+00,2.587919235229492188e-01,-6.561181545257568359e-01,1.895695328712463379e+00,5.505298376083374023e-01,-1.652123808860778809e+00,7.685612440109252930e-01,-1.793847531080245972e-01,-2.357361465692520142e-01,3.725433349609375000e-01,-4.855803549289703369e-01,3.398400545120239258e-02,4.241712689399719238e-01,-1.021716743707656860e-02
-4.339511990547180176e-01,7.553866505622863770e-01,2.177623957395553589e-01,-1.210797786712646484e+00,1.480081439018249512e+00,-1.447938203811645508e+00,-2.390609383583068848e-01,-5.116577148437500000e-01,1.304483890533447266e+00,-1.112212777137756348e+00,-8.098550438880920410e-01,-1.975832730531692505e-01,7.377710938453674316e-01,2.109071463346481323e-01,1.512614935636520386e-01,1.070044636726379395e+00,1.459803342819213867e+00,-1.604500412940979004e+00,-6.376232504844665527e-01,9.861312061548233032e-02,-3.717743456363677979e-01,1.375646591186523438e+00,1.953477025032043457e+00,-7.856695652008056641e-01,-4.621069431304931641e-01,-1.455056548118591309e+00,-1.859088838100433350e-01,6.437564641237258911e-02,-3.379105925559997559e-01,-5.907419323921203613e-01,3.596649765968322754e-01,7.285671681165695190e-02,-4.592147171497344971e-01,-5.285124778747558594e-01,-2.263966500759124756e-01,1.169543147087097168e+00,-3.971168696880340576e-01,-7.615634053945541382e-02,-1.966775022447109222e-02,-1.061666488647460938e+00,2.026491612195968628e-01,-1.214205384254455566e+00,-1.369990229606628418e+00,-1.427089095115661621e+00,2.059267163276672363e-01,7.554379701614379883e-01,-6.261382102966308594e-01,-1.096351891756057739e-01,-1.009903669357299805e+00,-3.933725655078887939e-01,-2.569642066955566406e-01,-2.469225645065307617e+00,-3.472432494163513184e-01,2.707112431526184082e-01,-1.438333272933959961e+00,-1.341610789299011230e+00,8.418624401092529297e-01,1.363380402326583862e-01,2.556327342987060547e+00,1.693909406661987305e+00,6.580942273139953613e-01,7.607198357582092285e-01,-1.515721529722213745e-01,7.516410946846008301e-01,1.035485267639160156e+00,-8.586239814758300781e-01,-1.071323230862617493e-01,5.270872116088867188e-01,9.456805139780044556e-02,-1.575197577476501465e-01,-9.082250595092773438e-01,1.345606923103332520e+00,4.194088578224182129e-01,-6.337361335754394531e-01,9.413023591041564941e-01,5.978835746645927429e-03,9.172011017799377441e-01,-7.828726768493652344e-01,1.473526209592819214e-01,9.119048118591308594e-01,8.285396099090576172e-01,-6.190722584724426270e-01,3.255665004253387451e-01,1.709852516651153564e-01,-1.642953008413314819e-01,-5.862197875976562500e-01,-1.294801473617553711e+00,-3.924435973167419434e-01,6.120521426200866699e-01,3.103203475475311279e-01,6.411268115043640137e-01,-1.219904184341430664e+00,-2.765626311302185059e-01,1.391709923744201660e+00,6.350590586662292480e-01,3.993620574474334717e-01,-2.351790964603424072e-01,-4.593435525894165039e-01,-2.482062339782714844e+00,6.421629190444946289e-01
1.143119335174560547e+00,1.046710610389709473e-01,-9.159750938415527344e-01,2.838734984397888184e-01,-6.862556338310241699e-01,9.025366306304931641e-01,-1.374846458435058594e+00,6.971454620361328125e-01,5.532201528549194336e-01,-8.035898804664611816e-01,3.879196941852569580e-01,1.477559089660644531e+00,1.482422709465026855e+00,7.858296036720275879e-01,-7.384197711944580078e-01,1.688472867012023926e+00,-1.871816754341125488e+00,-1.734681725502014160e+00,-8.583348393440246582e-01,-7.244920730590820312e-01,-1.186303734779357910e+00,8.829084038734436035e-01,-5.738875865936279297e-01,5.404155850410461426e-01,1.777517199516296387e-01,5.455493927001953125e-01,1.238956332206726074e+00,-2.508988082408905029e-01,6.753771752119064331e-02,-1.773680597543716431e-01,-4.818233549594879150e-01,-2.674767255783081055e+00,-1.257306188344955444e-01,-1.891276717185974121e+00,1.748553663492202759e-01,-1.226291179656982422e+00,-9.043079018592834473e-01,7.125005125999450684e-01,2.277587205171585083e-01,-1.447420269250869751e-01,-2.186310529708862305e+00,1.356199532747268677e-01,-3.734253719449043274e-02,5.096243023872375488e-01,-1.664504557847976685e-01,-1.721238642930984497e-01,-1.130550026893615723e+00,8.128507137298583984e-01,-1.967068463563919067e-01,1.379299640655517578e+00,5.465364456176757812e-02,-5.235362648963928223e-01,-1.509007334709167480e+00,-4.453382454812526703e-03,-9.301217645406723022e-02,-1.061571121215820312e+00,5.579303503036499023e-01,-2.738429307937622070e-01,2.198472768068313599e-01,1.559447199106216431e-01,-9.960050880908966064e-02,-6.390681266784667969e-01,-1.217281520366668701e-01,-4.322220012545585632e-02,1.613895893096923828e+00,5.493912100791931152e-01,-1.635217964649200439e-01,-3.095557093620300293e-01,-1.062794551253318787e-01,1.035118460655212402e+00,2.209737777709960938e+00,-7.413200736045837402e-01,-1.996721327304840088e-01,3.674090802669525146e-01,8.945426344871520996e-02,5.258644223213195801e-01,5.412608981132507324e-01,5.021565556526184082e-01,-9.938403367996215820e-01,1.744525134563446045e-02,1.492641568183898926e-01,1.325041770935058594e+00,-8.494040369987487793e-01,1.570118308067321777e+00,-1.666652441024780273e+00,-1.292592644691467285e+00,5.938452482223510742e-01,-1.804391264915466309e+00,3.962258398532867432e-01,1.732157468795776367e+00,7.732774615287780762e-01,-1.180065609514713287e-02,1.398542076349258423e-01,3.380543887615203857e-01,-8.076421618461608887e-01,-6.567315459251403809e-01,7.046874761581420898e-01,5.221188068389892578e-01,-1.885401755571365356e-01,-4.277469813823699951e-01
1.299494385719299316e+00,2.500422596931457520e-01,2.239735238254070282e-02,-8.957633972167968750e-01,-3.467277586460113525e-01,-7.501085996627807617e-01,-4.437390267848968506e-01,-2.043486386537551880e-01,-7.781822681427001953e-01,1.592767052352428436e-02,-1.088779091835021973e+00,-1.482370495796203613e+00,-1.332488894462585449e+00,2.450500726699829102e-01,2.251899003982543945e+00,1.406838148832321167e-01,-1.243277311325073242e+00,-8.773001432418823242e-01,8.261091709136962891e-01,9.162672162055969238e-01,6.714446935802698135e-04,2.280676811933517456e-01,8.012285828590393066e-01,-1.049522161483764648e+00,2.597746849060058594e-01,-8.609511852264404297e-01,-4.000563919544219971e-02,1.968650147318840027e-02,5.426074266433715820e-01,-9.861342906951904297e-01,8.860098719596862793e-01,5.421766042709350586e-01,3.126597702503204346e-01,-3.374566435813903809e-01,1.848935961723327637e+00,-3.335454463958740234e-01,-2.238133698701858521e-01,9.573128819465637207e-01,-5.937404632568359375e-01,5.770628899335861206e-02,4.288253486156463623e-01,2.277509719133377075e-01,-8.388240933418273926e-01,1.491198658943176270e+00,1.199230477213859558e-01,-8.765581846237182617e-01,-1.972923755645751953e+00,9.862409532070159912e-02,3.240019679069519043e-01,3.714849054813385010e-01,3.175269663333892822e-01,8.449733257293701172e-02,6.177808716893196106e-02,-1.167643070220947266e+00,-2.833258733153343201e-02,2.909503281116485596e-01,1.624176740646362305e+00,1.696887016296386719e+00,-6.632350087165832520e-01,-9.942362308502197266e-01,-5.431876182556152344e-01,2.067897319793701172e+00,-1.182509064674377441e+00,-1.181953907012939453e+00,1.188410758972167969e+00,-3.958643674850463867e-01,4.989254772663116455e-01,-6.092916727066040039e-01,1.350190043449401855e+00,-1.803064951673150063e-03,9.972698986530303955e-02,2.439829558134078979e-01,-1.276428580284118652e+00,-1.031410396099090576e-01,8.060977458953857422e-01,-4.288741946220397949e-01,-6.983510851860046387e-01,-3.326672017574310303e-01,-1.799118399620056152e+00,-7.104575634002685547e-01,1.646958887577056885e-01,6.472771167755126953e-01,4.947636425495147705e-01,2.505235970020294189e-01,-7.765232771635055542e-02,-5.851145386695861816e-01,-1.440061330795288086e-01,1.042716726660728455e-01,-4.755420982837677002e-01,1.303050875663757324e+00,8.378733992576599121e-01,1.137299776077270508e+00,4.373985230922698975e-01,1.356923341751098633e+00,-1.239199995994567871e+00,9.279642105102539062e-01,-3.306356668472290039e-01,-1.254308223724365234e+00,-1.375939965248107910e+00,-1.387509237974882126e-02
1.475645661354064941e+00,1.507861018180847168e+00,-9.985911250114440918e-01,-6.746053695678710938e-01,-2.086191892623901367e+00,-2.081145048141479492e+00,-5.951337814331054688e-01,-1.537852138280868530e-01,-2.010605573654174805e+00,-5.556730628013610840e-01,-3.976878225803375244e-01,1.251224875450134277e+00,7.214233279228210449e-02,-7.771030664443969727e-01,1.263474106788635254e+00,6.300194859504699707e-01,-1.468892574310302734e+00,-1.428920961916446686e-02,3.991794288158416748e-01,2.005784511566162109e+00,-9.384349584579467773e-01,-1.138795837759971619e-01,-4.658782482147216797e-01,-4.424667060375213623e-01,6.960538625717163086e-01,2.285687685012817383e+00,-5.515742301940917969e-01,1.521282643079757690e-01,6.159310340881347656e-01,3.186292052268981934e-01,-6.844267845153808594e-01,-7.925848960876464844e-01,1.072116613388061523e+00,-1.549676895141601562e+00,6.366640925407409668e-01,-4.861945807933807373e-01,-5.834627151489257812e-01,-3.886253833770751953e-01,-8.150613307952880859e-01,1.007685422897338867e+00,1.370753645896911621e+00,3.634065985679626465e-01,1.023824140429496765e-01,2.939776480197906494e-01,3.367901742458343506e-01,7.483372092247009277e-01,-2.554950118064880371e-01,1.233675330877304077e-01,2.232303619384765625e+00,5.089044198393821716e-02,1.516393661499023438e+00,-1.954414248466491699e+00,-2.886883318424224854e-01,1.131598725914955139e-01,9.954552650451660156e-01,-1.391483664512634277e+00,2.662641108036041260e-01,1.206734538078308105e+00,-1.059472560882568359e+00,-2.027985572814941406e+00,8.419062495231628418e-01,1.702195286750793457e+00,-2.218763977289199829e-01,-1.508835107088088989e-01,-1.400912165641784668e+00,-2.228619009256362915e-01,3.704038560390472412e-01,-1.018620967864990234e+00,-1.059278488159179688e+00,-2.066733121871948242e+00,-1.004641130566596985e-01,5.959894657135009766e-01,-4.893485307693481445e-01,-2.360297679901123047e+00,2.489086389541625977e+00,-4.952254891395568848e-01,1.446940422058105469e+00,8.235189318656921387e-01,7.213172316551208496e-01,-3.912643790245056152e-01,-5.594469904899597168e-01,-2.340865135192871094e+00,3.306915462017059326e-01,3.181449174880981445e-01,2.365092635154724121e-01,4.389193952083587646e-01,-2.786003351211547852e+00,-8.722886443138122559e-02,1.080697417259216309e+00,1.612528204917907715e+00,-1.110967993736267090e+00,6.597066670656204224e-02,-7.970242202281951904e-02,1.641279309988021851e-01,-1.039338350296020508e+00,1.592578887939453125e-01,-1.025423645973205566e+00,-2.211713075637817383e+00,-7.151682972908020020e-01,1.671956628561019897e-01
3.896477222442626953e-01,-8.192407488822937012e-01,-1.842685192823410034e-01,-1.536761503666639328e-02,6.754228472709655762e-01,1.561217457056045532e-01,-7.611185908317565918e-01,7.912198901176452637e-01,1.040366142988204956e-01,8.872118592262268066e-01,3.437609598040580750e-02,1.351036429405212402e+00,4.579527080059051514e-01,-6.789557635784149170e-02,1.573842287063598633e+00,2.093008309602737427e-01,4.009439647197723389e-01,-7.591903805732727051e-01,-9.991374611854553223e-01,3.341004252433776855e-01,1.431665062904357910e+00,-1.732235550880432129e+00,1.963517546653747559e+00,-1.073469400405883789e+00,7.912985086441040039e-01,1.219943046569824219e+00,2.232058495283126831e-01,8.358168005943298340e-01,-3.946009278297424316e-01,7.245606184005737305e-02,-7.724069356918334961e-01,4.018408656120300293e-01,-8.558757901191711426e-01,-6.432289481163024902e-01,1.658626794815063477e-01,-1.372319340705871582e+00,-1.560393452644348145e+00,2.282623052597045898e-01,-8.045507669448852539e-01,1.111969232559204102e+00,2.778289020061492920e-01,1.026806905865669250e-01,8.714920878410339355e-01,1.656228423118591309e+00,-1.044149994850158691e+00,-1.680430918931961060e-01,1.510458588600158691e-01,-9.110594391822814941e-01,-1.019684672355651855e+00,-4.901162385940551758e-01,1.208160370588302612e-01,3.150455057621002197e-01,6.796060204505920410e-01,1.887599229812622070e+00,6.207735538482666016e-01,-1.454926490783691406e+00,-3.525505214929580688e-02,-1.107678294181823730e+00,-3.416144549846649170e-01,-3.876306116580963135e-01,-2.301990032196044922e+00,-1.428323686122894287e-01,-1.921400904655456543e+00,6.898469477891921997e-02,1.170343756675720215e+00,-2.907004356384277344e-01,4.197354018688201904e-01,-6.502485275268554688e-01,-1.827309370040893555e+00,-1.679495424032211304e-01,1.909361481666564941e+00,-3.795221149921417236e-01,4.428299963474273682e-01,-1.852010488510131836e-01,1.314428210258483887e+00,6.461963057518005371e-01,-2.335474789142608643e-01,-9.743957519531250000e-01,1.301304101943969727e+00,-2.441166788339614868e-01,1.410261392593383789e+00,-3.035430610179901123e-01,1.134293153882026672e-01,-3.783247470855712891e-01,5.974745154380798340e-01,-1.594247579574584961e+00,1.441319823265075684e+00,-4.044205248355865479e-01,-1.603897333145141602e+00,5.421912074089050293e-01,1.223248958587646484e+00,5.201809406280517578e-01,-7.409394383430480957e-01,-3.259330689907073975e-01,4.053387939929962158e-01,-2.852044105529785156e-01,-1.951379299163818359e+00,2.353116750717163086e+00,3.382896482944488525e-01,3.308094441890716553e-01
3.871604502201080322e-01,-4.421785175800323486e-01,-1.916752308607101440e-01,1.158849120140075684e+00,1.383050680160522461e+00,-1.750226765871047974e-01,-8.303622007369995117e-01,1.705803632736206055e+00,-5.309358239173889160e-01,2.733458518981933594e+00,-9.776125103235244751e-02,2.529347181320190430e+00,-8.201214075088500977e-01,-7.905252575874328613e-01,2.558822035789489746e-01,2.191344022750854492e+00,6.986601948738098145e-01,-3.646776378154754639e-01,1.856327056884765625e-01,-3.811401724815368652e-01,-2.639501541852951050e-02,-1.770229339599609375e-01,-9.395303130149841309e-01,9.635131955146789551e-01,1.760238260030746460e-01,5.784814357757568359e-01,-1.741160154342651367e+00,6.028102040290832520e-01,1.578107595443725586e+00,-1.480855822563171387e+00,1.169384866952896118e-01,-5.075743198394775391e-01,2.723397910594940186e-01,-3.824724256992340088e-01,-7.566859722137451172e-01,-1.708104014396667480e+00,-2.344333887100219727e+00,-2.876433134078979492e-01,2.324672788381576538e-02,1.453670620918273926e+00,1.573395729064941406e+00,-3.585602343082427979e-01,-1.062294483184814453e+00,1.063078165054321289e+00,-5.960819125175476074e-01,2.932344675064086914e-01,3.644129335880279541e-01,5.454359054565429688e-01,4.730746746063232422e-01,5.675436258316040039e-01,3.711477816104888916e-01,-6.055936813354492188e-01,-3.230299800634384155e-02,4.358049035072326660e-01,8.481073975563049316e-01,-1.620324611663818359e+00,-1.351393342018127441e+00,-1.267580747604370117e+00,-6.315137743949890137e-01,-1.369194149971008301e+00,8.603349328041076660e-01,8.981723189353942871e-01,1.959106206893920898e+00,1.251435399055480957e+00,2.354523539543151855e-01,4.653402864933013916e-01,1.223251581192016602e+00,1.339537501335144043e-01,-1.340805768966674805e+00,1.456060260534286499e-01,1.830430746078491211e+00,2.799367606639862061e-01,-3.545238375663757324e-01,9.524451494216918945e-01,1.214988708496093750e+00,9.573617577552795410e-01,-1.836763471364974976e-01,-9.413722753524780273e-01,-6.753301620483398438e-01,-1.094710946083068848e+00,-2.181011199951171875e+00,-2.662180364131927490e-01,4.221213161945343018e-01,-5.347100496292114258e-01,7.504792809486389160e-01,-1.306397840380668640e-02,4.329715669155120850e-01,7.866278290748596191e-02,-1.320602655410766602e+00,2.661577463150024414e-01,-1.096609950065612793e+00,2.207655668258666992e+00,-5.183397531509399414e-01,3.949378728866577148e-01,-9.649994969367980957e-01,-1.072331428527832031e+00,8.730188012123107910e-01,-1.941519379615783691e+00,-1.071289539337158203e+00,-7.732946872711181641e-01
-4.642750918865203857e-01,6.664586812257766724e-02,1.586562156677246094e+00,-9.394037723541259766e-02,3.542783111333847046e-02,-8.347377181053161621e-01,-9.439333081245422363e-01,-6.373795270919799805e-01,1.134029030799865723e+00,1.475614547729492188e+00,-9.005070328712463379e-01,2.009780555963516235e-01,7.319381237030029297e-01,9.948918223381042480e-01,-9.035238027572631836e-01,4.951745569705963135e-01,8.006146550178527832e-01,2.461040496826171875e+00,1.608199834823608398e+00,3.981086984276771545e-02,7.536544799804687500e-01,-4.232881367206573486e-01,1.934607177972793579e-01,-2.073109865188598633e+00,8.880158513784408569e-02,-1.340587854385375977e+00,5.749878883361816406e-01,5.545560643076896667e-02,-2.005724161863327026e-01,7.213682532310485840e-01,2.119738608598709106e-01,-3.583245873451232910e-01,3.947278857231140137e-01,-5.788570046424865723e-01,-1.230149269104003906e+00,5.979965925216674805e-01,6.989184301346540451e-03,7.325636148452758789e-01,-6.323471665382385254e-01,-1.386884152889251709e-01,-9.388760328292846680e-01,-1.024589419364929199e+00,4.949596226215362549e-01,9.881928563117980957e-01,-1.169361829757690430e+00,-1.726174831390380859e+00,9.589077234268188477e-01,-1.048431515693664551e+00,-4.496288597583770752e-01,1.291547119617462158e-01,4.865994751453399658e-01,2.114214003086090088e-01,-1.346183538436889648e+00,1.517671346664428711e+00,-7.044130563735961914e-01,-8.561338186264038086e-01,-7.081583142280578613e-01,-7.714995145797729492e-01,-1.885779857635498047e+00,7.496836185455322266e-01,1.558427810668945312e-01,1.273675560951232910e+00,-1.807768493890762329e-01,-1.875959992408752441e+00,2.595794200897216797e+00,1.495177388191223145e+00,-1.048800349235534668e-01,1.627125620841979980e+00,2.025246381759643555e+00,1.538042545318603516e+00,-7.795404177159070969e-03,-3.881455063819885254e-01,-9.120642542839050293e-01,1.208813190460205078e+00,-2.400454282760620117e-01,4.689140617847442627e-02,4.247485101222991943e-01,1.683772325515747070e+00,-7.940665483474731445e-01,4.532040953636169434e-01,-8.068733811378479004e-01,1.271392583847045898e+00,-1.791836619377136230e+00,1.037684202194213867e+00,-6.085565090179443359e-01,-2.450811713933944702e-01,-2.065750837326049805e+00,7.392809391021728516e-01,1.024748921394348145e+00,-6.926158070564270020e-01,-2.426552176475524902e-01,5.234513282775878906e-01,-9.354009628295898438e-01,-1.098224297165870667e-01,1.907895207405090332e-01,-1.058745980262756348e+00,-1.004440069198608398e+00,1.633931249380111694e-01,1.047473073005676270e+00,-2.717892453074455261e-02
-5.818072706460952759e-02,-6.979994773864746094e-01,9.258390665054321289e-01,-3.434916585683822632e-02,-9.584460258483886719e-01,-7.724562883377075195e-01,-5.110161304473876953e-01,1.266358256340026855e+00,-1.140993908047676086e-01,3.516794368624687195e-02,5.783976316452026367e-01,7.213793992996215820e-01,1.167166471481323242e+00,1.637394666671752930e+00,-1.922179460525512695e+00,5.723525285720825195e-01,-1.700092852115631104e-01,-3.185923099517822266e-01,-7.665587663650512695e-01,1.600434660911560059e+00,-2.390713244676589966e-01,-1.249096751213073730e+00,2.489260196685791016e+00,6.499799489974975586e-01,6.812762618064880371e-01,1.834044575691223145e+00,-1.282428979873657227e+00,2.622631788253784180e-01,-2.452759146690368652e-01,-4.345901012420654297e-01,-3.289197385311126709e-01,1.568044424057006836e+00,-1.275966882705688477e+00,9.230684638023376465e-01,-2.369802072644233704e-02,1.283155977725982666e-01,-2.045282840728759766e+00,1.971690416336059570e+00,1.865383148193359375e+00,-7.211486101150512695e-01,-4.824041128158569336e-01,-1.829305291175842285e-01,6.720559000968933105e-01,-9.374769926071166992e-01,1.005831003189086914e+00,-8.842535018920898438e-01,2.053900361061096191e-01,-8.018262684345245361e-02,1.584834694862365723e+00,1.482112050056457520e+00,1.725309044122695923e-01,2.693476676940917969e-01,-9.700613617897033691e-01,-5.505828857421875000e-01,3.926444351673126221e-01,-1.667707860469818115e-01,-3.460116386413574219e-01,2.678425014019012451e-01,-1.105489253997802734e+00,-8.229895234107971191e-01,1.318131208419799805e+00,6.942602992057800293e-01,1.004513978958129883e+00,9.164778590202331543e-01,-3.866171836853027344e-01,-2.824040353298187256e-01,1.120440125465393066e+00,-7.443145513534545898e-01,8.343406319618225098e-01,-1.380779862403869629e+00,-8.830296993255615234e-02,1.137759760022163391e-01,1.976701170206069946e-01,1.373161673545837402e+00,-8.776763081550598145e-01,-2.435528278350830078e+00,-9.011416435241699219e-01,3.054526150226593018e-01,-6.923055648803710938e-02,8.685585260391235352e-01,-1.314170360565185547e+00,-4.852873980998992920e-01,1.553743481636047363e+00,3.714573085308074951e-01,1.078293681144714355e+00,-1.221014976501464844e+00,-6.399026513099670410e-01,6.660059690475463867e-01,2.168711423873901367e+00,1.014866113662719727e+00,-8.826271891593933105e-01,1.311134934425354004e+00,1.436998844146728516e+00,-1.009747534990310669e-01,-9.110260009765625000e-02,-1.282589435577392578e-01,-7.109448909759521484e-01,-2.287858247756958008e+00,9.802103042602539062e-02,3.103237748146057129e-01
-1.163740634918212891e+00,-9.999840259552001953e-01,-2.038458108901977539e+00,1.745930910110473633e+00,-9.072657674551010132e-02,5.652588009834289551e-01,5.926123857498168945e-01,2.361155152320861816e-01,6.704938132315874100e-03,9.221564531326293945e-01,-1.709900349378585815e-01,4.780899733304977417e-02,3.478176295757293701e-01,-5.326185226440429688e-01,1.465313315391540527e+00,-2.992595136165618896e-01,3.046773672103881836e-01,1.437935709953308105e+00,3.574971556663513184e-01,-2.792885005474090576e-01,-7.420081496238708496e-01,-6.599038243293762207e-01,1.313836336135864258e+00,3.919824063777923584e-01,-1.146885037422180176e+00,1.083377003669738770e+00,-2.257023006677627563e-01,9.727989882230758667e-02,4.852987229824066162e-01,1.655984669923782349e-01,-4.961272180080413818e-01,1.495437026023864746e-01,5.079199075698852539e-01,-1.340458869934082031e+00,-1.251079440116882324e+00,6.446219682693481445e-01,-1.259247541427612305e+00,7.804728746414184570e-01,1.292450904846191406e+00,2.495190501213073730e-01,3.958083987236022949e-01,-1.122671440243721008e-01,-1.501131415367126465e+00,-1.902374148368835449e+00,-2.215183258056640625e+00,1.525479793548583984e+00,-1.269287943840026855e+00,-1.516889691352844238e+00,-5.757249593734741211e-01,-8.339615464210510254e-01,-1.774367809295654297e+00,-6.151667237281799316e-01,5.168084502220153809e-01,-1.065102815628051758e+00,9.382157325744628906e-01,-2.153745144605636597e-01,-4.467518627643585205e-01,-1.855023264884948730e+00,-8.114315867424011230e-01,9.396032989025115967e-02,4.957174956798553467e-01,-8.717310428619384766e-01,2.988730669021606445e-01,-1.140961289405822754e+00,2.178239375352859497e-01,7.344230078160762787e-03,-1.761680841445922852e-01,-4.653167724609375000e-01,6.579137444496154785e-01,-1.271882057189941406e+00,-1.528618454933166504e+00,-4.758461415767669678e-01,-6.979150176048278809e-01,2.178663969039916992e+00,-3.269948363304138184e-01,-1.241553783416748047e+00,1.591067314147949219e+00,-9.048154354095458984e-01,1.468944311141967773e+00,-1.761022090911865234e+00,3.298759758472442627e-01,-7.920131683349609375e-01,1.594122171401977539e+00,-5.406091809272766113e-01,9.146045893430709839e-02,7.735258936882019043e-01,-2.479989230632781982e-01,3.906175792217254639e-01,6.848375201225280762e-01,-7.875339388847351074e-01,-1.968400478363037109e-01,-9.502531290054321289e-01,1.222947478294372559e+00,6.093789935111999512e-01,1.641673684120178223e+00,9.324207901954650879e-01,7.065356373786926270e-01,9.879184365272521973e-01,3.820913136005401611e-01,1.433500647544860840e+00
-2.045640945434570312e-01,6.985417604446411133e-01,3.108486831188201904e-01,2.956918478012084961e+00,-1.402711033821105957e+00,-4.026877880096435547e-01,-8.998731374740600586e-01,4.147970303893089294e-02,1.693460464477539062e+00,-9.712460041046142578e-01,1.826941668987274170e-01,7.116628885269165039e-01,8.908231258392333984e-01,-2.068724393844604492e+00,4.295939803123474121e-01,7.135604023933410645e-01,4.113137125968933105e-01,-4.793058335781097412e-01,2.578007221221923828e+00,-6.131329573690891266e-03,-7.596486806869506836e-01,-9.260889142751693726e-02,-4.812746047973632812e-01,4.368120431900024414e-01,-1.760882854461669922e+00,5.314779877662658691e-01,-5.855485200881958008e-01,6.670871376991271973e-01,3.527814745903015137e-01,1.524916291236877441e+00,8.740730881690979004e-01,-5.077604651451110840e-01,8.086518049240112305e-01,-4.074155688285827637e-01,1.303101658821105957e+00,1.128194093704223633e+00,1.387914299964904785e+00,1.192266106605529785e+00,-2.343671560287475586e+00,-1.665603518486022949e+00,1.081075668334960938e-01,-1.017037272453308105e+00,-1.064516067504882812e+00,2.531449317932128906e+00,-1.458051681518554688e+00,-9.622913599014282227e-02,-6.204216480255126953e-01,7.779596447944641113e-01,-3.683798909187316895e-01,-7.649632692337036133e-01,-9.505510330200195312e-01,5.982763767242431641e-01,1.699222475290298462e-01,1.285426914691925049e-01,1.880914568901062012e-01,-8.018486499786376953e-01,-8.272154331207275391e-01,-2.097826078534126282e-02,-2.468764036893844604e-02,1.530746221542358398e+00,2.831645309925079346e-01,-9.707491993904113770e-01,6.545456647872924805e-01,7.670870423316955566e-01,1.080295443534851074e+00,-1.337621212005615234e+00,-5.317146182060241699e-01,9.708876013755798340e-01,-4.299610853195190430e-01,1.076708793640136719e+00,4.595277905464172363e-01,2.779528498649597168e-01,1.359883189201354980e+00,1.426489353179931641e-01,3.280024826526641846e-01,-4.595910608768463135e-01,-1.064789652824401855e+00,-4.187511503696441650e-01,1.034692764282226562e+00,-1.009916812181472778e-01,3.634078800678253174e-02,1.201715350151062012e+00,-1.574355125427246094e+00,-1.042746424674987793e+00,8.030802607536315918e-01,8.124008029699325562e-02,2.349880456924438477e+00,1.636186391115188599e-01,5.829176306724548340e-01,-5.969282984733581543e-01,1.702033042907714844e+00,1.565970659255981445e+00,-3.233605623245239258e-01,-1.292639255523681641e+00,4.415963888168334961e-01,5.647098422050476074e-01,-1.284196376800537109e+00,-1.152343750000000000e-01,-2.265473455190658569e-01,5.446189641952514648e-01
9.632323980331420898e-01,-2.309305429458618164e+00,3.039652407169342041e-01,-6.494712829589843750e-02,-1.053323149681091309e+00,-4.508961737155914307e-02,-1.052354574203491211e+00,-4.282302558422088623e-01,1.167509317398071289e+00,-1.291959404945373535e+00,6.654425859451293945e-01,5.159289576113224030e-04,-1.674875140190124512e+00,1.252177834510803223e+00,3.422945439815521240e-01,-9.514850974082946777e-01,-4.212976694107055664e-01,7.337455749511718750e-01,-8.903159946203231812e-02,1.010655283927917480e+00,-1.694026470184326172e+00,-1.007024049758911133e+00,1.725839078426361084e-01,1.055138587951660156e+00,-1.090744972229003906e+00,-2.505570054054260254e-01,9.215425699949264526e-02,-4.793737828731536865e-01,1.190342545509338379e+00,-1.682334542274475098e+00,8.406051397323608398e-01,1.935356557369232178e-01,-1.740542769432067871e+00,-3.060413599014282227e-01,2.135677099227905273e+00,9.017979502677917480e-01,2.743696272373199463e-01,-4.693080484867095947e-01,1.065910339355468750e+00,6.189052462577819824e-01,3.751272559165954590e-01,6.561870127916336060e-02,1.822317361831665039e+00,-3.417986333370208740e-01,1.022210955619812012e+00,1.110368490219116211e+00,-7.799209952354431152e-01,-7.557402849197387695e-01,9.595614075660705566e-01,8.295558691024780273e-01,-7.774607539176940918e-01,3.451230227947235107e-01,1.139377713203430176e+00,-9.654563665390014648e-01,-6.240416169166564941e-01,-6.529490351676940918e-01,-2.915979862213134766e+00,-1.692229986190795898e+00,6.529365181922912598e-01,1.600083470344543457e+00,-2.109008133411407471e-01,7.888451218605041504e-01,-7.145941257476806641e-01,-1.851996928453445435e-01,-1.539840936660766602e+00,1.067487478256225586e+00,-1.185316294431686401e-01,3.589052334427833557e-02,2.487347126007080078e-01,1.337341666221618652e+00,-1.098716497421264648e+00,-1.096724033355712891e+00,1.341232299804687500e+00,-8.656624555587768555e-01,-1.393385976552963257e-01,-1.835839822888374329e-02,1.165639907121658325e-01,-2.604362964630126953e-01,1.344464659690856934e+00,2.322829484939575195e+00,3.600011169910430908e-01,1.203876972198486328e+00,1.621482729911804199e+00,-2.229506254196166992e+00,-6.881515979766845703e-01,1.999432802200317383e+00,-1.736481547355651855e+00,-5.035567283630371094e-01,-6.696686148643493652e-02,1.244738817214965820e+00,1.362443208694458008e+00,-6.631117463111877441e-01,-5.283182859420776367e-01,-2.434865534305572510e-01,-1.165902614593505859e+00,-9.574316143989562988e-01,-7.294592261314392090e-02,1.194935142993927002e-01,1.479032635688781738e+00,-1.595737040042877197e-02
-1.939583539962768555e+00,-7.916956543922424316e-01,3.858047723770141602e-01,-4.218682944774627686e-01,-3.809596300125122070e-01,-1.675660312175750732e-01,2.935891747474670410e-01,-9.533483386039733887e-01,-1.623938441276550293e+00,8.757364749908447266e-01,-5.246415138244628906e-01,-2.215681552886962891e+00,-5.581666827201843262e-01,-2.399737596511840820e+00,-1.915000200271606445e+00,-1.483490943908691406e+00,2.273482680320739746e-01,4.802337288856506348e-01,-2.098989933729171753e-01,1.003777623176574707e+00,-5.862714052200317383e-01,1.913523435592651367e+00,-7.845771908760070801e-01,-5.692973732948303223e-01,1.266265809535980225e-01,2.479068934917449951e-01,-5.611919164657592773e-01,-6.448844075202941895e-01,-4.430248737335205078e-01,-1.640524983406066895e+00,2.572897911071777344e+00,7.315134163945913315e-03,-9.778175950050354004e-01,-6.588883996009826660e-01,1.782639741897583008e+00,-5.760467052459716797e-01,6.769939661026000977e-01,2.376856058835983276e-01,7.751009464263916016e-01,4.347589612007141113e-02,-2.455963492393493652e-01,-4.451565742492675781e-01,-1.496607661247253418e+00,-5.397858619689941406e-01,-1.547829806804656982e-01,4.590914249420166016e-01,-7.659467458724975586e-01,1.851367592811584473e+00,-8.734095841646194458e-02,1.388321369886398315e-01,-8.318219780921936035e-01,-1.046817541122436523e+00,4.300506412982940674e-01,-3.348317146301269531e+00,4.674956202507019043e-01,1.262449175119400024e-01,1.278335452079772949e+00,-1.665636181831359863e+00,2.313090562820434570e+00,-1.082967758178710938e+00,-1.666583716869354248e-01,1.467483401298522949e+00,1.385745555162429810e-01,-1.041530489921569824e+00,-1.402631998062133789e+00,-1.431501150131225586e+00,2.748198509216308594e-01,-2.421169042587280273e+00,-8.375099860131740570e-04,-1.370961785316467285e+00,4.667142033576965332e-01,1.069551229476928711e+00,7.501360774040222168e-02,-2.502280712127685547e+00,9.923689365386962891e-01,-8.970755934715270996e-01,-8.742999434471130371e-01,-7.329803705215454102e-02,1.940362691879272461e+00,-3.027832210063934326e-01,-1.545697748661041260e-01,-6.062638163566589355e-01,8.530266880989074707e-01,-3.424296677112579346e-01,9.061048626899719238e-01,1.012052774429321289e+00,-2.380431413650512695e+00,3.780075311660766602e-01,-3.317907750606536865e-01,-5.247380137443542480e-01,3.648236393928527832e-01,-8.842493295669555664e-01,6.876187920570373535e-01,-4.574567079544067383e-01,2.401776760816574097e-01,-2.158509194850921631e-01,-9.826442003250122070e-01,3.056578338146209717e-02,2.225963115692138672e+00,-4.166485071182250977e-01
-1.423865079879760742e+00,-1.005272746086120605e+00,7.461121082305908203e-01,3.722904324531555176e-01,1.543222963809967041e-01,-4.221311211585998535e-01,8.347091674804687500e-01,-7.546858489513397217e-02,-1.045669913291931152e+00,2.160575389862060547e+00,3.012984514236450195e+00,3.657470643520355225e-01,-4.731762111186981201e-01,-5.613244771957397461e-01,1.609025478363037109e+00,1.256455063819885254e+00,1.344193696975708008e+00,-2.936372280120849609e+00,2.098910659551620483e-01,1.571260809898376465e+00,-2.666580379009246826e-01,-7.919673919677734375e-01,4.376524686813354492e-01,1.671886205673217773e+00,-6.921386122703552246e-01,7.993303537368774414e-01,2.356616854667663574e-01,-1.454702973365783691e+00,2.947215139865875244e-01,3.387435972690582275e-01,1.263258934020996094e+00,1.100218653678894043e+00,4.949032962322235107e-01,1.425852060317993164e+00,-1.234054446220397949e+00,7.633608579635620117e-01,-8.341150283813476562e-01,-2.793093621730804443e-01,-2.810705900192260742e-01,-7.977381348609924316e-01,-4.091979563236236572e-01,-1.405792236328125000e-01,-2.387300491333007812e+00,-4.099743068218231201e-01,-1.270989537239074707e+00,8.589215874671936035e-01,6.730570793151855469e-01,-1.238188982009887695e+00,-6.869613528251647949e-01,-2.601006746292114258e+00,-3.090412914752960205e-01,-1.404431819915771484e+00,-8.554701805114746094e-01,7.880332469940185547e-01,1.021205663681030273e+00,1.549031376838684082e+00,7.626261115074157715e-01,-5.396105647087097168e-01,7.642640471458435059e-01,-1.569120049476623535e+00,5.375399440526962280e-02,2.538962475955486298e-02,-4.845171868801116943e-01,3.744353652000427246e-01,1.314982652664184570e+00,-1.297461688518524170e-01,-1.633525043725967407e-01,1.359971463680267334e-01,-1.642583012580871582e+00,-1.417684793472290039e+00,-1.193115785717964172e-01,1.636958569288253784e-01,5.483537912368774414e-01,1.490153789520263672e+00,-1.278127074241638184e+00,-1.430176049470901489e-01,1.743941187858581543e+00,5.924198031425476074e-01,1.176630377769470215e+00,3.939611613750457764e-01,2.586151361465454102e-01,-3.487102985382080078e-01,-2.916569113731384277e-01,1.151193082332611084e-01,1.553373932838439941e+00,4.089392125606536865e-01,4.201077222824096680e-01,5.239257216453552246e-01,5.767147541046142578e-01,4.760051518678665161e-02,4.107248038053512573e-03,-1.962758898735046387e+00,-2.078627347946166992e-01,-7.873803973197937012e-01,-5.388770103454589844e-01,9.268266558647155762e-01,-9.715277552604675293e-01,7.210239768028259277e-01,1.131809592247009277e+00,-4.519869387149810791e-01
1.704973429441452026e-01,3.474008440971374512e-01,3.497334122657775879e-01,1.982231974601745605e+00,-9.815040230751037598e-01,7.713676989078521729e-02,9.108965396881103516e-01,-1.090242862701416016e+00,-4.190107882022857666e-01,-5.968943834304809570e-01,-2.739528417587280273e+00,-1.050581455230712891e+00,6.061437129974365234e-01,1.309470772743225098e+00,1.865946888923645020e+00,1.682555317878723145e+00,3.703581914305686951e-02,-1.845572829246520996e+00,-1.926108002662658691e+00,-1.053630635142326355e-01,2.336038351058959961e-01,-2.976249754428863525e-01,-6.474276185035705566e-01,4.517588615417480469e-01,2.845611572265625000e-01,2.000865899026393890e-02,-3.910286724567413330e-01,3.364847302436828613e-01,-4.560969769954681396e-01,-8.442732691764831543e-02,2.469456791877746582e-01,-5.070906281471252441e-01,-1.360523581504821777e+00,-3.464315533638000488e-01,2.009973287582397461e+00,-1.038957238197326660e+00,5.296112895011901855e-01,2.040362596511840820e+00,2.085055112838745117e-01,5.283109098672866821e-02,5.450807809829711914e-01,1.665685325860977173e-01,-1.126808047294616699e+00,-4.279747903347015381e-01,6.733116507530212402e-01,-6.149582266807556152e-01,8.490964174270629883e-01,-1.237293243408203125e+00,2.458848059177398682e-01,2.454897642135620117e+00,4.744503498077392578e-01,-3.199933469295501709e-01,-3.958322107791900635e-01,-2.524070441722869873e-01,7.838907241821289062e-01,7.443505525588989258e-01,-3.271575570106506348e-01,-9.296695590019226074e-01,1.517241477966308594e+00,1.000253319740295410e+00,1.939714431762695312e+00,1.104591488838195801e+00,-1.024684071540832520e+00,-4.280084669589996338e-01,2.392490655183792114e-01,1.029629781842231750e-01,-8.117055892944335938e-01,1.317891836166381836e+00,2.352266013622283936e-01,-2.133924067020416260e-01,-6.558043360710144043e-01,5.302197933197021484e-01,7.910080999135971069e-02,-3.737233281135559082e-01,1.153617262840270996e+00,-7.090259194374084473e-01,4.153113365173339844e-01,1.629787683486938477e-01,-6.396781206130981445e-01,1.994099974632263184e+00,-5.828834772109985352e-01,2.876154705882072449e-02,2.794629633426666260e-01,-1.322112798690795898e+00,2.473252415657043457e-01,9.937452077865600586e-01,-7.135424017906188965e-01,-8.573682308197021484e-01,1.142015337944030762e+00,4.628915786743164062e-01,2.252456247806549072e-01,1.155272200703620911e-01,-4.485910534858703613e-01,-5.231071710586547852e-01,-2.747440636157989502e-01,3.943816572427749634e-02,-2.239071130752563477e+00,6.274064779281616211e-01,-2.736498117446899414e-01,1.673707067966461182e-01
1.069637656211853027e+00,1.403331458568572998e-01,-2.022504508495330811e-01,1.424474477767944336e+00,3.966773450374603271e-01,-1.611923426389694214e-01,-3.974837064743041992e-01,-4.124022126197814941e-01,1.797147542238235474e-01,6.506133079528808594e-01,-2.450487017631530762e-01,8.339011669158935547e-02,7.272175550460815430e-01,1.470766514539718628e-01,-2.772685885429382324e-01,-9.026129245758056641e-01,-3.852561116218566895e-01,-5.196517109870910645e-01,-1.105824470520019531e+00,2.559732794761657715e-01,8.371405005455017090e-01,-7.255962491035461426e-01,3.254062533378601074e-01,1.441076517105102539e+00,5.066818594932556152e-01,5.057358145713806152e-01,-7.023644447326660156e-02,-7.059424519538879395e-01,2.170214891433715820e+00,8.077703714370727539e-01,4.509927928447723389e-01,-1.515186429023742676e+00,2.030728578567504883e+00,-1.813362360000610352e+00,9.373800158500671387e-01,7.917749881744384766e-01,6.972817778587341309e-01,-1.208651304244995117e+00,-1.022726297378540039e+00,7.715949416160583496e-01,7.584791630506515503e-02,1.038386464118957520e+00,-6.333468556404113770e-01,1.160501688718795776e-01,1.043676678091287613e-02,-1.824095487594604492e+00,-6.712061166763305664e-01,4.658641815185546875e-01,6.618666648864746094e-01,1.288327574729919434e+00,-1.048768281936645508e+00,5.583693087100982666e-02,1.661755561828613281e+00,-8.226257562637329102e-01,2.146577835083007812e-01,4.396629333496093750e-01,4.386672377586364746e-01,5.790126919746398926e-01,-2.074501991271972656e+00,1.770282268524169922e+00,7.781373858451843262e-01,-7.639847397804260254e-01,9.811789989471435547e-01,-1.309661507606506348e+00,-2.205615282058715820e+00,1.604628920555114746e+00,-3.884087204933166504e-01,1.512555122375488281e+00,-5.348994135856628418e-01,-1.534629464149475098e-01,-4.372216463088989258e-01,-5.149381756782531738e-01,1.281447857618331909e-01,7.832892537117004395e-01,-5.247014760971069336e-01,-7.427577972412109375e-01,8.779600262641906738e-01,1.200476884841918945e+00,1.931048989295959473e+00,3.085933625698089600e-01,2.631379365921020508e-01,4.266327023506164551e-01,-1.508790403604507446e-01,8.747542500495910645e-01,7.624421715736389160e-01,-4.274229407310485840e-01,5.095752477645874023e-01,3.285483419895172119e-01,-8.574356436729431152e-01,3.613676726818084717e-01,-4.037810564041137695e-01,-2.779702842235565186e-01,-2.995945811271667480e-01,1.018521308898925781e+00,8.141987919807434082e-01,5.804854631423950195e-02,1.445569515228271484e+00,2.843032777309417725e-01,-3.416439890861511230e-01,1.908150792121887207e+00
4.605236649513244629e-02,-8.476623892784118652e-01,4.737502932548522949e-01,9.527216851711273193e-02,-5.400500297546386719e-01,-8.739764243364334106e-02,7.336589694023132324e-01,8.069910854101181030e-02,-1.675477176904678345e-01,1.608630120754241943e-01,8.333274126052856445e-01,-5.731950998306274414e-01,1.782199591398239136e-01,7.694553732872009277e-01,2.494150996208190918e-01,9.619860649108886719e-01,-6.277496814727783203e-01,1.924267053604125977e+00,1.749835371971130371e+00,-5.460888147354125977e-01,6.669352650642395020e-01,1.784600257873535156e+00,3.145779669284820557e-01,1.430746912956237793e+00,1.855998516082763672e+00,1.282377839088439941e+00,6.065916419029235840e-01,-6.752018928527832031e-01,-1.412001371383666992e+00,2.233934640884399414e+00,7.012861967086791992e-01,-2.782675623893737793e-01,3.729075491428375244e-01,1.750740110874176025e-01,5.565510392189025879e-01,-2.292525395750999451e-02,2.212349891662597656e+00,-3.374518156051635742e-01,3.247408866882324219e-01,-1.626276522874832153e-01,-5.450053215026855469e-01,-3.269754052162170410e-01,-3.966983854770660400e-01,5.409881472587585449e-02,-1.630334615707397461e+00,-7.833763957023620605e-01,1.686163097620010376e-01,-7.873762249946594238e-01,1.049623250961303711e+00,-3.854042887687683105e-01,-1.536342144012451172e+00,-4.038608968257904053e-01,2.132407575845718384e-01,-1.434286952018737793e+00,6.575165987014770508e-01,1.370078921318054199e+00,1.310835003852844238e+00,-2.822168469429016113e-01,-7.354514300823211670e-02,3.504885733127593994e-01,1.440231561660766602e+00,1.696391344070434570e+00,-5.806833505630493164e-01,5.766374617815017700e-02,7.049685716629028320e-01,6.827488541603088379e-01,5.573599338531494141e-01,-8.216625452041625977e-01,-1.795043945312500000e-01,-2.944271564483642578e-01,-1.314821839332580566e+00,-4.936235845088958740e-01,-6.349120289087295532e-02,5.355657339096069336e-01,9.289633631706237793e-01,-1.440409719944000244e-01,-1.446512788534164429e-01,1.249125361442565918e+00,5.917462706565856934e-01,-1.025625824928283691e+00,5.437261462211608887e-01,1.052750706672668457e+00,5.294976830482482910e-01,-3.625095784664154053e-01,-8.413576483726501465e-01,-6.510467529296875000e-01,1.430011272430419922e+00,-2.383193016052246094e+00,-2.627041041851043701e-01,7.225800156593322754e-01,-5.858939886093139648e-01,-2.274099588394165039e-01,5.222348570823669434e-01,-5.384976267814636230e-01,1.959613561630249023e+00,-1.223008930683135986e-01,6.005921959877014160e-01,-1.892097294330596924e-01,-1.038699269294738770e+00,-8.880485296249389648e-01
-8.835173249244689941e-01,1.396927714347839355e+00,7.349694967269897461e-01,-2.089121490716934204e-01,-3.365689218044281006e-01,2.663815021514892578e-01,-1.069393515586853027e+00,5.491275787353515625e-01,7.506651282310485840e-01,1.352381110191345215e-01,1.004777550697326660e+00,5.228900909423828125e-01,-1.267110824584960938e+00,-1.233326792716979980e+00,-5.443836450576782227e-01,2.226017415523529053e-01,-9.504151344299316406e-02,7.633586525917053223e-01,-3.058941662311553955e-01,-5.889508128166198730e-01,-1.635911107063293457e+00,5.459233745932579041e-02,2.590907573699951172e+00,1.654633879661560059e+00,1.160275459289550781e+00,-1.009542703628540039e+00,1.265074759721755981e-01,1.760774254798889160e-01,-5.943603515625000000e-01,9.494391679763793945e-01,1.190190672874450684e+00,1.041410923004150391e+00,-2.661780267953872681e-02,5.169408861547708511e-03,2.951047420501708984e+00,-7.601917982101440430e-01,-1.109216213226318359e+00,1.542918443679809570e+00,-1.649462580680847168e+00,7.892861366271972656e-01,-4.927518367767333984e-01,1.081785798072814941e+00,-4.202810227870941162e-01,-1.352807134389877319e-01,6.974148154258728027e-01,-1.749573647975921631e-01,-6.153526157140731812e-02,8.741695880889892578e-01,-1.212418556213378906e+00,-1.773919910192489624e-01,-6.399244070053100586e-01,9.834809303283691406e-01,1.228854618966579437e-02,4.300547242164611816e-01,-5.272153615951538086e-01,2.522550225257873535e-01,2.132795602083206177e-01,2.713926315307617188e+00,9.590888619422912598e-01,-4.184801876544952393e-01,7.996888756752014160e-01,1.140458360314369202e-01,-7.778061628341674805e-01,8.005414605140686035e-01,7.595414519309997559e-01,-1.584314823150634766e+00,1.038675546646118164e+00,-7.736874222755432129e-01,3.175573348999023438e-01,-7.467595934867858887e-01,-4.156560078263282776e-02,-3.036738634109497070e-01,1.721107482910156250e+00,1.575485229492187500e+00,1.468766212463378906e+00,-9.242922663688659668e-01,2.220041602849960327e-01,3.819657564163208008e-01,1.417826652526855469e+00,8.044521212577819824e-01,9.217684268951416016e-01,4.967373013496398926e-01,-1.405003070831298828e-01,-1.402477264404296875e+00,1.641658186912536621e+00,1.139727830886840820e+00,7.466638684272766113e-01,-1.738190770149230957e+00,1.591987609863281250e+00,1.881537318229675293e+00,-3.450683653354644775e-01,5.365431308746337891e-01,1.312982082366943359e+00,-1.263749003410339355e+00,2.262380838394165039e+00,-9.255981445312500000e-01,1.911925554275512695e+00,-7.431611418724060059e-01,-5.993673801422119141e-01,-3.911883234977722168e-01
-9.617256522178649902e-01,-7.633829861879348755e-02,4.200974404811859131e-01,-1.110344886779785156e+00,2.108407318592071533e-01,-1.612571477890014648e+00,1.158500760793685913e-01,1.144909143447875977e+00,-5.062698721885681152e-01,-5.675053596496582031e-01,2.124841928482055664e+00,2.650425434112548828e-01,-2.795609086751937866e-02,1.373455524444580078e+00,-1.767988204956054688e-01,4.830182492733001709e-01,1.037817835807800293e+00,1.127064108848571777e+00,-3.637444972991943359e-01,-2.620281279087066650e-02,-3.857273757457733154e-01,-2.166291326284408569e-01,-3.436428010463714600e-01,2.821327745914459229e-02,-5.525034070014953613e-01,5.753296017646789551e-01,-7.918099313974380493e-02,1.527579545974731445e+00,-6.609844565391540527e-01,-7.230142951011657715e-01,-2.824190378189086914e+00,2.067079991102218628e-01,1.281732082366943359e+00,5.081133842468261719e-01,-2.805765271186828613e-01,-1.277378439903259277e+00,-9.779617190361022949e-01,-1.491728782653808594e+00,1.197975635528564453e+00,-6.121627241373062134e-02,3.103450126945972443e-02,1.520255684852600098e+00,7.298717498779296875e-01,1.165487527847290039e+00,6.289508938789367676e-02,3.485794663429260254e-01,5.191992968320846558e-03,-2.254631519317626953e+00,-6.511489301919937134e-02,-4.700870513916015625e-01,-2.944089472293853760e-01,-6.987935900688171387e-01,1.830616444349288940e-01,-1.431762337684631348e+00,-5.770562216639518738e-02,5.217407941818237305e-01,-1.762768864631652832e+00,5.318202450871467590e-02,-1.323581337928771973e-01,-4.921100437641143799e-01,-8.138777613639831543e-01,1.921956799924373627e-02,-2.659730911254882812e+00,5.677576065063476562e-01,-1.590075939893722534e-01,9.382463693618774414e-01,1.295934081077575684e+00,-1.722553730010986328e+00,-4.804194867610931396e-01,1.364709854125976562e+00,9.004799723625183105e-01,1.776487827301025391e+00,-1.152661800384521484e+00,6.276004910469055176e-01,-5.889687538146972656e-01,-2.857937514781951904e-01,-1.619485616683959961e+00,1.385581851005554199e+00,-3.162809312343597412e-01,-7.096674293279647827e-02,-1.119774818420410156e+00,-4.997501671314239502e-01,-1.321309804916381836e+00,5.299009680747985840e-01,2.108300328254699707e-01,2.673729062080383301e-01,8.238463848829269409e-02,-3.708387538790702820e-02,-1.036181747913360596e-01,-1.591411352157592773e+00,1.131937429308891296e-01,1.654445767402648926e+00,5.771081447601318359e-01,6.929011642932891846e-02,1.275469660758972168e+00,8.568039536476135254e-01,-1.208060532808303833e-01,-3.534793853759765625e-01,-2.089546680450439453e+00,-7.783557772636413574e-01
2.121834039688110352e+00,-2.606182098388671875e-01,-1.557730436325073242e+00,1.487147688865661621e+00,-6.978449225425720215e-01,1.612113714218139648e+00,8.504835516214370728e-02,-9.145520925521850586e-01,7.504835724830627441e-01,-3.345847129821777344e-01,-7.824906110763549805e-01,1.129837393760681152e+00,-6.481819748878479004e-01,4.070885777473449707e-01,-1.932415962219238281e+00,-2.235958129167556763e-01,1.387196183204650879e+00,-1.595954746007919312e-01,-3.225775361061096191e-01,-1.735578536987304688e+00,1.717318296432495117e+00,-4.065698385238647461e-01,-1.779537677764892578e+00,2.219109423458576202e-02,-7.112794518470764160e-01,-2.026228308677673340e-01,3.833539038896560669e-02,-6.471157670021057129e-01,1.149176478385925293e+00,5.188518166542053223e-01,1.228079080581665039e+00,-2.280889451503753662e-01,1.230285048484802246e+00,1.159447669982910156e+00,-7.480635046958923340e-01,4.666707813739776611e-01,-2.116717398166656494e-01,-1.756883114576339722e-01,9.288319349288940430e-01,1.517689824104309082e+00,-1.385763525962829590e+00,-5.308201909065246582e-01,2.889593243598937988e-01,-9.020995348691940308e-02,1.513461470603942871e+00,9.693360328674316406e-01,-7.690685391426086426e-01,-1.069981813430786133e+00,1.864516973495483398e+00,2.710062265396118164e-01,1.689717918634414673e-01,5.813018679618835449e-01,-8.705576062202453613e-01,2.268688231706619263e-01,1.778996348381042480e+00,-6.606442332267761230e-01,6.906573772430419922e-01,-1.692776441574096680e+00,9.030241519212722778e-02,8.748042583465576172e-01,-1.193855285644531250e+00,-1.176933526992797852e+00,1.840676784515380859e+00,-8.024159073829650879e-01,1.304340839385986328e+00,3.907416015863418579e-02,1.831602096557617188e+00,1.892351806163787842e-01,9.131168127059936523e-01,-6.174264550209045410e-01,1.309224069118499756e-01,-6.015249490737915039e-01,1.559863984584808350e-01,4.267662018537521362e-02,-4.255803823471069336e-01,4.126822948455810547e-01,-4.629639387130737305e-01,-7.760914564132690430e-01,-3.598835170269012451e-01,8.174356818199157715e-01,-7.756689190864562988e-01,-3.308434188365936279e-01,2.177931547164916992e+00,-1.178903132677078247e-01,-7.158761024475097656e-01,-1.012455821037292480e+00,-6.443940848112106323e-02,4.640936851501464844e-01,5.580845102667808533e-02,1.942509859800338745e-01,-9.352080821990966797e-01,2.564165592193603516e+00,1.060170173645019531e+00,-2.133514583110809326e-01,1.024636983871459961e+00,9.242456555366516113e-01,-5.376412272453308105e-01,-8.333293795585632324e-01,-6.081837415695190430e-01,-2.243620343506336212e-02
-2.199111133813858032e-01,-3.776415288448333740e-01,5.911898612976074219e-01,4.891901090741157532e-02,7.986615300178527832e-01,1.560552954673767090e+00,-9.251407384872436523e-01,3.271318078041076660e-01,-2.626781165599822998e-01,8.701736927032470703e-01,-5.638542026281356812e-02,6.302288770675659180e-01,-1.183916687965393066e+00,-7.320443391799926758e-01,-3.735567033290863037e-01,-3.146591663360595703e+00,5.763719230890274048e-02,6.825385689735412598e-01,-8.308205008506774902e-01,-1.247690439224243164e+00,3.470897674560546875e-01,-5.381396412849426270e-01,4.773814976215362549e-01,-6.395393610000610352e-01,1.565714627504348755e-01,1.038595914840698242e+00,-6.140733957290649414e-01,-6.994772553443908691e-01,9.954149723052978516e-01,-8.560128509998321533e-02,-7.396259903907775879e-01,1.427722871303558350e-01,7.860193848609924316e-01,1.712678968906402588e-01,1.479847669601440430e+00,-6.176342964172363281e-01,1.983362197875976562e+00,5.480581521987915039e-01,7.325215935707092285e-01,-1.088769912719726562e+00,1.377060770988464355e+00,-9.414840340614318848e-01,5.043017864227294922e-01,1.581732630729675293e-01,-9.304148554801940918e-01,2.269707679748535156e+00,3.908653259277343750e-01,7.427405118942260742e-01,6.761240959167480469e-02,-1.327379792928695679e-01,-7.704597115516662598e-01,3.723514080047607422e-01,-6.867322921752929688e-01,8.049509674310684204e-02,2.037121057510375977e+00,-7.403422594070434570e-01,7.653021812438964844e-02,2.618869066238403320e+00,-2.800187349319458008e+00,1.407098770141601562e+00,2.422006577253341675e-01,1.664992272853851318e-01,1.055155992507934570e+00,2.442842423915863037e-01,5.592826604843139648e-01,2.536110401153564453e+00,-3.461528718471527100e-01,8.576323390007019043e-01,1.790528774261474609e+00,-2.368336021900177002e-01,-5.499324575066566467e-02,5.142656564712524414e-01,-4.757296442985534668e-01,4.556820914149284363e-02,4.816412925720214844e-01,-1.128296256065368652e+00,6.805087327957153320e-01,-1.457579493522644043e+00,-4.100068807601928711e-01,5.971742272377014160e-01,-2.285598278045654297e+00,6.513979434967041016e-01,-7.768315821886062622e-02,-7.449790239334106445e-01,3.679553568363189697e-01,-2.195619940757751465e-01,5.986912250518798828e-01,7.171931862831115723e-01,-2.389675617218017578e+00,-7.773748636245727539e-01,8.143163323402404785e-01,-1.112407326698303223e+00,-3.289955854415893555e-01,-2.888245880603790283e-01,-5.435783267021179199e-01,-6.654053330421447754e-01,-5.498385429382324219e-02,9.035999774932861328e-01,-8.711358904838562012e-01,2.119027078151702881e-01
-7.663967460393905640e-02,1.262370228767395020e+00,5.372806787490844727e-01,-4.381001591682434082e-01,2.694792449474334717e-01,-6.603713631629943848e-01,-9.502001404762268066e-01,-1.086171790957450867e-01,-1.431207805871963501e-01,1.178123429417610168e-02,-1.790373921394348145e+00,1.327960610389709473e+00,-3.286393284797668457e-01,-6.464059948921203613e-01,5.467935800552368164e-01,6.854609251022338867e-01,-1.915302127599716187e-01,-1.667394936084747314e-01,1.139691114425659180e+00,-2.498516082763671875e+00,-2.587990999221801758e+00,-1.129599690437316895e+00,-3.189598023891448975e-01,-7.387249469757080078e-01,-7.416079044342041016e-01,2.715468406677246094e-01,-1.838194966316223145e+00,1.860819101333618164e+00,2.424008212983608246e-02,1.157426118850708008e+00,5.861974358558654785e-01,-4.314387589693069458e-02,-4.620100259780883789e-01,2.361233711242675781e+00,6.555969715118408203e-01,-3.988182246685028076e-01,-9.378945082426071167e-02,1.490108132362365723e+00,-1.814976096153259277e+00,-1.176374852657318115e-01,-8.431398272514343262e-01,7.655344605445861816e-01,2.789351344108581543e-01,3.124869465827941895e-01,1.235752344131469727e+00,-5.792004466056823730e-01,-5.808232426643371582e-01,3.866035938262939453e-01,-4.649314582347869873e-01,-4.921979829668998718e-02,-1.045579165220260620e-01,1.316527277231216431e-01,2.469084598124027252e-02,-6.572510302066802979e-02,1.096908807754516602e+00,2.448396086692810059e-01,-5.001993775367736816e-01,7.343444824218750000e-01,1.243746757507324219e+00,-1.329405784606933594e+00,3.193638622760772705e-01,5.841481685638427734e-01,-1.097653388977050781e+00,6.486326456069946289e-01,-1.928250789642333984e-01,-1.338014841079711914e+00,5.036005377769470215e-01,3.498836755752563477e-01,2.170187950134277344e+00,6.296565532684326172e-01,-5.755511522293090820e-01,8.827329277992248535e-01,-1.024083137512207031e+00,-1.683954477310180664e+00,-5.698321461677551270e-01,5.836969614028930664e-01,-5.871065855026245117e-01,-2.498514175415039062e+00,4.034797549247741699e-01,-7.802685499191284180e-01,9.259627461433410645e-01,3.968789279460906982e-01,-6.662179231643676758e-01,1.786307454109191895e+00,-1.035151004791259766e+00,6.551108956336975098e-01,7.431967854499816895e-01,1.574522733688354492e+00,9.215746074914932251e-02,1.232659339904785156e+00,-2.455651998519897461e+00,-6.372941732406616211e-01,6.646205782890319824e-01,-1.275890350341796875e+00,4.812082648277282715e-01,-8.289615511894226074e-01,8.772526979446411133e-01,-8.917359709739685059e-01,-5.092880725860595703e-01,1.986571669578552246e+00
-1.611005812883377075e-01,-1.393387280404567719e-02,-8.936706185340881348e-01,2.803848683834075928e-01,-2.946549952030181885e-01,-5.638995766639709473e-01,-1.208169221878051758e+00,1.063391685485839844e+00,1.296686887741088867e+00,3.227173984050750732e-01,-4.067540764808654785e-01,-3.847702741622924805e-01,-9.278311729431152344e-01,-1.318325161933898926e+00,-2.059262514114379883e+00,9.451189637184143066e-01,-9.906293749809265137e-01,1.160070776939392090e+00,4.178484082221984863e-01,2.004741191864013672e+00,-7.155241370201110840e-01,-7.438814640045166016e-01,2.796596884727478027e-01,-1.355337947607040405e-01,-8.422223329544067383e-01,-1.605451107025146484e-02,-5.345764756202697754e-01,1.939750432968139648e+00,-2.671971797943115234e+00,-1.098132252693176270e+00,-9.850662350654602051e-01,1.242383956909179688e+00,1.256351113319396973e+00,1.174807667732238770e+00,1.231360509991645813e-01,4.890347644686698914e-02,9.696241021156311035e-01,1.696710586547851562e+00,1.480792403221130371e+00,-1.111045554280281067e-01,-1.855016648769378662e-01,7.866229116916656494e-02,-5.642779916524887085e-02,7.844840884208679199e-01,1.321135044097900391e+00,1.171505928039550781e+00,5.548861622810363770e-01,6.692655682563781738e-01,1.514514923095703125e+00,-9.017009139060974121e-01,6.537553668022155762e-01,7.678034305572509766e-01,1.533301949501037598e+00,2.542077302932739258e-01,6.695656180381774902e-01,3.950922787189483643e-01,1.653041839599609375e+00,1.208413124084472656e+00,7.917526960372924805e-01,-3.047046661376953125e-01,-1.698510169982910156e+00,-1.323267351835966110e-02,-4.330075979232788086e-01,1.206054016947746277e-01,-1.564534783363342285e+00,7.851532101631164551e-02,-1.452444493770599365e-01,1.262207150459289551e+00,3.035718798637390137e-01,8.715215325355529785e-01,1.411440014839172363e+00,-1.511595964431762695e+00,-1.063999831676483154e-01,2.015409469604492188e+00,-1.804803848266601562e+00,-6.620524525642395020e-01,1.822598338127136230e+00,-2.548722028732299805e-01,5.562496185302734375e-01,-1.242268681526184082e+00,7.237565517425537109e-01,4.089588299393653870e-02,-2.381753444671630859e+00,3.754536807537078857e-01,5.423747003078460693e-02,1.103415191173553467e-01,-1.244937539100646973e+00,-4.703992307186126709e-01,8.268380761146545410e-01,-2.681523859500885010e-01,-8.905684351921081543e-01,8.035679161548614502e-02,-1.035795807838439941e+00,-2.157922744750976562e+00,-3.325156271457672119e-01,4.530632197856903076e-01,-9.239311218261718750e-01,6.634281873703002930e-01,1.169143795967102051e+00,-8.993765115737915039e-01
-1.960051357746124268e-01,4.762642681598663330e-01,4.902364909648895264e-01,-1.680895090103149414e+00,-1.816279888153076172e+00,-1.125742793083190918e+00,-1.184834957122802734e+00,-2.572710216045379639e-01,1.633121371269226074e-01,3.905204534530639648e-01,-5.375331640243530273e-01,-6.239402294158935547e-01,-1.922548890113830566e+00,-3.475812971591949463e-01,3.872327804565429688e-01,6.196850165724754333e-02,-3.298478722572326660e-01,-1.103773117065429688e+00,5.581687092781066895e-01,-2.185370475053787231e-01,1.366278171539306641e+00,-8.475679159164428711e-01,-1.345336586236953735e-01,1.363555908203125000e+00,-1.163071870803833008e+00,2.718173861503601074e-01,-2.978403568267822266e-01,4.656031429767608643e-01,6.184142082929611206e-03,1.418865919113159180e-01,3.816888481378555298e-02,1.405023932456970215e+00,-3.397254049777984619e-01,1.745777845382690430e+00,-2.065455675125122070e+00,2.972612157464027405e-02,7.596763968467712402e-01,9.016898274421691895e-02,-1.780132353305816650e-01,7.308823466300964355e-01,-9.950274825096130371e-01,1.192831546068191528e-01,-6.048975586891174316e-01,8.058341741561889648e-01,-2.316757202148437500e+00,6.284271478652954102e-01,1.246488451957702637e+00,-6.750716567039489746e-01,1.291469931602478027e+00,3.892205059528350830e-01,1.520349681377410889e-01,-3.783186674118041992e-01,1.036454319953918457e+00,-5.039980411529541016e-01,-6.089116930961608887e-01,-1.517070174217224121e+00,6.648618578910827637e-01,-9.643030762672424316e-01,7.419652342796325684e-01,-3.352424502372741699e-01,8.167588114738464355e-01,-7.481166124343872070e-01,1.043052196502685547e+00,2.251368284225463867e+00,-1.731158852577209473e+00,-1.222092747688293457e+00,2.553828239440917969e+00,-7.967463731765747070e-01,-7.360490560531616211e-01,-9.767520427703857422e-01,-7.485371828079223633e-01,-2.355574846267700195e+00,-5.211566090583801270e-01,2.042511701583862305e+00,1.999196887016296387e+00,-8.386600017547607422e-01,9.412347078323364258e-01,3.492857813835144043e-01,4.145955741405487061e-01,-1.259832739830017090e+00,-5.362477898597717285e-01,9.382517337799072266e-01,1.406225204467773438e+00,-6.483481526374816895e-01,-7.783007621765136719e-01,-5.689642950892448425e-02,-7.523857355117797852e-01,1.258999586105346680e+00,-6.467491388320922852e-01,-1.425828225910663605e-02,-1.734523892402648926e+00,-2.771361470222473145e-01,1.124809980392456055e+00,3.556400835514068604e-01,1.163010597229003906e-01,-4.662543535232543945e-01,8.782695531845092773e-01,-3.987021148204803467e-01,-1.539580672979354858e-01,1.718357801437377930e+00
-7.560262680053710938e-01,1.435486197471618652e+00,-3.602303564548492432e-01,4.021657630801200867e-02,-9.705079346895217896e-02,-5.527920126914978027e-01,5.293565392494201660e-01,-8.367722630500793457e-01,-9.860180616378784180e-01,-4.981798529624938965e-01,-2.066055089235305786e-01,1.088603854179382324e+00,-9.229572415351867676e-01,-5.408207178115844727e-01,2.595694661140441895e-01,-8.292918205261230469e-01,4.314281642436981201e-01,-1.150931954383850098e+00,2.147148132324218750e+00,-8.301187753677368164e-01,4.047387838363647461e-01,3.084951400756835938e+00,-2.128112465143203735e-01,-6.470484137535095215e-01,1.132111787796020508e+00,-1.459566950798034668e+00,1.298047006130218506e-01,-1.297832727432250977e+00,2.790499925613403320e-01,-5.938024520874023438e-01,2.066270262002944946e-02,-6.157253980636596680e-01,8.213970810174942017e-02,1.020134091377258301e-01,1.370273679494857788e-01,-3.931316137313842773e-01,-1.468141078948974609e+00,1.095655679702758789e+00,-7.140122652053833008e-01,-1.305771231651306152e+00,9.452500343322753906e-01,-1.118322134017944336e+00,-2.135113030672073364e-01,1.238918974995613098e-01,-7.903344631195068359e-01,-5.128197669982910156e-01,-1.546682476997375488e+00,-1.319893717765808105e+00,4.356597065925598145e-01,1.902829766273498535e+00,-8.130562305450439453e-02,-1.146602988243103027e+00,8.256152868270874023e-01,-1.728876709938049316e+00,5.405833944678306580e-02,-6.451756358146667480e-01,-1.289670944213867188e+00,8.173618912696838379e-01,4.665386974811553955e-01,6.074863672256469727e-01,-1.130202785134315491e-01,4.010930359363555908e-01,-6.849630475044250488e-01,1.445731401443481445e+00,1.746971249580383301e+00,5.459766387939453125e-01,2.393901944160461426e-01,-2.494077831506729126e-01,-3.107682764530181885e-01,-3.884953856468200684e-01,2.388602346181869507e-01,4.095241427421569824e-01,-1.435121059417724609e+00,-2.614467740058898926e-01,-2.596175484359264374e-02,5.682424306869506836e-01,9.917319566011428833e-02,6.865145564079284668e-01,1.051844954490661621e+00,2.791336774826049805e-01,4.042024612426757812e-01,-1.462431669235229492e+00,7.125402688980102539e-01,1.049084067344665527e+00,-7.208495140075683594e-01,-4.338819384574890137e-01,-5.025558639317750931e-03,-1.298307180404663086e+00,3.455364942550659180e+00,1.614753246307373047e+00,-4.703652262687683105e-01,-2.857061922550201416e-01,-9.200981855392456055e-01,-3.964580893516540527e-01,1.669556856155395508e+00,-1.057968020439147949e+00,5.677515864372253418e-01,5.329477787017822266e-01,1.062882900238037109e+00,-3.790056705474853516e-01
1.402598470449447632e-01,-1.783211708068847656e+00,-1.005369901657104492e+00,4.720008969306945801e-01,1.113350152969360352e+00,6.743329167366027832e-01,1.770789980888366699e+00,2.634032070636749268e-01,9.037012457847595215e-01,1.311513900756835938e+00,-7.750657796859741211e-01,-5.131081342697143555e-01,-1.882120519876480103e-01,-1.592653870582580566e+00,9.382318705320358276e-02,1.599821597337722778e-01,8.856135606765747070e-02,-2.538447380065917969e-01,-1.019610404968261719e+00,-7.709659337997436523e-01,-1.756249070167541504e+00,8.750869035720825195e-01,-1.252179026603698730e+00,-4.497136771678924561e-01,1.458074688911437988e+00,2.896424531936645508e-01,1.601339221000671387e+00,-1.289986371994018555e+00,-7.878944277763366699e-01,-9.959301948547363281e-01,-1.674262523651123047e+00,6.784682869911193848e-01,-1.291003823280334473e+00,-4.889123737812042236e-01,3.706397712230682373e-01,1.049919366836547852e+00,-8.070313334465026855e-01,1.196127414703369141e+00,6.856089830398559570e-01,-9.153593778610229492e-01,-9.140409827232360840e-01,-7.867337465286254883e-01,8.799108862876892090e-01,1.992717623710632324e+00,-3.591389656066894531e-01,5.565549805760383606e-02,3.148484230041503906e-01,-2.368346601724624634e-01,2.510973215103149414e-01,2.237358570098876953e+00,-1.295651078224182129e+00,-5.455021858215332031e-01,-9.245219826698303223e-01,8.460400104522705078e-01,-2.292678952217102051e-01,-2.289291381835937500e+00,-9.072124212980270386e-02,-4.106053411960601807e-01,1.930726766586303711e-01,-1.035518050193786621e+00,7.456299662590026855e-01,-5.086755752563476562e-01,3.581723868846893311e-01,1.094616055488586426e+00,3.376147523522377014e-02,2.995277345180511475e-01,-2.981621399521827698e-02,-2.454593896865844727e+00,-7.610939145088195801e-01,-9.772534966468811035e-01,-8.825694322586059570e-01,-8.186430484056472778e-02,5.823534727096557617e-01,-5.646576881408691406e-01,2.224947690963745117e+00,9.901190996170043945e-01,9.691161513328552246e-01,8.823309540748596191e-01,1.631918787956237793e+00,2.595434188842773438e+00,9.171213507652282715e-01,6.028630137443542480e-01,6.150132417678833008e-01,-1.863882899284362793e+00,5.734537839889526367e-01,-6.826568245887756348e-01,1.641016721725463867e+00,-1.556573629379272461e+00,-1.401314139366149902e+00,-3.879766464233398438e-01,4.519388675689697266e-01,-1.159304901957511902e-01,1.687347292900085449e+00,-1.840223312377929688e+00,-3.401748239994049072e-01,-1.719228364527225494e-02,1.166951432824134827e-01,1.159676536917686462e-01,-2.545466125011444092e-01,-7.375838756561279297e-01
-5.149669051170349121e-01,1.399083733558654785e+00,-6.723279356956481934e-01,-2.088434994220733643e-01,1.148686766624450684e+00,-1.285615801811218262e+00,6.858515143394470215e-01,6.222189068794250488e-01,2.630742490291595459e-01,-1.162490606307983398e+00,-2.262117862701416016e-01,-2.809440791606903076e-01,-5.227908492088317871e-01,1.754477977752685547e+00,-5.665833353996276855e-01,1.349296927452087402e+00,4.549759626388549805e-01,-6.098141893744468689e-02,7.515005469322204590e-01,2.186436504125595093e-01,1.015146732330322266e+00,7.966784834861755371e-01,-6.399887800216674805e-01,5.741406679153442383e-01,1.326714754104614258e+00,3.824352920055389404e-01,2.232482433319091797e+00,-1.278534889221191406e+00,5.283659100532531738e-01,3.903701603412628174e-01,-8.716288805007934570e-01,-7.576126456260681152e-01,-3.202106654644012451e-01,-1.041043996810913086e+00,-3.495888411998748779e-01,6.833570599555969238e-01,8.326814174652099609e-01,-2.826215922832489014e-01,2.734450399875640869e-01,-1.718431472778320312e+00,-1.163878798484802246e+00,-9.857767820358276367e-01,1.005206465721130371e+00,-7.559530138969421387e-01,4.360420405864715576e-01,2.079160451889038086e+00,-1.376412153244018555e+00,2.620843648910522461e-01,5.715420097112655640e-02,7.758941054344177246e-01,-6.581509113311767578e-01,-6.422994136810302734e-01,1.919386722147464752e-02,5.515071153640747070e-01,1.266400694847106934e+00,-7.597927451133728027e-01,-2.600702762603759766e+00,-4.191873371601104736e-01,-7.508856654167175293e-01,3.950568735599517822e-01,-7.272716164588928223e-01,-9.523104429244995117e-01,-3.691656291484832764e-01,9.812227487564086914e-01,6.491174548864364624e-02,1.904961317777633667e-01,1.394888639450073242e+00,-3.204401433467864990e-01,-1.204230904579162598e+00,5.850499868392944336e-01,1.585750222206115723e+00,1.921440958976745605e-01,6.904341578483581543e-01,-3.631273210048675537e-01,1.453118562698364258e+00,4.137652814388275146e-01,-1.006663203239440918e+00,-3.682006895542144775e-01,6.799040436744689941e-01,9.056619405746459961e-01,9.424103498458862305e-01,3.950328230857849121e-01,4.021961987018585205e-02,7.598849385976791382e-02,-7.858927249908447266e-01,-4.805085361003875732e-01,-2.395537346601486206e-01,-1.961083650588989258e+00,1.736895918846130371e+00,-2.275489419698715210e-01,-4.267439246177673340e-01,2.031172066926956177e-01,-1.957129001617431641e+00,-7.102229595184326172e-01,-2.157689809799194336e+00,1.312245607376098633e+00,-1.429761528968811035e+00,1.247756779193878174e-01,-5.012726187705993652e-01,1.184357404708862305e+00
-7.646086812019348145e-01,1.692637681961059570e+00,-1.654115319252014160e-01,-4.930061995983123779e-01,4.768063426017761230e-01,-1.436756014823913574e+00,-7.383891344070434570e-01,9.458352327346801758e-01,-1.198715925216674805e+00,-4.067183434963226318e-01,5.853285789489746094e-01,-1.659056842327117920e-01,1.056251645088195801e+00,-3.296898677945137024e-03,-8.804328739643096924e-02,-1.926029205322265625e+00,-2.819165214896202087e-02,1.001906752586364746e+00,2.934137582778930664e-01,-1.500397920608520508e-01,1.370431303977966309e+00,6.525754928588867188e-01,-6.248075887560844421e-02,1.085976481437683105e+00,3.655201494693756104e-01,6.043777465820312500e-01,-5.785691738128662109e-01,-1.660874336957931519e-01,-9.254655838012695312e-01,5.602472424507141113e-01,4.654678404331207275e-01,-1.378400564193725586e+00,-1.729837954044342041e-01,1.217836022377014160e+00,4.567891657352447510e-01,2.838339507579803467e-01,-9.035363197326660156e-01,2.239468395709991455e-01,-1.385259032249450684e+00,-2.192685604095458984e+00,8.462110161781311035e-02,-4.316655993461608887e-01,-7.061684131622314453e-01,-2.383546680212020874e-01,-1.760075092315673828e-01,2.266649961471557617e+00,-2.294296979904174805e+00,8.653514385223388672e-01,7.973837256431579590e-01,2.347355633974075317e-01,1.457231760025024414e+00,-1.063311696052551270e-01,1.432372927665710449e+00,-1.247157305479049683e-01,1.899965167045593262e+00,4.499419033527374268e-02,2.046499401330947876e-01,-3.224535286426544189e-01,1.448996067047119141e-01,-1.391516566276550293e+00,1.026417136192321777e+00,-8.831018805503845215e-01,5.403506159782409668e-01,-8.483957052230834961e-01,1.233953356742858887e+00,1.492302298545837402e+00,3.792980611324310303e-01,-2.037167549133300781e+00,1.587415188550949097e-01,-1.595708727836608887e+00,-3.096865415573120117e-01,3.870576620101928711e-01,1.105393409729003906e+00,-2.496657222509384155e-01,-1.394139051437377930e+00,8.887817263603210449e-01,-1.922969669103622437e-01,1.535551786422729492e+00,-1.598843812942504883e+00,1.801061034202575684e-01,-1.691784381866455078e+00,8.900551795959472656e-01,-1.159305572509765625e+00,9.806760400533676147e-02,-1.901081681251525879e+00,-7.446286678314208984e-01,-1.826130002737045288e-01,-7.116404920816421509e-02,-8.702345490455627441e-01,-3.168649375438690186e-01,9.075566381216049194e-02,-1.358944177627563477e+00,-2.806876599788665771e-01,-4.509019851684570312e-01,-6.771863698959350586e-01,1.703041076660156250e+00,2.137791812419891357e-01,2.496798485517501831e-01,1.517464667558670044e-01,1.353752464056015015e-01
-3.088713586330413818e-01,1.469046950340270996e+00,2.650946974754333496e-01,-2.445666491985321045e-01,3.240758478641510010e-01,-1.086286425590515137e+00,1.803351044654846191e+00,-1.178124308586120605e+00,-1.540018677711486816e+00,1.249933600425720215e+00,6.491851210594177246e-01,1.818392753601074219e+00,2.094801887869834900e-02,7.538305521011352539e-01,-8.378314375877380371e-01,-1.347504258155822754e+00,1.264423727989196777e+00,3.625590801239013672e-01,5.064924359321594238e-01,1.431916713714599609e+00,6.409365534782409668e-01,-2.692502439022064209e-01,2.257752567529678345e-01,3.863338530063629150e-01,-1.452371716499328613e+00,3.346796929836273193e-01,1.379380524158477783e-01,1.858433037996292114e-01,1.051831722259521484e+00,3.340579271316528320e-01,-5.766152143478393555e-01,6.023378968238830566e-01,8.892399072647094727e-02,-9.299973249435424805e-01,-3.551872670650482178e-01,-2.275931537151336670e-01,-6.452812254428863525e-02,-3.290039896965026855e-01,-4.965228736400604248e-01,-1.713029295206069946e-02,-6.384138464927673340e-01,-1.818752765655517578e+00,-7.176624238491058350e-02,4.657251834869384766e-01,-1.389784336090087891e+00,1.193860054016113281e+00,1.522111892700195312e+00,-1.024892687797546387e+00,1.676469683647155762e+00,7.086095809936523438e-01,1.363089442253112793e+00,1.197721719741821289e+00,-1.818127989768981934e+00,1.112772345542907715e+00,1.339096069335937500e+00,6.369436532258987427e-02,1.563502669334411621e+00,-1.703843832015991211e+00,5.334592461585998535e-01,-2.204610705375671387e-01,-3.996573686599731445e-01,5.458433032035827637e-01,-2.618011236190795898e-01,-4.851077198982238770e-01,5.969025492668151855e-01,7.150428891181945801e-01,9.646031260490417480e-01,-6.185992360115051270e-01,1.026880621910095215e+00,1.058222174644470215e+00,-5.114854574203491211e-01,-1.878535151481628418e-01,-1.264357686042785645e+00,-1.276931762695312500e-01,9.685536623001098633e-01,-1.702238619327545166e-01,-3.673019707202911377e-01,-1.914183020591735840e+00,-7.916545867919921875e-01,1.102870628237724304e-01,3.305206000804901123e-01,-1.981266736984252930e-01,-1.800978183746337891e-01,-6.088534742593765259e-02,3.922278881072998047e-01,4.439318180084228516e-01,-2.037644863128662109e+00,-2.276540696620941162e-01,-6.606013774871826172e-01,2.480161190032958984e+00,-2.130062580108642578e+00,7.730632424354553223e-01,-1.914023637771606445e+00,-1.236036539077758789e+00,-1.291102528572082520e+00,-3.805347159504890442e-02,1.442663788795471191e+00,7.861127257347106934e-01,-1.796701550483703613e-01,-8.506689071655273438e-01
5.996293425559997559e-01,-1.096421480178833008e+00,-2.942895591259002686e-01,1.685254096984863281e+00,8.668024539947509766e-01,6.006711125373840332e-01,1.447160392999649048e-01,8.894666433334350586e-01,2.108857333660125732e-01,4.624159932136535645e-01,-3.126850724220275879e-02,9.679553508758544922e-01,-1.098417282104492188e+00,-7.386981844902038574e-01,-1.423658370971679688e+00,-5.058278441429138184e-01,1.436308175325393677e-01,5.188061594963073730e-01,4.484920799732208252e-01,1.249796867370605469e+00,-1.745778918266296387e-01,-5.309244990348815918e-01,1.947638951241970062e-02,-4.920997619628906250e-01,1.243601799011230469e+00,-2.061977386474609375e+00,-1.091769218444824219e+00,-3.125217914581298828e+00,4.764739573001861572e-01,-6.375255584716796875e-01,1.089043378829956055e+00,-1.970204353332519531e+00,-4.869761466979980469e-01,-1.678623437881469727e+00,-1.544090270996093750e+00,-5.743944644927978516e-01,7.078125476837158203e-01,-1.484061002731323242e+00,5.172522664070129395e-01,9.001377820968627930e-01,6.284183859825134277e-01,1.555282950401306152e+00,1.099213212728500366e-01,-1.138907074928283691e+00,-5.199987441301345825e-02,9.653584957122802734e-01,7.856940031051635742e-01,7.848501205444335938e-01,-5.087500214576721191e-01,1.538483381271362305e+00,8.711056113243103027e-01,1.301942467689514160e+00,3.929911553859710693e-01,-6.552023887634277344e-01,6.103610396385192871e-01,1.239648580551147461e+00,-2.098302543163299561e-01,-5.470578372478485107e-02,3.332733213901519775e-01,-4.681454896926879883e-01,1.911834180355072021e-01,9.520478546619415283e-02,3.955527245998382568e-01,3.269844949245452881e-01,-2.320580184459686279e-01,2.610474824905395508e+00,-1.295829892158508301e+00,-4.286416471004486084e-01,-1.127499580383300781e+00,-1.025795936584472656e-02,-3.028550744056701660e-01,-8.705428987741470337e-02,9.125285148620605469e-01,1.187766075134277344e+00,2.158853113651275635e-01,2.295304298400878906e+00,1.052940845489501953e+00,-9.865444153547286987e-02,1.150296092033386230e+00,9.930839389562606812e-02,2.768480181694030762e-01,-1.409452855587005615e-01,-1.478635787963867188e+00,1.559767246246337891e+00,3.909083902835845947e-01,-1.077841162681579590e+00,-2.136758118867874146e-01,1.723566465079784393e-02,1.275250792503356934e+00,-4.813567399978637695e-01,8.100081086158752441e-01,4.950484037399291992e-01,-3.423634469509124756e-01,-7.295283675193786621e-01,5.022085309028625488e-01,1.006092071533203125e+00,-9.455745220184326172e-01,-1.219846367835998535e+00,2.602561235427856445e+00,8.616640567779541016e-01
-2.892543673515319824e-01,4.394262731075286865e-01,1.416426420211791992e+00,-7.282124161720275879e-01,-9.665861725807189941e-01,-1.359676480293273926e+00,3.369382396340370178e-02,-1.213356554508209229e-01,2.896206080913543701e-01,1.733744591474533081e-01,3.345993161201477051e-01,-3.373232781887054443e-01,1.403494477272033691e+00,-1.331700563430786133e+00,5.161715745925903320e-01,-2.659042119979858398e+00,1.368361353874206543e+00,-8.206996917724609375e-01,-8.262965679168701172e-01,4.393272474408149719e-02,4.332837462425231934e-01,2.301827967166900635e-01,4.068365395069122314e-01,-2.280183583498001099e-01,4.383097887039184570e-01,3.470147550106048584e-01,1.024881824851036072e-01,9.831543564796447754e-01,-5.198647975921630859e-01,8.865067958831787109e-01,1.941578239202499390e-01,-5.974274873733520508e-01,-1.066815257072448730e+00,5.316523909568786621e-01,-1.162473559379577637e+00,-6.133771538734436035e-01,1.082426428794860840e+00,1.056964516639709473e+00,-5.274922251701354980e-01,1.873986721038818359e+00,2.669745683670043945e-01,-2.036800146102905273e+00,7.642549872398376465e-01,5.831675529479980469e-01,1.294774174690246582e+00,1.271909028291702271e-01,3.287965655326843262e-01,3.669468760490417480e-01,-1.352721571922302246e+00,-9.069579839706420898e-01,1.329606473445892334e-01,1.669520854949951172e+00,-2.680698037147521973e-01,-1.589789271354675293e+00,-1.066520214080810547e+00,1.259881138801574707e+00,1.092968225479125977e+00,-4.781158864498138428e-01,-3.509455025196075439e-01,-1.962500214576721191e-01,1.586483120918273926e-01,3.736652731895446777e-01,1.245668053627014160e+00,-5.889586806297302246e-01,-7.175904512405395508e-01,-3.933444023132324219e-01,-4.367419779300689697e-01,-7.207965254783630371e-01,-4.574213027954101562e-01,6.491727232933044434e-01,-9.709467887878417969e-01,-1.251894235610961914e+00,-1.523689150810241699e+00,7.931656837463378906e-01,7.175836563110351562e-01,-3.764455020427703857e-01,-7.740803956985473633e-01,-3.880176460370421410e-03,1.532974004745483398e+00,-1.199897050857543945e+00,-4.827851951122283936e-01,-8.180688023567199707e-01,9.858722090721130371e-01,6.223771572113037109e-01,1.458848565816879272e-01,1.749141514301300049e-01,8.206161260604858398e-01,2.975243628025054932e-01,-5.551665425300598145e-01,-8.977089524269104004e-01,1.028498113155364990e-01,1.611604690551757812e+00,1.943256705999374390e-01,1.516946107149124146e-01,9.863407909870147705e-02,2.716601848602294922e+00,-3.896996080875396729e-01,5.622823238372802734e-01,-2.707076668739318848e-01,1.292780637741088867e+00
8.511154651641845703e-01,8.037137985229492188e-01,-1.468754291534423828e+00,-7.828886508941650391e-01,3.198354244232177734e-01,1.508443236351013184e+00,1.032489657402038574e+00,-1.341897726058959961e+00,-9.889993071556091309e-01,-2.444724291563034058e-01,-1.271940767765045166e-01,3.122499287128448486e-01,-6.306397318840026855e-01,-1.262929320335388184e+00,1.740189492702484131e-01,1.449975520372390747e-01,-2.889262437820434570e-01,-3.382021188735961914e-01,5.609756708145141602e-01,1.119342565536499023e+00,1.084314942359924316e+00,6.080156564712524414e-01,-9.163842797279357910e-01,-4.511632323265075684e-01,-2.301363199949264526e-01,2.455222457647323608e-01,-1.696598380804061890e-01,1.344009876251220703e+00,-4.671114087104797363e-01,1.994920134544372559e+00,-4.947428107261657715e-01,-2.113324701786041260e-01,-9.409330487251281738e-01,-4.811334908008575439e-01,-1.323667407035827637e+00,-1.430212855339050293e+00,1.145688965916633606e-01,4.952035248279571533e-01,-2.501625716686248779e-01,-1.520877033472061157e-01,1.251724600791931152e+00,8.096416294574737549e-02,7.559708952903747559e-01,-4.350599050521850586e-01,-4.666225314140319824e-01,-1.701144337654113770e+00,-1.515628457069396973e+00,1.944909930229187012e+00,-5.619590878486633301e-01,9.028898477554321289e-01,-6.249545216560363770e-01,-2.345270633697509766e+00,-6.914068460464477539e-01,-4.804304242134094238e-02,1.537148095667362213e-02,1.284150362014770508e+00,8.384765386581420898e-01,-9.249653220176696777e-01,-1.509974718093872070e+00,1.460463881492614746e+00,-5.273365378379821777e-01,7.438152432441711426e-01,-5.267738103866577148e-01,8.200436085462570190e-02,-3.062024414539337158e-01,-1.148739814758300781e+00,4.250232130289077759e-02,1.635776519775390625e+00,-1.268537878990173340e+00,-9.598544985055923462e-02,-1.376625657081604004e+00,1.311725378036499023e+00,7.583794593811035156e-01,2.308996677398681641e+00,-2.448322534561157227e+00,2.351781576871871948e-01,-1.072507500648498535e+00,2.190720081329345703e+00,-4.818789660930633545e-01,2.721808552742004395e-01,-7.099405527114868164e-01,-1.716352254152297974e-01,1.888223409652709961e+00,-3.122471570968627930e-01,-5.148125886917114258e-01,-2.345469892024993896e-01,1.302206993103027344e+00,-5.652625486254692078e-02,1.156572461128234863e+00,-6.497095227241516113e-01,1.311424732208251953e+00,-1.098633408546447754e+00,6.258365511894226074e-01,2.018230199813842773e+00,-1.801250696182250977e+00,-5.342985317111015320e-02,-7.638644427061080933e-02,5.894126370549201965e-03,7.381282448768615723e-01,1.657656207680702209e-02
1.892105102539062500e+00,4.680746197700500488e-01,-1.027332186698913574e+00,-2.192277461290359497e-01,6.079557538032531738e-01,-3.116786181926727295e-01,2.783506810665130615e-01,2.566850185394287109e-02,1.890507698059082031e+00,5.292801558971405029e-02,1.012622863054275513e-01,6.135288476943969727e-01,-3.464120626449584961e-01,-1.124312877655029297e-01,6.748312711715698242e-01,-7.385185360908508301e-01,5.800942778587341309e-01,-7.280884385108947754e-01,9.468057155609130859e-01,-4.737098217010498047e-01,-1.394943714141845703e+00,9.283250570297241211e-01,4.280743002891540527e-01,-9.672520756721496582e-01,1.075703650712966919e-01,-1.677947402000427246e+00,-9.162087440490722656e-01,-5.121219903230667114e-02,-1.072460293769836426e+00,-1.122647821903228760e-01,1.370654255151748657e-01,3.544835150241851807e-01,2.582121372222900391e+00,1.899847507476806641e+00,9.630920886993408203e-01,-3.452255129814147949e-01,9.572442173957824707e-01,-4.757678806781768799e-01,7.389903068542480469e-01,5.370485186576843262e-01,9.045891463756561279e-03,3.475999355316162109e+00,3.243084847927093506e-01,6.177771091461181641e-01,-7.622443437576293945e-01,1.402984261512756348e+00,8.044889569282531738e-01,-2.498275935649871826e-01,5.146827101707458496e-01,7.328144907951354980e-01,-3.083095848560333252e-01,-1.702546358108520508e+00,-1.130193471908569336e-01,-3.376984000205993652e-01,6.128396391868591309e-01,-1.302205443382263184e+00,4.270316064357757568e-01,-2.219160795211791992e+00,-5.669868737459182739e-02,1.369389533996582031e+00,4.044745862483978271e-01,4.599466025829315186e-01,-1.396754384040832520e+00,4.966127499938011169e-02,-6.751605272293090820e-01,-1.195695757865905762e+00,-4.950613975524902344e-01,-5.220450162887573242e-01,-1.267444789409637451e-01,9.290421605110168457e-01,-1.409705400466918945e+00,2.695771157741546631e-01,-2.753200940787792206e-02,-2.069940716028213501e-01,2.906702756881713867e-01,8.802134394645690918e-01,-1.058864831924438477e+00,-1.958368301391601562e+00,7.420885562896728516e-01,-8.523943424224853516e-01,-1.401145339012145996e+00,-1.365826129913330078e+00,-1.034032180905342102e-01,1.746343851089477539e+00,6.931772828102111816e-01,2.092217922210693359e+00,-9.453016519546508789e-01,4.397180080413818359e-01,-1.203127622604370117e+00,-1.277929842472076416e-01,8.962658047676086426e-01,-9.255899786949157715e-01,1.065203323960304260e-01,1.029649898409843445e-01,9.616881608963012695e-01,1.695555686950683594e+00,9.172430038452148438e-01,9.478767514228820801e-01,7.149416208267211914e-01,-3.669209405779838562e-02
1.053844213485717773e+00,-2.484666556119918823e-01,-1.126705482602119446e-01,-4.659180343151092529e-01,-1.776766777038574219e+00,-9.583084583282470703e-01,-2.671298682689666748e-01,-1.473679065704345703e+00,4.401072263717651367e-01,7.705764770507812500e-01,1.596557378768920898e+00,-9.990079998970031738e-01,-3.010066747665405273e-01,-4.152004420757293701e-01,2.699976861476898193e-01,1.077862922102212906e-02,4.606063067913055420e-01,-3.517141044139862061e-01,4.138166606426239014e-01,-8.073794841766357422e-01,9.196575284004211426e-01,-1.038218021392822266e+00,3.072921037673950195e-01,-2.293400913476943970e-01,-6.001386642456054688e-01,4.754379391670227051e-02,-2.122412025928497314e-01,-1.054400131106376648e-01,-6.141893267631530762e-01,1.238083243370056152e+00,-1.446300894021987915e-01,-1.346109509468078613e-01,-5.013018250465393066e-01,-1.335076928138732910e+00,-6.391609907150268555e-01,-1.488610357046127319e-01,-6.004957109689712524e-02,-1.763605713844299316e+00,2.001402139663696289e+00,1.926092147827148438e+00,1.210347175598144531e+00,-9.275270700454711914e-01,-1.975937932729721069e-01,-1.057165488600730896e-01,5.535532236099243164e-01,-6.903245449066162109e-01,4.769243299961090088e-01,-1.119336128234863281e+00,1.800305962562561035e+00,-1.376683592796325684e+00,-6.272451281547546387e-01,7.574012875556945801e-01,-8.384615778923034668e-01,-1.310596942901611328e+00,-9.647156000137329102e-01,1.279803395271301270e+00,2.166586399078369141e+00,5.997893214225769043e-01,-3.414398729801177979e-01,-2.867612242698669434e-01,-2.334264516830444336e-01,7.147457599639892578e-01,-8.926327228546142578e-01,-5.775542259216308594e-01,-9.650362730026245117e-01,8.279986381530761719e-01,-7.812909483909606934e-01,-1.686256378889083862e-01,-9.152793884277343750e-01,2.277316808700561523e+00,3.670434057712554932e-01,4.399289786815643311e-01,-2.184112668037414551e-01,7.513879332691431046e-03,-6.829679608345031738e-01,2.175094187259674072e-01,-2.178858369588851929e-01,3.905935585498809814e-01,2.449056953191757202e-01,-2.823754549026489258e-01,1.068289399147033691e+00,1.433818578720092773e+00,1.385678529739379883e+00,-1.829321980476379395e+00,-4.511123657226562500e+00,6.711927652359008789e-01,-1.354909300804138184e+00,2.229657471179962158e-01,2.929884493350982666e-01,-1.579756736755371094e+00,-1.332395911216735840e+00,-1.127303004264831543e+00,-1.231558561325073242e+00,1.230768337845802307e-01,9.548624157905578613e-01,-3.660712391138076782e-02,-1.454188942909240723e+00,-9.793269634246826172e-01,-7.055061459541320801e-01,1.179433107376098633e+00
