1.200404286384582520e+00,1.181552886962890625e+00,3.069641888141632080e-01,4.063705503940582275e-01,-2.760081179440021515e-02,-8.452987670898437500e-01,1.851590991020202637e+00,-1.582926809787750244e-01,-4.139583408832550049e-01,8.816587924957275391e-02,-5.505856871604919434e-01,4.683967530727386475e-01,-4.958706200122833252e-01,-9.779669642448425293e-01,-1.578558683395385742e+00,-1.669518798589706421e-01,9.670041799545288086e-01,1.415110111236572266e+00,3.737095370888710022e-02,-6.190602183341979980e-01,-1.482207298278808594e+00,-4.316729605197906494e-01,1.631846427917480469e+00,4.781280159950256348e-01,1.043202280998229980e+00,1.425705105066299438e-01,-6.421462297439575195e-01,1.096876785159111023e-01,-1.640981554985046387e+00,9.161870926618576050e-02,-1.332934498786926270e-01,1.921712398529052734e+00,-5.836956501007080078e-01,-1.359557390213012695e+00,3.851383626461029053e-01,-6.141716241836547852e-01,-5.525370836257934570e-01,8.123378269374370575e-03,9.331950545310974121e-01,6.269751787185668945e-01,2.230477482080459595e-01,1.006053924560546875e+00,-6.664981245994567871e-01,-2.769279479980468750e-01,9.089593291282653809e-01,4.623166099190711975e-02,-3.744331896305084229e-01,-8.216013908386230469e-01,-1.290193200111389160e+00,1.212663888931274414e+00,1.596351981163024902e+00,2.588648557662963867e+00,1.689985841512680054e-01,1.767051458358764648e+00,-1.855995297431945801e+00,1.247154235839843750e+00,7.725144028663635254e-01,-3.892918303608894348e-02,9.572035670280456543e-01,2.892202436923980713e-01,6.597162485122680664e-01,3.090376853942871094e-01,9.351225495338439941e-01,-7.732079029083251953e-01,-2.309151411056518555e+00,1.747507452964782715e+00,2.086561679840087891e+00,2.511893749237060547e+00,-6.057025790214538574e-01,1.007840394973754883e+00,7.173483967781066895e-01,1.946726083755493164e+00,-7.638266086578369141e-01,2.123452126979827881e-01,6.877557635307312012e-01,3.482298851013183594e-01,1.998637557029724121e+00,-1.157808303833007812e+00,2.225734233856201172e+00,9.676761627197265625e-01,1.140998363494873047e+00,8.856201171875000000e-01,-2.399583719670772552e-02,-1.298250675201416016e+00,-8.765885829925537109e-01,4.561915397644042969e-01,8.348913788795471191e-01,9.815171360969543457e-01,-1.723704576492309570e+00,2.800917029380798340e-01,2.210710763931274414e+00,8.599332571029663086e-01,-8.508827686309814453e-01,-5.759168267250061035e-01,1.653886795043945312e+00,1.294734954833984375e+00,8.304767012596130371e-01,-4.215325117111206055e-01,-9.732761234045028687e-02,6.695045828819274902e-01
-3.637725710868835449e-01,2.302519559860229492e+00,7.587138563394546509e-02,-1.123733758926391602e+00,2.520703077316284180e-01,-8.758933544158935547e-01,-1.041467070579528809e+00,1.483208775520324707e+00,4.272913336753845215e-01,9.091670513153076172e-01,6.131296604871749878e-02,-2.921185016632080078e+00,-2.592639029026031494e-01,9.241772890090942383e-01,-1.415271282196044922e+00,-1.376855015754699707e+00,-2.721578814089298248e-02,-2.405644208192825317e-01,-1.195757269859313965e+00,5.082225203514099121e-01,-1.060204356908798218e-01,2.082414627075195312e+00,1.171147227287292480e+00,-1.563521176576614380e-01,-1.148392200469970703e+00,1.225527882575988770e+00,1.090583920478820801e+00,6.326655149459838867e-01,-1.050486803054809570e+00,-8.873835802078247070e-01,4.870253205299377441e-01,-2.926183640956878662e-01,-6.638064384460449219e-01,6.520245671272277832e-01,-1.188450828194618225e-01,1.157458305358886719e+00,-6.830272674560546875e-01,-2.828471660614013672e-01,1.300790071487426758e+00,-3.159743845462799072e-01,-1.927153229713439941e+00,-8.423398733139038086e-01,-1.199531435966491699e+00,1.332351565361022949e+00,-1.016199469566345215e+00,2.459973841905593872e-01,1.165439963340759277e+00,-1.665999591350555420e-01,2.666922807693481445e-01,3.915992081165313721e-01,-2.183660984039306641e+00,-6.097469925880432129e-01,4.295263886451721191e-01,-1.753211915493011475e-01,-2.153504043817520142e-01,-1.750632762908935547e+00,1.198073983192443848e+00,-5.490297675132751465e-01,1.926534533500671387e+00,3.835131824016571045e-01,7.781820893287658691e-01,3.563178330659866333e-02,4.840310513973236084e-01,-2.872663140296936035e-01,-3.575598001480102539e-01,-1.635635495185852051e+00,1.583098053932189941e+00,-1.137871384620666504e+00,-1.546584844589233398e+00,3.178912997245788574e-01,1.060771942138671875e-01,6.056191921234130859e-01,2.147749662399291992e+00,-6.980127096176147461e-01,-9.297130703926086426e-01,8.158102631568908691e-01,8.681946992874145508e-01,-6.021103858947753906e-01,4.384847879409790039e-01,-1.377792209386825562e-01,5.396494269371032715e-01,3.303828835487365723e-01,-1.931491374969482422e+00,-3.134824037551879883e-01,3.916710913181304932e-01,9.019597172737121582e-01,-1.264291882514953613e+00,1.415017247200012207e+00,-3.216919004917144775e-01,2.096939802169799805e+00,-6.826962530612945557e-02,1.405136942863464355e+00,1.182313203811645508e+00,-6.190724372863769531e-01,-2.074521481990814209e-01,-1.086530208587646484e+00,-2.182328999042510986e-01,1.041150331497192383e+00,4.973715245723724365e-01,-1.265505909919738770e+00
4.479741752147674561e-01,3.197307884693145752e-01,6.153028011322021484e-01,5.808917880058288574e-01,6.836506724357604980e-01,-4.281292259693145752e-01,-3.788168728351593018e-01,-1.823859661817550659e-01,-3.504672944545745850e-01,2.144958078861236572e-01,-9.198559075593948364e-02,-1.782418370246887207e+00,8.555588126182556152e-01,3.655942678451538086e-01,-2.747308313846588135e-01,-1.421081304550170898e+00,-1.091305837035179138e-01,-1.292268931865692139e-01,9.724291563034057617e-01,1.224723815917968750e+00,3.381171524524688721e-01,7.504841089248657227e-01,-3.164693415164947510e-01,-1.163053274154663086e+00,-6.027751788496971130e-02,-1.054356932640075684e+00,-6.967114210128784180e-01,-6.841272115707397461e-01,1.297033905982971191e+00,1.614140421152114868e-01,6.550205498933792114e-02,4.172180891036987305e-01,2.138604521751403809e-01,6.185033321380615234e-01,-2.542487621307373047e+00,7.628424763679504395e-01,7.060430049896240234e-01,-8.944734334945678711e-01,-2.353354215621948242e+00,9.080198407173156738e-01,5.425736308097839355e-01,7.630754709243774414e-01,6.737907528877258301e-01,1.377217024564743042e-01,-1.785821616649627686e-01,-1.489790678024291992e+00,2.409973621368408203e+00,-1.012873649597167969e+00,1.966853976249694824e+00,2.875453829765319824e-01,-1.375618726015090942e-01,2.285787612199783325e-01,-4.808453023433685303e-01,-5.556989908218383789e-01,6.689026951789855957e-01,8.340052366256713867e-01,1.166426658630371094e+00,-1.445818066596984863e+00,-1.401575922966003418e+00,1.083388805389404297e+00,-5.103327035903930664e-01,1.649488091468811035e+00,-8.312354087829589844e-01,-4.030686989426612854e-02,-4.288801550865173340e-01,-6.242078542709350586e-02,5.410821437835693359e-01,1.292647272348403931e-01,-6.018412709236145020e-01,-8.100220561027526855e-01,-4.041964411735534668e-01,-1.100682914257049561e-01,-5.148685574531555176e-01,-7.211025953292846680e-01,7.759429812431335449e-01,1.602668523788452148e+00,7.404074072837829590e-01,-5.262862443923950195e-01,1.447649598121643066e-01,-5.183119773864746094e-01,-9.616041928529739380e-02,2.059979438781738281e+00,-4.088657498359680176e-01,1.776851534843444824e+00,5.372022986412048340e-01,-2.870874479413032532e-02,-4.459889139980077744e-03,3.446210324764251709e-01,-4.937173426151275635e-01,-2.899496257305145264e-01,-5.681069493293762207e-01,-8.744406700134277344e-01,-3.579309880733489990e-01,5.533863902091979980e-01,7.417570948600769043e-01,-1.564594388008117676e+00,-1.735662221908569336e+00,1.382073521614074707e+00,-1.130068540573120117e+00,2.247361898422241211e+00
-1.140103816986083984e+00,-3.442704081535339355e-01,5.520580410957336426e-01,-8.343707919120788574e-01,4.917951226234436035e-01,1.081631898880004883e+00,-7.500894665718078613e-01,-1.389086991548538208e-01,6.197386384010314941e-01,-1.233214586973190308e-01,5.236002802848815918e-01,1.293498516082763672e+00,-3.452706336975097656e-01,-2.202834844589233398e+00,2.018441855907440186e-01,8.035621047019958496e-01,-9.913596510887145996e-01,8.593599200248718262e-01,-1.416311383247375488e+00,-2.183877468109130859e+00,3.697886466979980469e-01,3.795382082462310791e-01,-1.724595069885253906e+00,3.406170904636383057e-01,-7.514809370040893555e-01,-9.774944186210632324e-01,-6.225479841232299805e-01,1.002567410469055176e+00,-7.579188942909240723e-01,4.327387809753417969e-01,-5.238584280014038086e-01,1.619390249252319336e-01,-2.673484385013580322e-01,-1.106521487236022949e+00,1.272632479667663574e+00,-2.250748127698898315e-01,7.354661822319030762e-02,2.313514500856399536e-01,-1.349798142910003662e-01,-1.002341270446777344e+00,-1.536691784858703613e+00,8.142448067665100098e-01,1.431711949408054352e-02,1.642390251159667969e+00,3.715554177761077881e-01,3.594817221164703369e-01,-2.781698405742645264e-01,1.165845021605491638e-01,7.193951010704040527e-01,9.486601352691650391e-01,1.698159456253051758e+00,6.849587559700012207e-01,2.612689137458801270e-01,6.982305049896240234e-01,-1.686254501342773438e+00,-7.814621180295944214e-02,-3.205797672271728516e-01,1.801195263862609863e+00,-5.095228552818298340e-01,1.514409303665161133e+00,-2.137579321861267090e-01,6.892734766006469727e-01,-1.068978548049926758e+00,-8.122627139091491699e-01,1.948846578598022461e+00,-1.501062065362930298e-01,-1.462967634201049805e+00,9.565270543098449707e-01,-5.261025428771972656e-01,8.900256752967834473e-01,-5.668405294418334961e-01,8.228759765625000000e-01,-5.305413901805877686e-02,-1.029793262481689453e+00,9.778767824172973633e-01,4.836601018905639648e-02,1.332811117172241211e+00,1.754114747047424316e+00,-6.462270617485046387e-01,-1.919235736131668091e-01,-1.368442654609680176e+00,-3.675690591335296631e-01,1.215892553329467773e+00,6.088213920593261719e-01,-1.746560037136077881e-01,1.878214627504348755e-01,1.170840263366699219e+00,9.265183806419372559e-01,-1.073478698730468750e+00,-1.172981977462768555e+00,1.222951531410217285e+00,-9.515283703804016113e-01,1.124236941337585449e+00,1.947448849678039551e-01,-8.968115448951721191e-01,-2.515861093997955322e-01,2.111272573471069336e+00,-1.656569838523864746e-01,-1.198627829551696777e+00,1.535672426223754883e+00
-3.197702467441558838e-01,4.628005623817443848e-01,3.633336722850799561e-01,-6.111482977867126465e-01,-1.739139668643474579e-02,3.911038637161254883e-01,-1.623898148536682129e-01,1.994380168616771698e-02,1.701868653297424316e+00,3.064866960048675537e-01,1.590930074453353882e-01,-2.613492310047149658e-01,-2.461254358291625977e+00,1.067569479346275330e-01,3.398065865039825439e-01,-6.402575373649597168e-01,-2.835606932640075684e-01,-9.650942683219909668e-01,-1.680633783340454102e+00,7.017045021057128906e-01,1.372551679611206055e+00,-4.982215762138366699e-01,2.626491785049438477e-01,2.348235607147216797e+00,-4.711298644542694092e-01,8.248878717422485352e-01,1.161527872085571289e+00,1.923166513442993164e-01,-3.209991455078125000e-01,-6.663079857826232910e-01,5.418296456336975098e-01,-7.519910931587219238e-01,-1.545106321573257446e-01,7.268435955047607422e-01,1.611214876174926758e+00,-3.042908012866973877e-01,-1.656556367874145508e+00,7.654578685760498047e-01,1.213612318038940430e+00,-3.001500964164733887e-01,-1.604666709899902344e-01,1.251948177814483643e-01,4.680273532867431641e-01,-1.493419766426086426e+00,-7.288178205490112305e-01,-5.555606484413146973e-01,-1.340241074562072754e+00,-2.677871465682983398e+00,8.893792629241943359e-01,3.593878820538520813e-02,7.820245623588562012e-01,-7.411106228828430176e-01,-1.023851871490478516e+00,8.883418440818786621e-01,-4.496625065803527832e-01,-5.439681187272071838e-02,-2.967084050178527832e-01,-2.571074664592742920e-01,1.023712530732154846e-01,2.905403971672058105e-01,7.453153729438781738e-01,1.004614353179931641e+00,1.050494909286499023e+00,8.064453005790710449e-01,-1.496693015098571777e+00,8.089649677276611328e-01,3.056090176105499268e-01,6.945900619029998779e-02,-6.166620850563049316e-01,4.554225802421569824e-01,-8.237097859382629395e-01,-3.683462506160140038e-03,3.041873574256896973e-01,1.924389839172363281e+00,-3.803338408470153809e-01,5.484567284584045410e-01,7.379077374935150146e-02,-5.717087984085083008e-01,1.775986671447753906e+00,-1.317633628845214844e+00,-1.268714517354965210e-01,1.513623952865600586e+00,-3.969889581203460693e-01,2.770279884338378906e+00,4.363106787204742432e-01,4.635603353381156921e-02,-1.467640519142150879e+00,1.169008851051330566e+00,6.086121201515197754e-01,-1.089242339134216309e+00,2.019839048385620117e+00,-1.130245566368103027e+00,-3.918597102165222168e-01,1.220647454261779785e+00,1.575497835874557495e-01,-1.628810763359069824e-01,3.264637291431427002e-02,2.441362142562866211e+00,3.874896168708801270e-01,4.109121561050415039e-01
1.641358971595764160e+00,1.603576987981796265e-01,-7.710776329040527344e-01,1.055697441101074219e+00,-5.721555948257446289e-01,1.461915135383605957e+00,1.003624916076660156e+00,2.340865135192871094e-01,-7.644702792167663574e-01,1.458262324333190918e+00,-6.426185965538024902e-01,1.661834865808486938e-02,-1.927097737789154053e-01,2.540594577789306641e+00,-4.240486398339271545e-02,-1.444875448942184448e-01,-8.488165736198425293e-01,-8.180590346455574036e-03,-2.842501997947692871e-01,-1.746446490287780762e-01,2.929702401161193848e-01,-2.052822262048721313e-01,8.465505838394165039e-01,-1.097353100776672363e-01,1.091817617416381836e-01,2.595511078834533691e-01,2.358698368072509766e+00,2.991842329502105713e-01,1.427331089973449707e+00,-2.141714572906494141e+00,-1.002915143966674805e+00,-8.372467756271362305e-01,-1.031729459762573242e+00,-1.120947673916816711e-01,4.527489654719829559e-03,5.767078995704650879e-01,4.298732876777648926e-01,-6.692085415124893188e-02,6.168476343154907227e-01,-1.234038352966308594e+00,-3.968685567378997803e-01,7.683987617492675781e-01,7.889295816421508789e-01,-8.366957306861877441e-01,5.197892785072326660e-01,1.125835031270980835e-01,4.687741994857788086e-01,-8.804192543029785156e-01,-7.208729386329650879e-01,7.009223103523254395e-01,-2.293376177549362183e-01,-2.749936655163764954e-02,-1.694487810134887695e+00,-2.565597593784332275e-01,7.873618602752685547e-01,1.863598823547363281e+00,1.029154539108276367e+00,1.687134027481079102e+00,-5.097307562828063965e-01,9.319464117288589478e-02,-1.189568161964416504e+00,-2.628732323646545410e-01,2.207926511764526367e+00,-5.357924699783325195e-01,2.784090638160705566e-01,-8.374816179275512695e-01,5.772017240524291992e-01,-1.158541321754455566e+00,-1.079569458961486816e+00,1.441622246056795120e-02,-3.485393226146697998e-01,1.135476529598236084e-01,-9.361259937286376953e-01,-1.005882099270820618e-01,-1.175190687179565430e+00,-4.363798201084136963e-01,-7.567591071128845215e-01,1.057100176811218262e+00,-1.995533406734466553e-01,9.369161725044250488e-02,6.590585708618164062e-01,-8.228180408477783203e-01,-1.386846452951431274e-01,-6.370415091514587402e-01,-1.533866524696350098e+00,3.478158712387084961e-01,5.457161366939544678e-02,-6.682351231575012207e-01,-5.363078713417053223e-01,-6.788501739501953125e-01,1.838981062173843384e-01,5.249826312065124512e-01,1.516739130020141602e+00,-7.032789587974548340e-01,9.274942874908447266e-01,1.686429977416992188e-01,7.352671027183532715e-01,-1.586305499076843262e+00,2.667570710182189941e-01,-3.152698278427124023e-01
2.266679406166076660e-01,4.017785787582397461e-01,-1.336522400379180908e-02,7.903701663017272949e-01,-1.134159713983535767e-01,-1.693923950195312500e+00,-1.194711029529571533e-01,-9.019320011138916016e-01,-9.457520842552185059e-01,8.490108251571655273e-01,8.952110409736633301e-01,7.550294399261474609e-01,-8.178911805152893066e-01,1.411413788795471191e+00,-3.509848117828369141e-01,1.625535368919372559e+00,2.029505014419555664e+00,-3.158929944038391113e-02,-6.567748785018920898e-01,-1.533205509185791016e+00,5.487852692604064941e-01,-1.567941069602966309e+00,6.983570456504821777e-01,-1.097060084342956543e+00,-1.613706231117248535e+00,-1.251210570335388184e+00,-1.701676011085510254e+00,-3.626383244991302490e-01,2.439869567751884460e-03,-5.739920139312744141e-01,-1.217713594436645508e+00,-9.392549991607666016e-01,-1.797310590744018555e+00,-2.171985387802124023e+00,2.925269603729248047e-01,7.003723978996276855e-01,2.196936607360839844e+00,5.375185012817382812e-01,1.452346563339233398e+00,-5.624174475669860840e-01,2.245959788560867310e-01,1.484150886535644531e+00,8.435559575445950031e-04,7.914415597915649414e-01,1.489848494529724121e+00,-1.721483021974563599e-01,-5.940079689025878906e-01,-5.646837875247001648e-02,2.578664720058441162e-01,1.383155941963195801e+00,-7.063759565353393555e-01,2.865402773022651672e-02,7.309916019439697266e-01,-4.961743652820587158e-01,-1.857010960578918457e+00,1.496529728174209595e-01,-1.385681509971618652e+00,-6.788485050201416016e-01,-5.406652688980102539e-01,2.648661136627197266e-01,-1.705723553895950317e-01,-6.353628635406494141e-01,2.103264480829238892e-01,-3.666601330041885376e-02,-8.725764155387878418e-01,1.429305434226989746e+00,1.753453612327575684e+00,-1.214993000030517578e+00,-9.020656347274780273e-01,-1.042685508728027344e-01,-7.568428516387939453e-01,4.210556447505950928e-01,-9.923871159553527832e-01,6.873381137847900391e-01,4.270624518394470215e-01,-1.145401120185852051e+00,-6.046711206436157227e-01,-1.730759859085083008e+00,-1.002812027931213379e+00,-8.931353688240051270e-01,2.523925065994262695e+00,-8.181933760643005371e-01,9.571732878684997559e-01,2.728658914566040039e-01,8.736268877983093262e-01,2.218675613403320312e+00,1.831524014472961426e+00,1.045351743698120117e+00,4.248753786087036133e-01,4.945703744888305664e-01,-8.567489385604858398e-01,1.293390870094299316e+00,-1.429533720016479492e+00,5.821513533592224121e-01,-1.423628211021423340e+00,8.338189870119094849e-02,2.282147169113159180e+00,3.893691003322601318e-01,-4.022752940654754639e-01,1.054529786109924316e+00
-1.056763678789138794e-01,4.143702089786529541e-01,-9.098664522171020508e-01,-1.752639114856719971e-01,9.572246074676513672e-01,4.852397441864013672e-01,-2.182874679565429688e-01,1.224068284034729004e+00,-4.718913733959197998e-01,6.969962120056152344e-01,-2.262955605983734131e-01,1.252676010131835938e+00,2.398554831743240356e-01,1.205669641494750977e-01,2.039835751056671143e-01,-1.934906721115112305e+00,1.944530844688415527e+00,6.160148382186889648e-01,1.204876065254211426e+00,-4.793376848101615906e-02,-2.361171245574951172e-01,-1.086401104927062988e+00,1.504380702972412109e-01,-6.171561479568481445e-01,-8.312248438596725464e-02,-8.299083113670349121e-01,-9.089626073837280273e-01,-2.870396375656127930e-01,1.185718059539794922e+00,2.200090885162353516e+00,1.364428400993347168e+00,-1.328801035881042480e+00,-7.360764741897583008e-01,-1.057169437408447266e+00,5.305967852473258972e-02,-1.688634037971496582e+00,-8.074395656585693359e-01,-3.364566564559936523e-01,9.895682930946350098e-01,5.563890337944030762e-01,-9.121584296226501465e-01,-2.934727966785430908e-01,-7.745340466499328613e-01,-1.484515905380249023e+00,-4.980277642607688904e-02,-1.026371359825134277e+00,-1.364092707633972168e+00,2.478752136230468750e+00,-1.532445311546325684e+00,-2.105463147163391113e-01,-9.238883256912231445e-01,-9.608873128890991211e-01,-1.400173187255859375e+00,-1.136991858482360840e+00,3.749727308750152588e-01,-2.718330919742584229e-01,1.537664383649826050e-01,3.521392941474914551e-01,-1.991071701049804688e+00,1.504598975181579590e+00,-9.092563390731811523e-01,4.909767508506774902e-01,-8.729036450386047363e-01,-2.480301856994628906e+00,1.199728846549987793e+00,1.123577877879142761e-01,-1.942869275808334351e-01,2.478945016860961914e+00,5.383813381195068359e-01,1.414460036903619766e-02,1.198220372200012207e+00,7.666515558958053589e-02,-1.098098158836364746e+00,1.523105263710021973e+00,3.891122341156005859e-01,6.045100092887878418e-01,-4.178014099597930908e-01,-1.814923763275146484e+00,-9.910281896591186523e-01,2.872456610202789307e-01,-2.433904260396957397e-01,-2.268990755081176758e+00,-1.305786132812500000e+00,3.660561144351959229e-01,1.224150538444519043e+00,-1.887869119644165039e+00,-5.020073652267456055e-01,-1.464604586362838745e-02,1.471390724182128906e-01,5.940546989440917969e-01,-7.574015110731124878e-02,1.738856434822082520e-01,6.619411110877990723e-01,1.417558193206787109e+00,-3.423840999603271484e-01,3.070588409900665283e-01,2.262761890888214111e-01,-8.578594028949737549e-02,-5.604438781738281250e-01,1.210349321365356445e+00
1.321054100990295410e+00,-9.137641787528991699e-01,-5.446297526359558105e-01,6.725521683692932129e-01,5.208174511790275574e-02,1.686748117208480835e-02,9.028350114822387695e-01,-5.305181741714477539e-01,-5.931475758552551270e-01,-1.010706782341003418e+00,-7.905061542987823486e-02,-8.282173871994018555e-01,-1.589478135108947754e+00,1.107192598283290863e-02,4.943354800343513489e-02,9.450911879539489746e-01,9.518837928771972656e-01,3.644433617591857910e-01,-8.747524768114089966e-02,1.830652654170989990e-01,1.380209028720855713e-01,5.008824467658996582e-01,-2.390611320734024048e-01,-9.290172457695007324e-01,5.297142267227172852e-01,3.084976673126220703e+00,6.837054491043090820e-01,-7.158375382423400879e-01,1.871057227253913879e-02,1.091238930821418762e-01,-2.188992738723754883e+00,3.659169971942901611e-01,-5.336918234825134277e-01,-1.441639065742492676e+00,-8.889640867710113525e-02,-6.428285241127014160e-01,5.112518668174743652e-01,-8.781522512435913086e-01,1.971425652503967285e+00,-1.209620594978332520e+00,-3.869080841541290283e-01,-2.081226259469985962e-01,3.327083587646484375e-01,-4.666356146335601807e-01,-5.815418958663940430e-01,-4.729059636592864990e-01,-9.304628372192382812e-01,5.341788530349731445e-01,-3.940761461853981018e-02,-5.075769424438476562e-01,5.055936574935913086e-01,-3.076496124267578125e-01,-1.418320894241333008e+00,1.445263147354125977e+00,7.788231968879699707e-01,-9.181283116340637207e-01,-3.262453377246856689e-01,2.032133042812347412e-01,-1.179498076438903809e+00,2.263715028762817383e+00,2.006261110305786133e+00,1.374337911605834961e+00,-4.157860279083251953e-01,-2.466390132904052734e-01,1.291290402412414551e+00,9.997762441635131836e-01,1.311329126358032227e+00,-2.367921113967895508e+00,-1.039252996444702148e+00,-4.337830543518066406e-01,6.983962655067443848e-01,-2.008949220180511475e-01,1.739514470100402832e+00,1.845144480466842651e-02,4.514234364032745361e-01,-3.190216720104217529e-01,1.057578563690185547e+00,-8.539513349533081055e-01,1.538581609725952148e+00,-8.473537117242813110e-02,-2.140880346298217773e+00,-6.651930212974548340e-01,1.603273004293441772e-01,-9.742087870836257935e-02,-1.050590910017490387e-02,-1.086183428764343262e+00,-6.531758308410644531e-01,-2.367031335830688477e+00,8.860697150230407715e-01,-1.381884515285491943e-01,1.351871341466903687e-02,-1.004883527755737305e+00,-7.633580565452575684e-01,-8.410930633544921875e-01,-8.054097741842269897e-02,-4.306646883487701416e-01,2.037710547447204590e-01,-8.271467089653015137e-01,-1.674569129943847656e+00,-3.717820644378662109e-01
6.606804579496383667e-02,4.524837732315063477e-01,-2.284813642501831055e+00,5.839146971702575684e-01,1.685031890869140625e+00,6.665375232696533203e-01,-9.618753790855407715e-01,-5.215973258018493652e-01,-1.775223731994628906e+00,1.917970329523086548e-01,4.264293611049652100e-01,1.064165115356445312e+00,-1.470263749361038208e-01,-4.492041170597076416e-01,2.527673721313476562e+00,-5.687975883483886719e-01,9.819791465997695923e-02,-3.118321895599365234e+00,-9.852556884288787842e-02,1.753354668617248535e+00,6.547768115997314453e-01,-4.125860929489135742e-01,-2.548659145832061768e-01,6.050607189536094666e-02,1.708201318979263306e-01,-3.071429729461669922e-01,-9.602035880088806152e-01,-1.764433234930038452e-01,-1.261917591094970703e+00,-1.115805149078369141e+00,-4.922428131103515625e-01,1.126446604728698730e+00,-8.101612329483032227e-01,-6.031997799873352051e-01,-7.266487479209899902e-01,4.681316316127777100e-01,-6.530928611755371094e-01,5.230039358139038086e-01,-2.600274980068206787e-01,7.870256304740905762e-01,1.785367846488952637e+00,8.712766319513320923e-02,7.226625680923461914e-01,1.186199665069580078e+00,5.920129418373107910e-01,7.784118056297302246e-01,-1.389345526695251465e+00,-1.561950206756591797e+00,-2.053799293935298920e-02,-8.944926261901855469e-01,-5.253271460533142090e-01,3.091683089733123779e-01,1.521138101816177368e-02,1.888774156570434570e+00,1.105237483978271484e+00,1.649305701255798340e+00,1.303956151008605957e+00,-1.478152513504028320e+00,5.090339109301567078e-02,1.885343790054321289e+00,5.214162468910217285e-01,1.533836126327514648e-01,2.780211865901947021e-01,1.349049806594848633e+00,-1.552778929471969604e-01,9.071622490882873535e-01,-4.327278733253479004e-01,-4.078170061111450195e-01,-2.534917294979095459e-01,-1.318657845258712769e-01,-4.821902140974998474e-02,-2.076229333877563477e+00,-3.298498690128326416e-01,-2.583093643188476562e-01,3.203767538070678711e-02,-1.231028795242309570e+00,-1.225753307342529297e+00,-5.340017080307006836e-01,4.555030167102813721e-01,-8.830307126045227051e-01,9.266430139541625977e-01,-6.736523658037185669e-02,-3.599751591682434082e-01,1.668445348739624023e+00,1.856581121683120728e-01,1.867582798004150391e-01,2.425201654434204102e+00,2.352504730224609375e+00,-1.177324891090393066e+00,-9.905866980552673340e-01,-1.064484238624572754e+00,-1.816770195960998535e+00,-7.195305824279785156e-01,2.721539437770843506e-01,2.713557183742523193e-01,-1.243631839752197266e+00,-1.466421604156494141e+00,6.944084763526916504e-01,-7.327737212181091309e-01,7.004333138465881348e-01
-9.205357432365417480e-01,1.249024033546447754e+00,-1.184068322181701660e+00,-1.139341473579406738e+00,-3.298739790916442871e-01,1.553055793046951294e-01,3.601760864257812500e-01,-3.709914088249206543e-01,2.424100160598754883e+00,1.482025504112243652e+00,-1.678586483001708984e+00,-1.324609279632568359e+00,8.587592840194702148e-01,2.117717415094375610e-01,-1.262777805328369141e+00,-1.847198486328125000e+00,-5.845388174057006836e-01,1.377582192420959473e+00,1.263438463211059570e-01,-5.495231747627258301e-01,7.469081282615661621e-01,1.803042888641357422e+00,-1.383580803871154785e+00,8.293510973453521729e-02,-9.540853500366210938e-01,-2.977194786071777344e-01,6.798590421676635742e-01,2.884608030319213867e+00,-4.818271994590759277e-01,1.129243612289428711e+00,2.349067211151123047e+00,-4.109665155410766602e-01,1.256451129913330078e+00,-2.273187488317489624e-01,2.488633155822753906e+00,4.148210212588310242e-02,4.331095516681671143e-01,8.305605053901672363e-01,1.328947395086288452e-01,1.231170535087585449e+00,2.499896734952926636e-01,1.049397826194763184e+00,2.053035944700241089e-01,-4.656330347061157227e-01,-9.642898440361022949e-01,5.034717917442321777e-01,1.330851912498474121e+00,1.351653933525085449e+00,-3.229750990867614746e-01,-8.672478795051574707e-01,2.428552508354187012e-02,-1.295480966567993164e+00,3.173813223838806152e-01,5.480987429618835449e-01,2.335024029016494751e-01,-1.126715302467346191e+00,9.428611397743225098e-01,7.122528553009033203e-01,-2.532887458801269531e-01,2.043166607618331909e-01,-1.809007763862609863e+00,-7.236413955688476562e-01,3.472454249858856201e-01,4.989391192793846130e-02,1.391027569770812988e-01,1.752890467643737793e+00,-9.140086919069290161e-02,1.181160330772399902e+00,-5.763543844223022461e-01,1.265061140060424805e+00,-6.436932086944580078e-01,-1.295300126075744629e+00,8.169617652893066406e-01,6.573201417922973633e-01,-1.030129313468933105e+00,1.042353659868240356e-01,4.414925873279571533e-01,-3.907611668109893799e-01,8.936723470687866211e-01,2.246515750885009766e-01,-1.422137141227722168e+00,1.054844260215759277e+00,9.703611023724079132e-03,9.628913402557373047e-01,-1.563839435577392578e+00,4.365325346589088440e-02,-9.844944477081298828e-01,-4.867064654827117920e-01,6.847408413887023926e-02,2.519173920154571533e-01,2.392938137054443359e-01,-3.256600201129913330e-01,-8.370096683502197266e-01,9.543710350990295410e-01,2.025233030319213867e+00,-2.747784852981567383e-01,2.016091942787170410e-01,-7.258648276329040527e-01,-3.899221122264862061e-01,1.427194029092788696e-01
-1.509814858436584473e+00,-1.417315006256103516e+00,5.015736818313598633e-01,-4.644613862037658691e-01,-2.222037553787231445e+00,2.992726564407348633e-01,-1.195426061749458313e-01,-1.329099833965301514e-01,-7.574046850204467773e-01,4.480875134468078613e-01,9.036043286323547363e-01,1.093655109405517578e+00,1.566256165504455566e+00,-1.260589838027954102e+00,-7.865521311759948730e-01,-1.014145493507385254e+00,-1.028112649917602539e+00,1.056594133377075195e+00,1.748564958572387695e+00,-5.359142273664474487e-02,-1.998834758996963501e-01,8.816381096839904785e-01,3.426371142268180847e-02,6.007754802703857422e-01,-9.012467861175537109e-01,-9.927949309349060059e-01,2.367842644453048706e-01,8.050371706485748291e-02,-3.199000656604766846e-01,-9.985048174858093262e-01,1.640562653541564941e+00,6.578140258789062500e-01,-1.484210610389709473e+00,3.310063779354095459e-01,-1.589116096496582031e+00,-1.162484437227249146e-01,-3.228443562984466553e-01,-3.129735589027404785e-01,1.311543464660644531e+00,5.868849754333496094e-01,-1.146130919456481934e+00,1.057078540325164795e-01,-2.669490575790405273e-01,-1.829641312360763550e-01,2.160540103912353516e+00,-1.282598853111267090e+00,4.119136631488800049e-01,7.498409748077392578e-01,1.915024399757385254e+00,-4.848261475563049316e-01,-1.406147837638854980e+00,9.080925583839416504e-01,-5.450448989868164062e-01,-2.597158849239349365e-01,1.650253891944885254e+00,1.364828109741210938e+00,8.413624763488769531e-01,1.603883743286132812e+00,1.737236082553863525e-01,1.405974198132753372e-02,-1.008980989456176758e+00,1.184485793113708496e+00,3.406770527362823486e-01,6.634760499000549316e-01,8.671866059303283691e-01,8.706255555152893066e-01,1.164765119552612305e+00,-1.615574598312377930e+00,6.583171896636486053e-03,-8.554572463035583496e-01,7.481665015220642090e-01,8.192477822303771973e-01,2.010948210954666138e-01,1.536839008331298828e-01,1.171130299568176270e+00,3.905245363712310791e-01,2.384404093027114868e-01,-1.299327731132507324e+00,2.150238275527954102e+00,1.289451122283935547e+00,-3.272594511508941650e-01,1.238608360290527344e+00,-1.047374129295349121e+00,4.712925851345062256e-01,1.604141294956207275e-01,-3.952140212059020996e-01,-1.394764542579650879e+00,1.945594072341918945e+00,9.026243686676025391e-01,9.290652871131896973e-01,1.907982945442199707e+00,5.450056195259094238e-01,1.751207709312438965e+00,1.978920459747314453e+00,5.935955420136451721e-02,2.899053990840911865e-01,-3.334039151668548584e-01,2.110678434371948242e+00,1.124550104141235352e+00,1.305818200111389160e+00
-5.048855543136596680e-01,-1.703007459640502930e+00,-1.785864949226379395e+00,1.377167463302612305e+00,-5.846765041351318359e-01,1.255585104227066040e-01,-7.151160240173339844e-01,1.594840168952941895e+00,-2.778992652893066406e-01,-1.120215892791748047e+00,-2.033797502517700195e-01,-2.988527715206146240e-01,-4.004422426223754883e-01,-1.423524320125579834e-01,3.438287079334259033e-01,2.416867762804031372e-01,-9.278628230094909668e-01,1.523374915122985840e-01,1.122751235961914062e-01,-4.109988212585449219e-01,-3.175232708454132080e-01,5.949538350105285645e-01,-1.115681827068328857e-01,1.540178179740905762e+00,-1.379549205303192139e-01,-7.179833650588989258e-01,-1.245569903403520584e-02,-2.202800750732421875e+00,-5.034297108650207520e-01,7.324136048555374146e-02,-1.362076282501220703e+00,-2.212052345275878906e-01,2.474987268447875977e+00,1.355033874511718750e+00,-1.020781397819519043e+00,3.419829010963439941e-01,-4.567066133022308350e-01,6.642310023307800293e-01,2.825078666210174561e-01,3.514632210135459900e-02,-7.825781702995300293e-01,-1.064479127526283264e-01,6.218319535255432129e-01,-3.360601067543029785e-01,2.531780302524566650e-01,9.425919055938720703e-01,1.389288783073425293e+00,2.349889427423477173e-01,3.585512191057205200e-02,-5.798388719558715820e-01,-3.033326864242553711e-01,4.853992164134979248e-01,-1.729006648063659668e+00,-4.197850525379180908e-01,-1.830078721046447754e+00,2.422888576984405518e-01,1.204455614089965820e+00,-1.342620700597763062e-01,-2.718363702297210693e-01,-3.319894969463348389e-01,-4.644351303577423096e-01,4.592109918594360352e-01,3.221277892589569092e-01,8.608418107032775879e-01,7.467907667160034180e-01,1.415772080421447754e+00,6.950897574424743652e-01,1.581304073333740234e-01,-1.150610685348510742e+00,2.957472324371337891e+00,-8.117249011993408203e-01,-1.848529100418090820e+00,1.284164905548095703e+00,-7.220742106437683105e-01,-1.464618682861328125e+00,-7.365949749946594238e-01,8.608439564704895020e-01,-1.396131515502929688e+00,9.270258545875549316e-01,-3.065590560436248779e-01,-3.161232471466064453e-01,1.531314849853515625e+00,2.076840162277221680e+00,9.094528555870056152e-01,3.438513278961181641e-01,7.906932830810546875e-01,-1.815802693367004395e+00,-1.892167031764984131e-01,-6.906130909919738770e-01,1.068461179733276367e+00,1.766750097274780273e+00,3.076211690902709961e+00,9.311882853507995605e-01,-9.652529358863830566e-01,1.311433911323547363e+00,-1.198081016540527344e+00,-2.455365955829620361e-01,9.706320613622665405e-02,-5.328056216239929199e-01,5.818157196044921875e-01
-6.874754428863525391e-01,3.904526829719543457e-01,6.139338016510009766e-01,1.745323419570922852e+00,1.675351381301879883e+00,-9.478584527969360352e-01,-1.339890956878662109e-01,-5.597944259643554688e-01,-1.155518054962158203e+00,-8.740163445472717285e-01,4.351912438869476318e-01,-4.275964796543121338e-01,1.400941491127014160e+00,4.381950199604034424e-01,-2.263142347335815430e+00,-7.030544281005859375e-01,-1.363595485687255859e+00,5.532845854759216309e-01,-1.439672410488128662e-01,-3.654671907424926758e-01,3.010715544223785400e-01,-2.219456136226654053e-01,-5.927674174308776855e-01,1.927995204925537109e+00,-1.377845883369445801e+00,6.074320673942565918e-01,-2.721538841724395752e-01,-7.540086507797241211e-01,4.758081734180450439e-01,-3.462136983871459961e-01,1.493610501289367676e+00,-1.265212535858154297e+00,-7.190103530883789062e-01,7.707014679908752441e-02,-1.625550508499145508e+00,3.916887342929840088e-01,3.939378857612609863e-01,-5.037880539894104004e-01,2.069664001464843750e+00,-5.590109825134277344e-01,-1.854973673820495605e+00,-3.093806281685829163e-02,1.711653351783752441e+00,-2.335110902786254883e-01,-6.608889997005462646e-02,-1.399508237838745117e+00,1.404994368553161621e+00,-9.612931013107299805e-01,5.232652425765991211e-01,-4.157039523124694824e-01,-6.497818231582641602e-02,8.058891892433166504e-01,2.947961539030075073e-02,1.069731473922729492e+00,1.036994695663452148e+00,-3.295502662658691406e-01,-4.553038775920867920e-01,1.470728397369384766e+00,-9.638174176216125488e-01,2.416116714477539062e+00,-6.166094541549682617e-01,7.883158922195434570e-01,-2.758152723312377930e+00,-4.696968495845794678e-01,5.104485750198364258e-01,-3.737756311893463135e-01,-1.004118561744689941e+00,6.601122021675109863e-01,-9.485272169113159180e-01,-2.946673333644866943e-01,-8.487910628318786621e-01,8.416081219911575317e-02,8.336468338966369629e-01,1.783710956573486328e+00,1.093822598457336426e+00,-1.141049981117248535e+00,-2.905066013336181641e-01,3.577947020530700684e-01,-3.761304020881652832e-01,-1.855371832847595215e+00,-1.740414738655090332e+00,7.836158275604248047e-01,1.250377178192138672e+00,-6.073938012123107910e-01,1.272906780242919922e+00,-3.094416856765747070e-01,-1.353763699531555176e+00,1.100321531295776367e+00,1.188138276338577271e-01,-6.389403939247131348e-01,-9.753394722938537598e-01,-1.095003366470336914e+00,-2.421929389238357544e-01,-1.521482825279235840e+00,2.965681254863739014e-01,1.784678697586059570e-01,-4.730311930179595947e-01,-1.501818656921386719e+00,2.241076678037643433e-01,1.589102864265441895e+00
-5.601474642753601074e-01,-5.273731350898742676e-01,7.166718840599060059e-01,-2.897789478302001953e-01,-7.075109481811523438e-01,1.033384919166564941e+00,8.831394463777542114e-02,-2.302326440811157227e+00,-2.158664941787719727e+00,1.009531855583190918e+00,1.890527307987213135e-01,-8.591765761375427246e-01,1.566759943962097168e+00,3.301557302474975586e-01,-8.900249749422073364e-02,9.731391668319702148e-01,2.287853807210922241e-01,1.151493549346923828e+00,2.738144695758819580e-01,-9.916741251945495605e-01,1.408138036727905273e+00,1.070635080337524414e+00,-9.419356584548950195e-01,3.174759447574615479e-01,8.877569437026977539e-01,-1.403732895851135254e+00,-1.032061874866485596e-01,-3.963999450206756592e-02,1.199711322784423828e+00,-2.993997335433959961e-01,-9.958747029304504395e-02,-1.795295923948287964e-01,1.016821742057800293e+00,-1.126651525497436523e+00,1.180049180984497070e+00,-1.016692399978637695e+00,-4.004954993724822998e-01,1.676790595054626465e+00,-6.510837078094482422e-01,-6.061571240425109863e-01,-1.252152919769287109e+00,1.565030097961425781e+00,-5.919243097305297852e-01,-3.333095461130142212e-02,-5.420839190483093262e-01,1.133650302886962891e+00,-7.345235943794250488e-01,7.298749089241027832e-01,1.331689715385437012e+00,3.731218576431274414e-01,9.900354743003845215e-01,1.572746157646179199e+00,-6.226502060890197754e-01,4.285592138767242432e-01,1.415441393852233887e+00,-1.017372250556945801e+00,1.157514095306396484e+00,2.202036529779434204e-01,7.287359982728958130e-02,-7.825876772403717041e-02,8.518733382225036621e-01,-5.310185551643371582e-01,7.437065988779067993e-02,-5.954070687294006348e-01,-5.494293570518493652e-01,5.250589251518249512e-01,-1.690104603767395020e+00,7.806584835052490234e-01,1.626655459403991699e+00,1.005069494247436523e+00,9.808375239372253418e-01,3.520228564739227295e-01,-7.555242776870727539e-01,1.978260755538940430e+00,1.715234071016311646e-01,-4.744895100593566895e-01,-2.155158668756484985e-01,4.735977351665496826e-01,-3.523933887481689453e-01,2.675123512744903564e-01,5.385050177574157715e-01,1.292994767427444458e-01,-5.811897516250610352e-01,-1.329922527074813843e-01,-8.270297050476074219e-01,-9.672479629516601562e-01,2.990522421896457672e-02,2.142246998846530914e-02,-8.044579029083251953e-01,-8.711199462413787842e-02,6.800389885902404785e-01,-6.128007173538208008e-01,1.142938137054443359e+00,-1.894623756408691406e+00,-3.574533164501190186e-01,1.379196643829345703e-01,-2.573547065258026123e-01,8.034738302230834961e-01,9.575044512748718262e-01,-1.396384358406066895e+00
-5.520024895668029785e-01,-3.181770443916320801e-01,-1.409397959709167480e+00,9.379203915596008301e-01,-1.715312838554382324e+00,7.309827804565429688e-01,-4.577641189098358154e-01,-1.270039796829223633e+00,-1.270120382308959961e+00,3.009461879730224609e+00,5.757111907005310059e-01,-4.712362289428710938e-01,1.533341288566589355e+00,1.026771783828735352e+00,-1.226480841636657715e+00,9.099591374397277832e-01,-3.355726003646850586e-01,1.048303604125976562e+00,2.304931432008743286e-01,9.939351081848144531e-01,8.818579912185668945e-01,2.143770933151245117e+00,-2.378013581037521362e-01,-4.526498019695281982e-01,4.234040975570678711e-01,-1.146960020065307617e+00,-2.431486606597900391e+00,-7.601913213729858398e-01,-4.648678302764892578e-01,3.984758257865905762e-01,1.735360383987426758e+00,2.279467135667800903e-01,2.644473910331726074e-01,1.086976051330566406e+00,1.161787152290344238e+00,-3.248184025287628174e-01,6.762328743934631348e-01,-7.964341044425964355e-01,3.904787003993988037e-01,1.584263920783996582e+00,1.093926072120666504e+00,-6.545752286911010742e-01,-4.252524971961975098e-01,1.275715351104736328e+00,1.235775470733642578e+00,-4.995761811733245850e-01,-7.072417140007019043e-01,3.963692486286163330e-01,6.192951798439025879e-01,-6.985124200582504272e-03,1.041233912110328674e-01,6.819924712181091309e-01,2.934319376945495605e-01,-3.354599475860595703e-01,-1.873227715492248535e+00,2.653278410434722900e-01,4.152297675609588623e-01,-7.564508318901062012e-01,6.848258376121520996e-01,-3.176866769790649414e-01,8.347294926643371582e-01,-7.546094655990600586e-01,-2.112770080566406250e-02,-7.835534214973449707e-02,-8.451790809631347656e-01,-2.572568953037261963e-01,1.128569364547729492e+00,-6.982669830322265625e-01,-1.128864526748657227e+00,1.023123025894165039e+00,-2.439253032207489014e-01,7.474178671836853027e-01,3.555904924869537354e-01,-3.686230182647705078e-01,-7.210744172334671021e-02,-8.014627695083618164e-01,3.389953076839447021e-02,1.064069494605064392e-01,-1.259933114051818848e+00,7.202333211898803711e-01,-3.214240968227386475e-01,-1.332734584808349609e+00,-8.766277432441711426e-01,7.486889362335205078e-01,-3.432483196258544922e+00,5.822512507438659668e-01,-4.500240087509155273e-02,2.877198345959186554e-02,1.339209794998168945e+00,-3.656225800514221191e-01,-1.203764319419860840e+00,-8.004153966903686523e-01,1.325388193130493164e+00,2.013809420168399811e-02,4.877888262271881104e-01,2.298330068588256836e+00,-3.008028864860534668e-01,-7.048902511596679688e-01,1.220283865928649902e+00,3.920675218105316162e-01
-7.534133791923522949e-01,4.649678170680999756e-01,-5.757223367691040039e-01,-4.185202121734619141e-01,-1.026473402976989746e+00,-1.484807133674621582e+00,8.473441004753112793e-01,1.121670365333557129e+00,-4.710725545883178711e-01,4.263343214988708496e-01,-6.583498120307922363e-01,-1.044564485549926758e+00,4.853133261203765869e-01,2.278572320938110352e+00,4.311059415340423584e-01,3.344192504882812500e-01,-1.002705574035644531e+00,-1.753760734573006630e-03,1.100012302398681641e+00,-5.305499434471130371e-01,-2.539651989936828613e-01,1.158470153808593750e+00,-7.727614045143127441e-01,1.225811764597892761e-01,6.600440144538879395e-01,-2.475821971893310547e+00,-6.832873225212097168e-01,-1.181135058403015137e+00,-6.767339259386062622e-02,-2.224565505981445312e+00,-1.105883359909057617e+00,7.246769070625305176e-01,-6.598134040832519531e-01,1.298447728157043457e+00,-4.515803754329681396e-01,-1.970746159553527832e+00,1.860033869743347168e+00,3.517944738268852234e-02,1.403187155723571777e+00,-7.790242433547973633e-01,1.102802634239196777e+00,5.900828242301940918e-01,-1.198963046073913574e+00,-5.386034846305847168e-01,5.609912276268005371e-01,-1.328617334365844727e+00,-1.097482800483703613e+00,7.836764454841613770e-01,1.161770224571228027e+00,1.555823683738708496e+00,3.003880083560943604e-01,1.687342762947082520e+00,3.602354228496551514e-02,1.457218527793884277e-01,-2.767934501171112061e-01,1.089954853057861328e+00,-5.649081468582153320e-01,-1.272595286369323730e+00,2.787815093994140625e+00,-2.332894802093505859e-01,2.054083198308944702e-01,-9.952677786350250244e-02,-1.475779891014099121e+00,8.853685259819030762e-01,6.103357076644897461e-01,-5.012646913528442383e-01,-9.925841093063354492e-01,5.195452570915222168e-01,1.788868546485900879e+00,-8.253982663154602051e-01,2.808803558349609375e+00,3.057946562767028809e-01,6.955676078796386719e-01,6.214231848716735840e-01,1.372333168983459473e-01,2.094819098711013794e-01,-1.908043213188648224e-02,1.398771256208419800e-01,2.462857723236083984e+00,1.217104434967041016e+00,-6.144237518310546875e-01,-2.811990976333618164e-01,-1.631176173686981201e-01,2.552300877869129181e-02,8.848991394042968750e-01,-1.783991605043411255e-01,-1.081567049026489258e+00,6.926397085189819336e-01,-6.855986714363098145e-01,-6.176934838294982910e-01,6.065773963928222656e-01,-3.782997727394104004e-01,4.674633145332336426e-01,-1.583956837654113770e+00,1.109159827232360840e+00,-1.724127173423767090e+00,-1.997078180313110352e+00,-1.489769369363784790e-01,9.247062802314758301e-01,-1.140106678009033203e+00
-8.843860030174255371e-01,5.055366754531860352e-01,-7.518225312232971191e-01,-1.810405731201171875e+00,7.141399979591369629e-01,-3.077092170715332031e-01,1.739692986011505127e-01,5.571972727775573730e-01,-9.708585143089294434e-01,-3.993477225303649902e-01,8.840603828430175781e-01,1.014960836619138718e-02,9.365255236625671387e-01,-1.276987195014953613e+00,-2.447968482971191406e+00,7.938180565834045410e-01,8.513744920492172241e-02,-1.138331741094589233e-01,-7.415794134140014648e-01,-6.414589881896972656e-01,-1.310315966606140137e+00,-2.353182882070541382e-01,-9.080054759979248047e-01,5.664913654327392578e-01,1.965031981468200684e+00,-2.095960825681686401e-01,-4.072966277599334717e-01,9.301335215568542480e-01,5.589831471443176270e-01,-3.101407289505004883e-01,-1.829406470060348511e-01,-8.040498942136764526e-02,1.502098798751831055e+00,1.267962753772735596e-01,4.953893423080444336e-01,1.360924482345581055e+00,-4.632944613695144653e-02,1.413744449615478516e+00,2.320783138275146484e-01,-1.256892383098602295e-01,3.228013217449188232e-01,-1.503010988235473633e+00,-9.296870231628417969e-01,1.601915001869201660e+00,-5.844085216522216797e-01,9.437362551689147949e-01,-7.617066502571105957e-01,-7.161366343498229980e-01,1.302147150039672852e+00,-2.043564170598983765e-01,-3.639344274997711182e-01,9.860806465148925781e-01,-5.397800803184509277e-01,1.376667737960815430e+00,-1.904791444540023804e-01,3.399082124233245850e-01,-2.104367256164550781e+00,7.174641489982604980e-01,-4.490930121392011642e-03,1.698911190032958984e+00,-2.684783935546875000e-01,4.514853060245513916e-01,8.106373548507690430e-01,9.281282424926757812e-01,-1.332679390907287598e+00,9.748919606208801270e-01,-7.770299911499023438e-01,-1.286984324455261230e+00,3.059278130531311035e-01,1.320794224739074707e+00,1.343187928199768066e+00,1.392055273056030273e+00,-2.717755734920501709e-01,-6.470394730567932129e-01,-3.032362461090087891e-01,6.628127098083496094e-01,-1.209255337715148926e+00,7.593059539794921875e-02,1.255674839019775391e+00,-9.899785518646240234e-01,3.836370706558227539e-01,2.758051395416259766e+00,7.730023264884948730e-01,2.900637388229370117e-01,8.903208374977111816e-01,-4.949836730957031250e-01,-1.137612819671630859e+00,-1.017810821533203125e+00,-3.959813714027404785e-01,-7.289983034133911133e-01,2.092757225036621094e+00,4.686651527881622314e-01,-1.208732947707176208e-01,6.103006601333618164e-01,1.981677055358886719e+00,-5.395930409431457520e-01,-6.939498782157897949e-01,8.355391621589660645e-01,1.647531628608703613e+00,1.846430778503417969e+00
-7.312318682670593262e-01,3.021928668022155762e-01,-3.058065176010131836e-01,-9.343777894973754883e-01,9.006146341562271118e-02,-1.100767493247985840e+00,1.139258384704589844e+00,-3.921530246734619141e-01,-8.999438285827636719e-01,2.013817280530929565e-01,6.405079364776611328e-01,6.116247922182083130e-02,-2.307696938514709473e-01,1.131627917289733887e+00,-2.161535024642944336e+00,5.743963122367858887e-01,-1.679684877395629883e+00,-2.761575698852539062e+00,-5.339143872261047363e-01,-2.534615993499755859e-01,-2.031833380460739136e-01,1.714986115694046021e-01,-6.187877058982849121e-02,2.959878444671630859e-01,1.208361625671386719e+00,1.140164062380790710e-01,1.712088584899902344e-01,2.643066644668579102e-01,1.294263124465942383e+00,-2.177274942398071289e+00,1.014397382736206055e+00,1.265522599220275879e+00,3.672423958778381348e-01,2.549082636833190918e-01,-5.148826241493225098e-01,-3.917835056781768799e-01,7.570254206657409668e-01,2.518880069255828857e-01,1.847533732652664185e-01,-7.263258099555969238e-01,-1.318077445030212402e+00,7.608862221240997314e-02,-5.067914724349975586e-01,9.643540382385253906e-01,5.727990865707397461e-01,-2.211033344268798828e+00,-9.443579912185668945e-01,2.271152585744857788e-01,1.346540570259094238e+00,1.789218336343765259e-01,-1.218203425407409668e+00,-4.393666684627532959e-01,1.418974250555038452e-01,1.363691687583923340e+00,-4.532201215624809265e-02,-1.011991500854492188e+00,7.918493151664733887e-01,-1.110536098480224609e+00,-7.064818739891052246e-01,-9.664876461029052734e-01,1.363798826932907104e-01,-2.734971046447753906e-01,2.453870624303817749e-01,-1.150434732437133789e+00,6.096509695053100586e-01,-2.258556336164474487e-01,-6.532210856676101685e-03,-7.932471036911010742e-01,-5.091004371643066406e-01,1.397870332002639771e-01,8.434098958969116211e-01,6.602398753166198730e-01,-4.926188588142395020e-01,-3.488515019416809082e-01,-5.739184617996215820e-01,-1.226344823837280273e+00,-3.839592039585113525e-01,2.403607219457626343e-01,-6.967791318893432617e-01,-6.046094298362731934e-01,-4.220155999064445496e-02,4.509189724922180176e-01,1.030241131782531738e+00,7.244007587432861328e-01,-1.044720292091369629e+00,2.269548416137695312e+00,2.701075792312622070e+00,-5.372941493988037109e-01,-1.238161802291870117e+00,-5.986127853393554688e-01,8.834064006805419922e-01,6.854608654975891113e-01,6.825447082519531250e-01,-8.225425481796264648e-01,1.373857617378234863e+00,-1.267276853322982788e-01,6.352347731590270996e-01,3.941780626773834229e-01,2.500667273998260498e-01,1.028104186058044434e+00
-3.807196021080017090e-02,7.732352018356323242e-01,-1.197644352912902832e+00,4.327960014343261719e-01,-1.200924634933471680e+00,1.879682064056396484e+00,-2.366853058338165283e-01,1.503877043724060059e+00,-1.760194420814514160e+00,1.380507200956344604e-01,-1.109756827354431152e-01,1.443932652473449707e+00,-4.242610037326812744e-01,-1.278551071882247925e-01,5.544205307960510254e-01,-3.183218240737915039e-01,1.477155804634094238e+00,8.262788057327270508e-01,-1.075753331184387207e+00,-1.564161479473114014e-01,-1.501407623291015625e-01,-3.667419077828526497e-03,-5.811800360679626465e-01,-9.715237021446228027e-01,6.091112494468688965e-01,2.417789995670318604e-01,1.152665495872497559e+00,-6.776158213615417480e-01,-5.806374549865722656e-01,-3.925959169864654541e-01,-6.731888055801391602e-01,7.745545506477355957e-01,1.182328581809997559e+00,-7.209112644195556641e-01,-3.884669840335845947e-01,-3.165390193462371826e-01,4.685869216918945312e-01,1.224966168403625488e+00,7.974272370338439941e-01,-2.365602701902389526e-01,-4.945662915706634521e-01,-6.315591931343078613e-01,6.121301651000976562e-01,1.155997753143310547e+00,-6.119440197944641113e-01,3.551271855831146240e-01,-1.392457842826843262e+00,-4.528313409537076950e-03,7.642456889152526855e-01,-2.869496345520019531e-01,4.872288107872009277e-01,1.286128997802734375e+00,9.912206530570983887e-01,-7.025089859962463379e-02,-3.604333698749542236e-01,5.231350660324096680e-01,-4.632176458835601807e-01,4.980966821312904358e-02,4.587968811392784119e-02,-1.637497097253799438e-01,-1.451458096504211426e+00,-6.195345520973205566e-01,7.553555965423583984e-01,-4.198801815509796143e-01,-1.854175448417663574e+00,-4.636232554912567139e-01,8.058551549911499023e-01,-5.723010301589965820e-01,3.027543127536773682e-01,-9.072268009185791016e-01,-1.518644243478775024e-01,6.098843812942504883e-01,7.876864671707153320e-01,-6.020885705947875977e-01,1.639037251472473145e+00,-3.085562884807586670e-01,2.203066587448120117e+00,7.349122166633605957e-01,7.040100097656250000e-01,-3.843885362148284912e-01,1.143428921699523926e+00,4.706985950469970703e-01,7.989591956138610840e-01,-1.151257529854774475e-01,1.628440737724304199e+00,-6.407832503318786621e-01,3.147689625620841980e-02,1.286428928375244141e+00,-8.499951362609863281e-01,-1.610111951828002930e+00,-9.858301281929016113e-01,5.664156749844551086e-02,1.153680205345153809e+00,4.834456145763397217e-01,-1.360413908958435059e+00,3.626742959022521973e-01,7.489882111549377441e-01,-1.028500318527221680e+00,-2.442060858011245728e-01,1.175858259201049805e+00
1.619066476821899414e+00,3.192256689071655273e-01,-4.669300019741058350e-01,-1.464868243783712387e-02,-7.124717235565185547e-01,-1.032076001167297363e+00,2.326472520828247070e+00,-1.405145406723022461e+00,1.380327790975570679e-01,5.016884207725524902e-01,3.532929420471191406e-01,5.765812471508979797e-02,1.240037202835083008e+00,2.028916358947753906e+00,3.346126973628997803e-01,-1.518120884895324707e+00,-1.708905816078186035e+00,-6.488825380802154541e-02,-7.023647427558898926e-01,3.051882684230804443e-01,5.739079713821411133e-01,1.979678153991699219e+00,6.718739867210388184e-02,7.451893687248229980e-01,-3.407109975814819336e-01,5.096358656883239746e-01,-1.046635866165161133e+00,1.137469053268432617e+00,5.965754389762878418e-01,-9.023792296648025513e-02,-1.539955139160156250e+00,-9.381296634674072266e-01,-1.228577852249145508e+00,-5.358882546424865723e-01,-4.566137194633483887e-01,2.007048845291137695e+00,-1.098818898200988770e+00,-6.578998565673828125e-01,1.237218856811523438e+00,9.180235862731933594e-01,-4.559641480445861816e-01,2.191662073135375977e+00,3.492542775347828865e-03,1.030688762664794922e+00,-7.717942446470260620e-02,-4.166402220726013184e-01,1.744712144136428833e-01,-4.144825935363769531e-01,2.783322036266326904e-01,1.290639519691467285e+00,5.650050044059753418e-01,-3.611361086368560791e-01,5.675437450408935547e-01,-5.068711042404174805e-01,-2.248328924179077148e+00,4.545230269432067871e-01,1.404297947883605957e+00,-2.148601263761520386e-01,1.034735560417175293e+00,6.934236288070678711e-01,-7.832327485084533691e-01,7.818071246147155762e-01,-1.714905142784118652e+00,1.660819888114929199e+00,2.476844787597656250e-01,-4.254377484321594238e-01,-1.748965978622436523e+00,-8.219574093818664551e-01,-4.215780198574066162e-01,1.283479571342468262e+00,1.855323314666748047e+00,-1.207910571247339249e-02,-8.029322624206542969e-01,-8.607285618782043457e-01,4.218724966049194336e-01,-1.581990122795104980e+00,2.891577780246734619e-01,-7.399283051490783691e-01,-1.007252812385559082e+00,-2.188015222549438477e+00,-1.023498773574829102e+00,1.311473727226257324e+00,3.142038360238075256e-02,8.438580632209777832e-01,-8.931329250335693359e-01,1.576331555843353271e-01,-8.196998834609985352e-01,-4.317255914211273193e-01,-9.940248131752014160e-01,4.668892920017242432e-01,2.531511485576629639e-01,9.771099686622619629e-01,-2.932830452919006348e-01,-4.485251605510711670e-01,3.255508542060852051e-01,4.317348897457122803e-01,7.398752570152282715e-01,1.138566255569458008e+00,2.773571610450744629e-01,9.032940268516540527e-01
-8.673398196697235107e-02,7.520821094512939453e-01,3.790475726127624512e-01,4.648770987987518311e-01,5.701599717140197754e-01,-2.469860613346099854e-01,1.932399392127990723e+00,-1.257530301809310913e-01,2.994177341461181641e-01,3.111075460910797119e-01,-8.105493187904357910e-01,9.810354709625244141e-01,-4.235238581895828247e-02,1.590551435947418213e-01,4.943778216838836670e-01,-7.812359333038330078e-01,-1.156687378883361816e+00,-1.356610298156738281e+00,1.376818776130676270e+00,-7.790716886520385742e-01,2.279191166162490845e-01,5.104092955589294434e-01,1.312100529670715332e+00,-2.357607841491699219e+00,9.032462835311889648e-01,3.734458684921264648e-01,5.589162707328796387e-01,2.103168010711669922e+00,9.405342936515808105e-01,-1.001684427261352539e+00,4.675793051719665527e-01,1.695923447608947754e+00,1.462683796882629395e+00,-2.668730681762099266e-03,-2.198659116402268410e-03,-7.628672719001770020e-01,2.657355070114135742e-01,1.167891174554824829e-01,-4.903743788599967957e-02,2.899415194988250732e-01,-5.131971240043640137e-01,-8.077847957611083984e-01,1.335670232772827148e+00,9.294582009315490723e-01,7.961673736572265625e-01,-3.843891993165016174e-02,1.624457389116287231e-01,1.277724862098693848e+00,-7.015126347541809082e-01,-9.999739378690719604e-02,6.990794539451599121e-01,2.248212546110153198e-01,-1.005778670310974121e+00,-4.447947740554809570e-01,1.109590768814086914e+00,-2.346933364868164062e+00,-1.692282080650329590e+00,2.775738239288330078e-01,-1.556273102760314941e+00,2.641772329807281494e-01,1.663534343242645264e-01,3.884137570858001709e-01,1.210082974284887314e-02,4.497224092483520508e-01,-1.474204063415527344e-01,5.017426609992980957e-01,1.553937315940856934e+00,5.645567178726196289e-01,-3.674193620681762695e-01,3.116002976894378662e-01,-1.325999617576599121e+00,2.742361724376678467e-01,5.642215609550476074e-01,3.133406639099121094e-01,-6.842092871665954590e-01,1.057884395122528076e-01,-7.428203821182250977e-01,-1.448882699012756348e+00,-8.414081335067749023e-01,-8.150911331176757812e-01,3.350071012973785400e-01,8.961801528930664062e-01,1.279231071472167969e+00,3.571425676345825195e-01,-1.596051335334777832e+00,-5.330897495150566101e-02,-9.111993312835693359e-01,5.870701670646667480e-01,2.933681607246398926e-01,-7.680875808000564575e-02,7.340204715728759766e-01,-1.686907857656478882e-01,2.394683659076690674e-01,-7.768510580062866211e-01,-1.216659024357795715e-01,8.646000623703002930e-01,-4.447039961814880371e-02,-5.834085345268249512e-01,-6.940142512321472168e-01,-2.939895987510681152e-01
1.084043979644775391e+00,-1.488674044609069824e+00,-6.443022191524505615e-02,5.445756912231445312e-01,-3.788365423679351807e-02,1.178053736686706543e+00,-1.209990859031677246e+00,5.957377552986145020e-01,5.682399272918701172e-01,-1.145081400871276855e+00,1.628592014312744141e+00,-7.273892406374216080e-03,2.908368706703186035e-01,-4.047604203224182129e-01,-1.936505883932113647e-01,4.535102248191833496e-01,9.683800935745239258e-01,-1.250207781791687012e+00,1.631783366203308105e+00,1.037544727325439453e+00,-3.919653221964836121e-02,2.300612449645996094e+00,4.977255165576934814e-01,-1.058283567428588867e+00,-5.473516583442687988e-01,-2.717115879058837891e+00,4.760452508926391602e-01,4.576931595802307129e-01,9.750498533248901367e-01,-4.373597204685211182e-01,1.857867091894149780e-02,-1.037850856781005859e+00,-4.063256680965423584e-01,-6.697169542312622070e-01,6.204442381858825684e-01,-1.347638368606567383e+00,-5.344127416610717773e-01,-5.878403186798095703e-01,-4.419055283069610596e-01,5.912917256355285645e-01,8.437059521675109863e-01,-8.974191546440124512e-01,6.539080739021301270e-01,-6.405721306800842285e-01,4.018283486366271973e-01,-1.058662831783294678e-01,-3.529661893844604492e-01,1.364656209945678711e+00,-4.009802639484405518e-01,8.534474372863769531e-01,1.462368249893188477e+00,-7.227003574371337891e-01,7.519772648811340332e-01,-9.504290819168090820e-01,6.825836002826690674e-02,-1.148116111755371094e+00,-1.021642923355102539e+00,-4.249435290694236755e-02,-5.451942682266235352e-01,-9.672007560729980469e-01,-1.315685957670211792e-01,9.573830366134643555e-01,-5.078184604644775391e-01,1.212527632713317871e+00,-1.144626885652542114e-01,-1.106702536344528198e-01,2.368210315704345703e+00,6.442805528640747070e-01,1.703168153762817383e+00,-1.750616878271102905e-01,5.369655489921569824e-01,-6.148982048034667969e-01,-7.448637485504150391e-01,-1.174523591995239258e+00,1.098418831825256348e+00,-2.639203369617462158e-01,2.894361615180969238e-01,-7.491799592971801758e-01,5.919776111841201782e-02,-2.387582324445247650e-02,-1.225186467170715332e+00,1.627091050148010254e+00,8.207411170005798340e-01,5.800428986549377441e-01,1.124385833740234375e+00,-1.021207213401794434e+00,9.435495138168334961e-01,6.893144845962524414e-01,2.216475248336791992e+00,-4.491449296474456787e-01,-5.232858061790466309e-01,-2.141261100769042969e-01,-1.022298216819763184e+00,3.834968432784080505e-02,-2.080236524343490601e-01,1.025451421737670898e+00,-1.244288444519042969e+00,3.006068170070648193e-01,-5.005437880754470825e-02,9.305812716484069824e-01
1.611556291580200195e+00,2.659322321414947510e-01,-2.359780371189117432e-01,-1.486521601676940918e+00,2.178512141108512878e-02,4.044737219810485840e-01,-1.555893182754516602e+00,2.903310656547546387e-01,-1.372591137886047363e+00,5.163388252258300781e-01,-1.833560705184936523e+00,-2.066387832164764404e-01,-7.127882838249206543e-01,-1.012883901596069336e+00,-4.762179553508758545e-01,-3.372963666915893555e-01,-1.225450783967971802e-01,1.887836575508117676e+00,-2.252731800079345703e+00,5.133782327175140381e-02,-1.009223461151123047e+00,-5.991778373718261719e-01,3.356321454048156738e-01,6.335122585296630859e-01,-8.508166670799255371e-01,1.413938522338867188e+00,4.265515208244323730e-01,-1.834303975105285645e+00,-3.846096694469451904e-01,-3.718832433223724365e-01,-3.494890928268432617e-01,-1.313386440277099609e+00,1.211099743843078613e+00,1.700980588793754578e-02,-1.486584395170211792e-01,-3.023659467697143555e+00,-1.057268977165222168e+00,-1.834875106811523438e+00,-9.906454682350158691e-01,1.198258996009826660e+00,-5.975982546806335449e-01,2.858302295207977295e-01,-2.738966941833496094e-01,-5.525768175721168518e-02,-1.361910700798034668e+00,1.362092494964599609e-01,-3.268191218376159668e-01,-4.704127907752990723e-01,7.637417316436767578e-01,-2.197759389877319336e+00,4.794002175331115723e-01,-4.765176773071289062e-01,-2.008161783218383789e+00,-4.680619835853576660e-01,1.238057374954223633e+00,-2.452972531318664551e-01,-2.278072834014892578e+00,2.092463016510009766e+00,1.963826417922973633e-01,1.944184899330139160e-01,-1.249637678265571594e-01,-3.114967346191406250e-01,6.026417016983032227e-01,-9.974852800369262695e-01,9.464887380599975586e-01,1.224576592445373535e+00,2.436516582965850830e-01,5.588530898094177246e-01,2.071673795580863953e-02,-5.431917905807495117e-01,1.096593499183654785e+00,-8.206231594085693359e-01,-7.894556522369384766e-01,4.977741539478302002e-01,2.321073710918426514e-01,2.103435695171356201e-01,1.703732967376708984e+00,-1.936077952384948730e+00,-6.584335565567016602e-01,-1.429398059844970703e+00,9.201812744140625000e-01,1.121499300003051758e+00,-1.310687661170959473e+00,-6.948870420455932617e-01,7.031968235969543457e-01,6.834686994552612305e-01,1.542834758758544922e+00,2.001318931579589844e-01,2.188527286052703857e-01,2.744467929005622864e-02,-4.690761566162109375e-01,-1.026282608509063721e-01,-1.606915742158889771e-01,1.571143716573715210e-01,1.163131117820739746e+00,1.528926849365234375e+00,1.705556631088256836e+00,1.079484261572360992e-02,1.751910805702209473e+00,9.729243516921997070e-01
6.003281474113464355e-02,-5.371544361114501953e-01,-8.331173062324523926e-01,-7.580138444900512695e-01,3.239025175571441650e-01,1.277551174163818359e+00,1.979483485221862793e+00,-6.929928902536630630e-03,-5.599372386932373047e-01,-5.868245661258697510e-02,-2.958699464797973633e-01,3.504102826118469238e-01,-2.620325386524200439e-01,-2.891375720500946045e-01,9.808279275894165039e-01,-3.635023832321166992e-01,-7.187095880508422852e-01,7.961793988943099976e-02,2.458334922790527344e+00,1.386708259582519531e+00,2.053566932678222656e+00,1.655372858047485352e+00,8.648226857185363770e-01,-4.932147264480590820e-01,-1.381034135818481445e+00,-6.992940902709960938e-01,2.229144096374511719e+00,-9.408861994743347168e-01,1.952848434448242188e-01,6.059839129447937012e-01,4.836181104183197021e-01,9.324063062667846680e-01,8.907972574234008789e-01,-2.836620211601257324e-01,-1.581345081329345703e+00,1.420880705118179321e-01,-1.947890520095825195e+00,1.413790345191955566e+00,1.119884729385375977e+00,-7.292717695236206055e-01,-8.539211750030517578e-01,-7.896424084901809692e-02,3.088891208171844482e-01,-1.533031612634658813e-01,1.915516257286071777e-01,-1.564955592155456543e+00,1.462330698966979980e+00,-8.121173977851867676e-01,-1.093624353408813477e+00,-3.111594915390014648e-01,-8.248472213745117188e-01,-3.079404532909393311e-01,6.843457818031311035e-01,1.692815661430358887e+00,1.595763325691223145e+00,-2.003858834505081177e-01,-1.264309644699096680e+00,4.692697525024414062e-01,5.696278214454650879e-01,-1.885883569717407227e+00,-1.573449850082397461e+00,-1.657075434923171997e-01,-2.447463721036911011e-01,-2.869977056980133057e-01,-1.592976450920104980e-01,-1.653839826583862305e+00,4.723604768514633179e-02,7.369831800460815430e-01,1.870520234107971191e+00,-3.542814552783966064e-01,4.841780066490173340e-01,1.006050348281860352e+00,-6.210656166076660156e-01,-1.877922266721725464e-01,4.173112660646438599e-02,1.647233009338378906e+00,4.013922810554504395e-01,-1.013020873069763184e-01,-3.190481960773468018e-01,5.076472759246826172e-01,-2.242746949195861816e-01,3.435067236423492432e-01,7.543558478355407715e-01,-1.829142689704895020e+00,-1.806181192398071289e+00,6.963531374931335449e-01,2.161949127912521362e-01,-9.686109423637390137e-02,7.951341271400451660e-01,-3.898010253906250000e-01,-1.018426492810249329e-01,-1.581043899059295654e-01,1.650603115558624268e-01,-3.693795800209045410e-01,1.276254057884216309e-01,9.334309101104736328e-01,-9.259063005447387695e-01,-1.169951438903808594e+00,-1.578132510185241699e+00,-2.029504537582397461e+00
-3.753021359443664551e-01,-7.682443261146545410e-01,1.635342836380004883e+00,-2.247848272323608398e+00,-6.599991321563720703e-01,-9.769231081008911133e-01,-1.574769496917724609e+00,-1.158121347427368164e+00,-9.366639703512191772e-02,-5.177985429763793945e-01,4.156541824340820312e-01,-8.779776096343994141e-01,8.520962297916412354e-02,8.032897114753723145e-01,3.094527125358581543e-01,7.717480659484863281e-01,-6.397132873535156250e-01,7.222006320953369141e-01,-6.367986649274826050e-02,-5.554038882255554199e-01,5.563477277755737305e-01,-2.995931506156921387e-01,-1.198229432106018066e+00,-1.278824448585510254e+00,-2.501651048660278320e-01,-8.031550049781799316e-02,-1.235725641250610352e+00,1.922046184539794922e+00,-4.707208871841430664e-01,-3.491176664829254150e-01,1.861373633146286011e-01,1.683267354965209961e+00,-1.831097602844238281e-01,6.787349581718444824e-01,-1.965835690498352051e+00,-5.240252017974853516e-01,8.455038070678710938e-02,-8.653920888900756836e-01,-1.553931534290313721e-01,1.889222413301467896e-01,-3.002714812755584717e-01,-7.409793138504028320e-01,2.581502497196197510e-01,7.851619124412536621e-01,1.413235545158386230e+00,-1.160608291625976562e+00,9.137006998062133789e-01,-3.034891366958618164e+00,-2.199295461177825928e-01,-9.324618577957153320e-01,-1.524253845214843750e+00,6.872335076332092285e-01,-1.190907955169677734e+00,6.014125943183898926e-01,1.863041520118713379e+00,-1.019734263420104980e+00,5.720080435276031494e-02,-5.484095215797424316e-01,4.268329739570617676e-01,4.481694400310516357e-01,1.147096604108810425e-01,-3.148575127124786377e-01,-2.613884508609771729e-01,1.201670393347740173e-01,4.006639122962951660e-01,7.260851860046386719e-01,-1.161446571350097656e+00,-3.518691062927246094e-01,-5.882460623979568481e-03,-2.262028455734252930e+00,-2.155687808990478516e+00,1.780966877937316895e+00,-2.180902361869812012e-01,1.439187526702880859e+00,7.466685771942138672e-01,-3.862651884555816650e-01,-2.594992220401763916e-01,-7.090722322463989258e-01,-1.004349470138549805e+00,-6.305599808692932129e-01,-2.167287349700927734e+00,2.804902195930480957e-01,1.439685672521591187e-01,-7.977201938629150391e-01,3.093739449977874756e-01,-6.102413535118103027e-01,-1.072264909744262695e+00,8.824136853218078613e-01,-1.819579675793647766e-02,4.306180179119110107e-01,-1.493649482727050781e+00,-2.655757665634155273e-01,7.846764922142028809e-01,1.588637381792068481e-01,-2.008923530578613281e+00,3.022785112261772156e-02,3.615181446075439453e-01,9.840058684349060059e-01,-4.818948507308959961e-01,-5.282415151596069336e-01
-1.900795340538024902e+00,-3.033843636512756348e-01,1.159484982490539551e+00,8.018987774848937988e-01,-6.596033573150634766e-01,2.554707229137420654e-01,-3.545866012573242188e-01,5.662044286727905273e-01,-8.587263226509094238e-01,-1.050049662590026855e+00,-4.610663056373596191e-01,1.079118371009826660e+00,1.980407238006591797e+00,1.934540152549743652e+00,2.667492389678955078e+00,6.976304054260253906e-01,4.673759043216705322e-01,3.872022032737731934e-01,7.866773009300231934e-02,1.362974643707275391e-01,5.029200389981269836e-02,1.008245706558227539e+00,7.111794948577880859e-01,3.439122140407562256e-01,1.214723587036132812e+00,-4.174456000328063965e-01,4.722787141799926758e-01,-5.271488428115844727e-01,1.149201512336730957e+00,3.023055791854858398e-01,-3.947509229183197021e-01,5.599811077117919922e-01,-1.432950049638748169e-01,6.501445770263671875e-01,-3.592169657349586487e-02,3.881155550479888916e-01,4.331856071949005127e-01,9.387182071805000305e-03,8.062125742435455322e-02,7.191573977470397949e-01,-7.304612994194030762e-01,9.402351826429367065e-02,-1.504228234291076660e+00,-7.254935503005981445e-01,-1.812241971492767334e-02,4.028512835502624512e-01,7.969034314155578613e-01,-1.003345131874084473e+00,1.327733874320983887e+00,-6.129031181335449219e-01,-9.517657756805419922e-02,-5.517491698265075684e-01,6.881895661354064941e-01,-1.182120442390441895e+00,6.057152748107910156e-01,-2.309216111898422241e-01,5.163803696632385254e-01,1.410629004240036011e-01,3.619759082794189453e-01,-8.551523685455322266e-01,4.893166422843933105e-01,-1.518706798553466797e+00,5.473651885986328125e-01,-1.440464973449707031e+00,1.208085417747497559e+00,-1.212513372302055359e-01,-1.312619924545288086e+00,-1.450603306293487549e-01,3.115862607955932617e-01,7.127079963684082031e-01,6.589613109827041626e-02,5.538370013236999512e-01,1.586662173271179199e+00,1.736171007156372070e+00,-2.177359610795974731e-01,-2.608249425888061523e+00,-1.426691055297851562e+00,9.088270664215087891e-01,1.453848928213119507e-01,-6.357374787330627441e-01,-3.953003510832786560e-02,-1.013594627380371094e+00,1.023746609687805176e+00,3.328236564993858337e-02,-2.148104459047317505e-01,-1.143777132034301758e+00,7.918514609336853027e-01,1.433070898056030273e+00,-7.430735826492309570e-01,-8.579131960868835449e-01,7.068002820014953613e-01,-5.473506450653076172e-01,7.477686405181884766e-01,-1.142947316169738770e+00,1.076973438262939453e+00,-4.830317571759223938e-03,-6.091585755348205566e-01,-9.920029044151306152e-01,-3.638305068016052246e-01,5.093656778335571289e-01
-5.684095621109008789e-01,-8.221628069877624512e-01,-6.830260157585144043e-02,1.429138898849487305e+00,-1.353262305259704590e+00,6.711417436599731445e-01,-3.369971513748168945e-01,-9.053226113319396973e-01,1.319586753845214844e+00,-2.338255196809768677e-01,3.936437070369720459e-01,1.256381422281265259e-01,6.489634513854980469e-01,-4.045124053955078125e-01,5.023987293243408203e-01,-5.539422035217285156e-01,1.638427227735519409e-01,-1.460678875446319580e-01,-7.785519957542419434e-02,2.185450643301010132e-01,-1.877426505088806152e+00,3.004606068134307861e-01,3.040552735328674316e-01,5.566885471343994141e-01,-4.001804888248443604e-01,1.770790107548236847e-02,3.309743404388427734e-01,-5.506640672683715820e-01,-5.143640637397766113e-01,3.708148300647735596e-01,5.200632810592651367e-01,1.113465547561645508e+00,8.306143879890441895e-01,-1.478817582130432129e+00,-4.389218688011169434e-01,1.196882128715515137e+00,-1.206381618976593018e-01,-1.212457776069641113e+00,5.483790040016174316e-01,-1.967609524726867676e-01,3.980676233768463135e-01,3.596962392330169678e-01,1.562099575996398926e+00,-1.011276960372924805e+00,2.233218669891357422e+00,5.708454847335815430e-01,2.402014493942260742e+00,-6.058605909347534180e-01,1.308592796325683594e+00,4.681026935577392578e-01,-6.502079367637634277e-01,-9.872530587017536163e-03,2.324358940124511719e+00,8.467057943344116211e-01,2.010180473327636719e+00,4.175858795642852783e-01,2.188953310251235962e-01,4.215423017740249634e-02,-5.645722150802612305e-01,-9.562746882438659668e-01,-6.698792576789855957e-01,1.056219577789306641e+00,3.656649589538574219e-01,-5.247159004211425781e-01,-9.684326648712158203e-01,2.359501719474792480e-01,2.505425810813903809e-01,-4.029026627540588379e-01,1.199899315834045410e+00,-1.283129572868347168e+00,1.584294199943542480e+00,-1.017929673194885254e+00,-2.106419801712036133e+00,-8.376913666725158691e-01,2.983913719654083252e-01,-4.525051414966583252e-01,-1.858923882246017456e-01,3.176781237125396729e-01,-1.108082771301269531e+00,1.281006217002868652e+00,1.203090667724609375e+00,1.652577519416809082e+00,1.835887879133224487e-01,-4.697690606117248535e-01,1.473176479339599609e+00,-4.561464190483093262e-01,3.669600561261177063e-02,1.382430911064147949e+00,4.576959833502769470e-02,7.376438379287719727e-01,8.634738922119140625e-01,-1.850030183792114258e+00,-3.731652498245239258e-01,7.558957338333129883e-01,-1.819094568490982056e-01,1.392554283142089844e+00,5.158220976591110229e-02,-1.980354338884353638e-01,-7.149563431739807129e-01,-1.852434396743774414e+00
7.865945249795913696e-02,3.210246860980987549e-01,2.481391668319702148e+00,3.986777067184448242e-01,4.167152345180511475e-01,5.475944280624389648e-02,1.145081043243408203e+00,-1.485638380050659180e+00,-3.992377519607543945e-01,-1.102643489837646484e+00,6.833789944648742676e-01,7.532529830932617188e-01,3.324327170848846436e-01,9.255537986755371094e-01,-1.194394111633300781e+00,-1.043338656425476074e+00,-8.201907575130462646e-02,-5.933029577136039734e-02,1.248947381973266602e+00,-1.787865608930587769e-01,8.293970227241516113e-01,3.848543018102645874e-02,-4.600777029991149902e-01,-4.317157566547393799e-01,-1.694622039794921875e-01,1.226835697889328003e-01,1.652533888816833496e+00,8.589433878660202026e-02,-5.579146742820739746e-01,8.315738439559936523e-01,1.759418725967407227e+00,-1.788780093193054199e-01,8.796200752258300781e-01,5.496054887771606445e-01,-6.019473671913146973e-01,6.998130083084106445e-01,6.823179721832275391e-01,-4.110385775566101074e-01,4.784265905618667603e-02,-1.867182701826095581e-01,-5.976856350898742676e-01,-6.886862516403198242e-01,1.428151607513427734e+00,-5.203561186790466309e-01,-1.050243735313415527e+00,9.934148788452148438e-01,-1.447041332721710205e-01,1.048469543457031250e+00,-9.103192687034606934e-01,3.326131403446197510e-01,-1.241506576538085938e+00,1.679945439100265503e-01,-1.757384657859802246e+00,-8.640277385711669922e-01,4.769446849822998047e-01,-1.280325278639793396e-02,-9.250440597534179688e-01,4.157199263572692871e-01,1.833766341209411621e+00,-2.929915785789489746e-01,8.905041813850402832e-01,2.641451954841613770e-01,-5.976852178573608398e-01,1.921811252832412720e-01,9.216518998146057129e-01,-3.017794847488403320e+00,-1.067235498339869082e-04,-1.470696568489074707e+00,5.934728980064392090e-01,-1.217278718948364258e+00,2.051706165075302124e-01,1.353052854537963867e-01,-1.082449674606323242e+00,8.569849133491516113e-01,-8.656213879585266113e-01,-6.223846673965454102e-01,-1.866501092910766602e+00,1.108810901641845703e+00,-4.286384284496307373e-01,-1.402553319931030273e+00,8.617087006568908691e-01,8.039140105247497559e-01,-4.386347830295562744e-01,2.464943647384643555e+00,4.618097543716430664e-01,1.253476023674011230e+00,-3.936989605426788330e-01,1.864954642951488495e-02,-1.360351085662841797e+00,6.038432717323303223e-01,-1.837432265281677246e+00,1.362335801124572754e+00,-7.690196633338928223e-01,-7.679582238197326660e-01,4.582814872264862061e-01,3.146552443504333496e-01,6.064891815185546875e-01,8.067458271980285645e-01,6.373856067657470703e-01,-8.507973551750183105e-01
3.044534623622894287e-01,3.691691458225250244e-01,-6.947460770606994629e-02,-2.594150900840759277e-01,-7.794203162193298340e-01,4.703813791275024414e-01,-6.562672555446624756e-02,-4.656212031841278076e-01,-1.479087024927139282e-01,1.640074014663696289e+00,8.694219589233398438e-01,-1.351873040199279785e+00,7.357158660888671875e-01,4.734463617205619812e-02,6.816042065620422363e-01,-1.973715066909790039e+00,-1.289335608482360840e+00,-4.749070107936859131e-01,-6.197514533996582031e-01,4.773581027984619141e-01,1.278448551893234253e-01,2.264770269393920898e+00,3.993693888187408447e-01,1.284155607223510742e+00,-8.300052285194396973e-01,6.399968266487121582e-01,4.351853430271148682e-01,3.019211590290069580e-01,-2.809024572372436523e+00,-1.856707334518432617e+00,1.625004053115844727e+00,2.454430460929870605e-01,1.296957015991210938e+00,4.289136528968811035e-01,-2.848771587014198303e-02,-1.265082001686096191e+00,-5.568968653678894043e-01,-2.727970480918884277e-01,5.018169879913330078e-01,-7.932284474372863770e-01,-5.535741448402404785e-01,2.510844171047210693e-01,9.913622140884399414e-01,1.136427402496337891e+00,-6.427974700927734375e-01,-6.831560730934143066e-01,2.044648408889770508e+00,7.836858034133911133e-01,-9.306136369705200195e-01,2.815649211406707764e-01,-5.148639082908630371e-01,2.019758462905883789e+00,-8.153913617134094238e-01,-1.224953770637512207e+00,1.149237871170043945e+00,6.163404583930969238e-01,-4.983965456485748291e-01,1.555244684219360352e+00,3.945019468665122986e-02,-4.039059579372406006e-01,-6.424531936645507812e-01,-2.244617789983749390e-01,2.565714418888092041e-01,1.349597811698913574e+00,5.262360572814941406e-01,2.025276422500610352e-01,3.500547111034393311e-01,-1.444331407546997070e-01,-8.360219746828079224e-02,-3.099990189075469971e-01,1.909330725669860840e+00,8.877753019332885742e-01,4.395783692598342896e-02,5.221249461174011230e-01,-1.600968599319458008e+00,-9.569159150123596191e-01,1.425612926483154297e+00,1.600262165069580078e+00,-3.205193877220153809e-01,5.945882201194763184e-01,-4.395822063088417053e-02,-2.536521852016448975e-01,-1.440899968147277832e+00,-4.547123908996582031e-01,-1.087939381599426270e+00,1.167192533612251282e-01,1.372013837099075317e-01,-5.033437013626098633e-01,4.565681219100952148e-01,2.563064694404602051e-01,6.403985023498535156e-01,-3.233813047409057617e-01,-8.204983919858932495e-02,-1.415557622909545898e+00,-1.309205293655395508e+00,1.184531569480895996e+00,-1.909535646438598633e+00,-1.008351445198059082e+00,-8.237140774726867676e-01,-8.123272657394409180e-01
4.773993790149688721e-01,1.638753056526184082e+00,-8.738817572593688965e-01,-3.306426107883453369e-01,-1.601884812116622925e-01,1.011562824249267578e+00,-8.054457902908325195e-01,1.152989640831947327e-01,-1.116514921188354492e+00,-1.099948361515998840e-01,-7.003418207168579102e-01,-1.483017683029174805e+00,2.330389469861984253e-01,-2.299705982208251953e+00,-1.625778794288635254e+00,-4.704299569129943848e-01,-1.094941973686218262e+00,-6.966204047203063965e-01,1.904862932860851288e-02,-1.858553171157836914e+00,-6.711340546607971191e-01,2.138417243957519531e+00,-4.645477831363677979e-01,9.307514429092407227e-01,4.338325187563896179e-02,-7.511930465698242188e-01,-1.347425580024719238e+00,8.861986994743347168e-01,7.220110893249511719e-01,9.760518074035644531e-01,-3.212556540966033936e-01,1.279763936996459961e+00,-4.944208264350891113e-01,2.188144683837890625e+00,-3.298813104629516602e-01,-1.081887125968933105e+00,-1.867714762687683105e+00,1.185454607009887695e+00,-1.271324008703231812e-01,-2.576672732830047607e-01,2.135373592376708984e+00,4.956036508083343506e-01,-6.454290151596069336e-01,-4.135023355484008789e-01,1.008771777153015137e+00,-1.099167346954345703e+00,-1.557096123695373535e+00,-1.360083103179931641e+00,-2.500766217708587646e-01,-1.342325806617736816e+00,3.978310227394104004e-01,9.184979796409606934e-01,-9.054194092750549316e-01,-2.750943601131439209e-01,-4.772748351097106934e-01,-1.202908158302307129e+00,-1.013784170150756836e+00,-4.484097063541412354e-01,1.507531285285949707e+00,-3.854553401470184326e-01,1.694414317607879639e-01,1.076879352331161499e-01,-7.474445104598999023e-01,-2.681260108947753906e-01,-2.592781484127044678e-01,2.718983590602874756e-01,5.897045880556106567e-02,-2.507858574390411377e-01,2.785749733448028564e-01,2.503125369548797607e-01,-7.983031868934631348e-01,7.562530636787414551e-01,-1.073104381561279297e+00,3.765343725681304932e-01,-4.437189400196075439e-01,-1.111773252487182617e+00,2.121497154235839844e+00,1.512516587972640991e-01,3.427456319332122803e-01,-2.859181165695190430e-01,-2.316060781478881836e+00,1.440940022468566895e+00,7.548813223838806152e-01,5.099654197692871094e-02,-1.306672394275665283e-01,-4.213144183158874512e-01,1.017273545265197754e+00,-1.412805676460266113e+00,-1.612939953804016113e+00,7.793802618980407715e-01,1.306950926780700684e+00,7.697243690490722656e-01,6.201538816094398499e-02,-1.640562772750854492e+00,3.140408396720886230e-01,5.573459863662719727e-01,-1.617087721824645996e+00,-1.240409135818481445e+00,1.460640072822570801e+00,1.996370792388916016e+00
-2.046862602233886719e+00,9.475418329238891602e-01,7.129867076873779297e-01,6.611484289169311523e-02,2.256447553634643555e+00,1.230622753500938416e-01,1.607146620750427246e+00,-6.765676140785217285e-01,9.603726863861083984e-01,-5.052855610847473145e-02,-3.061693310737609863e-01,4.813226759433746338e-01,8.007928133010864258e-01,-1.400488853454589844e+00,-7.491326332092285156e-01,-1.343597173690795898e-01,-5.303615331649780273e-01,1.736291199922561646e-01,1.081895589828491211e+00,-6.317628026008605957e-01,2.525462150573730469e+00,1.088944792747497559e+00,-7.204717397689819336e-02,-7.077977657318115234e-01,-5.593361258506774902e-01,1.747433185577392578e+00,8.536856770515441895e-01,-2.775492519140243530e-02,5.063449963927268982e-02,-1.394031792879104614e-01,-1.739988327026367188e+00,-1.574859321117401123e-01,1.050822973251342773e+00,-1.209786891937255859e+00,1.442401409149169922e+00,-7.445825338363647461e-01,-6.125945597887039185e-02,9.063429236412048340e-01,5.735478401184082031e-01,6.762890815734863281e-01,9.043399244546890259e-02,-1.068179249763488770e+00,1.557389616966247559e+00,-8.951408863067626953e-01,5.649705529212951660e-01,6.969926953315734863e-01,6.407034397125244141e-02,1.019673824310302734e+00,2.246229946613311768e-01,6.592620015144348145e-01,-1.222251057624816895e+00,-1.172234416007995605e-01,1.490489244461059570e-01,-1.698929518461227417e-01,-8.753476738929748535e-01,-1.242817282676696777e+00,-1.004774197936058044e-01,3.617689609527587891e-01,-9.306365847587585449e-01,1.439419388771057129e+00,3.213928043842315674e-01,-1.865995883941650391e+00,1.317347586154937744e-01,-1.108470559120178223e+00,-2.468531847000122070e+00,-9.288308620452880859e-01,-3.591341018676757812e+00,2.921203970909118652e-01,-3.126112818717956543e-01,-1.783159524202346802e-01,1.581721663475036621e+00,2.743375897407531738e-01,6.612277030944824219e-01,-2.448761940002441406e+00,1.089253090322017670e-02,8.827349543571472168e-02,2.480710029602050781e+00,6.841890811920166016e-01,-5.749776586890220642e-02,-7.330395579338073730e-01,-4.429547190666198730e-01,-1.750881195068359375e+00,1.081498622894287109e+00,1.188008666038513184e+00,-9.162302315235137939e-02,-2.102256417274475098e-01,9.769637584686279297e-01,-1.588576674461364746e+00,-6.454340219497680664e-01,9.000511169433593750e-01,1.912626177072525024e-01,7.552677392959594727e-01,-5.819452404975891113e-01,-4.006474018096923828e-01,1.362859010696411133e+00,2.835923731327056885e-01,-1.553897142410278320e+00,4.297720789909362793e-01,-1.639257311820983887e+00,-2.582045793533325195e+00
4.989463835954666138e-02,-1.959242485463619232e-02,-3.000849485397338867e-01,1.422887563705444336e+00,1.311397433280944824e+00,7.328891158103942871e-01,7.374950647354125977e-01,-1.003319621086120605e+00,-1.224250316619873047e+00,6.890500187873840332e-01,-1.556352257728576660e+00,-4.513086378574371338e-01,-2.375246047973632812e+00,-4.598649740219116211e-01,9.979863651096820831e-03,-4.161765277385711670e-01,-1.334171652793884277e+00,-8.093598298728466034e-03,1.654648423194885254e+00,-9.942345023155212402e-01,-5.826645717024803162e-02,-9.621918201446533203e-01,2.603865563869476318e-01,3.811068236827850342e-01,3.520379662513732910e-01,-1.189920753240585327e-01,7.555497884750366211e-01,2.494655996561050415e-01,7.674234509468078613e-01,-8.668842911720275879e-01,-7.234168648719787598e-01,2.799657583236694336e-01,-6.679978221654891968e-02,-1.126392558217048645e-01,1.592307351529598236e-02,-4.063293933868408203e-01,-1.794688105583190918e+00,2.107783079147338867e+00,-6.787366867065429688e-01,-5.596605539321899414e-01,1.588015913963317871e+00,-7.398551702499389648e-01,5.462827086448669434e-01,-3.985199034214019775e-01,4.169805347919464111e-01,-3.624300360679626465e-01,1.106869339942932129e+00,-7.003585100173950195e-01,-4.197326898574829102e-01,-5.562385916709899902e-02,1.364148497581481934e+00,1.818696856498718262e+00,-2.816435992717742920e-01,2.405634373426437378e-01,6.782462000846862793e-01,3.024450242519378662e-01,2.425750941038131714e-01,-5.545127205550670624e-03,1.003833636641502380e-01,1.175704479217529297e+00,-1.350696235895156860e-01,2.225453406572341919e-01,1.638153553009033203e+00,-2.189173698425292969e+00,3.309445083141326904e-01,-3.458392620086669922e-01,-9.457004666328430176e-01,9.199137240648269653e-02,-1.830424740910530090e-02,-9.122806787490844727e-01,-1.955621719360351562e+00,-1.580728143453598022e-01,-3.234323263168334961e-01,-3.001793920993804932e-01,-1.285066723823547363e+00,5.879113078117370605e-01,8.464549779891967773e-01,9.867748022079467773e-01,7.111855149269104004e-01,8.758492469787597656e-01,-1.887805201113224030e-02,1.273531079292297363e+00,-8.387058973312377930e-02,2.745952308177947998e-01,-9.949383735656738281e-01,-9.895175695419311523e-02,-7.567008137702941895e-01,-7.299523055553436279e-02,1.191243767738342285e+00,4.472594559192657471e-01,-9.758478999137878418e-01,-1.279247403144836426e+00,1.923352837562561035e+00,1.738987088203430176e+00,7.215883135795593262e-01,3.977785408496856689e-01,5.548139214515686035e-01,6.687952876091003418e-01,5.130720138549804688e-01,-9.378059506416320801e-01
-6.735144257545471191e-01,2.510972499847412109e+00,-7.277233600616455078e-01,-2.426134645938873291e-01,-4.425494074821472168e-01,-7.017787098884582520e-01,-3.612776696681976318e-01,1.047772526741027832e+00,8.920692205429077148e-01,1.294059753417968750e-01,3.979107439517974854e-01,-9.173461198806762695e-01,6.346840262413024902e-01,-2.086240530014038086e+00,-1.010867238044738770e+00,5.415157675743103027e-01,-1.478155612945556641e+00,-8.708803057670593262e-01,-1.675627112388610840e+00,8.438825607299804688e-02,-9.244171977043151855e-01,4.487693011760711670e-01,1.913132667541503906e+00,-6.977211236953735352e-01,-8.003153204917907715e-01,-7.060416936874389648e-01,9.388890862464904785e-02,-5.129929631948471069e-02,2.168048143386840820e+00,-4.644487798213958740e-01,-8.292763233184814453e-01,1.001254990696907043e-01,9.720394611358642578e-01,3.697246909141540527e-01,5.380507558584213257e-02,9.611265659332275391e-01,-8.570080995559692383e-02,-5.446923971176147461e-01,-1.001705646514892578e+00,-5.872175693511962891e-01,-1.408606320619583130e-01,7.925087809562683105e-01,-1.572362303733825684e+00,-3.805364966392517090e-01,3.946069180965423584e-01,-1.557739377021789551e+00,-1.614037632942199707e+00,5.621869564056396484e-01,-7.830147147178649902e-01,-1.499252676963806152e+00,-3.250124752521514893e-01,7.672116160392761230e-02,-6.075869798660278320e-01,6.516528129577636719e-01,-5.658661946654319763e-02,2.399791032075881958e-01,-1.135882496833801270e+00,5.541701987385749817e-02,9.428071379661560059e-01,-1.958590149879455566e+00,1.935089379549026489e-01,-9.950016140937805176e-01,-8.249834179878234863e-01,-1.792986869812011719e+00,1.109568357467651367e+00,1.080150961875915527e+00,5.634188055992126465e-01,1.394102096557617188e+00,6.795902252197265625e-01,-1.313241481781005859e+00,2.365009784698486328e-01,1.503616929054260254e+00,1.487263012677431107e-02,-1.489429712295532227e+00,-1.988827437162399292e-01,2.006045430898666382e-01,-1.101418495178222656e+00,2.100931167602539062e+00,2.979904413223266602e-02,-1.669549345970153809e-01,1.904670000076293945e+00,-1.077960431575775146e-02,-6.145479679107666016e-01,6.337140798568725586e-01,-1.234661221504211426e+00,-1.987489581108093262e+00,4.420615732669830322e-01,1.007088050246238708e-01,1.189965128898620605e+00,-1.192061305046081543e+00,6.361032724380493164e-01,1.060762405395507812e+00,7.332690358161926270e-01,5.902903676033020020e-01,1.081424951553344727e+00,8.460839390754699707e-01,-2.939199209213256836e-01,8.370087146759033203e-01,2.838428691029548645e-02,-2.341562271118164062e+00
-4.436588883399963379e-01,1.850604414939880371e+00,-4.485622644424438477e-01,-1.487816929817199707e+00,6.256281137466430664e-01,4.176281392574310303e-01,2.544457912445068359e-01,-5.543809533119201660e-01,-7.052370309829711914e-01,-1.369786024093627930e+00,-1.317322254180908203e+00,5.375562906265258789e-01,-5.956420898437500000e-01,-1.016997575759887695e+00,1.791293621063232422e-01,3.020545005798339844e+00,-8.644826412200927734e-01,-2.788297086954116821e-02,-1.748777776956558228e-01,-1.175363659858703613e-01,-2.692798972129821777e-01,-7.352207303047180176e-01,8.671696186065673828e-01,-7.571618556976318359e-01,-3.370344340801239014e-01,3.824326992034912109e-01,6.726266443729400635e-02,-4.556299746036529541e-01,1.038836359977722168e+00,1.375059247016906738e+00,-2.272375345230102539e+00,2.919691205024719238e-01,5.268892645835876465e-01,-1.136331439018249512e+00,2.511200010776519775e-01,-7.823606133460998535e-01,4.597757458686828613e-01,-6.744323968887329102e-01,1.237371638417243958e-01,3.853496015071868896e-01,-3.058730065822601318e-01,1.361989974975585938e-01,3.920137584209442139e-01,-6.461820602416992188e-01,-4.344916641712188721e-01,-3.379755318164825439e-01,-5.511411428451538086e-01,5.364081263542175293e-01,-9.213082194328308105e-01,1.398119211196899414e+00,9.487875103950500488e-01,3.320536017417907715e-01,8.612131476402282715e-01,7.232433557510375977e-01,2.027252435684204102e+00,-1.538441419601440430e+00,4.908770322799682617e-01,-6.009112000465393066e-01,1.332637310028076172e+00,6.361474990844726562e-01,-1.478729724884033203e+00,1.786982715129852295e-01,2.989673614501953125e-01,-9.349676966667175293e-01,-7.809479534626007080e-02,-4.331524372100830078e-01,5.789945721626281738e-01,-1.896542549133300781e+00,-4.814248904585838318e-02,-3.737525045871734619e-01,1.317279338836669922e-01,-1.200891613960266113e+00,-1.436875820159912109e+00,1.267997980117797852e+00,-7.791002392768859863e-01,4.922021627426147461e-01,3.582662642002105713e-01,4.642381668090820312e-01,-7.074618339538574219e-01,-2.901330292224884033e-01,8.325699567794799805e-01,-5.227020382881164551e-01,-1.409130454063415527e+00,1.243793129920959473e+00,-8.655963540077209473e-01,1.527484208345413208e-01,-5.070685148239135742e-01,1.163815975189208984e+00,-4.632049798965454102e-02,1.597277879714965820e+00,-1.487369179725646973e+00,7.922326326370239258e-01,-2.787844181060791016e+00,1.343055248260498047e+00,-2.198111712932586670e-01,-1.592752337455749512e+00,1.583296775817871094e+00,-5.577017068862915039e-01,-2.152800321578979492e+00,1.293266773223876953e+00
-3.872526884078979492e-01,-1.676008291542530060e-02,8.710055351257324219e-01,-1.148233532905578613e+00,-1.951382011175155640e-01,1.409304976463317871e+00,1.353261590003967285e+00,-6.547542810440063477e-01,1.908065557479858398e+00,-7.031932473182678223e-01,8.202270865440368652e-01,2.867482185363769531e+00,-1.347783058881759644e-01,1.497471809387207031e+00,-3.919628262519836426e-01,1.141082286834716797e+00,5.908011794090270996e-01,-8.252274990081787109e-01,-3.442347049713134766e-01,3.588204085826873779e-01,5.048136711120605469e-01,-1.767718791961669922e+00,5.359467864036560059e-01,-2.233866453170776367e+00,-9.594756960868835449e-01,-5.081799030303955078e-01,-6.608572006225585938e-01,6.214737892150878906e-01,4.345116019248962402e-01,9.149490296840667725e-02,-9.048602581024169922e-01,-6.974683701992034912e-02,9.692141413688659668e-02,-7.486614584922790527e-01,2.868253290653228760e-01,1.095240831375122070e+00,5.313910245895385742e-01,-6.969286799430847168e-01,-6.465452313423156738e-01,-9.993404150009155273e-01,2.139722257852554321e-01,1.640620112419128418e+00,-4.679391905665397644e-02,1.708155423402786255e-01,3.832526504993438721e-02,-3.947170674800872803e-01,4.300269186496734619e-01,-2.248767167329788208e-01,5.252943634986877441e-01,-8.662769198417663574e-02,4.586535692214965820e-01,-1.711146473884582520e+00,-6.417265534400939941e-01,1.569256037473678589e-01,6.835303306579589844e-01,5.493149757385253906e-01,8.456664085388183594e-01,-1.812712311744689941e+00,3.386097252368927002e-01,-3.649863898754119873e-01,1.116295099258422852e+00,9.189049005508422852e-01,1.932535290718078613e+00,-8.915609717369079590e-01,-2.020477533340454102e+00,-7.972493171691894531e-01,-4.509927332401275635e-02,1.401582121849060059e+00,8.981087058782577515e-02,6.257535815238952637e-01,-2.781174778938293457e-01,1.563137322664260864e-01,-1.014592885971069336e+00,-7.722452282905578613e-01,1.544010162353515625e+00,8.249664902687072754e-01,-1.230940222740173340e+00,8.589286804199218750e-01,8.615801930427551270e-01,4.993087947368621826e-01,-3.877558112144470215e-01,-5.704988837242126465e-01,-5.118591785430908203e-01,-3.987284600734710693e-01,6.260496377944946289e-01,6.831924319267272949e-01,-4.342678189277648926e-01,-8.991381525993347168e-01,-5.187336802482604980e-01,-6.926063299179077148e-01,4.917082786560058594e-01,1.041789174079895020e+00,5.209840834140777588e-02,1.915353655815124512e+00,6.492319107055664062e-01,-4.827260971069335938e-01,3.750435709953308105e-01,5.540546178817749023e-01,1.767720580101013184e+00,-2.036223858594894409e-01
9.586540609598159790e-02,-5.827944278717041016e-01,-3.071646690368652344e-01,-5.053154826164245605e-01,1.639103770256042480e+00,-1.391475915908813477e+00,-2.743393480777740479e-01,1.275609850883483887e+00,1.852201223373413086e-01,-3.468648493289947510e-01,6.212918758392333984e-01,4.480251371860504150e-01,5.451119542121887207e-01,5.965595841407775879e-01,-6.283580064773559570e-01,-4.927386641502380371e-01,-1.036469697952270508e+00,2.377232313156127930e-01,-6.325774788856506348e-01,-1.888779282569885254e+00,2.085935883224010468e-02,-5.827077627182006836e-01,-1.025666117668151855e+00,-8.392973542213439941e-01,-2.088536024093627930e+00,-1.323628664016723633e+00,-4.633625745773315430e-01,-6.689661741256713867e-01,1.514158129692077637e+00,4.239621162414550781e-01,1.164998412132263184e+00,-1.135321855545043945e+00,-4.760418832302093506e-01,-1.141824275255203247e-01,-2.012251466512680054e-01,1.088150501251220703e+00,-7.611522078514099121e-01,-5.161287784576416016e-01,1.049624323844909668e+00,2.425187379121780396e-01,4.390769898891448975e-01,-1.251306086778640747e-01,2.127814292907714844e-01,-2.826168239116668701e-01,9.984806180000305176e-01,-1.792557090520858765e-01,-7.793165445327758789e-01,1.118296861648559570e+00,1.037068605422973633e+00,-3.941213488578796387e-01,5.257818698883056641e-01,1.269591152667999268e-01,6.072900295257568359e-01,1.652585566043853760e-01,-3.007263876497745514e-02,7.381956577301025391e-01,4.203228354454040527e-01,-5.674518942832946777e-01,6.777494400739669800e-02,-1.433483719825744629e+00,-1.118044331669807434e-01,7.583338618278503418e-01,4.604310728609561920e-03,-8.641881346702575684e-01,-4.743042290210723877e-01,2.332692444324493408e-01,-2.097169876098632812e+00,5.774610117077827454e-02,1.606945872306823730e+00,-1.823880910873413086e+00,-3.108462095260620117e-01,4.057148694992065430e-01,-7.146306633949279785e-01,-9.393910765647888184e-01,-1.418502181768417358e-01,-3.504430651664733887e-01,-9.598490595817565918e-01,1.315877884626388550e-01,1.760951042175292969e+00,1.603327393531799316e+00,-3.544304072856903076e-01,-3.640406131744384766e-01,1.835840493440628052e-01,-8.777651190757751465e-01,-1.130087614059448242e+00,1.509944677352905273e+00,-2.102304697036743164e+00,9.217053055763244629e-01,2.583863735198974609e+00,-3.338192105293273926e-01,1.188931941986083984e+00,-2.723885141313076019e-02,4.215789139270782471e-01,6.952659785747528076e-02,6.268199086189270020e-01,-1.512155890464782715e+00,9.929879009723663330e-02,1.353275895118713379e+00,-3.710561431944370270e-03,1.041343450546264648e+00
7.378547787666320801e-01,-6.351680755615234375e-01,5.451262593269348145e-01,-1.226591944694519043e+00,-1.469500184059143066e+00,5.922128558158874512e-01,-1.413174629211425781e+00,-3.110361993312835693e-01,-4.793205261230468750e-01,1.925685405731201172e+00,2.330442428588867188e+00,-1.125366687774658203e+00,-3.800591528415679932e-01,-3.152847766876220703e+00,-1.909052282571792603e-01,-7.630793452262878418e-01,-1.393305361270904541e-01,5.131860971450805664e-01,2.427806854248046875e-01,2.312055110931396484e+00,-3.533523082733154297e+00,2.355757653713226318e-01,1.932770907878875732e-01,-9.905350208282470703e-01,-2.067281246185302734e+00,-1.110308289527893066e+00,9.753800034523010254e-01,-5.582102537155151367e-01,-1.088199913501739502e-01,-1.574202656745910645e+00,2.068707942962646484e-01,2.541930913925170898e+00,2.536754012107849121e-01,5.342772603034973145e-01,8.543324470520019531e-01,3.742635548114776611e-01,9.020770788192749023e-01,5.546912178397178650e-02,-6.637496948242187500e-01,3.776949942111968994e-01,9.277120828628540039e-01,5.621846914291381836e-01,1.637441515922546387e+00,4.652458429336547852e-01,1.196827590465545654e-01,-1.260842233896255493e-01,-3.844882547855377197e-01,-5.258499085903167725e-02,-1.570450305938720703e+00,-4.566642343997955322e-01,-7.938676476478576660e-01,-6.812907010316848755e-02,-7.381892949342727661e-02,1.765525221824645996e+00,1.287156701087951660e+00,1.400597244501113892e-01,-2.229467153549194336e+00,-6.985799670219421387e-01,-1.102775573730468750e+00,1.346627473831176758e+00,5.455958247184753418e-01,6.069722771644592285e-01,4.993494451045989990e-01,6.162722110748291016e-01,1.358223676681518555e+00,2.634074985980987549e-01,2.622029781341552734e-01,-1.253442883491516113e+00,-8.504201769828796387e-01,1.373211979866027832e+00,-1.586945414543151855e+00,-9.458883404731750488e-01,8.651086688041687012e-02,-1.043399453163146973e+00,-2.517691850662231445e-01,-3.066312670707702637e-01,-2.924512028694152832e-01,-2.348714351654052734e+00,-4.262151718139648438e-01,4.485333263874053955e-01,9.630855917930603027e-01,1.584411859512329102e-01,3.781700730323791504e-01,-1.140776872634887695e+00,-2.701764181256294250e-02,-6.773594617843627930e-01,-6.129134893417358398e-01,4.333459734916687012e-01,-7.535489797592163086e-01,-1.178128838539123535e+00,-1.800174713134765625e+00,-1.741167008876800537e-01,-7.278057932853698730e-01,-6.680665016174316406e-01,5.477159023284912109e-01,6.846174001693725586e-01,-4.467823207378387451e-01,-9.340290427207946777e-01,3.449933826923370361e-01,-7.244330644607543945e-01
-1.990026086568832397e-01,5.714364051818847656e-01,-6.366435289382934570e-01,-1.276688814163208008e+00,5.787744522094726562e-01,-9.831455349922180176e-01,-5.101591348648071289e-01,-7.302020788192749023e-01,-1.659673601388931274e-01,1.501137949526309967e-02,7.825568318367004395e-01,1.105732470750808716e-01,2.377270311117172241e-01,1.882381588220596313e-01,-1.490246176719665527e+00,-9.860587716102600098e-01,-5.602591633796691895e-01,2.548852443695068359e+00,7.599446773529052734e-01,-2.633928135037422180e-02,-5.893390178680419922e-01,-2.375648021697998047e-01,1.062997102737426758e+00,-8.906104564666748047e-01,-4.833989143371582031e-01,-2.537994682788848877e-01,-6.169160604476928711e-01,5.030550956726074219e-01,1.751426793634891510e-02,-1.465129613876342773e+00,-7.323360443115234375e-02,1.307422995567321777e+00,-1.270694613456726074e+00,-1.180586144328117371e-01,-5.864069461822509766e-01,1.327636361122131348e+00,1.398970007896423340e+00,5.773467570543289185e-02,1.186924427747726440e-01,-1.493052959442138672e+00,1.202833652496337891e+00,-1.445213317871093750e+00,6.424085497856140137e-01,4.504821598529815674e-01,7.790410518646240234e-01,9.310426190495491028e-03,3.028879463672637939e-01,1.354901194572448730e+00,-6.023920774459838867e-01,2.158329486846923828e-01,1.098749995231628418e+00,-1.806857824325561523e+00,6.887434720993041992e-01,-2.894169390201568604e-01,3.924351930618286133e-02,-1.525841474533081055e+00,3.628138005733489990e-01,1.338187456130981445e+00,-6.529980897903442383e-01,-1.258796811103820801e+00,-5.324292182922363281e-01,1.026159763336181641e+00,-2.004308223724365234e+00,1.976132690906524658e-01,1.344041705131530762e+00,7.753712534904479980e-01,2.022450447082519531e+00,-2.891470193862915039e-01,-2.125477045774459839e-01,-2.097443103790283203e+00,5.911030173301696777e-01,-2.551123797893524170e-01,6.043606400489807129e-01,5.717029571533203125e-01,-2.223606258630752563e-01,-2.111968278884887695e+00,-2.414360761642456055e+00,-1.856073141098022461e-01,-1.687266975641250610e-01,2.124618291854858398e+00,1.505044698715209961e+00,-1.894936800003051758e+00,-3.890570104122161865e-01,6.539178490638732910e-01,1.076865434646606445e+00,7.103750705718994141e-01,-8.432450294494628906e-01,1.122904896736145020e+00,-7.139502763748168945e-01,2.037672102451324463e-01,1.725404560565948486e-01,-8.109094500541687012e-01,-8.372601866722106934e-01,-5.787702798843383789e-01,-7.665756940841674805e-01,1.058287382125854492e+00,8.036369681358337402e-01,-1.451809644699096680e+00,9.362813830375671387e-02,1.013050436973571777e+00
1.014451384544372559e+00,-4.705065786838531494e-01,2.457917690277099609e+00,-3.251218497753143311e-01,7.482336163520812988e-01,5.497101694345474243e-02,-2.860856950283050537e-01,-2.178908109664916992e+00,-2.237558364868164062e+00,-8.069838285446166992e-01,-5.766779780387878418e-01,7.786837816238403320e-01,-1.765417456626892090e+00,5.217242836952209473e-01,2.657684087753295898e-01,1.881433010101318359e+00,-8.803352117538452148e-01,8.121803402900695801e-01,8.102331757545471191e-01,-3.229262232780456543e-01,-2.661262750625610352e-01,1.037658333778381348e+00,1.511757731437683105e+00,4.988433420658111572e-01,-1.209360882639884949e-01,1.581544280052185059e+00,-6.829106062650680542e-02,2.840214371681213379e-01,-1.835917830467224121e-01,1.663249433040618896e-01,7.218503952026367188e-02,-1.486028790473937988e+00,9.323630928993225098e-01,5.878473520278930664e-01,-1.737811326980590820e+00,-6.036592125892639160e-01,1.628409922122955322e-01,7.343515157699584961e-01,1.524390816688537598e+00,1.181181311607360840e+00,8.492233753204345703e-01,-8.312711119651794434e-01,-1.635714024305343628e-01,-2.091520071029663086e+00,-7.756438851356506348e-01,1.063183426856994629e+00,8.865840435028076172e-01,-3.447935879230499268e-01,1.329617142677307129e+00,1.394269824028015137e+00,-5.390534996986389160e-01,3.288056552410125732e-01,-9.801176190376281738e-01,-1.533709019422531128e-01,-6.276542786508798599e-03,8.725857734680175781e-01,9.251765608787536621e-01,1.150743067264556885e-01,6.677424311637878418e-01,9.807298183441162109e-01,1.497256517410278320e+00,-1.393364548683166504e+00,7.983112335205078125e-01,3.663437366485595703e-01,-1.420871734619140625e+00,7.864962220191955566e-01,4.668930768966674805e-01,-2.945093393325805664e+00,-7.607529312372207642e-02,6.929717659950256348e-01,1.212302088737487793e+00,-3.548118174076080322e-01,-9.619266539812088013e-02,5.157373547554016113e-01,1.014325976371765137e+00,3.391064405441284180e-01,4.259210824966430664e-02,7.222260534763336182e-02,-8.477067947387695312e-01,1.481435894966125488e+00,-1.374092221260070801e+00,6.946523785591125488e-01,-7.180930972099304199e-01,-1.098986506462097168e+00,9.302139282226562500e-01,5.719860643148422241e-02,1.065376028418540955e-01,-4.072002470493316650e-01,2.390562772750854492e+00,1.650134086608886719e+00,-4.217529594898223877e-01,2.821611166000366211e+00,1.286793231964111328e+00,1.685571789741516113e+00,-1.315810203552246094e+00,-1.302926093339920044e-01,-2.995843067765235901e-02,1.143851161003112793e+00,-4.093564748764038086e-01,6.643024682998657227e-01
-1.450758427381515503e-01,1.485276579856872559e+00,-4.747947752475738525e-01,-1.063154816627502441e+00,-4.487137198448181152e-01,4.550560116767883301e-01,-8.392625302076339722e-02,1.168116688728332520e+00,8.536558747291564941e-01,1.723545908927917480e+00,-1.730769276618957520e-01,-3.330003023147583008e-01,-2.266921997070312500e+00,3.353988826274871826e-01,7.877048850059509277e-02,8.236708045005798340e-01,-1.321229934692382812e+00,-8.408125638961791992e-01,2.891133308410644531e+00,4.730461239814758301e-01,-4.244273900985717773e-01,1.951864659786224365e-01,-1.039251446723937988e+00,1.097253561019897461e+00,5.157898664474487305e-01,-8.111458420753479004e-01,-1.019656062126159668e+00,7.640656232833862305e-01,-5.966858863830566406e-01,-2.203431576490402222e-01,-1.699918210506439209e-01,3.303495049476623535e-01,-6.781160831451416016e-01,-1.387027621269226074e+00,-6.779959201812744141e-01,1.591739416122436523e+00,-5.488669276237487793e-01,-4.971884489059448242e-01,-1.254578709602355957e+00,9.379951357841491699e-01,4.513888359069824219e-01,4.090053737163543701e-01,-1.003306984901428223e+00,4.578400552272796631e-01,-6.046176552772521973e-01,1.850943565368652344e-01,-4.438108801841735840e-01,5.399588942527770996e-01,-1.107251763343811035e+00,-1.364520668983459473e+00,-1.211466312408447266e+00,1.031012311577796936e-01,-1.072213649749755859e+00,-4.238579571247100830e-01,8.952570706605911255e-02,-2.430210858583450317e-01,7.259013056755065918e-01,-2.368570417165756226e-01,1.729493141174316406e+00,-6.368721723556518555e-01,9.734155535697937012e-01,1.062224388122558594e+00,-5.847308635711669922e-01,-6.183609962463378906e-01,8.845288157463073730e-01,-5.269860029220581055e-01,-3.744566142559051514e-01,4.439776539802551270e-01,-3.349609375000000000e-01,8.818508386611938477e-01,6.297973990440368652e-01,1.103691697120666504e+00,2.337227165699005127e-01,-8.771178722381591797e-01,1.051747083663940430e+00,-9.615657329559326172e-01,1.632318854331970215e+00,1.475298702716827393e-01,7.143906503915786743e-02,-7.049099355936050415e-02,-1.518950581550598145e+00,-2.919155955314636230e-01,-1.592578887939453125e+00,6.759407520294189453e-01,2.872300744056701660e-01,-3.314595520496368408e-01,-1.688213586807250977e+00,1.108051061630249023e+00,1.444615960121154785e+00,-2.396591901779174805e+00,1.485257893800735474e-01,-3.762976229190826416e-01,4.740194678306579590e-01,-1.220594763755798340e+00,-1.355745911598205566e+00,4.863541424274444580e-01,2.971497476100921631e-01,-2.199183404445648193e-01,5.081024169921875000e-01,1.116815686225891113e+00
-1.140263199806213379e+00,1.479609161615371704e-01,1.180099964141845703e+00,-1.424647808074951172e+00,-3.229939043521881104e-01,-1.236834645271301270e+00,3.093848749995231628e-02,-1.249115228652954102e+00,7.522318959236145020e-01,6.326202154159545898e-01,1.527160525321960449e+00,-1.344098329544067383e+00,2.333585023880004883e-01,1.496267080307006836e+00,9.793173670768737793e-01,-1.144127607345581055e+00,7.248841524124145508e-01,1.016852378845214844e+00,-4.443137943744659424e-01,-1.717251181602478027e+00,-6.433385014533996582e-01,-7.870534062385559082e-01,-5.703713893890380859e-01,-7.001417130231857300e-02,2.564042210578918457e-01,-5.749723911285400391e-01,-1.796671450138092041e-01,5.748096704483032227e-01,7.567973136901855469e-01,-2.093284130096435547e-01,-7.215954661369323730e-01,-6.563590168952941895e-01,1.801905035972595215e-01,-1.382941380143165588e-02,-5.400707721710205078e-01,-7.107295393943786621e-01,-3.328364789485931396e-01,8.742628693580627441e-01,-8.261244893074035645e-01,-1.056841254234313965e+00,8.471547961235046387e-01,-2.944326400756835938e-01,1.181511878967285156e+00,-9.710064530372619629e-02,2.068194627761840820e+00,-1.202214956283569336e+00,-1.073933959007263184e+00,1.493329167366027832e+00,-3.219874799251556396e-01,1.067869812250137329e-01,-7.146268486976623535e-01,-1.023891925811767578e+00,-3.641929328441619873e-01,7.063438743352890015e-02,-1.320840358734130859e+00,3.348986804485321045e-01,-1.315594017505645752e-01,-9.437430500984191895e-01,-8.258941173553466797e-01,-2.146248340606689453e+00,-1.734762191772460938e+00,-8.674839735031127930e-01,9.636935591697692871e-01,-3.870401978492736816e-01,-1.379992604255676270e+00,7.903469204902648926e-01,-4.799021482467651367e-01,6.809455156326293945e-02,-1.817727923393249512e+00,6.977530121803283691e-01,2.695895433425903320e-01,1.301880646497011185e-02,2.237416505813598633e+00,-9.863613843917846680e-01,1.906115375459194183e-02,6.892733275890350342e-03,-3.872894346714019775e-01,1.172593012452125549e-01,-1.428415765985846519e-03,-3.783896267414093018e-01,-4.616185426712036133e-01,2.663752436637878418e-01,-1.069057822227478027e+00,3.732016086578369141e-01,1.993981122970581055e+00,-1.347341179847717285e+00,1.811472654342651367e+00,-2.069765329360961914e+00,-5.268356800079345703e-01,-2.217803001403808594e+00,7.809906601905822754e-01,-2.962203882634639740e-02,-3.550625741481781006e-01,-3.883799910545349121e-01,-1.471170425415039062e+00,6.092951893806457520e-01,-9.212818145751953125e-01,-1.352941542863845825e-01,3.293091356754302979e-01,-1.142553329467773438e+00
1.393453776836395264e-01,-5.109826922416687012e-01,1.267353057861328125e+00,-4.405394196510314941e-01,-5.393822789192199707e-01,-8.609491586685180664e-01,-6.239740252494812012e-01,2.346756696701049805e+00,-2.907347381114959717e-01,-1.326980471611022949e+00,-2.706383466720581055e+00,2.992475032806396484e-01,7.378844022750854492e-01,-9.189640283584594727e-01,5.976309180259704590e-01,1.401929140090942383e+00,-1.109357833862304688e+00,2.285909503698348999e-01,-8.534974455833435059e-01,-1.043689250946044922e+00,-9.838579297065734863e-01,8.223578929901123047e-01,1.507383823394775391e+00,-8.854817748069763184e-01,-6.227872371673583984e-01,-9.761055558919906616e-02,-1.498135924339294434e+00,-6.911988258361816406e-01,-8.084260821342468262e-01,-6.500168442726135254e-01,-2.755344808101654053e-01,6.525800228118896484e-01,-1.329700469970703125e+00,5.603314042091369629e-01,-1.672610938549041748e-01,1.023038744926452637e+00,-8.994024991989135742e-01,2.372437238693237305e+00,-6.726210564374923706e-02,-2.150587737560272217e-01,-5.661743283271789551e-01,5.140695571899414062e-01,-2.282437533140182495e-01,1.619740366935729980e+00,1.932649165391921997e-01,-2.124082893133163452e-01,6.052592992782592773e-01,-6.439265608787536621e-01,-2.641128778457641602e+00,-1.005115866661071777e+00,-5.782880783081054688e-01,1.732803322374820709e-02,-1.875251293182373047e+00,-1.233744844794273376e-01,2.136463671922683716e-01,2.558935582637786865e-01,8.039707541465759277e-01,-2.507807612419128418e-01,6.928569674491882324e-01,1.421303451061248779e-01,8.016306757926940918e-01,-1.072107791900634766e+00,7.063066959381103516e-01,3.249156475067138672e-01,2.168993711471557617e+00,1.751592755317687988e-01,-1.690786331892013550e-01,2.389063239097595215e-01,-3.559155464172363281e-01,1.977407693862915039e+00,-1.119523644447326660e-01,-1.815206050872802734e+00,1.693557262420654297e+00,7.703768014907836914e-01,2.675745487213134766e-01,2.112930536270141602e+00,-1.755940794944763184e+00,-7.419885993003845215e-01,-2.355669587850570679e-01,-7.449948787689208984e-01,4.738491773605346680e-01,1.635916829109191895e+00,1.604579687118530273e-01,-6.218117102980613708e-02,-8.166096806526184082e-01,1.664346009492874146e-01,-1.328266263008117676e+00,2.380321025848388672e-01,2.237165421247482300e-01,1.915007591247558594e+00,-3.707061707973480225e-01,-1.203968763351440430e+00,-1.190985918045043945e+00,-9.291245937347412109e-01,-1.951830685138702393e-01,7.270815372467041016e-01,-6.836628913879394531e-01,1.471359968185424805e+00,-6.280891299247741699e-01,5.192402005195617676e-01
-1.787906169891357422e+00,2.203257083892822266e-01,1.114213347434997559e+00,-3.637787997722625732e-01,-7.135481834411621094e-01,1.099230527877807617e+00,1.459040641784667969e-01,-5.444682240486145020e-01,-1.133644461631774902e+00,8.302537798881530762e-01,-1.392266392707824707e+00,-7.804319262504577637e-01,-9.493825435638427734e-01,-7.096280455589294434e-01,-3.680562600493431091e-02,3.418115973472595215e-01,2.960741519927978516e-01,1.428932070732116699e+00,3.881248235702514648e-01,-6.140946745872497559e-01,6.336933970451354980e-01,-1.516577959060668945e+00,-6.159083247184753418e-01,1.916703730821609497e-01,4.476324319839477539e-01,-3.023811280727386475e-01,5.293196439743041992e-01,-1.277852416038513184e+00,-3.454377949237823486e-01,-1.688090085983276367e+00,1.431088805198669434e+00,-3.729119300842285156e-01,-4.953726530075073242e-01,1.018280386924743652e+00,2.008449554443359375e+00,1.181498289108276367e+00,-1.951743245124816895e+00,-6.267365217208862305e-01,1.294932961463928223e+00,-1.398155212402343750e+00,7.779244780540466309e-01,1.257252335548400879e+00,1.569022059440612793e+00,5.085040330886840820e-01,1.210815906524658203e+00,4.610574245452880859e-01,1.026484012603759766e+00,-4.020298719406127930e-01,-7.856371998786926270e-01,4.054559022188186646e-02,1.296850800514221191e+00,-2.296752452850341797e+00,2.987786941230297089e-02,1.041326999664306641e+00,-4.159556329250335693e-01,5.509235858917236328e-01,4.043525457382202148e-01,8.230102062225341797e-01,-1.833858728408813477e+00,1.700949072837829590e+00,1.094375550746917725e-01,5.782679915428161621e-01,5.192364454269409180e-01,1.918113231658935547e-01,-2.333225727081298828e+00,-8.770279884338378906e-01,-3.214718103408813477e-01,-5.191465616226196289e-01,-1.138673186302185059e+00,-3.330932185053825378e-02,1.692117810249328613e+00,-5.758602619171142578e-01,-5.732696056365966797e-01,-9.088757447898387909e-03,-1.543622910976409912e-01,-1.860393166542053223e+00,-1.359845280647277832e+00,-9.596420824527740479e-02,-8.131537437438964844e-01,-5.932252407073974609e-01,9.991006255149841309e-01,7.874143719673156738e-01,1.875542998313903809e-01,3.762792944908142090e-01,-1.436539769172668457e+00,-4.517619609832763672e-01,5.576513409614562988e-01,2.782496452331542969e+00,-6.189817190170288086e-01,-1.201707482337951660e+00,-7.477915287017822266e-01,-3.719488680362701416e-01,-1.278819680213928223e+00,8.297688961029052734e-01,-3.414805889129638672e+00,-3.548591136932373047e-01,1.002436637878417969e+00,-5.064686536788940430e-01,1.890549659729003906e-01,2.555550336837768555e-01
-4.345460832118988037e-01,6.389715708792209625e-03,1.111804008483886719e+00,5.839271545410156250e-01,-5.095858573913574219e-01,-1.108101963996887207e+00,4.172608628869056702e-02,-7.754979282617568970e-02,-5.556764602661132812e-01,4.702334702014923096e-01,1.074596047401428223e+00,8.727940320968627930e-01,1.174358963966369629e+00,6.714404225349426270e-01,1.665484666824340820e+00,-8.989895135164260864e-02,-5.793966054916381836e-01,1.642516016960144043e+00,3.156859278678894043e-01,-1.875940918922424316e+00,-9.889838695526123047e-01,1.167322874069213867e+00,2.504419982433319092e-01,-4.107719957828521729e-01,4.765957593917846680e-02,1.401459336280822754e+00,-1.012354612350463867e+00,-7.059678435325622559e-01,-8.330276608467102051e-01,-1.489082217216491699e+00,-1.669253557920455933e-01,-1.268706619739532471e-01,5.948176980018615723e-01,8.293908834457397461e-01,2.044949531555175781e+00,2.474417537450790405e-01,8.330361247062683105e-01,-5.134333968162536621e-01,3.814206421375274658e-01,-3.745094537734985352e-01,6.670420169830322266e-01,-2.764922618865966797e+00,5.323845744132995605e-01,-6.225603818893432617e-01,2.099267721176147461e+00,-2.359136007726192474e-02,4.404123127460479736e-01,-1.677097201347351074e+00,4.347356557846069336e-01,-2.285672187805175781e+00,6.888717412948608398e-02,7.983294725418090820e-01,1.518842697143554688e+00,9.550696015357971191e-01,-7.688699364662170410e-01,-4.737280011177062988e-01,-1.072344899177551270e+00,-6.426777839660644531e-01,-5.220277905464172363e-01,1.761580109596252441e+00,-1.070433259010314941e+00,-5.742476582527160645e-01,-7.243575453758239746e-01,-6.615243554115295410e-01,-7.110470533370971680e-01,-2.812298536300659180e-01,-2.100181952118873596e-02,8.084453940391540527e-01,1.347612440586090088e-01,-1.739562630653381348e+00,1.326239109039306641e+00,5.116405487060546875e-01,7.106451392173767090e-01,-1.003961801528930664e+00,-1.070799469947814941e+00,-5.472621917724609375e-01,1.421662569046020508e-01,-5.504382774233818054e-03,3.173916041851043701e-02,5.141520500183105469e-01,-1.133993864059448242e+00,1.222734928131103516e+00,-1.018541455268859863e+00,5.926507711410522461e-01,3.200992196798324585e-02,1.265856921672821045e-01,-1.523620724678039551e+00,1.194421291351318359e+00,-4.137425422668457031e-01,6.765601038932800293e-02,1.624089956283569336e+00,1.020444512367248535e+00,-4.340218603610992432e-01,-1.362905263900756836e+00,-6.247419118881225586e-01,-1.306096076965332031e+00,2.703449130058288574e-01,-1.517031490802764893e-01,-6.347808241844177246e-01,1.364015579223632812e+00
-8.585882186889648438e-01,2.040799856185913086e+00,3.702119290828704834e-01,7.075840830802917480e-01,-9.241920709609985352e-01,2.122178077697753906e+00,-1.144031807780265808e-01,-9.910481572151184082e-01,1.567040443420410156e+00,8.770214915275573730e-01,-5.751132369041442871e-01,1.041042685508728027e+00,-3.613195419311523438e-01,9.273643493652343750e-01,7.291547656059265137e-01,-6.256782412528991699e-01,9.700614809989929199e-01,-3.743509054183959961e-01,-9.884649515151977539e-01,7.514593601226806641e-01,1.968807280063629150e-01,-1.324350357055664062e+00,-1.189257740974426270e+00,1.222777247428894043e+00,-2.482613325119018555e-01,1.003750205039978027e+00,1.042858362197875977e-01,-4.606676697731018066e-01,1.637755930423736572e-01,-1.712034940719604492e+00,-1.091040015220642090e+00,-7.518496513366699219e-01,-2.838870525360107422e+00,3.699792325496673584e-01,-1.833374857902526855e+00,-1.767208129167556763e-01,5.125697851181030273e-01,4.722476899623870850e-01,1.834469288587570190e-01,-1.217175126075744629e+00,-5.584148764610290527e-01,2.037015438079833984e+00,-7.120132446289062500e-01,-9.340343475341796875e-01,-5.115919709205627441e-01,1.056674003601074219e+00,-3.493338227272033691e-01,1.386394739151000977e+00,-7.191361188888549805e-01,-2.878009378910064697e-01,-7.419916391372680664e-01,3.980573415756225586e-01,-4.809323251247406006e-01,4.774270951747894287e-01,1.050344705581665039e+00,-1.429622888565063477e+00,-2.815903723239898682e-02,-3.784414052963256836e+00,5.935822129249572754e-01,-1.052600741386413574e+00,1.548561811447143555e+00,-7.598959207534790039e-01,2.246805191040039062e+00,1.545851230621337891e+00,1.143064141273498535e+00,-1.844396889209747314e-01,3.925726413726806641e-01,1.183306217193603516e+00,2.890724241733551025e-01,-1.118445992469787598e+00,1.050466656684875488e+00,4.840278625488281250e-01,-7.236022353172302246e-01,-1.029905319213867188e+00,-1.729042291641235352e+00,1.188698291778564453e+00,7.232632040977478027e-01,-1.117182374000549316e+00,-1.238521218299865723e+00,-1.172731667757034302e-01,2.446054965257644653e-01,9.922205209732055664e-01,7.875237613916397095e-03,2.845933437347412109e-01,-2.433220148086547852e+00,7.344880104064941406e-01,1.324852228164672852e+00,8.558068275451660156e-01,1.546052470803260803e-02,1.262746155261993408e-01,1.625047087669372559e+00,-1.244680643081665039e+00,-8.854914456605911255e-02,1.607546925544738770e+00,3.616076707839965820e-01,5.068492293357849121e-01,-1.517693042755126953e+00,-3.145860433578491211e-01,-4.800817966461181641e-01,-5.385886430740356445e-01
6.716187000274658203e-01,7.154707312583923340e-01,9.540207982063293457e-01,3.796603679656982422e-01,3.939699828624725342e-01,-2.569940805435180664e+00,4.399864673614501953e-01,-2.203964143991470337e-01,-6.403108239173889160e-01,-1.014584660530090332e+00,4.508996903896331787e-01,8.648419380187988281e-01,-8.758171796798706055e-01,1.220987439155578613e+00,-9.885341525077819824e-01,-1.358236551284790039e+00,-4.290744960308074951e-01,-1.059845328330993652e+00,3.384518623352050781e-01,-6.973138451576232910e-02,-5.375275015830993652e-01,-4.364732801914215088e-01,1.490438461303710938e+00,9.193657040596008301e-01,-7.332293391227722168e-01,9.983333200216293335e-02,-2.383831739425659180e-01,-1.303883552551269531e+00,-1.416916131973266602e+00,1.270199060440063477e+00,2.776338756084442139e-01,1.779367566108703613e+00,3.578009307384490967e-01,-2.928757965564727783e-01,-7.547299861907958984e-01,4.894697368144989014e-01,-4.479098320007324219e-02,1.517579406499862671e-01,3.622083067893981934e-01,-2.882889211177825928e-01,1.136974710971117020e-02,-4.087942540645599365e-01,1.129110813140869141e+00,-2.227743715047836304e-02,-6.025599241256713867e-01,6.671266555786132812e-01,-8.440366946160793304e-03,1.218314766883850098e+00,-6.289322376251220703e-01,-1.168997526168823242e+00,-1.535611629486083984e+00,1.244050860404968262e+00,1.097980499267578125e+00,1.085051417350769043e+00,8.336403965950012207e-01,-6.064857244491577148e-01,1.600820660591125488e+00,-6.035313010215759277e-01,-1.586677879095077515e-01,7.102320790290832520e-01,6.097541451454162598e-01,-1.427480340003967285e+00,3.612973093986511230e-01,-1.247384428977966309e+00,-2.004199504852294922e+00,-7.763303816318511963e-02,-1.076968014240264893e-01,-4.515484571456909180e-01,-7.131496071815490723e-01,-8.620699495077133179e-02,2.024577707052230835e-01,8.527114987373352051e-03,-8.051688671112060547e-01,6.899096369743347168e-01,1.149343013763427734e+00,6.676837801933288574e-01,-2.035475671291351318e-01,-2.238353013992309570e+00,4.019278585910797119e-01,1.574366986751556396e-01,1.795856803655624390e-01,-1.758488059043884277e+00,3.399130702018737793e-02,-7.305945754051208496e-01,-1.066238135099411011e-01,-1.155600309371948242e+00,2.524374723434448242e-01,-2.446211576461791992e+00,-5.492364764213562012e-01,-9.422698616981506348e-01,-2.937625348567962646e-01,7.645677924156188965e-01,-2.858546376228332520e-01,-1.226609826087951660e+00,1.094174385070800781e+00,1.385934650897979736e-01,-1.590421944856643677e-01,-1.110105991363525391e+00,2.939820587635040283e-01,8.821915984153747559e-01
-5.332245826721191406e-01,-1.437730550765991211e+00,-6.325085759162902832e-01,-2.183679044246673584e-01,-9.342365860939025879e-01,-5.537847056984901428e-02,5.751548409461975098e-01,-1.104174256324768066e+00,-9.307852387428283691e-02,-1.808645129203796387e-01,1.098687648773193359e+00,-1.378653883934020996e+00,2.347973287105560303e-01,1.519588112831115723e+00,-1.467059612274169922e+00,4.736330360174179077e-02,3.978461325168609619e-01,-1.653786897659301758e-01,1.604251980781555176e+00,-2.348690748214721680e+00,-7.758081555366516113e-01,7.174692302942276001e-02,9.076119661331176758e-01,-4.072362184524536133e-01,1.086485862731933594e+00,1.808082461357116699e-01,1.272971272468566895e+00,-3.934966325759887695e-01,-1.302875876426696777e+00,-1.174058675765991211e+00,9.151166081428527832e-01,-4.248338341712951660e-01,-3.973768949508666992e-01,3.187646567821502686e-01,-2.227123260498046875e+00,1.379855126142501831e-01,1.595792889595031738e+00,-2.697554528713226318e-01,1.474257837980985641e-02,-1.025976240634918213e-02,-8.436062335968017578e-01,7.133503556251525879e-01,9.694904088973999023e-01,-7.547916769981384277e-01,-8.202297091484069824e-01,1.530332684516906738e+00,-1.158973574638366699e+00,1.203201413154602051e-01,9.155745506286621094e-01,-1.728142738342285156e+00,1.336717486381530762e+00,-7.027009725570678711e-01,-1.150400400161743164e+00,-5.529710054397583008e-01,7.885488271713256836e-01,-2.622682809829711914e+00,-1.750558733940124512e+00,1.377790093421936035e+00,8.339273929595947266e-02,-1.218482017517089844e+00,1.027511119842529297e+00,1.356026977300643921e-01,-1.313032269477844238e+00,4.781775772571563721e-01,1.292507648468017578e-01,-6.872962713241577148e-01,-2.153676450252532959e-01,-1.505947589874267578e+00,-9.147821068763732910e-01,-8.148649930953979492e-01,-1.021322369575500488e+00,2.484947741031646729e-01,-6.619089245796203613e-01,-2.812808156013488770e-01,-1.646920919418334961e+00,-2.080984830856323242e+00,1.639205589890480042e-02,-1.347210556268692017e-01,-7.672822475433349609e-01,8.234479427337646484e-01,5.076247453689575195e-01,-8.092206716537475586e-01,-2.551877975463867188e+00,1.476162791252136230e+00,-1.558451503515243530e-01,-1.657520294189453125e+00,-3.314835131168365479e-01,1.582978963851928711e+00,3.843412548303604126e-02,5.009304285049438477e-01,3.995633497834205627e-02,-1.144944667816162109e+00,8.845449090003967285e-01,-5.357034802436828613e-01,1.435244441032409668e+00,1.429713815450668335e-01,-1.012695804238319397e-01,5.974466800689697266e-01,1.120767831802368164e+00,3.259241580963134766e-02
4.360417723655700684e-01,7.696340233087539673e-02,-2.007193565368652344e+00,-7.681673169136047363e-01,-1.295364260673522949e+00,9.904624223709106445e-01,-2.001798525452613831e-02,4.213052690029144287e-01,-2.594033479690551758e-01,-8.357402086257934570e-01,8.690987825393676758e-01,-1.256608724594116211e+00,-2.238685131072998047e+00,6.125289015471935272e-03,-6.993488073348999023e-01,4.376071095466613770e-01,8.258264660835266113e-01,7.853810787200927734e-01,-2.353000789880752563e-01,6.928381919860839844e-01,1.146177887916564941e+00,1.327120661735534668e-01,2.508004009723663330e-01,-6.082141995429992676e-01,-1.532225847244262695e+00,-2.240645647048950195e+00,5.526114106178283691e-01,-1.928750395774841309e+00,1.212647914886474609e+00,8.234087228775024414e-01,-1.778643727302551270e+00,1.325820684432983398e+00,1.477232128381729126e-01,-8.684511780738830566e-01,2.921653509140014648e+00,-1.406772136688232422e+00,-5.025301575660705566e-01,1.646301507949829102e+00,-5.902054309844970703e-01,4.125879108905792236e-01,8.278765082359313965e-01,1.880889058113098145e+00,1.420346736907958984e+00,9.051600694656372070e-01,-9.360975027084350586e-01,-2.118219137191772461e+00,3.363150358200073242e-01,1.486394405364990234e+00,1.575982570648193359e-01,-1.802529841661453247e-01,-7.655163407325744629e-01,-1.603437662124633789e-01,1.652986764907836914e+00,4.561024010181427002e-01,1.561936616897583008e+00,-3.941753208637237549e-01,-4.371946752071380615e-01,-1.215247631072998047e+00,-3.379700705409049988e-02,4.950078725814819336e-01,-6.075064539909362793e-01,-1.011953711509704590e+00,1.601843476295471191e+00,2.395180612802505493e-01,-7.493016719818115234e-01,1.921958088874816895e+00,-2.748956680297851562e-01,7.898787856101989746e-01,1.839378952980041504e+00,9.520781636238098145e-01,9.876202344894409180e-01,-4.874833226203918457e-01,-2.864972054958343506e-01,-8.100242018699645996e-01,3.854773640632629395e-01,2.696740627288818359e-01,6.103034019470214844e-01,1.643744349479675293e+00,8.810523152351379395e-01,3.669532537460327148e-01,-4.364304840564727783e-01,7.714084386825561523e-01,2.273993015289306641e+00,8.253812789916992188e-01,7.799877226352691650e-02,-2.028541266918182373e-01,-1.619450926780700684e+00,1.030913367867469788e-01,-2.891421318054199219e-01,-9.199529141187667847e-02,-1.921826124191284180e+00,-4.382241070270538330e-01,4.800778254866600037e-02,2.007714211940765381e-01,-9.819097518920898438e-01,2.939707338809967041e-01,-1.051809906959533691e+00,1.670079082250595093e-01,-6.803040504455566406e-01,-4.530648887157440186e-01
2.982006035745143890e-02,-9.732672572135925293e-01,-3.411623239517211914e-01,1.773509263992309570e+00,-2.050937898457050323e-02,-5.034480988979339600e-02,-7.234022617340087891e-01,4.173800051212310791e-01,-4.021605849266052246e-01,2.042240381240844727e+00,-4.363893568515777588e-01,2.735659182071685791e-01,3.911041021347045898e-01,5.216127634048461914e-01,-1.278406262397766113e+00,1.225938558578491211e+00,-7.990422844886779785e-01,1.156914830207824707e+00,9.495722055435180664e-01,-1.046251058578491211e+00,2.434661537408828735e-01,3.508039116859436035e-01,-1.311933249235153198e-01,4.254820570349693298e-02,-9.899002313613891602e-01,-1.098731756210327148e+00,1.190694928169250488e+00,7.124318480491638184e-01,6.552132964134216309e-01,4.427231550216674805e-01,-3.485701084136962891e-01,1.976880431175231934e+00,6.431576609611511230e-02,-8.067310452461242676e-01,-2.923799753189086914e-01,-1.829551458358764648e-01,5.351243615150451660e-01,1.405946761369705200e-01,6.060920357704162598e-01,-7.776768207550048828e-01,6.495059728622436523e-01,-3.245210647583007812e-01,-2.268398046493530273e+00,5.296999216079711914e-01,4.445068240165710449e-01,1.518939733505249023e+00,6.929847598075866699e-01,6.650268435478210449e-01,6.912090778350830078e-01,6.101671457290649414e-01,8.998064398765563965e-01,3.988414704799652100e-01,9.188817739486694336e-01,-1.482033491134643555e+00,-7.997320294380187988e-01,1.983396768569946289e+00,2.533837556838989258e-01,-9.625097513198852539e-01,-1.879341363906860352e+00,-3.804179728031158447e-01,-1.502066552639007568e-01,-1.006316900253295898e+00,-6.426004171371459961e-01,1.550718069076538086e+00,6.599878668785095215e-01,2.374255470931529999e-02,-1.424565792083740234e+00,1.729972124099731445e+00,-1.604410290718078613e+00,9.498459696769714355e-01,-4.478061497211456299e-01,-4.499001502990722656e-01,-9.292379617691040039e-01,4.650258123874664307e-01,-8.640345931053161621e-01,-1.652210712432861328e+00,-1.585592985153198242e+00,-1.306916952133178711e+00,-7.264499664306640625e-01,-7.053537368774414062e-01,-2.012890279293060303e-01,-6.745004057884216309e-01,-7.663091421127319336e-01,7.260988950729370117e-01,1.871522307395935059e+00,6.504003703594207764e-02,-1.602171808481216431e-01,-1.983345150947570801e-01,-3.874716907739639282e-02,-9.530139714479446411e-02,2.448087185621261597e-01,-1.265454888343811035e+00,6.558685749769210815e-02,-1.292709946632385254e+00,1.462983369827270508e+00,1.307524561882019043e+00,-1.975671052932739258e-01,-6.878861188888549805e-01,-8.862252235412597656e-01,5.588840842247009277e-01
1.023866653442382812e+00,7.423151135444641113e-01,5.660770535469055176e-01,8.562835454940795898e-01,-4.508443474769592285e-01,2.125435352325439453e+00,2.083221435546875000e+00,-1.425047963857650757e-01,-3.885411843657493591e-02,1.912140250205993652e+00,2.740498781204223633e-01,-2.035993933677673340e-01,4.095590487122535706e-02,1.924849748611450195e+00,6.192207336425781250e-02,-1.579451680183410645e+00,-4.498701691627502441e-01,9.563494920730590820e-01,-1.450136303901672363e+00,-1.293237924575805664e+00,-5.020018219947814941e-01,2.556724846363067627e-01,-7.447366118431091309e-01,4.110514819622039795e-01,4.286405444145202637e-01,1.568733215332031250e+00,-7.911331653594970703e-01,3.266472816467285156e-01,5.161959528923034668e-01,-1.635628491640090942e-01,-7.274549603462219238e-01,1.542224138975143433e-01,3.605882525444030762e-01,-5.885564535856246948e-02,-1.983690112829208374e-01,-6.999818086624145508e-01,5.732604861259460449e-01,7.575199007987976074e-01,-3.017126321792602539e-01,-1.740126967430114746e+00,5.230806469917297363e-01,4.037837684154510498e-02,-4.577700495719909668e-01,7.760335206985473633e-01,-2.411111295223236084e-01,-5.576946735382080078e-01,-1.756959676742553711e+00,-7.592416405677795410e-01,-5.877584218978881836e-01,2.210590392351150513e-01,-1.089803576469421387e+00,-1.159486770629882812e+00,-1.354351043701171875e+00,9.736722707748413086e-01,-6.161703467369079590e-01,1.092874526977539062e+00,-1.332813858985900879e+00,1.254372596740722656e+00,-1.397854566574096680e+00,-5.516720414161682129e-01,-9.781748652458190918e-01,-2.807101011276245117e-01,2.082610726356506348e-01,-1.668516039848327637e+00,6.356883328408002853e-03,1.562121808528900146e-01,-9.145346283912658691e-01,6.837414205074310303e-02,6.203860044479370117e-01,-8.546506166458129883e-01,-9.118118286132812500e-01,-1.563144087791442871e+00,-2.470161318778991699e-01,2.354012131690979004e-01,-6.637144684791564941e-01,-3.873659968376159668e-01,-9.209948182106018066e-01,-6.070562601089477539e-01,-7.534658312797546387e-01,-3.308360874652862549e-01,2.096062600612640381e-01,-3.221087157726287842e-01,-8.881887197494506836e-01,-5.614804625511169434e-01,-1.357077121734619141e+00,5.121033787727355957e-01,4.442530572414398193e-01,-7.263249158859252930e-02,1.071327328681945801e+00,1.416424512863159180e+00,8.394494056701660156e-01,-1.172727465629577637e+00,-8.348445892333984375e-01,4.003353714942932129e-01,-6.245232820510864258e-01,-1.585714668035507202e-01,2.459472417831420898e-01,6.499688625335693359e-01,-1.098359227180480957e+00,1.194916725158691406e+00
1.145783424377441406e+00,1.351603269577026367e+00,8.713079094886779785e-01,4.489898309111595154e-02,-1.180597901344299316e+00,1.833451032638549805e+00,1.571421027183532715e+00,1.253779888153076172e+00,1.036853432655334473e+00,1.350519210100173950e-01,-7.423076033592224121e-01,-7.067980170249938965e-01,4.270513057708740234e-01,-2.454205453395843506e-01,6.796612143516540527e-01,8.074510693550109863e-01,4.510114435106515884e-03,2.057188987731933594e+00,-4.109584987163543701e-01,-1.467847377061843872e-01,-1.018896460533142090e+00,4.236321449279785156e-01,1.321665287017822266e+00,-1.659538783133029938e-02,1.798833131790161133e+00,9.737900644540786743e-02,7.508982717990875244e-02,5.739133954048156738e-01,-6.503299474716186523e-01,8.251207470893859863e-01,1.006388306617736816e+00,1.262926459312438965e+00,-4.400006234645843506e-01,-8.169759511947631836e-01,-7.433921694755554199e-01,-3.527813553810119629e-01,-1.983997225761413574e-01,-3.968074321746826172e-01,7.045643925666809082e-01,1.617896914482116699e+00,-3.065147101879119873e-01,3.329667150974273682e-01,7.662537097930908203e-01,9.885226190090179443e-02,-1.259879469871520996e+00,6.657171249389648438e-02,7.006321549415588379e-01,3.227733075618743896e-01,1.131308794021606445e+00,-4.858726859092712402e-01,-1.079833984375000000e+00,-1.579528599977493286e-01,1.214793086051940918e+00,1.445631623268127441e+00,3.340133130550384521e-01,-5.517530068755149841e-02,1.286651045083999634e-01,6.613125205039978027e-01,3.896614313125610352e-01,-9.588821977376937866e-02,8.435958623886108398e-01,6.462079286575317383e-01,2.238032221794128418e-01,8.195549845695495605e-01,-9.004679322242736816e-01,1.192458510398864746e+00,-9.611047506332397461e-01,-2.997951805591583252e-01,-1.203017711639404297e+00,-3.342650532722473145e-01,-2.306432127952575684e-01,9.498934447765350342e-02,3.850908577442169189e-02,-1.165555696934461594e-02,1.300506472587585449e+00,-2.482888475060462952e-02,5.105244740843772888e-02,-1.602155923843383789e+00,-1.677267998456954956e-01,1.580683737993240356e-01,-1.611401677131652832e+00,-4.651183784008026123e-01,9.787509441375732422e-01,1.033325642347335815e-01,4.641740322113037109e-01,-1.035008072853088379e+00,1.616886734962463379e+00,8.580271005630493164e-01,-2.189834974706172943e-02,-6.162413358688354492e-01,-1.227773070335388184e+00,-5.402579307556152344e-01,-5.704426765441894531e-01,-9.030436277389526367e-01,-4.865502715110778809e-01,-2.286708056926727295e-01,6.556299328804016113e-01,-3.028077483177185059e-01,2.711476564407348633e+00,2.046416327357292175e-02
1.042502760887145996e+00,1.164152383804321289e+00,5.731003880500793457e-01,-1.285035014152526855e+00,-3.621881902217864990e-01,-1.066191434860229492e+00,-1.954699277877807617e+00,-9.057012796401977539e-01,3.695827722549438477e-01,3.932550251483917236e-01,-9.121470451354980469e-01,2.039457798004150391e+00,8.513563871383666992e-01,2.202566862106323242e+00,-5.627320408821105957e-01,1.756541877985000610e-01,7.663695812225341797e-01,1.013145372271537781e-01,-4.710938930511474609e-01,-1.284748464822769165e-01,-1.738219112157821655e-01,6.882051229476928711e-01,-4.483843743801116943e-01,-4.685107171535491943e-01,-2.741302490234375000e+00,-4.919852316379547119e-01,1.844645380973815918e+00,1.428717374801635742e+00,-2.078981399536132812e+00,-5.917557477951049805e-01,-1.240333795547485352e+00,1.012463927268981934e+00,-8.339528441429138184e-01,-2.508308887481689453e-01,1.922842860221862793e+00,-5.589321255683898926e-01,-1.211481213569641113e+00,4.455136358737945557e-01,-6.541058421134948730e-01,-8.021261096000671387e-01,-1.336542844772338867e+00,-6.983342170715332031e-01,-2.381457090377807617e-01,8.945921659469604492e-01,6.902040839195251465e-01,5.801244974136352539e-01,-3.357915878295898438e-01,2.783485352993011475e-01,-5.826418474316596985e-02,-1.804946064949035645e+00,-1.107032537460327148e+00,-2.344306230545043945e+00,6.322913616895675659e-02,-1.834257483482360840e+00,6.851317286491394043e-01,9.547080397605895996e-01,-4.772930741310119629e-01,-5.281035304069519043e-01,6.998717784881591797e-01,7.920672893524169922e-01,1.245153427124023438e+00,1.061627417802810669e-01,-5.255700945854187012e-01,8.336541652679443359e-01,-2.583520174026489258e+00,5.034151077270507812e-01,1.237678527832031250e-01,7.542065978050231934e-01,8.083256483078002930e-01,6.576767563819885254e-01,2.352017164230346680e-01,-4.641519784927368164e-01,-6.454987525939941406e-01,1.977927923202514648e+00,5.109119415283203125e-01,1.902066349983215332e+00,4.871301949024200439e-01,1.052744388580322266e+00,1.574605822563171387e+00,6.952023506164550781e-01,6.071422696113586426e-01,-2.469439268112182617e+00,-2.805083394050598145e-01,-1.055663466453552246e+00,6.994422674179077148e-01,-1.746545583009719849e-01,-1.596915721893310547e-01,-3.884023129940032959e-01,-3.823700249195098877e-01,-6.437416672706604004e-01,1.694576501846313477e+00,5.313432216644287109e-01,6.555545330047607422e-01,-3.680449724197387695e-01,1.058386802673339844e+00,-8.450388908386230469e-01,2.603208422660827637e-01,-5.876448750495910645e-02,-2.125158786773681641e+00,7.769756913185119629e-01
1.749831885099411011e-01,-1.696494936943054199e+00,-3.863537684082984924e-02,-1.579669356346130371e+00,-2.525204896926879883e+00,3.053326606750488281e-01,-1.215572595596313477e+00,1.397872805595397949e+00,-1.088005065917968750e+00,-1.555390357971191406e-01,-1.058683633804321289e+00,1.879492044448852539e+00,9.742850661277770996e-01,1.417408585548400879e-01,7.488679140806198120e-02,1.221384286880493164e+00,1.934655755758285522e-01,2.371361255645751953e-01,-3.687273561954498291e-01,7.121871709823608398e-01,-6.364315152168273926e-01,-3.027270138263702393e-01,-3.333897888660430908e-01,-3.304289281368255615e-01,-7.431687712669372559e-01,-2.353296756744384766e+00,5.771149992942810059e-01,-4.894453883171081543e-01,3.469013571739196777e-01,2.982880115509033203e+00,-8.527223020792007446e-02,1.689185053110122681e-01,-1.840897649526596069e-01,-4.604310095310211182e-01,-1.104812026023864746e+00,-1.145525336265563965e+00,1.858992099761962891e+00,-5.692129489034414291e-03,1.959059953689575195e+00,5.073223635554313660e-02,-9.616240262985229492e-01,-2.437155395746231079e-01,-4.078437089920043945e-01,-8.446977734565734863e-01,-9.270777553319931030e-02,5.082549527287483215e-02,-5.362074375152587891e-01,8.027686476707458496e-01,-3.271980285644531250e-01,5.466981977224349976e-02,6.741094589233398438e-01,4.724221229553222656e-01,-9.959300160408020020e-01,-7.676156759262084961e-01,1.456748723983764648e+00,-2.052244901657104492e+00,-6.827455759048461914e-01,-3.553938865661621094e-01,1.008627057075500488e+00,-8.489506840705871582e-01,2.214750796556472778e-01,-7.581118345260620117e-01,-1.021513700485229492e+00,6.721975207328796387e-01,1.864502429962158203e+00,-2.720884382724761963e-01,-2.415425181388854980e-01,2.294509172439575195e+00,-1.684409618377685547e+00,-1.106927037239074707e+00,-4.470526278018951416e-01,5.470106601715087891e-01,-8.283150196075439453e-01,-3.002909660339355469e+00,-1.166561961174011230e+00,-2.400373697280883789e+00,-6.334168314933776855e-01,-1.710360646247863770e+00,3.436174616217613220e-02,6.386725306510925293e-01,1.691303849220275879e+00,-1.135160923004150391e+00,1.675252169370651245e-01,1.655245304107666016e+00,1.458253741264343262e+00,5.188237428665161133e-01,3.688063025474548340e-01,1.498570203781127930e+00,3.794695064425468445e-02,1.835005044937133789e+00,-2.108734399080276489e-01,8.330492377281188965e-01,1.119005203247070312e+00,8.464964628219604492e-01,-1.251703381538391113e+00,6.299287080764770508e-01,-1.527729868888854980e+00,1.892212271690368652e+00,1.916141808032989502e-01,9.587823748588562012e-01
1.922147274017333984e+00,6.730704307556152344e-01,1.058982729911804199e+00,2.046910971403121948e-01,-3.812734186649322510e-01,5.510058403015136719e-01,-8.503281474113464355e-01,1.473205089569091797e+00,-4.710476100444793701e-01,1.841088652610778809e+00,6.375378966331481934e-01,-5.227665305137634277e-01,-6.215217709541320801e-01,7.316954433917999268e-02,-3.145689070224761963e-01,7.118253707885742188e-01,3.650953769683837891e-01,-1.022935390472412109e+00,7.381486296653747559e-01,-1.384406566619873047e+00,6.565934419631958008e-01,-3.489350378513336182e-01,1.232473254203796387e+00,4.220938384532928467e-01,1.227186918258666992e+00,-6.087940335273742676e-01,1.014965176582336426e+00,-5.381090044975280762e-01,1.787409186363220215e+00,3.969204425811767578e-01,-2.326829731464385986e-01,-1.482976675033569336e+00,1.898713588714599609e+00,-1.071150898933410645e+00,4.534477591514587402e-01,-7.396436929702758789e-01,-1.143502354621887207e+00,-1.858379364013671875e+00,1.063314199447631836e+00,1.032052874565124512e+00,1.039390444755554199e+00,2.089159250259399414e+00,2.977827191352844238e-01,7.041037678718566895e-01,1.398535165935754776e-02,-1.493206858634948730e+00,7.853717207908630371e-01,9.510715603828430176e-01,5.311787128448486328e-01,6.140943989157676697e-02,5.262556076049804688e-01,5.203167200088500977e-01,2.781320214271545410e-01,7.509036660194396973e-01,4.707016348838806152e-01,-9.743144512176513672e-01,-1.127285599708557129e+00,-1.635396480560302734e+00,-1.210942625999450684e+00,2.415553629398345947e-01,-2.985914349555969238e-01,8.393861353397369385e-02,6.651974320411682129e-01,-5.981845855712890625e-01,6.356673240661621094e-01,-2.419659495353698730e-01,9.925571084022521973e-01,1.380244731903076172e+00,6.948208808898925781e-01,4.523424506187438965e-01,-5.173457264900207520e-01,-1.838456273078918457e+00,9.853187203407287598e-02,-1.108016610145568848e+00,5.292094945907592773e-01,2.533260583877563477e-01,-7.900143414735794067e-02,1.435411453247070312e+00,1.220705509185791016e+00,8.886522799730300903e-02,1.634173154830932617e+00,5.213829874992370605e-01,9.260961413383483887e-01,1.838492631912231445e+00,1.065010577440261841e-01,-2.469200938940048218e-01,-3.449458777904510498e-01,-2.783381938934326172e-01,4.455371797084808350e-01,6.316108107566833496e-01,-3.025170564651489258e-01,1.532590836286544800e-01,-1.078069448471069336e+00,-1.046836003661155701e-01,1.319033503532409668e+00,-4.050654172897338867e-01,4.514969587326049805e-01,-9.257374405860900879e-01,-4.884420037269592285e-01,1.222907543182373047e+00
1.284317851066589355e+00,4.985871315002441406e-01,9.095792770385742188e-01,-1.440071761608123779e-01,-6.245492100715637207e-01,6.870947480201721191e-01,1.235693544149398804e-01,-2.739591896533966064e-01,-5.059254765510559082e-01,6.843077540397644043e-01,1.072351098060607910e+00,-3.387005329132080078e-01,3.358880579471588135e-01,7.587880492210388184e-01,9.357929974794387817e-02,-2.168313711881637573e-01,1.032285332679748535e+00,-4.731534123420715332e-01,-1.404244780540466309e+00,4.803547263145446777e-02,-9.134004116058349609e-01,-7.479152083396911621e-01,2.624304592609405518e-01,7.470646500587463379e-01,-4.761982336640357971e-02,5.398308858275413513e-02,-5.539366006851196289e-01,6.915217041969299316e-01,-6.524086594581604004e-01,-1.725699454545974731e-01,2.099945306777954102e+00,1.832199931144714355e+00,-5.226931571960449219e-01,-1.125951528549194336e+00,-7.922449707984924316e-01,-1.345958411693572998e-01,8.093033730983734131e-02,2.012268900871276855e-01,-3.140427172183990479e-01,8.367129564285278320e-01,-1.960784345865249634e-01,1.244786381721496582e+00,1.112436413764953613e+00,9.491302967071533203e-01,-8.540576696395874023e-01,6.658096313476562500e-01,-1.185782670974731445e+00,3.392863869667053223e-01,9.481407403945922852e-01,-6.166239380836486816e-01,-7.608149051666259766e-01,1.097978591918945312e+00,1.130823969841003418e+00,-1.176512315869331360e-01,-8.927993774414062500e-01,1.021570324897766113e+00,-1.073926761746406555e-01,-1.798679381608963013e-01,1.519386887550354004e+00,-8.791821002960205078e-01,3.889437019824981689e-01,-3.947639763355255127e-01,-9.875775575637817383e-01,1.891530871391296387e+00,4.296453297138214111e-01,-8.440479040145874023e-01,-5.497720241546630859e-01,1.796392500400543213e-01,1.923181265592575073e-01,1.297749042510986328e+00,2.008257150650024414e+00,-6.803483366966247559e-01,-1.186780571937561035e+00,5.749085545539855957e-01,-3.665808439254760742e-01,-9.838166236877441406e-01,3.718833029270172119e-01,1.928326606750488281e+00,-5.554796457290649414e-01,-7.265406847000122070e-01,-1.399487614631652832e+00,2.182742118835449219e+00,-8.186585903167724609e-01,8.626930713653564453e-01,4.930911362171173096e-01,-8.208746910095214844e-01,-5.773462653160095215e-01,-2.655294537544250488e-02,-6.292609870433807373e-02,-2.061106920242309570e+00,-1.454756140708923340e+00,2.048336267471313477e+00,2.344337463378906250e+00,1.249480023980140686e-01,1.444463014602661133e+00,-2.470842897891998291e-01,9.499791264533996582e-01,2.427543997764587402e-01,1.767602711915969849e-01,1.418215513229370117e+00
1.220840692520141602e+00,-1.652857661247253418e-01,1.667746901512145996e+00,-8.863074183464050293e-01,-8.869668245315551758e-01,4.615522325038909912e-01,-5.443183183670043945e-01,4.314015805721282959e-01,1.493499130010604858e-01,-8.256691694259643555e-01,6.714810132980346680e-01,2.143837213516235352e+00,1.755396127700805664e+00,-1.515907794237136841e-01,1.710808873176574707e-01,-1.317146658897399902e+00,1.846866488456726074e+00,-5.957055687904357910e-01,7.912166714668273926e-01,-1.618199467658996582e+00,2.649057507514953613e-01,1.091119170188903809e+00,5.436793565750122070e-01,1.054460167884826660e+00,1.370252668857574463e-01,9.177514910697937012e-02,1.879018098115921021e-01,-9.894856214523315430e-01,9.009736776351928711e-01,-7.850057482719421387e-01,-8.553292751312255859e-01,8.894376456737518311e-03,1.041643768548965454e-01,3.369389295578002930e+00,2.556840479373931885e-01,-1.443700194358825684e+00,-1.287405371665954590e+00,-3.020917437970638275e-02,-1.276950687170028687e-01,2.380427867174148560e-01,1.027202844619750977e+00,7.621213793754577637e-01,-1.282870531082153320e+00,-1.526958823204040527e+00,-5.678378343582153320e-01,3.573510050773620605e-01,-4.084510803222656250e-01,-7.584818601608276367e-01,-1.318650245666503906e+00,1.111898422241210938e+00,-2.913273572921752930e+00,4.867123663425445557e-01,-3.029945492744445801e-01,-3.754589855670928955e-01,-1.208741590380668640e-01,8.312556147575378418e-01,-1.342129707336425781e+00,-6.622272133827209473e-01,3.241007924079895020e-01,-4.340591654181480408e-02,3.249264061450958252e-01,3.823428750038146973e-01,8.601167201995849609e-01,9.093560576438903809e-01,7.050127983093261719e-01,5.779247879981994629e-01,3.762807250022888184e-01,-1.174567699432373047e+00,1.625601172447204590e+00,-2.609569430351257324e-01,-6.897561550140380859e-01,-4.431150853633880615e-01,-3.891889750957489014e-01,-3.844396173954010010e-01,-7.892056703567504883e-01,-1.437435150146484375e+00,1.160860419273376465e+00,8.616309165954589844e-01,7.441928386688232422e-01,-7.754601836204528809e-01,2.691429853439331055e-01,2.900775909423828125e+00,1.079253911972045898e+00,1.275066882371902466e-01,-8.639788627624511719e-01,2.622865736484527588e-01,5.587072372436523438e-01,6.730708479881286621e-01,-4.171512722969055176e-01,8.896663188934326172e-01,-1.050270199775695801e+00,2.779746949672698975e-01,1.093740820884704590e+00,-1.060179710388183594e+00,-7.055183649063110352e-01,-4.038111492991447449e-02,1.582380756735801697e-02,1.261801242828369141e+00,1.024992108345031738e+00,7.021378278732299805e-01
8.384598046541213989e-02,-1.591510057449340820e+00,-4.262584745883941650e-01,-7.699123620986938477e-01,-5.152848362922668457e-02,1.641691088676452637e+00,5.552058815956115723e-01,3.706555664539337158e-01,-3.997112214565277100e-01,9.928770661354064941e-01,-6.085057854652404785e-01,8.417154550552368164e-01,3.023633956909179688e-01,4.290710687637329102e-01,-3.877368271350860596e-01,-8.965294361114501953e-01,2.527043104171752930e+00,-2.621490657329559326e-01,-8.877164721488952637e-01,1.238355517387390137e+00,-7.961660623550415039e-01,-2.019820213317871094e-01,-8.310323357582092285e-01,7.484545111656188965e-01,2.722654044628143311e-01,-1.158047914505004883e+00,-4.962540268898010254e-01,8.929934501647949219e-01,9.858970642089843750e-01,7.513755559921264648e-01,-1.084573626518249512e+00,-1.409067153930664062e+00,-2.333425879478454590e-01,6.827754974365234375e-01,9.956730902194976807e-02,-4.335173070430755615e-01,-1.536498188972473145e+00,1.011008918285369873e-01,1.927142620086669922e+00,-2.645295560359954834e-01,-1.832397580146789551e+00,9.557447433471679688e-01,9.358599781990051270e-01,1.043513655662536621e+00,-9.553103446960449219e-01,7.972019910812377930e-01,-2.508398890495300293e-01,-5.290729999542236328e-01,-6.267200708389282227e-01,4.274114370346069336e-01,-1.543655633926391602e+00,-6.791593432426452637e-01,6.693147420883178711e-01,-1.557831406593322754e+00,2.641135454177856445e-01,-1.167098522186279297e+00,1.067548274993896484e+00,-1.766024589538574219e+00,-5.610125884413719177e-02,-1.027034401893615723e+00,-6.152560710906982422e-01,1.073224902153015137e+00,-2.054064273834228516e+00,9.005671143531799316e-01,-7.886054366827011108e-02,3.763154447078704834e-01,1.746872425079345703e+00,-1.282216459512710571e-01,-2.485720157623291016e+00,4.738364815711975098e-01,3.719867169857025146e-01,-6.055378317832946777e-01,-1.622030258178710938e+00,-1.595674902200698853e-01,2.772773265838623047e+00,8.854612112045288086e-01,-1.257673501968383789e-01,-1.035860419273376465e+00,8.469007015228271484e-01,1.624181419610977173e-01,-7.736410014331340790e-03,-6.733875870704650879e-01,-2.282742708921432495e-01,-7.384704947471618652e-01,1.603421092033386230e+00,-1.977519989013671875e+00,-8.705324530601501465e-01,6.366096138954162598e-01,1.313948988914489746e+00,8.283693790435791016e-01,1.268404006958007812e+00,9.346033930778503418e-01,1.647839665412902832e+00,2.657791972160339355e-01,-1.249135211110115051e-01,4.285727739334106445e-01,-3.574055433273315430e-02,-1.841117858886718750e+00,-6.886958479881286621e-01,1.832211017608642578e-01
-7.258927226066589355e-01,8.725094199180603027e-01,4.149397611618041992e-01,-5.663450360298156738e-01,-8.565591573715209961e-01,2.449209451675415039e+00,-3.067701756954193115e-01,-1.838353276252746582e-02,4.887635409832000732e-01,6.060968637466430664e-01,-1.288538336753845215e+00,-1.190650701522827148e+00,-9.106150269508361816e-02,-3.388321995735168457e-01,1.314239740371704102e+00,9.203694462776184082e-01,-2.197120904922485352e+00,7.234569638967514038e-02,-5.077179521322250366e-02,5.386646389961242676e-01,1.879373311996459961e+00,7.955349087715148926e-01,-1.712789654731750488e+00,2.575766742229461670e-01,7.027930021286010742e-01,-3.539245724678039551e-01,-4.888876080513000488e-01,7.292883396148681641e-01,-1.309134602546691895e+00,-1.131327867507934570e+00,-4.033503234386444092e-01,1.134649440646171570e-01,1.164338469505310059e+00,-1.754285216331481934e+00,4.716494977474212646e-01,-7.823664546012878418e-01,-8.248885869979858398e-01,9.674145579338073730e-01,-7.384563684463500977e-01,5.171229243278503418e-01,4.497686028480529785e-01,-8.394288271665573120e-02,-1.262412190437316895e+00,-5.747604370117187500e-01,-9.993893504142761230e-01,-1.123101115226745605e+00,6.818881034851074219e-01,-7.136328816413879395e-01,-1.471407413482666016e+00,5.040969848632812500e-01,-5.092285573482513428e-02,1.103092908859252930e+00,-8.459786176681518555e-01,1.770305335521697998e-01,1.030454516410827637e+00,-1.144206285476684570e+00,4.346824884414672852e-01,1.428551226854324341e-01,2.089353084564208984e+00,1.066985487937927246e+00,4.222533106803894043e-01,2.263684868812561035e-01,2.045226335525512695e+00,-6.721481084823608398e-01,1.453456401824951172e+00,-5.441354513168334961e-01,6.272162795066833496e-01,-1.068310976028442383e+00,-9.036044478416442871e-01,-5.174009203910827637e-01,6.925535202026367188e-01,-8.547161817550659180e-01,-6.951497197151184082e-01,-1.939958453178405762e+00,2.023225724697113037e-01,1.201534152030944824e+00,-2.757092714309692383e-01,-1.312754750251770020e+00,1.452525258064270020e+00,1.433399081230163574e+00,-5.179999470710754395e-01,-3.013490140438079834e-01,-2.823735475540161133e-01,2.076579093933105469e+00,2.339800447225570679e-01,-1.481134444475173950e-01,-2.339462339878082275e-01,2.347706407308578491e-01,1.440665960311889648e+00,3.742121905088424683e-02,4.383689165115356445e-01,-6.775090694427490234e-01,2.196914851665496826e-01,1.527059357613325119e-02,1.886332035064697266e-02,-2.708624005317687988e-01,3.440004885196685791e-01,7.656288743019104004e-01,-5.839272588491439819e-02,1.271664500236511230e-01
2.009423732757568359e+00,4.933092892169952393e-01,1.155179977416992188e+00,-5.346346497535705566e-01,3.820695877075195312e-01,1.424683809280395508e+00,-2.783485352993011475e-01,-1.516586661338806152e+00,3.278819024562835693e-01,4.482001960277557373e-01,2.897194623947143555e-01,2.326113432645797729e-01,3.326777815818786621e-01,-1.707494378089904785e+00,-1.403305768966674805e+00,6.206781789660453796e-02,-6.229696273803710938e-01,1.017168760299682617e+00,-2.359005689620971680e+00,1.042919397354125977e+00,-5.820261240005493164e-01,6.590219140052795410e-01,4.269135892391204834e-01,-8.827690035104751587e-03,-7.802255153656005859e-01,1.299753665924072266e+00,-2.337128967046737671e-01,-1.276236653327941895e+00,-1.140161514282226562e+00,6.580744981765747070e-01,-1.023172959685325623e-01,9.083334803581237793e-01,-7.300175428390502930e-01,-3.748713731765747070e-01,-2.000066339969635010e-01,6.890517473220825195e-01,-1.144112706184387207e+00,2.516185045242309570e-01,-1.440337061882019043e+00,3.534763097763061523e+00,-1.147518992424011230e+00,-9.408134967088699341e-02,-8.889631927013397217e-02,2.979943752288818359e-01,5.976053476333618164e-01,9.122775197029113770e-01,1.737510323524475098e+00,-1.622471094131469727e+00,1.220443367958068848e+00,4.821543395519256592e-01,9.623273015022277832e-01,-7.458968758583068848e-01,-4.041292071342468262e-01,-1.476564526557922363e+00,1.058775186538696289e-02,-5.008665919303894043e-01,-4.456892311573028564e-01,6.740270853042602539e-01,8.653618097305297852e-01,-1.100699231028556824e-01,-1.264025717973709106e-01,-1.158943414688110352e+00,2.086272001266479492e+00,5.342141985893249512e-01,1.125392675399780273e+00,5.737183094024658203e-01,-9.534813761711120605e-01,-1.181267380714416504e+00,1.808370351791381836e+00,-2.068761289119720459e-01,1.851225346326828003e-01,-3.539372384548187256e-01,-5.656098127365112305e-01,1.384492397308349609e+00,7.888047099113464355e-01,-2.306020557880401611e-01,-7.366128563880920410e-01,-5.201742649078369141e-01,1.916336178779602051e+00,2.427267551422119141e+00,1.216492533683776855e+00,2.979440987110137939e-01,7.147151827812194824e-01,-1.284343242645263672e+00,-1.075284719467163086e+00,-1.133216500282287598e+00,7.124566435813903809e-01,3.122986257076263428e-01,-1.772123932838439941e+00,-1.230996847152709961e+00,6.875392794609069824e-02,-1.845080614089965820e+00,1.768738269805908203e+00,7.892484664916992188e-01,-1.652380347251892090e+00,8.474270701408386230e-01,-8.611229658126831055e-01,-1.302863657474517822e-01,-4.285534322261810303e-01,2.841967344284057617e-01
1.425016522407531738e+00,7.538186311721801758e-01,4.467161893844604492e-01,1.487032651901245117e+00,9.094400703907012939e-02,-6.691726297140121460e-02,-9.403017163276672363e-01,1.115354657173156738e+00,-3.741542696952819824e-01,5.691357254981994629e-01,5.653522014617919922e-01,-9.104681611061096191e-01,2.054242372512817383e+00,-1.557774424552917480e+00,1.080395936965942383e+00,-1.260573863983154297e-01,-1.375526547431945801e+00,8.422316610813140869e-02,1.118147075176239014e-01,1.272749543190002441e+00,1.060302138328552246e+00,-3.898914754390716553e-01,-4.555305838584899902e-01,7.252498269081115723e-01,1.308978080749511719e+00,1.324998021125793457e+00,-8.362747430801391602e-01,8.843240141868591309e-01,-2.455882072448730469e+00,-8.772415518760681152e-01,-1.779144406318664551e-01,-1.705265164375305176e+00,-5.989730954170227051e-01,8.626027107238769531e-01,-6.709701418876647949e-01,6.109287738800048828e-01,7.060477137565612793e-02,1.034898161888122559e+00,1.056372523307800293e+00,-3.554395437240600586e-01,-1.034399628639221191e+00,-8.126175403594970703e-01,-2.627250194549560547e+00,-8.973320573568344116e-02,-2.283942222595214844e+00,-1.101860761642456055e+00,1.092462837696075439e-01,-1.266338109970092773e+00,-3.998552560806274414e-01,5.955535173416137695e-01,1.148242801427841187e-01,-3.558411002159118652e-01,3.424434959888458252e-01,1.293213605880737305e+00,5.117279887199401855e-01,-1.453987836837768555e+00,-1.618673652410507202e-02,-1.004778504371643066e+00,1.233946382999420166e-01,8.531073927879333496e-01,6.286190152168273926e-01,-2.783671915531158447e-01,-1.288259476423263550e-01,-9.859151393175125122e-02,4.445367455482482910e-01,-1.190292596817016602e+00,4.972322285175323486e-01,-5.265830755233764648e-01,-1.308620572090148926e+00,-8.918031454086303711e-01,-1.940917409956455231e-02,4.263449460268020630e-02,2.321397513151168823e-01,-1.292357206344604492e+00,-1.482952356338500977e+00,2.077976912260055542e-01,-1.815986484289169312e-01,-6.885536760091781616e-02,-4.359138011932373047e-01,1.403164148330688477e+00,1.312965631484985352e+00,8.119050264358520508e-01,-5.595947504043579102e-01,1.405220866203308105e+00,-3.453764617443084717e-01,-1.395395100116729736e-01,-1.106596589088439941e+00,1.033338546752929688e+00,8.408866524696350098e-01,-2.216887474060058594e-01,8.569368124008178711e-01,-4.365910589694976807e-01,-1.517975687980651855e+00,-1.439802169799804688e+00,2.325959056615829468e-01,1.615019440650939941e+00,5.323120355606079102e-01,4.633766710758209229e-01,1.208705425262451172e+00,6.533503532409667969e-01
-3.577814102172851562e-01,-7.020071744918823242e-01,1.369767308235168457e+00,2.399838864803314209e-01,-2.410567365586757660e-02,-1.336317181587219238e+00,-3.396743535995483398e-01,1.801772475242614746e+00,9.103699922561645508e-01,9.346928596496582031e-01,5.412469506263732910e-01,1.558052659034729004e+00,-1.910655021667480469e+00,5.588353276252746582e-01,6.495502591133117676e-01,-1.324324905872344971e-01,-1.847681283950805664e+00,1.000876307487487793e+00,1.979209661483764648e+00,9.296718835830688477e-01,-4.712976515293121338e-01,1.000816345214843750e+00,-6.751249432563781738e-01,-6.376993060111999512e-01,8.414301276206970215e-01,-3.686999082565307617e-01,1.148532509803771973e+00,1.044619560241699219e+00,4.092904925346374512e-01,-1.969905197620391846e-02,-1.663231253623962402e-01,-6.658346951007843018e-02,-2.202823460102081299e-01,1.132287740707397461e+00,-8.743273615837097168e-01,-1.768324732780456543e+00,3.675472140312194824e-01,1.011123415082693100e-02,1.059840440750122070e+00,8.629167675971984863e-01,1.096371889114379883e+00,7.343078255653381348e-01,-3.021394312381744385e-01,-8.303201794624328613e-01,-4.725998640060424805e-01,-5.835700631141662598e-01,-1.275203704833984375e+00,-8.656869530677795410e-01,-2.259476184844970703e+00,-1.006156682968139648e+00,1.281967997550964355e+00,1.847519755363464355e+00,9.934166073799133301e-01,-1.584192872047424316e+00,-2.255132675170898438e+00,-1.271375179290771484e+00,9.759298563003540039e-01,-1.112760066986083984e+00,1.135884165763854980e+00,1.296824932098388672e+00,7.927436232566833496e-01,9.525697231292724609e-01,9.742409735918045044e-02,-1.208804368972778320e+00,1.621181130409240723e+00,7.054366171360015869e-02,1.119945287704467773e+00,-9.075168371200561523e-01,6.994388699531555176e-01,8.990675210952758789e-02,-2.228364944458007812e-01,-5.760799646377563477e-01,8.352386951446533203e-02,-1.287706017494201660e+00,-9.061656147241592407e-02,1.434483408927917480e+00,1.508950293064117432e-01,-3.748755156993865967e-01,2.219920158386230469e-01,-1.617780923843383789e+00,2.987901866436004639e-01,1.539301127195358276e-01,-1.031416535377502441e+00,9.485442936420440674e-02,-9.446830749511718750e-01,1.303807735443115234e+00,-6.743195056915283203e-01,-2.668330669403076172e+00,-2.266562730073928833e-01,-1.305933594703674316e+00,-9.418823122978210449e-01,-1.789335608482360840e+00,3.087328374385833740e-01,-2.292982101440429688e+00,1.428595304489135742e+00,7.969574332237243652e-01,8.056840300559997559e-01,-1.631772518157958984e+00,-7.237444519996643066e-01,3.916132450103759766e-01
-5.554028153419494629e-01,-3.954016864299774170e-01,-1.123729228973388672e+00,5.138708353042602539e-01,8.700228929519653320e-01,8.875759243965148926e-01,-8.040145039558410645e-02,-8.235827088356018066e-01,7.428190112113952637e-01,4.271416962146759033e-01,8.304001688957214355e-01,-1.009129881858825684e+00,-1.242542386054992676e+00,-1.056826472282409668e+00,3.825540840625762939e-01,-5.741817131638526917e-02,-8.877970278263092041e-02,-3.041774630546569824e-01,6.989438533782958984e-01,1.250815838575363159e-01,-8.202379941940307617e-01,7.157770395278930664e-01,1.972679972648620605e+00,-5.912071466445922852e-01,1.010065749287605286e-01,6.099976301193237305e-01,2.393593825399875641e-02,5.731365680694580078e-01,-1.177842020988464355e+00,3.330100476741790771e-01,1.262136995792388916e-01,-3.879311680793762207e-01,4.915740489959716797e-01,-1.588797271251678467e-01,-3.934113085269927979e-01,-1.067794322967529297e+00,-4.165975451469421387e-01,-7.911052703857421875e-01,-9.294176101684570312e-01,-5.967717170715332031e-01,5.002620816230773926e-01,1.624450534582138062e-01,9.847075343132019043e-01,4.529356956481933594e-01,3.615765273571014404e-01,-2.091674327850341797e+00,-3.457776904106140137e-01,1.809686779975891113e+00,2.058749198913574219e+00,-6.409189105033874512e-01,-1.273730844259262085e-01,4.406145513057708740e-01,1.064892292022705078e+00,1.753791332244873047e+00,-5.832688212394714355e-01,-5.813689902424812317e-02,-4.144589900970458984e-01,1.097902655601501465e+00,1.857612133026123047e+00,-5.394548177719116211e-01,-3.222386837005615234e-01,-5.044757723808288574e-01,-4.613723456859588623e-01,1.033371448516845703e+00,7.001833915710449219e-01,-3.588873147964477539e-01,3.480255007743835449e-01,1.862604260444641113e+00,-4.467456638813018799e-01,-6.466526985168457031e-01,5.720073580741882324e-01,3.680839762091636658e-02,1.339680075645446777e+00,-2.385867685079574585e-01,1.559459328651428223e+00,-4.315290749073028564e-01,-4.682562500238418579e-02,1.389871358871459961e+00,-1.616265773773193359e+00,-5.512371659278869629e-01,-1.401876926422119141e+00,3.536617457866668701e-01,7.727461457252502441e-01,-9.432395100593566895e-01,-1.430455893278121948e-01,-2.242893457412719727e+00,3.333219289779663086e-01,2.793698608875274658e-01,-7.476912736892700195e-01,1.194964289665222168e+00,8.490356206893920898e-01,-5.431047081947326660e-01,1.676878631114959717e-01,1.658898830413818359e+00,4.966214001178741455e-01,-2.569215893745422363e-01,4.869505167007446289e-01,2.315555661916732788e-01,7.761195302009582520e-02,-5.345388650894165039e-01
1.009002804756164551e+00,-1.066766738891601562e+00,-4.100728631019592285e-01,-1.334093332290649414e+00,-1.150338426232337952e-01,-2.111070752143859863e-01,-1.665890961885452271e-01,-5.842988491058349609e-01,4.908531606197357178e-01,-1.026288270950317383e+00,-4.430598020553588867e-01,6.837746500968933105e-01,-1.081670284271240234e+00,-8.518352508544921875e-01,-1.664229393005371094e+00,-2.167966067790985107e-01,-1.200186848640441895e+00,5.960870534181594849e-02,-9.298697710037231445e-01,-1.077760457992553711e+00,-1.219923138618469238e+00,1.696208119392395020e-01,3.889586627483367920e-01,1.762336850166320801e+00,1.666503190994262695e+00,2.783586382865905762e-01,6.764279603958129883e-01,-4.514420032501220703e-01,1.230348706245422363e+00,-1.344152212142944336e+00,8.852032423019409180e-01,-3.663695454597473145e-01,1.385728240013122559e+00,4.759256839752197266e-01,-3.937436044216156006e-01,-7.602398395538330078e-01,2.093624830245971680e+00,1.957803845405578613e+00,1.971821784973144531e+00,1.329421848058700562e-01,-1.122144341468811035e+00,-3.726408779621124268e-01,4.328792989253997803e-01,-5.637531280517578125e-01,2.802112102508544922e+00,1.965427279472351074e+00,-5.128021836280822754e-01,3.519676625728607178e-02,5.687260627746582031e-01,-5.200205445289611816e-01,-3.283796608448028564e-01,8.220335245132446289e-01,9.020604491233825684e-01,-9.776713252067565918e-01,4.507862627506256104e-01,-2.352841377258300781e+00,-2.885141596198081970e-02,1.270948529243469238e+00,-2.623638808727264404e-01,1.538893699645996094e+00,5.708151459693908691e-01,-1.452758431434631348e+00,-6.063804626464843750e-01,1.082818508148193359e+00,9.441568851470947266e-01,-1.727065801620483398e+00,-1.285896062850952148e+00,-2.428402423858642578e+00,-3.826990127563476562e-01,7.159150242805480957e-01,-1.943920105695724487e-01,-6.237065792083740234e-01,2.445488423109054565e-01,5.369751453399658203e-01,-2.316159009933471680e+00,5.235904455184936523e-01,5.513454079627990723e-01,-5.401585698127746582e-01,2.021086663007736206e-01,-1.510124951601028442e-01,6.542040705680847168e-01,-1.139718532562255859e+00,1.231153368949890137e+00,2.717465348541736603e-02,1.050863862037658691e+00,1.719514250755310059e+00,6.775876134634017944e-02,1.734837055206298828e+00,3.251234591007232666e-01,2.683635652065277100e-01,-1.957716047763824463e-01,-1.742054462432861328e+00,8.117780089378356934e-01,1.006329417228698730e+00,-7.457184195518493652e-01,7.327733635902404785e-01,1.283752799034118652e+00,6.176005601882934570e-01,-8.158883452415466309e-01,8.557057380676269531e-01
-9.051511883735656738e-01,1.580623149871826172e+00,-1.447345495223999023e+00,1.446660459041595459e-01,5.992375612258911133e-01,-7.200219482183456421e-02,-1.581472754478454590e+00,-1.641968041658401489e-01,6.796357035636901855e-01,-5.465496182441711426e-01,-5.257657766342163086e-01,4.882859885692596436e-01,-8.841812610626220703e-01,-5.398712754249572754e-01,6.391859650611877441e-01,1.580381274223327637e+00,6.892607808113098145e-01,-1.540851712226867676e+00,-1.706369757652282715e+00,2.279642820358276367e+00,4.071231186389923096e-01,2.114496469497680664e+00,9.014601111412048340e-01,-1.064718484878540039e+00,8.603061437606811523e-01,4.544918537139892578e-01,-4.014619886875152588e-01,-2.960898876190185547e-01,-3.262352645397186279e-01,-9.218673706054687500e-01,-6.245625615119934082e-01,-1.141872167587280273e+00,-4.657600522041320801e-01,7.276802510023117065e-02,1.391709089279174805e+00,3.389549851417541504e-01,6.740292906761169434e-01,2.468412369489669800e-01,8.417962193489074707e-01,2.072502225637435913e-01,-6.563963890075683594e-01,3.619308397173881531e-02,-9.114863723516464233e-02,6.598721146583557129e-01,-2.397757530212402344e+00,1.650268673896789551e+00,1.022053480148315430e+00,-2.318646311759948730e-01,8.474836349487304688e-01,7.060148119926452637e-01,1.944446206092834473e+00,1.232578277587890625e+00,-8.390003442764282227e-01,-1.217537164688110352e+00,-3.906901776790618896e-01,-3.516920804977416992e-01,4.938451945781707764e-01,-1.813709735870361328e+00,-4.242292046546936035e-01,4.412145316600799561e-01,-3.944522440433502197e-01,-4.812021553516387939e-01,-3.525170087814331055e-01,-1.423903346061706543e+00,4.311699792742729187e-02,-1.087921783328056335e-01,-7.038199305534362793e-01,1.132332563400268555e+00,-1.003538846969604492e+00,-1.472409367561340332e+00,-6.931302547454833984e-01,1.474927783012390137e+00,-1.297114193439483643e-01,-1.459744095802307129e+00,-3.872503042221069336e-01,1.243751168251037598e+00,-1.238956689834594727e+00,-3.569591641426086426e-01,-1.155198574066162109e+00,-4.178378283977508545e-01,-6.696702446788549423e-03,4.887517094612121582e-01,1.428082108497619629e+00,6.526817083358764648e-01,-1.273407042026519775e-01,2.206435501575469971e-01,-7.293768972158432007e-02,2.708873748779296875e-01,6.651670932769775391e-01,3.255309462547302246e-01,-1.100396886467933655e-01,5.206224322319030762e-01,-1.426820635795593262e+00,-6.613366603851318359e-01,5.390100479125976562e-01,-7.802871614694595337e-02,-1.088853836059570312e+00,9.721413254737854004e-01,-3.621492981910705566e-01,1.576134920120239258e+00
-7.635951638221740723e-01,-6.279367208480834961e-01,8.251410722732543945e-02,1.021112322807312012e+00,8.299896717071533203e-01,-1.023230075836181641e+00,5.884930491447448730e-01,-1.152600884437561035e+00,4.777384996414184570e-01,6.441900730133056641e-01,-2.433541059494018555e+00,7.325569987297058105e-01,5.185062885284423828e-01,1.099891781806945801e+00,-2.097286462783813477e+00,1.149014234542846680e+00,-1.267702579498291016e+00,9.817851185798645020e-01,-1.179127812385559082e+00,1.310394525527954102e+00,6.167277693748474121e-01,-1.465059280395507812e+00,-4.662207365036010742e-01,-3.629530668258666992e-01,-8.261064887046813965e-01,-3.653447031974792480e-01,-1.604064106941223145e+00,-1.575208902359008789e+00,-2.710911929607391357e-01,-1.192701816558837891e+00,9.393111467361450195e-01,-3.281543552875518799e-01,8.362120389938354492e-01,-2.411049604415893555e-01,3.054859638214111328e-01,-1.617974996566772461e+00,-2.299257814884185791e-01,-6.576252579689025879e-01,-5.747540593147277832e-01,-2.562599480152130127e-01,8.316599130630493164e-01,-5.015230774879455566e-01,2.254677563905715942e-01,1.715757995843887329e-01,-9.702836275100708008e-01,-7.154566645622253418e-01,1.596053600311279297e+00,1.735532134771347046e-01,1.078146815299987793e+00,-9.420323371887207031e-01,-1.261807322502136230e+00,7.827625870704650879e-01,2.141284465789794922e+00,-6.832670569419860840e-01,-2.414950847625732422e+00,1.984797716140747070e-01,-6.199974194169044495e-02,-1.292754292488098145e+00,8.631215095520019531e-01,-5.237560868263244629e-01,-4.313280582427978516e-01,9.446986764669418335e-02,-7.654446363449096680e-01,-5.747317671775817871e-01,-4.638479351997375488e-01,1.528331488370895386e-01,3.919371366500854492e-01,-5.855228900909423828e-01,2.218023777008056641e+00,2.694123983383178711e-01,-7.722594141960144043e-01,1.115178465843200684e+00,2.193945884704589844e+00,1.966215968132019043e-01,-3.958751261234283447e-01,-9.584690332412719727e-01,-8.964730501174926758e-01,-3.489466607570648193e-01,1.175053939223289490e-01,-1.079504609107971191e+00,1.903562784194946289e+00,1.497403144836425781e+00,-1.161215782165527344e+00,7.911262512207031250e-01,6.125891804695129395e-01,-7.351696491241455078e-01,2.821121513843536377e-01,6.883059442043304443e-02,-7.416540384292602539e-01,-7.083311080932617188e-01,-4.096882939338684082e-01,2.263467460870742798e-01,-1.120039701461791992e+00,-1.986330151557922363e+00,1.415874838829040527e+00,-1.727122068405151367e-01,-9.097183942794799805e-01,6.180052757263183594e-01,-1.921207427978515625e+00,4.495945274829864502e-01
-1.394924044609069824e+00,4.845147728919982910e-01,9.050843715667724609e-01,-1.879773974418640137e+00,1.582713127136230469e-01,-3.494163751602172852e-01,-1.518673896789550781e+00,-2.138432741165161133e+00,6.609715223312377930e-01,-1.567931532859802246e+00,-3.304616212844848633e-01,-7.531591653823852539e-01,-2.121725320816040039e+00,8.529759049415588379e-01,1.847965955734252930e+00,-7.969834208488464355e-01,-9.748284220695495605e-01,-1.047386646270751953e+00,4.883341789245605469e-01,2.398744106292724609e+00,1.817721605300903320e+00,5.177359580993652344e-01,9.643120765686035156e-01,5.747475028038024902e-01,-3.016949295997619629e-01,4.235267341136932373e-01,-1.573563933372497559e+00,-6.612743735313415527e-01,-7.622786611318588257e-02,-1.612727791070938110e-01,-1.889712572097778320e+00,-1.074373602867126465e+00,-1.083740472793579102e+00,-1.039924383163452148e+00,2.264119625091552734e+00,1.440513491630554199e+00,3.169332742691040039e-01,-1.720132708549499512e+00,2.013477563858032227e+00,1.355499267578125000e+00,1.067086100578308105e+00,-4.302643239498138428e-01,4.984939694404602051e-01,-6.929116249084472656e-01,1.286873340606689453e+00,1.486210227012634277e+00,9.753251820802688599e-02,1.121783137321472168e+00,1.394732952117919922e+00,3.093364834785461426e-02,8.412768691778182983e-02,-3.151650726795196533e-02,-6.653394699096679688e-01,-2.648170888423919678e-01,2.090557962656021118e-01,-4.476378560066223145e-01,2.852531075477600098e-01,4.331738948822021484e-01,-9.590391516685485840e-01,2.924085259437561035e-01,-1.482328057289123535e+00,4.562574923038482666e-01,2.085378915071487427e-01,-6.960896849632263184e-01,9.251453280448913574e-01,-9.940484762191772461e-01,1.553026795387268066e+00,-2.726558148860931396e-01,-7.583542466163635254e-01,5.642979741096496582e-01,1.439901292324066162e-01,-1.879424691200256348e+00,-1.753214716911315918e+00,4.564512968063354492e-01,5.735362768173217773e-01,4.868558347225189209e-01,4.979531168937683105e-01,-8.882205002009868622e-03,-6.431185007095336914e-01,-2.818740308284759521e-01,-1.101387143135070801e+00,-3.713207840919494629e-01,2.571667194366455078e+00,-5.837508440017700195e-01,1.484284639358520508e+00,1.298335552215576172e+00,-1.596322059631347656e+00,1.044794917106628418e+00,-1.188325047492980957e+00,1.330798387527465820e+00,1.201652526855468750e+00,1.207794070243835449e+00,6.365836858749389648e-01,-4.144370853900909424e-01,-1.242729067802429199e+00,1.805383801460266113e+00,7.838265895843505859e-01,1.674831807613372803e-01,2.834037542343139648e-01,6.976594328880310059e-01
1.264994144439697266e-01,-5.708187222480773926e-01,-1.420877873897552490e-01,-3.045291006565093994e-01,8.504317402839660645e-01,9.131445735692977905e-02,9.986605495214462280e-02,-4.333152472972869873e-01,-4.578708112239837646e-01,-1.669589638710021973e+00,5.690457820892333984e-01,-9.902178049087524414e-01,-1.913069784641265869e-01,1.123160481452941895e+00,8.335714042186737061e-02,-5.957080721855163574e-01,-3.594059124588966370e-02,6.057435870170593262e-01,-4.054663479328155518e-01,1.549304008483886719e+00,2.885239839553833008e+00,5.881556868553161621e-01,9.464418888092041016e-01,5.357024073600769043e-01,-3.277494311332702637e-01,-7.012656927108764648e-01,-3.495947122573852539e-01,1.147253632545471191e+00,-8.816539645195007324e-01,-5.956622958183288574e-01,-2.048181593418121338e-01,-1.165274977684020996e+00,-1.847718358039855957e+00,-2.976013123989105225e-01,6.617555022239685059e-01,6.449069082736968994e-02,5.069130659103393555e-01,-4.706124365329742432e-01,6.183722019195556641e-01,-9.032825827598571777e-01,7.634706497192382812e-01,-2.631065547466278076e-01,1.451990008354187012e+00,2.785468660295009613e-02,1.285414695739746094e+00,8.974392414093017578e-01,-2.950822412967681885e-01,2.360389530658721924e-01,2.979302704334259033e-01,-6.398456096649169922e-01,-1.103584527969360352e+00,1.321721076965332031e+00,-5.819875001907348633e-01,2.044635057449340820e+00,-1.247897505760192871e+00,-1.252583503723144531e+00,-7.608749717473983765e-02,2.573841094970703125e+00,-1.035606861114501953e+00,-7.290853559970855713e-02,-3.239820599555969238e-01,-1.140702605247497559e+00,-7.231026887893676758e-01,2.720455408096313477e+00,8.680033683776855469e-01,1.172021150588989258e+00,-1.384777665138244629e+00,4.076639711856842041e-01,1.750599741935729980e+00,4.767630398273468018e-01,2.043907403945922852e+00,-4.254545569419860840e-01,-1.360218882560729980e+00,-3.533318340778350830e-01,8.427902460098266602e-01,-9.797564744949340820e-01,1.010405063629150391e+00,8.563562035560607910e-01,5.083265304565429688e-01,-2.532620906829833984e+00,3.317078053951263428e-01,7.324983179569244385e-02,-3.251497820019721985e-02,-8.585570454597473145e-01,1.069538712501525879e+00,5.461963415145874023e-01,-1.343889117240905762e+00,-1.185280680656433105e+00,-7.246487736701965332e-01,1.308595836162567139e-01,5.056617781519889832e-02,2.209806680679321289e+00,1.932897269725799561e-01,-1.506538629531860352e+00,5.796622633934020996e-01,8.744310140609741211e-01,-1.290534257888793945e+00,-1.572698473930358887e+00,-2.592563152313232422e+00,-4.281345605850219727e-01
8.060752749443054199e-01,-3.560099750757217407e-02,-9.739602208137512207e-01,-4.075860381126403809e-01,7.605617046356201172e-01,1.364129185676574707e+00,9.449420124292373657e-02,-7.889153957366943359e-01,-9.100931882858276367e-01,-7.142876982688903809e-01,-5.567320585250854492e-01,-6.265710592269897461e-01,4.673389494419097900e-01,2.207106649875640869e-01,1.604954123497009277e+00,8.729806542396545410e-01,-1.039144277572631836e+00,8.536964058876037598e-01,2.560655474662780762e-01,-2.436707973480224609e+00,9.364669322967529297e-01,2.915553092956542969e+00,1.015959233045578003e-01,-2.057384848594665527e-01,-4.139448106288909912e-01,-1.105369806289672852e+00,1.202758550643920898e-01,-3.540081977844238281e-01,-2.458699345588684082e-01,1.760057955980300903e-01,1.770813316106796265e-01,-3.580703973770141602e+00,2.251818180084228516e-01,-1.531581759452819824e+00,8.566939234733581543e-01,-5.476958155632019043e-01,-4.247206747531890869e-01,1.610282540321350098e+00,6.462309360504150391e-01,-1.000354051589965820e+00,-7.734117507934570312e-01,3.648590147495269775e-01,-8.379602432250976562e-01,-5.483867526054382324e-01,-4.940579831600189209e-01,-1.173556685447692871e+00,-1.094136714935302734e+00,-3.528363406658172607e-01,5.869143605232238770e-01,5.320867300033569336e-01,-8.528184890747070312e-01,-7.884332537651062012e-01,-1.427166163921356201e-01,-8.645359873771667480e-01,-2.680613994598388672e-01,-1.041860461235046387e+00,1.149139761924743652e+00,2.175364971160888672e+00,6.483185291290283203e-02,1.330029129981994629e+00,8.084640502929687500e-01,4.878928065299987793e-01,1.275942206382751465e+00,-7.349211722612380981e-02,1.540993928909301758e+00,1.019753962755203247e-01,-7.876721024513244629e-02,-2.790448069572448730e-01,-6.963412761688232422e-01,-1.012871384620666504e+00,-1.599949598312377930e+00,-1.148259401321411133e+00,-1.455883622169494629e+00,1.317705273628234863e+00,-1.098031178116798401e-01,5.957934260368347168e-01,9.817709326744079590e-01,5.235106945037841797e-01,-1.824823021888732910e+00,1.364673580974340439e-02,-6.169508099555969238e-01,5.807197093963623047e-01,-3.908933699131011963e-01,2.078118085861206055e+00,-4.477453529834747314e-01,2.900989353656768799e-02,1.150951504707336426e+00,-1.964237332344055176e+00,-5.373724699020385742e-01,4.299331307411193848e-01,-1.931368261575698853e-01,-7.344991713762283325e-02,2.277021884918212891e+00,-8.639872074127197266e-01,-1.074670791625976562e+00,-9.047760367393493652e-01,-2.821255028247833252e-01,1.361120462417602539e+00,7.180244326591491699e-01,-3.725227713584899902e-01
-6.009325981140136719e-01,1.129140183329582214e-01,-3.232308328151702881e-01,3.054902851581573486e-01,1.374732404947280884e-01,1.565252393484115601e-01,-1.526134490966796875e+00,1.673906207084655762e+00,-1.367740146815776825e-02,2.799842596054077148e+00,6.293630599975585938e-01,2.017704010009765625e+00,1.044692158699035645e+00,1.832911521196365356e-01,6.410474181175231934e-01,4.542469084262847900e-01,1.599430799484252930e+00,6.960654854774475098e-01,1.467819213867187500e+00,-2.740391492843627930e+00,4.764761030673980713e-01,-1.267805099487304688e+00,-5.395712852478027344e-01,-1.316062211990356445e+00,6.001974344253540039e-01,-9.862021803855895996e-01,4.530435502529144287e-01,-2.107764780521392822e-01,-1.251354664564132690e-01,4.863134622573852539e-01,1.226685047149658203e-01,6.270033121109008789e-01,-5.086020231246948242e-01,8.909484744071960449e-01,8.007991313934326172e-01,-1.790585398674011230e+00,-2.704761922359466553e-01,-2.372020334005355835e-01,-2.954213917255401611e-01,-2.401261329650878906e-01,1.920210719108581543e+00,8.451960086822509766e-01,-1.760578304529190063e-01,7.877401113510131836e-01,-2.686938643455505371e-01,-6.315975785255432129e-01,-2.762444913387298584e-01,1.455058902502059937e-02,8.800477385520935059e-01,1.991985082626342773e+00,4.645716249942779541e-01,-3.972234129905700684e-01,-1.493693470954895020e+00,-1.648825764656066895e+00,-1.876529574394226074e+00,1.467097401618957520e+00,-7.144554704427719116e-02,-3.762778639793395996e-01,1.123596787452697754e+00,-1.535330891609191895e+00,3.714197874069213867e-02,1.224741339683532715e+00,-5.996648669242858887e-01,8.542553782463073730e-01,3.065103292465209961e-01,-4.292843639850616455e-01,-9.716970920562744141e-01,-3.265613913536071777e-01,-1.305688023567199707e+00,9.433823227882385254e-01,-3.800537586212158203e-01,-1.476745843887329102e+00,-2.271922379732131958e-01,-2.466634035110473633e+00,3.063337206840515137e-01,1.458351254463195801e+00,2.192770391702651978e-01,-3.497770428657531738e-01,1.179267525672912598e+00,1.665369980037212372e-02,-1.654449224472045898e+00,-9.037293195724487305e-01,8.395541310310363770e-01,-1.989322662353515625e+00,1.164200603961944580e-01,5.802773833274841309e-01,3.675068318843841553e-01,1.835488975048065186e-01,7.743163704872131348e-01,1.285186707973480225e-01,1.136802732944488525e-01,5.138660669326782227e-01,1.186530590057373047e+00,-1.567956089973449707e+00,-1.128105163574218750e+00,9.980903863906860352e-01,-1.294684857130050659e-01,3.066016435623168945e-01,-5.015714764595031738e-01,9.242340922355651855e-01
1.477527618408203125e+00,7.335675954818725586e-01,1.246612429618835449e+00,1.034463882446289062e+00,6.241784095764160156e-01,1.557416200637817383e+00,-1.484540343284606934e+00,1.961092352867126465e-01,-4.209306836128234863e-01,6.086083054542541504e-01,7.401227355003356934e-01,-1.084904193878173828e+00,-1.191747546195983887e+00,1.529115438461303711e+00,2.060828208923339844e-01,-1.156080245971679688e+00,-3.342331349849700928e-01,7.825131416320800781e-01,9.588361978530883789e-01,-5.780510902404785156e-01,-2.400404661893844604e-01,-7.031280994415283203e-01,6.544135808944702148e-01,-7.740406692028045654e-02,1.628940105438232422e-01,8.848240971565246582e-01,-4.885208010673522949e-01,1.129981040954589844e+00,5.072664022445678711e-01,-6.493217349052429199e-01,-1.239135146141052246e+00,-1.804007589817047119e-01,4.126485884189605713e-01,-1.478943347930908203e+00,-1.864151000976562500e+00,7.590748667716979980e-01,-6.300222873687744141e-01,-1.616531372070312500e+00,1.449483394622802734e+00,-7.881470918655395508e-01,3.651912808418273926e-01,1.526149988174438477e+00,-7.442598342895507812e-01,1.335560441017150879e+00,-6.741288304328918457e-01,3.548034727573394775e-01,2.293611019849777222e-01,1.247635364532470703e+00,2.043602705001831055e+00,-4.095013141632080078e-01,-2.435398846864700317e-01,-6.385703682899475098e-01,5.191501975059509277e-01,-1.203932046890258789e+00,5.061250329017639160e-01,2.312804162502288818e-01,3.070860207080841064e-01,1.114950418472290039e+00,-6.482377052307128906e-01,1.629438638687133789e+00,-3.240447044372558594e-01,1.867491006851196289e+00,-5.637010335922241211e-01,7.069146037101745605e-01,-1.978264331817626953e+00,1.729092240333557129e+00,-9.754791855812072754e-01,-1.017396748065948486e-01,-1.836149096488952637e+00,-6.065253019332885742e-01,5.335538387298583984e-01,-9.921142458915710449e-01,-7.564464807510375977e-01,7.364543080329895020e-01,4.381901323795318604e-01,5.469350218772888184e-01,-2.928736209869384766e-01,-8.943410515785217285e-01,9.895437955856323242e-01,8.078075647354125977e-01,-3.392571806907653809e-01,-1.245058700442314148e-01,1.231090575456619263e-01,4.114175736904144287e-01,8.905733227729797363e-01,9.649674892425537109e-01,9.503740072250366211e-01,2.445516288280487061e-01,-1.039342507719993591e-01,9.319437742233276367e-01,7.283961176872253418e-01,1.371847510337829590e+00,2.511493861675262451e-01,1.711906790733337402e+00,-2.721429586410522461e+00,1.514639377593994141e+00,-2.249760627746582031e+00,5.406782627105712891e-01,-1.383415609598159790e-01,-8.255726695060729980e-01
-8.182479739189147949e-01,-4.901548326015472412e-01,-3.541817069053649902e-01,4.557245075702667236e-01,-1.583380550146102905e-01,-4.251650869846343994e-01,-1.418462276458740234e+00,-1.279927611351013184e+00,3.793263733386993408e-01,7.661839127540588379e-01,2.968041598796844482e-01,-1.060901165008544922e+00,-8.917872905731201172e-01,3.374993085861206055e+00,-8.798311948776245117e-01,-2.478481769561767578e+00,-1.112852811813354492e+00,-3.816415965557098389e-01,4.575138390064239502e-01,1.203697085380554199e+00,1.846311330795288086e+00,-1.023486733436584473e+00,-1.045672371983528137e-01,9.798656702041625977e-01,9.606568813323974609e-01,-4.747823476791381836e-01,-1.069666147232055664e+00,8.699563145637512207e-01,-1.286607503890991211e+00,9.939052164554595947e-02,-2.326804637908935547e+00,5.047062039375305176e-01,3.703366518020629883e-01,-1.024502873420715332e+00,-4.589923024177551270e-01,2.434008121490478516e+00,1.100044250488281250e+00,-3.058615624904632568e-01,3.661137223243713379e-01,7.465201020240783691e-01,2.562609268352389336e-03,-1.441834926605224609e+00,-3.368943929672241211e-01,-5.506058335304260254e-01,-1.531109094619750977e+00,-1.206929206848144531e+00,-5.032683014869689941e-01,-4.277164340019226074e-01,-1.906876206398010254e+00,5.459985136985778809e-01,9.202056527137756348e-01,-4.022209048271179199e-01,1.360654830932617188e+00,2.054413706064224243e-01,-2.208648443222045898e+00,-3.370026350021362305e-01,2.604085505008697510e-01,6.348837912082672119e-02,-9.969025254249572754e-01,-9.999716877937316895e-01,-1.165875513106584549e-02,1.285623192787170410e+00,6.207069158554077148e-01,-8.705603480339050293e-01,-3.749296367168426514e-01,-6.037083864212036133e-01,1.952090978622436523e+00,3.974826633930206299e-01,-1.031777024269104004e+00,1.322224020957946777e+00,-3.410638310015201569e-03,1.618739604949951172e+00,1.020847797393798828e+00,-5.376009941101074219e-01,2.548696994781494141e-01,1.692814707756042480e+00,-1.174419403076171875e+00,-1.918588519096374512e+00,4.274075031280517578e-01,1.942164897918701172e-01,-1.806673705577850342e-01,-2.494632005691528320e+00,8.505032062530517578e-01,1.074763417243957520e+00,-2.392765879631042480e-02,-1.472278475761413574e+00,-1.084315896034240723e+00,-4.900321066379547119e-01,1.852687448263168335e-01,-1.234874248504638672e+00,-8.666886091232299805e-01,1.501630902290344238e+00,2.289653122425079346e-01,-2.033993959426879883e+00,-5.125188827514648438e-01,1.041814446449279785e+00,2.201152294874191284e-01,5.781175494194030762e-01,3.331652283668518066e-01,-1.457217812538146973e+00
4.246454536914825439e-01,2.443619251251220703e+00,1.575456932187080383e-02,2.004756778478622437e-01,-7.140673398971557617e-01,6.237542033195495605e-01,-1.033860445022583008e+00,2.891699552536010742e+00,1.241070508956909180e+00,-9.017519354820251465e-01,4.024987518787384033e-01,1.142667055130004883e+00,1.175949931144714355e+00,-7.855637073516845703e-01,-5.083894357085227966e-02,5.639791488647460938e-01,-6.427810788154602051e-01,5.349860787391662598e-01,-3.283309936523437500e-01,1.689446210861206055e+00,-1.009599804878234863e+00,7.329778671264648438e-01,-1.825738698244094849e-01,-4.204659759998321533e-01,-1.725050926208496094e+00,2.009461075067520142e-01,5.811070203781127930e-01,8.306734561920166016e-01,-2.874281406402587891e-01,-3.464840352535247803e-02,1.651335477828979492e+00,-9.276634454727172852e-02,-8.493779301643371582e-01,1.075304865837097168e+00,1.670798845589160919e-02,1.410943150520324707e+00,-2.351191520690917969e+00,3.191163837909698486e-01,6.357378363609313965e-01,-1.466984868049621582e+00,-2.706331253051757812e+00,1.341298699378967285e+00,2.363512665033340454e-01,-4.311732053756713867e-01,1.020946979522705078e+00,1.494710564613342285e+00,-3.430817127227783203e-01,1.676028408110141754e-02,-7.265267372131347656e-01,2.567004859447479248e-01,4.986738264560699463e-01,1.583913922309875488e+00,-5.809690952301025391e-01,-4.616196155548095703e-01,1.074033260345458984e+00,1.954798817634582520e+00,8.727762103080749512e-02,4.586829543113708496e-01,-2.866191387176513672e+00,1.872626990079879761e-01,8.138548582792282104e-02,-1.206087946891784668e+00,-8.377458453178405762e-01,6.930614709854125977e-01,7.396488189697265625e-01,-9.780695438385009766e-01,-6.177110671997070312e-01,-1.089297771453857422e+00,3.037836253643035889e-01,4.242097735404968262e-01,-8.755064010620117188e-01,-1.108787655830383301e+00,-1.089606881141662598e-01,-5.507808178663253784e-02,-8.141676783561706543e-01,-2.582658231258392334e-01,-4.325353801250457764e-01,4.254679009318351746e-02,-7.470737695693969727e-01,7.747704386711120605e-01,3.895858824253082275e-01,-3.190983235836029053e-01,-1.070259883999824524e-01,-7.428742647171020508e-01,1.385171651840209961e+00,-8.467945456504821777e-01,3.918171823024749756e-01,-4.445165097713470459e-01,-2.489184886217117310e-01,1.447193384170532227e+00,6.807459592819213867e-01,-1.547101885080337524e-01,-5.230220556259155273e-01,-6.707550883293151855e-01,8.871344327926635742e-01,1.403311371803283691e+00,-1.394053101539611816e+00,1.251291751861572266e+00,5.207136869430541992e-01,-8.058701157569885254e-01
7.167237997055053711e-01,2.861213386058807373e-01,2.761454582214355469e-01,-2.589039802551269531e-01,-7.617303729057312012e-01,-6.249470114707946777e-01,-7.402244489639997482e-03,8.589592576026916504e-02,-4.880439341068267822e-01,-2.664923965930938721e-01,1.203176021575927734e+00,3.618689775466918945e-01,-6.575078964233398438e-01,-4.335277974605560303e-01,7.349554300308227539e-01,-2.449444681406021118e-01,-1.313639640808105469e+00,-5.110175013542175293e-01,-1.288313388824462891e+00,-9.548285603523254395e-02,-1.465474009513854980e+00,-3.717467486858367920e-01,1.959901452064514160e+00,9.728914499282836914e-01,-1.469296813011169434e+00,-1.648072302341461182e-01,2.448476850986480713e-01,-7.422900795936584473e-01,-1.008825063705444336e+00,-1.326369047164916992e-01,-8.074808716773986816e-01,1.254531502723693848e+00,-2.758974134922027588e-01,3.175994753837585449e-01,-3.461830615997314453e-01,-2.921543419361114502e-01,-1.622797548770904541e-01,2.254374176263809204e-01,3.509246110916137695e-01,2.061587095260620117e+00,2.377361804246902466e-02,4.107013642787933350e-01,-1.232137680053710938e+00,-5.584536194801330566e-01,2.918846607208251953e+00,-7.688495516777038574e-01,-3.918133676052093506e-02,9.345579147338867188e-01,-1.102107286453247070e+00,5.397833883762359619e-02,-1.807566165924072266e+00,8.136535882949829102e-01,6.731670498847961426e-01,-6.563721895217895508e-01,-6.558901667594909668e-01,-1.628746628761291504e+00,-8.943863511085510254e-01,1.069188117980957031e-03,5.674889683723449707e-01,-9.065440893173217773e-01,3.887501955032348633e-01,-4.767031669616699219e-01,6.638026237487792969e-01,-2.064517736434936523e+00,1.221377611160278320e+00,2.879686467349529266e-02,-2.670250236988067627e-01,-7.705309987068176270e-01,5.215767025947570801e-02,1.522315382957458496e+00,-7.812029123306274414e-01,8.926513791084289551e-01,5.462052226066589355e-01,1.166740655899047852e+00,-1.223985314369201660e+00,8.623776435852050781e-01,8.592051863670349121e-01,-5.098108649253845215e-01,-3.990533649921417236e-01,-2.329907178878784180e+00,-4.525269195437431335e-02,-3.736396729946136475e-01,-1.985398679971694946e-01,2.083379507064819336e+00,-1.290400981903076172e+00,-4.577548801898956299e-01,5.675985813140869141e-01,4.825533032417297363e-01,-7.486891746520996094e-01,-3.550051152706146240e-01,-9.360151290893554688e-01,-6.960823535919189453e-01,2.638870179653167725e-01,-1.025836586952209473e+00,3.884811103343963623e-01,1.289798617362976074e+00,-1.010075092315673828e+00,3.809609413146972656e-01,1.492600202560424805e+00,-8.440883830189704895e-03
4.220379292964935303e-01,7.887757420539855957e-01,3.162429928779602051e-01,1.387434363365173340e+00,-1.304566025733947754e+00,2.208697557449340820e+00,1.852952361106872559e+00,-3.061983883380889893e-01,7.821575403213500977e-01,-2.266042828559875488e-01,1.153957366943359375e+00,-1.532473802566528320e+00,-1.127501845359802246e+00,-2.664708137512207031e+00,1.027920484542846680e+00,-1.322351813316345215e+00,2.550729513168334961e-01,2.466205656528472900e-01,1.902986764907836914e+00,-2.726943492889404297e-01,1.099595203995704651e-01,6.048167943954467773e-01,1.463819384574890137e+00,-2.358972281217575073e-01,-6.087327003479003906e-01,-1.562618255615234375e+00,-1.130460619926452637e+00,-1.149595260620117188e+00,-6.427990794181823730e-01,-6.518554091453552246e-01,-5.068228840827941895e-01,1.538420915603637695e+00,-6.214635968208312988e-01,-6.456223130226135254e-01,-7.584644556045532227e-01,-2.678205668926239014e-01,8.515244126319885254e-01,-1.148158431053161621e+00,-2.624767720699310303e-01,-9.943350218236446381e-03,-2.739294052124023438e+00,2.098026871681213379e-01,-3.859465718269348145e-01,1.271168589591979980e+00,1.582398638129234314e-02,4.596683681011199951e-01,9.094869494438171387e-01,-7.620974183082580566e-01,1.415991783142089844e+00,5.014446973800659180e-01,-3.080434799194335938e-01,-1.702732801437377930e+00,6.377748250961303711e-01,-4.664974212646484375e-01,-2.045725345611572266e+00,-8.537470698356628418e-01,1.583230018615722656e+00,-1.044449090957641602e+00,2.281177282333374023e+00,9.771653413772583008e-01,9.759918451309204102e-01,-9.124595522880554199e-01,2.983331084251403809e-01,-5.546764135360717773e-01,6.132249236106872559e-01,-2.073565959930419922e+00,1.255490034818649292e-01,-2.324621438980102539e+00,7.413852810859680176e-01,-4.915857911109924316e-01,8.439056873321533203e-01,-1.232045888900756836e+00,1.054587602615356445e+00,-7.049030065536499023e-01,1.129904150962829590e+00,1.474520444869995117e+00,1.070876955986022949e+00,-1.280094623565673828e+00,1.511733651161193848e+00,8.272679522633552551e-03,-7.496082037687301636e-02,-1.480851769447326660e-01,-1.000487446784973145e+00,6.867431402206420898e-01,5.369054079055786133e-01,1.563752532005310059e+00,-6.717637181282043457e-01,-1.182305574417114258e+00,2.174295037984848022e-01,5.686850547790527344e-01,4.277411699295043945e-01,-2.131038665771484375e+00,-1.621532797813415527e+00,-6.232543587684631348e-01,6.571803689002990723e-01,4.345220327377319336e-01,-6.217846870422363281e-01,1.000910997390747070e+00,-1.792478561401367188e+00,7.304313182830810547e-01
9.053708910942077637e-01,-1.006585955619812012e+00,-2.890450358390808105e-01,-5.968643426895141602e-01,2.195728302001953125e+00,-1.068335890769958496e+00,3.628072440624237061e-01,-1.756645441055297852e+00,7.573817968368530273e-01,8.680158257484436035e-01,1.651893734931945801e+00,-8.192429542541503906e-01,-3.311114311218261719e-01,-2.358922243118286133e+00,-5.099434852600097656e-01,1.011261105537414551e+00,3.571058213710784912e-01,-1.052813902497291565e-01,2.443548440933227539e-01,5.007740855216979980e-01,6.559131741523742676e-01,9.454627037048339844e-01,-1.136316537857055664e+00,-1.642443776130676270e+00,-1.549444913864135742e+00,1.179594516754150391e+00,1.236464738845825195e+00,6.392852067947387695e-01,2.609396278858184814e-01,5.819348096847534180e-01,-9.658376574516296387e-01,6.139148473739624023e-01,7.992512583732604980e-01,1.802363991737365723e+00,-6.461279839277267456e-02,-1.307369232177734375e+00,-5.318697690963745117e-01,-7.563603520393371582e-01,5.551411509513854980e-01,6.785634756088256836e-01,7.876282930374145508e-01,9.129266738891601562e-01,-9.823336005210876465e-01,-9.925001263618469238e-01,-1.180685997009277344e+00,-4.617978930473327637e-01,8.632866144180297852e-01,1.560092419385910034e-01,-3.470199704170227051e-01,8.945180773735046387e-01,1.332020759582519531e+00,7.753400206565856934e-01,-4.011205136775970459e-01,1.109746694564819336e+00,-6.270341575145721436e-02,3.393382132053375244e-01,9.797214269638061523e-01,-1.376384139060974121e+00,-8.882034420967102051e-01,1.245982766151428223e+00,2.349781841039657593e-01,6.752758026123046875e-01,3.500195741653442383e-01,-1.300096392631530762e+00,8.388786315917968750e-01,-4.264201596379280090e-02,-4.687424376606941223e-02,-1.027064204216003418e+00,8.308374881744384766e-01,-1.778853297233581543e+00,1.165440455079078674e-01,1.413300037384033203e+00,1.251558184623718262e+00,5.017112940549850464e-02,1.402603149414062500e+00,5.761692523956298828e-01,-6.821559369564056396e-02,3.636520504951477051e-01,9.031965732574462891e-01,1.981473714113235474e-01,4.672470986843109131e-01,1.111549735069274902e+00,1.535124421119689941e+00,-3.028494119644165039e-01,1.343866944313049316e+00,1.099068045616149902e+00,1.029333829879760742e+00,1.040536612272262573e-01,4.333651363849639893e-01,6.471860408782958984e-02,-1.648519873619079590e+00,7.395920753479003906e-01,-1.179672703146934509e-01,1.923405885696411133e+00,-1.406141757965087891e+00,-4.390943348407745361e-01,1.716376900672912598e+00,-2.584802806377410889e-01,-1.382179260253906250e+00,-2.487231254577636719e+00
2.671118080615997314e-01,-8.959132432937622070e-01,3.089728355407714844e-01,-1.235777854919433594e+00,5.082022547721862793e-01,-2.473351359367370605e-01,2.044004946947097778e-01,-7.358695864677429199e-01,-1.721078872680664062e+00,1.267678976058959961e+00,1.255731821060180664e+00,-5.713213086128234863e-01,-1.857766032218933105e+00,-2.555633187294006348e-01,1.923262238502502441e+00,-5.861637648195028305e-03,-5.920530557632446289e-01,-6.844497323036193848e-01,-7.087197899818420410e-01,4.018858075141906738e-01,-6.268519163131713867e-01,-2.180237174034118652e-01,1.160183191299438477e+00,7.544603943824768066e-01,1.190445199608802795e-01,-3.849759399890899658e-01,8.338060975074768066e-01,7.361274957656860352e-01,2.265386432409286499e-01,-4.574827849864959717e-01,-9.990191087126731873e-03,5.715656876564025879e-01,-1.501341342926025391e+00,-1.373496055603027344e+00,-1.774555325508117676e+00,5.648572444915771484e-01,-9.101778864860534668e-01,-6.194870173931121826e-02,1.416185021400451660e+00,6.350851655006408691e-01,5.215791463851928711e-01,-1.449264585971832275e-01,-2.101484537124633789e+00,2.109948396682739258e+00,-1.403913497924804688e-01,-1.107304096221923828e+00,-5.066051706671714783e-02,-2.388335764408111572e-01,1.504019349813461304e-01,-1.418894410133361816e+00,7.014001160860061646e-02,-1.733252853155136108e-01,6.657698154449462891e-01,-1.959582120180130005e-01,-1.070100903511047363e+00,-1.858782917261123657e-01,1.225061893463134766e+00,-9.334238767623901367e-01,5.879428982734680176e-01,1.620822668075561523e+00,-1.437854319810867310e-01,3.939384520053863525e-01,-1.035525321960449219e+00,-2.799060940742492676e-01,-4.052600562572479248e-01,9.222637414932250977e-01,-3.836817741394042969e-01,-7.114323973655700684e-01,-1.689948558807373047e+00,7.863607406616210938e-01,1.028061270713806152e+00,-2.478666305541992188e-01,8.591067790985107422e-01,9.300668835639953613e-01,-2.029187530279159546e-01,-3.628897070884704590e-01,-1.700603723526000977e+00,1.605458408594131470e-01,3.563497066497802734e-01,5.729271173477172852e-01,4.722772836685180664e-01,1.913870275020599365e-01,6.897881627082824707e-01,-1.612528443336486816e+00,1.167974829673767090e+00,7.407349944114685059e-01,-5.953376293182373047e-01,1.301273822784423828e+00,9.020141959190368652e-01,-1.096954345703125000e+00,1.171573996543884277e-01,1.329998254776000977e+00,-2.772363722324371338e-01,1.141164898872375488e+00,8.919690251350402832e-01,2.505320310592651367e-01,-6.990070939064025879e-01,-7.153068184852600098e-01,-2.960636615753173828e-01,4.848635792732238770e-01
7.112794518470764160e-01,-5.808321833610534668e-01,1.543253898620605469e+00,-8.552461266517639160e-01,-1.316026329994201660e+00,-3.608148694038391113e-01,1.354133963584899902e+00,8.638554811477661133e-01,6.336012482643127441e-01,-7.815627455711364746e-01,-9.938416481018066406e-01,8.898263573646545410e-01,-5.267897248268127441e-01,3.646243512630462646e-01,1.492562294006347656e+00,6.952661871910095215e-01,1.619586467742919922e+00,-2.376797646284103394e-01,9.186398386955261230e-01,-9.920978546142578125e-01,4.043222367763519287e-01,-2.897237837314605713e-01,5.294373631477355957e-01,-1.456401467323303223e+00,-2.942757844924926758e+00,-9.593619108200073242e-01,2.134461849927902222e-01,-3.512390255928039551e-01,5.730262398719787598e-01,2.209558337926864624e-01,3.401493728160858154e-01,-1.125704169273376465e+00,-3.419009745121002197e-01,-1.383546471595764160e+00,-2.064059734344482422e+00,-3.068853914737701416e-01,1.290423750877380371e+00,-7.207505106925964355e-01,2.599124610424041748e-02,1.405348777770996094e+00,-1.030028343200683594e+00,8.103215098381042480e-01,6.897155642509460449e-01,-7.683364748954772949e-01,1.783549189567565918e+00,1.130032300949096680e+00,1.653102040290832520e-02,-3.827888667583465576e-01,-1.155474781990051270e+00,-2.271016836166381836e-01,1.408777117729187012e+00,-4.214860498905181885e-02,1.087076783180236816e+00,9.917904138565063477e-01,-1.944509983062744141e+00,1.050478965044021606e-01,-5.170491337776184082e-01,2.563199996948242188e-01,1.259797662496566772e-01,-8.169279247522354126e-02,-1.708951890468597412e-01,1.545914560556411743e-01,-1.099439144134521484e+00,-7.828883528709411621e-01,-8.514574170112609863e-01,1.114240169525146484e+00,6.529714465141296387e-01,7.019398212432861328e-01,-3.887151777744293213e-01,-3.661477863788604736e-01,7.759012579917907715e-01,-2.308096647262573242e+00,-1.297151207923889160e+00,1.087384104728698730e+00,3.302696719765663147e-02,-1.069793462753295898e+00,3.398284912109375000e-01,4.894642829895019531e-01,-1.320425152778625488e+00,6.561332941055297852e-01,-1.222068667411804199e+00,-2.287895679473876953e+00,4.980201721191406250e-01,3.836439251899719238e-01,-2.622234106063842773e+00,-5.211971998214721680e-01,-1.481653928756713867e+00,1.376630187034606934e+00,-3.156397640705108643e-01,1.709081649780273438e+00,-1.604765772819519043e+00,-1.596201658248901367e+00,4.158142209053039551e-02,-2.797606289386749268e-01,1.061291337013244629e+00,-5.098475813865661621e-01,5.705937147140502930e-01,-1.537601232528686523e+00,-1.086489915847778320e+00,1.216686010360717773e+00
-7.654986977577209473e-01,-7.170385122299194336e-01,8.168499469757080078e-01,-6.426067948341369629e-01,1.204213023185729980e+00,3.825134634971618652e-01,-1.117890000343322754e+00,3.896532207727432251e-02,2.776640892028808594e+00,-7.075637578964233398e-01,-3.496119081974029541e-01,2.154855430126190186e-01,3.372215926647186279e-01,-2.043466091156005859e+00,-4.404315352439880371e-01,-1.688983917236328125e+00,-9.232344031333923340e-01,6.891176104545593262e-01,-5.684599876403808594e-01,-2.489911913871765137e-01,2.423352748155593872e-01,1.162690401077270508e+00,1.475380182266235352e+00,-1.596477150917053223e+00,-7.849307060241699219e-01,1.920723766088485718e-01,3.127228319644927979e-01,2.763089537620544434e-01,-2.360059767961502075e-01,-3.227224946022033691e-02,-8.238102793693542480e-01,-5.818512439727783203e-01,-9.706991314888000488e-01,-4.090101718902587891e-01,-2.719218492507934570e+00,-2.029181718826293945e+00,-7.585264444351196289e-01,4.392577111721038818e-01,6.755118370056152344e-01,-1.503837704658508301e-01,6.295903921127319336e-01,1.439437866210937500e+00,6.956616640090942383e-01,-3.144571483135223389e-01,-3.845820426940917969e-01,-8.351764082908630371e-02,-1.131552338600158691e+00,-6.620932817459106445e-01,2.057057857513427734e+00,-4.046752154827117920e-01,-4.836525321006774902e-01,-7.745916489511728287e-03,1.043742537498474121e+00,-1.320215582847595215e+00,1.802775502204895020e+00,-7.483562231063842773e-01,-4.208855926990509033e-01,-8.207775950431823730e-01,1.725409865379333496e+00,-2.244852632284164429e-01,-6.437305808067321777e-01,8.339838981628417969e-01,2.117052227258682251e-01,1.462558031082153320e+00,-7.983638644218444824e-01,-1.480572968721389771e-01,1.257003188133239746e+00,-9.922769665718078613e-01,1.413817750290036201e-03,-5.878454446792602539e-01,-2.950724959373474121e-01,-2.093019634485244751e-01,-1.499792188405990601e-01,-2.325803488492965698e-01,1.319074988365173340e+00,-4.830842092633247375e-02,5.554391741752624512e-01,-2.732663452625274658e-01,-2.612116634845733643e-01,3.583599328994750977e-01,-6.502853035926818848e-01,-1.521791964769363403e-01,-2.160699129104614258e+00,7.038626074790954590e-02,-1.285527229309082031e+00,4.467483609914779663e-03,-8.469029068946838379e-01,-5.142957568168640137e-01,9.910429120063781738e-01,-6.926742196083068848e-01,4.747607707977294922e-01,-1.612045407295227051e+00,5.405765175819396973e-01,7.980927228927612305e-01,-1.099343538284301758e+00,-1.934001035988330841e-02,6.997314095497131348e-01,5.107982754707336426e-01,1.431151390075683594e+00,-3.142468035221099854e-01
-4.297440350055694580e-01,1.617588251829147339e-01,-7.463727593421936035e-01,-2.253703773021697998e-01,3.472715914249420166e-01,2.036465644836425781e+00,1.152986526489257812e+00,-9.287829399108886719e-01,2.314790248870849609e+00,3.188495635986328125e-01,1.837978482246398926e+00,-8.416878581047058105e-01,1.197928786277770996e+00,1.168647408485412598e+00,-2.617370896041393280e-02,-2.207943439483642578e+00,-1.027176976203918457e+00,-1.188833788037300110e-01,-2.001878805458545685e-02,-9.522357583045959473e-02,-1.107855886220932007e-01,-6.715950369834899902e-02,9.209944307804107666e-02,-1.745605230331420898e+00,-9.106504321098327637e-01,-2.690587043762207031e-01,-4.785243570804595947e-01,1.946226239204406738e+00,8.943222165107727051e-01,5.097581148147583008e-01,-9.632536172866821289e-01,-1.690320134162902832e+00,-1.148398160934448242e+00,-3.768484294414520264e-01,-1.062057018280029297e+00,8.946159482002258301e-01,-1.468274444341659546e-01,-8.771243095397949219e-01,-1.299091815948486328e+00,2.612569332122802734e-01,-3.570102751255035400e-01,-9.924537539482116699e-01,1.906817555427551270e+00,7.677140235900878906e-01,8.264277712441980839e-04,-1.804628968238830566e-01,1.674386739730834961e+00,-7.451220154762268066e-01,-5.754135251045227051e-01,9.193424582481384277e-01,1.308922171592712402e+00,-2.003263950347900391e+00,-2.491701096296310425e-01,-9.384275078773498535e-01,-1.861924409866333008e+00,4.030868783593177795e-02,8.324865102767944336e-01,-3.282534480094909668e-01,1.153942942619323730e+00,5.576942861080169678e-02,5.875027272850275040e-03,2.703175134956836700e-02,-1.030928015708923340e+00,4.730829298496246338e-01,-7.936701774597167969e-01,7.628939151763916016e-01,8.926410079002380371e-01,-2.195032835006713867e+00,2.250701189041137695e-01,-1.282145619392395020e+00,1.073711276054382324e+00,9.225881099700927734e-01,-1.505424022674560547e+00,-9.959312677383422852e-01,-4.185318648815155029e-01,1.723190426826477051e+00,5.731034278869628906e-01,1.141977429389953613e+00,-4.390085637569427490e-01,-3.451003134250640869e-01,5.119611620903015137e-01,7.120869755744934082e-01,1.855108141899108887e+00,-2.753683567047119141e+00,1.597215533256530762e-01,5.806621909141540527e-01,1.196315169334411621e+00,1.187541484832763672e-01,1.262314677238464355e+00,-1.011892795562744141e+00,-3.910547494888305664e-01,-1.040871500968933105e+00,2.431681901216506958e-01,2.861943840980529785e-01,-3.715877830982208252e-01,-1.875890977680683136e-02,7.209440469741821289e-01,-1.126828789710998535e+00,-1.124364137649536133e+00,-3.233978748321533203e-01
-4.734014272689819336e-01,-1.783044040203094482e-01,-1.487108230590820312e+00,-2.182079315185546875e+00,1.198667883872985840e-01,1.344065785408020020e+00,6.413781046867370605e-01,1.452060341835021973e+00,1.816397070884704590e+00,8.249451518058776855e-01,-3.586621284484863281e-01,-1.119997501373291016e+00,9.195028543472290039e-01,-1.700889110565185547e+00,-1.870159387588500977e+00,-1.343916654586791992e-01,-3.438220620155334473e-01,6.110222935676574707e-01,-7.725304365158081055e-01,1.004423141479492188e+00,-4.064467847347259521e-01,1.131725460290908813e-01,2.476566076278686523e+00,-7.124068140983581543e-01,4.259399175643920898e-01,-1.794463276863098145e+00,-1.581274986267089844e+00,-4.162492156028747559e-01,1.072663217782974243e-01,-3.003478748723864555e-03,-1.454688757658004761e-01,-1.373571991920471191e+00,-1.573871076107025146e-01,7.667282819747924805e-01,8.701276779174804688e-01,4.293779432773590088e-01,3.863978087902069092e-01,-7.517502903938293457e-01,3.261515498161315918e-01,-3.395656049251556396e-01,1.045229792594909668e+00,-6.709423065185546875e-01,-7.913514040410518646e-03,1.251306533813476562e+00,-1.456171631813049316e+00,9.615699648857116699e-01,6.104146838188171387e-01,-9.773972630500793457e-01,8.063917160034179688e-01,-2.088631987571716309e-01,9.448408484458923340e-01,-1.031617879867553711e+00,5.450832247734069824e-01,-2.035030364990234375e+00,4.645255804061889648e-01,1.085247278213500977e+00,-4.829666763544082642e-02,-9.745062589645385742e-01,5.123333930969238281e-01,-1.759989410638809204e-01,2.980974502861499786e-02,-1.709686160087585449e+00,-7.639904618263244629e-01,7.902868390083312988e-01,-5.365034341812133789e-01,7.966204881668090820e-01,1.863283962011337280e-01,1.740019202232360840e+00,5.423068404197692871e-01,-5.215620994567871094e-02,-3.685035705566406250e-01,-2.157115638256072998e-01,1.456868171691894531e+00,5.626606345176696777e-01,3.910862803459167480e-01,9.083325266838073730e-01,6.931215524673461914e-01,1.772169709205627441e+00,5.581834316253662109e-01,-2.276867814362049103e-02,7.500862479209899902e-01,8.300695419311523438e-01,1.948662519454956055e+00,-1.021396040916442871e+00,3.041839599609375000e-01,6.797254830598831177e-02,6.043392419815063477e-01,-4.166535735130310059e-01,1.420727014541625977e+00,5.128706693649291992e-01,1.891079694032669067e-01,-2.800749540328979492e-01,1.728736311197280884e-01,2.557811260223388672e+00,7.551016211509704590e-01,5.039588212966918945e-01,-1.112169027328491211e+00,1.995290040969848633e+00,6.266889572143554688e-01,1.100371479988098145e-01
-1.654217958450317383e+00,-6.172515153884887695e-01,7.620927691459655762e-02,-1.609372645616531372e-01,7.174428701400756836e-01,8.477802872657775879e-01,-4.085632860660552979e-01,-1.412819623947143555e+00,7.028661370277404785e-01,2.552836537361145020e-01,2.250511795282363892e-01,-1.440333724021911621e-01,-8.407702445983886719e-01,-8.675315380096435547e-01,-6.274004578590393066e-01,-1.853636264801025391e+00,-1.411610364913940430e+00,-8.927444815635681152e-01,2.360874265432357788e-01,1.489381790161132812e-01,6.710655689239501953e-01,-1.002853274345397949e+00,9.407162070274353027e-01,-1.793470263481140137e+00,1.350065350532531738e+00,-1.173151493072509766e+00,-2.108310222625732422e+00,5.533719062805175781e-01,3.439667448401451111e-02,-7.583667039871215820e-01,-2.195722818374633789e+00,1.339692473411560059e+00,-6.012204885482788086e-01,-9.237306714057922363e-01,-7.973483800888061523e-01,6.034567952156066895e-01,-2.918323278427124023e-01,1.368805885314941406e+00,-3.632988035678863525e-01,-1.050551891326904297e+00,3.220073878765106201e-01,4.467686414718627930e-01,7.164735794067382812e-01,-1.221575617790222168e+00,1.159108519554138184e+00,3.502308428287506104e-01,5.118867158889770508e-01,-1.075341701507568359e+00,5.010241270065307617e-01,1.568560719490051270e+00,9.558361023664474487e-02,-6.838490962982177734e-01,-5.155495405197143555e-01,1.772779107093811035e+00,2.184820413589477539e+00,1.466298848390579224e-02,3.032590150833129883e-01,8.541032075881958008e-01,-3.567640483379364014e-01,-8.177189230918884277e-01,-1.266725778579711914e+00,4.672473073005676270e-01,3.911834657192230225e-01,1.796778678894042969e+00,1.147526979446411133e+00,-6.132345199584960938e-01,9.039988517761230469e-01,-9.596130847930908203e-01,9.616197943687438965e-01,4.644551277160644531e-01,4.876058995723724365e-01,6.116314530372619629e-01,3.768520355224609375e-01,-8.366856575012207031e-01,-7.943626046180725098e-01,-1.022652387619018555e+00,8.242062926292419434e-01,4.896510541439056396e-01,-5.864773392677307129e-01,-1.032570481300354004e+00,1.287010669708251953e+00,-8.684512972831726074e-01,1.360567450523376465e+00,8.250330090522766113e-01,-1.330165076069533825e-03,4.889974892139434814e-01,9.580692648887634277e-01,5.586120486259460449e-01,-1.141062140464782715e+00,1.851013898849487305e-01,1.940229773521423340e+00,-8.239459395408630371e-01,-9.560389518737792969e-01,1.220395565032958984e-01,7.015483379364013672e-01,-2.029827684164047241e-01,-6.671368479728698730e-01,-1.238880634307861328e+00,1.492215752601623535e+00,8.900830149650573730e-01
2.344882190227508545e-01,2.500497817993164062e+00,-1.307097434997558594e+00,5.823509097099304199e-01,1.023331284523010254e-01,1.622641801834106445e+00,-7.579792141914367676e-01,3.717660903930664062e-01,4.362895786762237549e-01,-6.001926660537719727e-01,-9.987585544586181641e-01,3.587562441825866699e-01,2.165222167968750000e+00,7.312399744987487793e-01,-1.562462151050567627e-01,-8.713688850402832031e-01,-6.170613765716552734e-01,-4.106165468692779541e-01,-4.601671397686004639e-01,-6.235662698745727539e-01,1.855019092559814453e+00,-7.463018894195556641e-01,-1.434117794036865234e+00,-6.592215299606323242e-01,1.273189067840576172e+00,-1.994219273328781128e-01,-5.616351962089538574e-01,-6.221199631690979004e-01,-9.829211831092834473e-01,-1.485180974006652832e+00,7.859196066856384277e-01,-3.697068616747856140e-02,-1.993380665779113770e+00,-1.303978085517883301e+00,-6.149019002914428711e-01,1.855003833770751953e-01,6.435066461563110352e-01,6.052515506744384766e-01,7.208599448204040527e-01,-8.329800963401794434e-01,2.808239758014678955e-01,-8.562804460525512695e-01,-1.987700164318084717e-01,2.224078923463821411e-01,4.604149758815765381e-01,2.613121747970581055e+00,2.379713058471679688e+00,-3.265464901924133301e-01,1.979202963411808014e-02,3.270675420761108398e+00,1.122527122497558594e+00,3.663722574710845947e-01,7.366194725036621094e-01,9.695113301277160645e-01,8.979427814483642578e-01,1.145362615585327148e+00,-2.621771574020385742e+00,3.664090633392333984e-01,-4.704471826553344727e-01,-1.351632833480834961e+00,-8.121563494205474854e-02,-1.767078161239624023e+00,6.443805694580078125e-01,2.310319393873214722e-01,-3.094857335090637207e-01,-2.255844175815582275e-01,9.907234311103820801e-01,1.606392741203308105e+00,7.332395017147064209e-02,-6.308609247207641602e-01,2.242385447025299072e-01,-1.142100244760513306e-01,-3.593774437904357910e-01,-4.227455258369445801e-01,1.587368994951248169e-01,-1.187783002853393555e+00,1.463206768035888672e+00,-1.047826558351516724e-01,-1.286717534065246582e+00,-1.203753575682640076e-01,-1.745081841945648193e-01,5.651893019676208496e-01,-1.409075856208801270e+00,-1.853645205497741699e+00,-1.994220763444900513e-01,5.650177001953125000e-01,1.123635768890380859e+00,9.455108046531677246e-01,-1.152749776840209961e+00,-1.591402143239974976e-01,5.520560145378112793e-01,-1.771215796470642090e+00,1.287232279777526855e+00,6.794707775115966797e-01,5.366934537887573242e-01,3.859836459159851074e-01,-7.078397274017333984e-01,8.125297427177429199e-01,1.689897477626800537e-01,-5.264810919761657715e-01
4.207168817520141602e-01,6.250213086605072021e-02,3.697001636028289795e-01,-7.992019057273864746e-01,-1.472370386123657227e+00,-1.008275866508483887e+00,-3.444602191448211670e-01,-1.032556891441345215e+00,4.332296252250671387e-01,-7.658562660217285156e-01,6.882919073104858398e-01,-1.157683357596397400e-01,1.247426390647888184e+00,-1.265899658203125000e+00,-8.069852590560913086e-01,2.574731111526489258e-01,5.764818787574768066e-01,-6.176004409790039062e-01,1.211216226220130920e-01,-1.655593812465667725e-01,8.890315294265747070e-01,5.430912971496582031e-01,-1.457215249538421631e-01,8.130800127983093262e-01,1.170547604560852051e-01,-7.012472152709960938e-01,-6.722587943077087402e-01,-1.633469462394714355e+00,3.716402947902679443e-01,-1.034892126917839050e-01,5.401996374130249023e-01,-8.705285787582397461e-01,-3.465814590454101562e-01,1.413318216800689697e-01,1.001253485679626465e+00,-4.745125025510787964e-02,-1.318590193986892700e-01,-2.233479619026184082e-01,1.384498119354248047e+00,-4.734149873256683350e-01,1.212269365787506104e-01,4.036324843764305115e-02,-1.391319632530212402e+00,8.465253710746765137e-01,-3.977430462837219238e-01,1.235372304916381836e+00,-1.792399525642395020e+00,6.038770079612731934e-01,2.865592241287231445e-01,-3.889358639717102051e-01,8.312443494796752930e-01,1.191437125205993652e+00,5.449234843254089355e-01,1.452455997467041016e+00,5.975201129913330078e-01,1.462682723999023438e+00,2.119010537862777710e-01,-1.441373825073242188e-01,7.306655049324035645e-01,-7.685851305723190308e-02,9.889623522758483887e-01,3.387018144130706787e-01,7.088847160339355469e-01,-3.254572153091430664e-01,1.077905774116516113e+00,1.344553112983703613e+00,-3.568923473358154297e-01,-1.621612310409545898e+00,7.322100996971130371e-01,1.044724941253662109e+00,8.268582224845886230e-01,-4.929130375385284424e-01,-1.258398890495300293e+00,1.151834845542907715e+00,2.430384635925292969e+00,6.374792456626892090e-01,-8.164844512939453125e-01,-3.040085554122924805e+00,-3.516159951686859131e-01,4.769820868968963623e-01,-7.580056190490722656e-01,-4.381924271583557129e-01,-9.014542102813720703e-01,-2.094407320022583008e+00,-2.053978919982910156e+00,-9.324645400047302246e-01,1.603909850120544434e+00,7.801789045333862305e-01,-8.726043105125427246e-01,4.913990199565887451e-01,1.584276556968688965e-01,-3.159093484282493591e-02,-3.240179717540740967e-01,-1.503618597984313965e+00,6.635845899581909180e-01,1.101059317588806152e+00,-1.694111227989196777e-01,9.652330875396728516e-01,-3.725419342517852783e-01,-9.795741438865661621e-01
-3.932607769966125488e-01,2.835402078926563263e-02,-4.439359903335571289e-01,4.687601029872894287e-01,3.614954948425292969e-01,-1.795735955238342285e+00,-8.589690923690795898e-01,-5.360798835754394531e-01,1.230733990669250488e+00,-5.566312074661254883e-01,-8.722428083419799805e-01,-1.635807037353515625e+00,-1.516981124877929688e+00,-1.524837255477905273e+00,1.473363995552062988e+00,5.714094042778015137e-01,-1.913015007972717285e+00,1.103752255439758301e+00,9.083636999130249023e-01,-3.556981086730957031e-01,-3.126588165760040283e-01,6.966921091079711914e-01,3.590376377105712891e-01,-9.953758120536804199e-01,-5.166653990745544434e-01,-1.516334891319274902e+00,8.510324358940124512e-01,1.950890272855758667e-01,-4.520592391490936279e-01,-5.226194262504577637e-01,-7.272756099700927734e-01,3.463852703571319580e-01,-8.820479512214660645e-01,5.253986120223999023e-01,8.992811441421508789e-01,-7.698948383331298828e-01,1.345990151166915894e-01,-3.896643519401550293e-01,1.189635753631591797e+00,2.554716169834136963e-01,-3.387536108493804932e-01,-1.123299837112426758e+00,-3.966233432292938232e-01,1.042551994323730469e+00,-4.768716990947723389e-01,1.001629829406738281e+00,-8.672638982534408569e-02,-1.514263153076171875e-01,1.603788256645202637e+00,1.778384298086166382e-01,1.027021333575248718e-01,-5.324020385742187500e-01,1.305535316467285156e+00,-1.040852189064025879e+00,-1.032224178314208984e+00,3.464450240135192871e-01,-9.580806493759155273e-01,3.045739531517028809e-01,5.076970439404249191e-03,-1.403280813246965408e-02,-1.207557439804077148e+00,-4.080296456813812256e-01,1.794809341430664062e+00,-5.089012533426284790e-02,2.232813090085983276e-01,8.847248554229736328e-02,-4.463982880115509033e-01,1.116542339324951172e+00,9.833829402923583984e-01,1.237159222364425659e-01,-3.232097387313842773e+00,-1.758697479963302612e-01,1.840636014938354492e+00,-1.490266799926757812e+00,7.890227437019348145e-01,-1.414401292800903320e+00,9.629049897193908691e-01,-2.081198215484619141e+00,-1.089587569236755371e+00,-7.848713397979736328e-01,-1.290921688079833984e+00,7.784795016050338745e-02,-7.242802977561950684e-01,1.414034485816955566e+00,-4.641752541065216064e-01,4.386391043663024902e-01,5.411918163299560547e-01,5.458466410636901855e-01,1.378533244132995605e-01,3.253112733364105225e-01,5.287401080131530762e-01,3.469210565090179443e-01,3.468280136585235596e-01,5.703403353691101074e-01,5.953416824340820312e-01,1.499075055122375488e+00,9.576025605201721191e-01,-2.337968945503234863e-01,-6.231095194816589355e-01,-3.068980872631072998e-01
8.529976010322570801e-01,5.212540924549102783e-02,-2.327869832515716553e-01,-6.467523574829101562e-01,-1.142793986946344376e-02,1.039954572916030884e-01,5.942651629447937012e-01,1.334436178207397461e+00,1.534862875938415527e+00,-5.308562517166137695e-01,-3.321808278560638428e-01,1.263752877712249756e-01,4.607306420803070068e-01,-1.758832186460494995e-01,1.153701424598693848e+00,6.050436496734619141e-01,7.193779349327087402e-01,7.349734306335449219e-01,-1.891702860593795776e-01,-5.222404003143310547e-01,-8.443256616592407227e-01,1.519996166229248047e+00,1.719527721405029297e+00,1.039822816848754883e+00,-3.383987247943878174e-01,1.033474504947662354e-01,-7.896566390991210938e-01,6.549671292304992676e-01,2.826707363128662109e-01,2.029308557510375977e+00,3.743061125278472900e-01,-2.387098789215087891e+00,-2.445734590291976929e-01,-2.834586799144744873e-01,8.216052055358886719e-01,6.579648256301879883e-01,-4.673357009887695312e-01,8.935242891311645508e-01,-2.220158100128173828e+00,2.110500097274780273e+00,-2.056171149015426636e-01,-3.343837857246398926e-01,-1.043544292449951172e+00,3.867668807506561279e-01,1.456780076026916504e+00,6.492245793342590332e-01,-8.993434309959411621e-01,-9.082291722297668457e-01,-3.153035044670104980e-01,-1.101325273513793945e+00,2.259393036365509033e-01,1.451602220535278320e+00,2.264403924345970154e-02,2.209687709808349609e+00,-1.398293733596801758e+00,5.396487191319465637e-02,-1.276890873908996582e+00,1.157172396779060364e-01,5.296820402145385742e-01,8.939121365547180176e-01,-4.312437176704406738e-01,1.318011432886123657e-01,-1.614885449409484863e+00,-1.564270257949829102e+00,-8.316965699195861816e-01,1.570122480392456055e+00,-1.676874756813049316e+00,2.328441888093948364e-01,-3.719533383846282959e-01,-5.266678333282470703e-01,1.211276173591613770e+00,5.819900631904602051e-01,9.501994401216506958e-02,2.130940675735473633e+00,-6.461613811552524567e-03,1.076860904693603516e+00,1.322263240814208984e+00,-1.593341112136840820e+00,2.892852723598480225e-01,9.784751534461975098e-01,1.623037099838256836e+00,2.444696277379989624e-01,2.749195992946624756e-01,4.829407036304473877e-01,-7.663847804069519043e-01,-3.775558173656463623e-01,2.920945167541503906e+00,3.197702169418334961e-01,-4.508413970470428467e-01,-1.340098142623901367e+00,-5.369195342063903809e-01,1.111406207084655762e+00,2.043858766555786133e+00,-8.341538310050964355e-01,7.294684648513793945e-01,7.456847429275512695e-01,3.640091717243194580e-01,4.821493327617645264e-01,2.428795248270034790e-01,-8.625965565443038940e-02
6.993010640144348145e-02,-9.645605683326721191e-01,-8.266109824180603027e-01,-2.144630670547485352e+00,7.078092545270919800e-02,-8.497774600982666016e-01,-1.598013401031494141e+00,-1.709421038627624512e+00,-1.458453655242919922e+00,-1.009340405464172363e+00,2.525454163551330566e-01,-1.009443402290344238e+00,6.534085869789123535e-01,9.455450773239135742e-01,-1.604395866394042969e+00,-8.064891099929809570e-01,1.829490184783935547e+00,4.717431366443634033e-01,6.381928920745849609e-01,4.665037617087364197e-03,-4.580425024032592773e-01,1.076680421829223633e+00,1.288649916648864746e+00,9.338340759277343750e-01,1.611780405044555664e+00,4.030628204345703125e-01,9.167171716690063477e-01,3.861852288246154785e-01,1.145217657089233398e+00,1.057125806808471680e+00,-5.017871260643005371e-01,3.280746042728424072e-01,-5.780088305473327637e-01,6.570977624505758286e-03,1.573565840721130371e+00,1.517475694417953491e-01,1.045295715332031250e+00,1.448250651359558105e+00,1.610616087913513184e+00,-2.321632623672485352e+00,-9.959314465522766113e-01,-6.529012918472290039e-01,-1.686630010604858398e+00,1.676377207040786743e-01,3.906291723251342773e-01,-3.306040763854980469e-01,-1.045118689537048340e+00,-1.401323914527893066e+00,1.492344617843627930e+00,-6.999943256378173828e-01,-7.945880293846130371e-01,-1.133897453546524048e-01,9.583711028099060059e-01,1.367460042238235474e-01,8.371072411537170410e-01,-4.003151878714561462e-02,1.831041812896728516e+00,2.311915308237075806e-01,7.732121348381042480e-01,2.815489768981933594e-01,9.152547121047973633e-01,1.210657835006713867e+00,3.289326727390289307e-01,-1.053588151931762695e+00,-2.674909234046936035e-01,5.409013479948043823e-02,7.099674344062805176e-01,5.098487138748168945e-01,2.092510938644409180e+00,-2.558543980121612549e-01,1.071771740913391113e+00,1.209072709083557129e+00,1.172797322273254395e+00,8.128820359706878662e-02,1.543058753013610840e+00,3.260908722877502441e-01,-9.930583834648132324e-01,-1.574146866798400879e+00,-5.532380342483520508e-01,1.102451443672180176e+00,-1.195447802543640137e+00,1.887386322021484375e+00,2.035294920206069946e-01,-1.258412122726440430e+00,-1.533634305000305176e+00,3.476240634918212891e-01,-8.851754069328308105e-01,1.095955371856689453e+00,6.910490989685058594e-01,1.405293226242065430e+00,1.205507397651672363e+00,-1.536919236183166504e+00,-9.360690712928771973e-01,1.074015974998474121e+00,-1.231176972389221191e+00,6.588689684867858887e-01,-1.061153769493103027e+00,-8.589919209480285645e-01,1.727810382843017578e+00,1.009815573692321777e+00
-2.755480289459228516e+00,1.297705054283142090e+00,-1.224697709083557129e+00,-1.814825415611267090e+00,-8.399834036827087402e-01,6.869047880172729492e-01,-3.731192052364349365e-01,5.376465916633605957e-01,2.011544227600097656e+00,8.850805759429931641e-01,8.688668012619018555e-01,-1.908025503158569336e+00,-9.105409383773803711e-01,3.464540839195251465e-01,-2.901130318641662598e-01,4.919607937335968018e-01,-6.449919342994689941e-01,-9.188446402549743652e-02,-3.579579889774322510e-01,9.509875178337097168e-01,1.432828307151794434e+00,-1.147668004035949707e+00,1.461208581924438477e+00,1.492792367935180664e+00,1.194442987442016602e+00,-1.410118818283081055e+00,4.793164730072021484e-01,-1.230404496192932129e+00,-5.437073111534118652e-01,-1.302602171897888184e+00,-8.717998862266540527e-01,-1.047127097845077515e-01,1.430870294570922852e+00,-1.611526489257812500e+00,9.360275864601135254e-01,-3.690874278545379639e-01,6.901169419288635254e-01,-2.496711462736129761e-01,1.229834333062171936e-01,-1.111356496810913086e+00,8.279341459274291992e-01,3.247828781604766846e-01,2.619342327117919922e+00,5.448796749114990234e-01,2.433262616395950317e-01,1.594234444200992584e-02,5.858424305915832520e-01,7.796791791915893555e-01,7.971479892730712891e-01,-2.758538424968719482e-01,1.427018523216247559e+00,7.839357852935791016e-01,5.809474587440490723e-01,-1.759500384330749512e+00,-1.572221279144287109e+00,-5.572168231010437012e-01,1.803518414497375488e+00,1.730226725339889526e-02,1.048768907785415649e-01,1.336524009704589844e+00,2.094375371932983398e+00,-4.079576730728149414e-01,-2.456516027450561523e-01,2.783430814743041992e-01,-4.367401003837585449e-01,2.025847584009170532e-01,-2.140518665313720703e+00,4.521342813968658447e-01,2.513570189476013184e-01,3.015586435794830322e-01,4.102451801300048828e-01,1.584275960922241211e+00,-8.617106676101684570e-01,1.840889096260070801e+00,1.007562994956970215e+00,-1.103429913520812988e+00,-1.028239011764526367e+00,1.138229370117187500e-01,-2.438793182373046875e-01,2.419764846563339233e-01,-1.870949983596801758e+00,5.000650882720947266e-01,-6.354793906211853027e-01,-1.959671854972839355e+00,-6.740556955337524414e-01,-1.358959317207336426e+00,-6.046799421310424805e-01,-3.313335776329040527e-01,-4.057939052581787109e-01,-1.142761468887329102e+00,1.313802599906921387e+00,6.665246486663818359e-01,5.763835310935974121e-01,-2.750097513198852539e-01,2.324061691761016846e-01,-2.157127380371093750e+00,-2.194547653198242188e-01,-7.841689884662628174e-02,-1.524480104446411133e+00,-1.789653062820434570e+00
4.633976221084594727e-01,-6.001622676849365234e-01,-2.795825302600860596e-01,-8.612050414085388184e-01,-2.524319887161254883e-01,7.497652173042297363e-01,-1.153231978416442871e+00,1.605121850967407227e+00,-1.311135888099670410e+00,2.245040655136108398e+00,8.210411667823791504e-01,7.824609875679016113e-01,-1.660252928733825684e+00,-9.091097116470336914e-01,2.411574125289916992e-01,1.276150345802307129e-01,-5.124282240867614746e-01,-3.849474247545003891e-03,-8.200129866600036621e-01,-1.144464015960693359e+00,-8.747778832912445068e-02,1.080200672149658203e+00,-2.095577955245971680e+00,-9.972302913665771484e-01,-1.072792053222656250e+00,-3.477662801742553711e-01,-4.261019229888916016e-01,1.728405833244323730e+00,-1.073373198509216309e+00,-8.709339499473571777e-01,-2.087571859359741211e+00,-5.336924791336059570e-01,-3.659778740257024765e-03,-1.649607300758361816e+00,2.878764271736145020e-01,6.974451541900634766e-01,1.772570312023162842e-01,1.414339244365692139e-01,7.488296627998352051e-01,9.500668644905090332e-01,6.828566193580627441e-01,2.335621863603591919e-01,4.809770882129669189e-01,-6.348044276237487793e-01,-3.418479561805725098e-01,-1.926311016082763672e+00,4.447112083435058594e-01,2.305492609739303589e-01,-1.609019398689270020e+00,9.682082533836364746e-01,1.069445610046386719e+00,7.508028149604797363e-01,1.701665639877319336e+00,-3.619515001773834229e-01,3.212592601776123047e-01,1.658202886581420898e+00,1.448963165283203125e+00,-2.686889469623565674e-01,8.519896864891052246e-02,-9.535596370697021484e-01,-2.576299905776977539e-01,9.947924017906188965e-01,-3.611329197883605957e-01,-3.303603269159793854e-03,8.686531335115432739e-03,1.313079476356506348e+00,-9.231745600700378418e-01,-2.219813585281372070e+00,5.400829911231994629e-01,4.826951622962951660e-01,-2.319021075963973999e-01,3.819556236267089844e-01,-1.318712085485458374e-01,4.111271798610687256e-01,-1.225824952125549316e+00,-8.901670575141906738e-01,-6.440616250038146973e-01,1.222950458526611328e+00,1.290487766265869141e+00,-3.964283764362335205e-01,2.338515967130661011e-01,-1.189277410507202148e+00,-1.243581056594848633e+00,4.361812472343444824e-01,8.421480059623718262e-01,1.335097402334213257e-01,-1.120781421661376953e+00,5.872185230255126953e-01,7.003816962242126465e-01,6.097308397293090820e-01,1.332666397094726562e+00,-5.482010245323181152e-01,1.246803879737854004e+00,3.272617459297180176e-01,1.310765862464904785e+00,-1.926531553268432617e+00,-1.353948116302490234e+00,-4.372359812259674072e-01,-2.044244855642318726e-01,-1.960989832878112793e-01
-1.226276636123657227e+00,5.839888453483581543e-01,-5.060700178146362305e-01,1.159176230430603027e+00,1.092668324708938599e-01,1.055543541908264160e+00,4.903481304645538330e-01,-1.317936539649963379e+00,5.731258988380432129e-01,-1.695295870304107666e-01,-1.980796456336975098e+00,-3.030109882354736328e+00,1.271819919347763062e-01,3.035474196076393127e-02,-1.797052621841430664e-01,-1.328312277793884277e+00,-1.007215499877929688e+00,-1.290808796882629395e+00,-7.227847725152969360e-02,2.508356273174285889e-01,-7.316010594367980957e-01,-6.239820122718811035e-01,8.510888218879699707e-01,-1.398033201694488525e-01,-5.834224224090576172e-01,1.335079193115234375e+00,1.466609477996826172e+00,-9.853577613830566406e-01,-1.595702290534973145e+00,1.182314395904541016e+00,9.253482818603515625e-01,7.261759042739868164e-02,1.955647915601730347e-01,-7.634531259536743164e-01,-7.699155807495117188e-01,8.720871806144714355e-01,4.744854867458343506e-01,2.134909778833389282e-01,1.020959258079528809e+00,3.706024587154388428e-01,-1.773887395858764648e+00,5.341359972953796387e-01,-7.836248278617858887e-01,-4.368830323219299316e-01,-1.136595964431762695e+00,3.232434988021850586e-01,2.759377956390380859e+00,5.517776012420654297e-01,-6.562649458646774292e-02,2.370692342519760132e-01,-4.395330846309661865e-01,6.499254703521728516e-01,-7.938182950019836426e-01,1.146268606185913086e+00,8.484607934951782227e-01,8.000132441520690918e-01,6.739723682403564453e-01,9.864358901977539062e-01,-3.290984630584716797e-01,2.538226604461669922e+00,1.711620807647705078e+00,-6.867494583129882812e-01,-4.754314720630645752e-01,-2.679287195205688477e+00,-6.047917008399963379e-01,1.343514800071716309e+00,-1.369492113590240479e-01,7.955244183540344238e-01,-2.178102135658264160e-01,-5.063282251358032227e-01,5.185869932174682617e-01,6.407341361045837402e-01,1.356976151466369629e+00,-1.138715744018554688e-01,-1.218444705009460449e+00,-3.227372169494628906e-01,2.275998741388320923e-01,1.159800052642822266e+00,1.300299614667892456e-01,5.369250774383544922e-01,8.299769163131713867e-01,5.206363797187805176e-01,-2.810845375061035156e-01,2.141328811645507812e+00,-1.697312235832214355e+00,9.581433534622192383e-01,1.555223912000656128e-01,-5.372443795204162598e-01,-3.697297275066375732e-01,5.540679097175598145e-01,-8.378546833992004395e-01,6.201260685920715332e-01,-9.829134494066238403e-02,3.096938133239746094e-01,-1.203878283500671387e+00,5.705555081367492676e-01,-9.575871825218200684e-01,6.643236875534057617e-01,3.383324146270751953e-01,-3.429833948612213135e-01
-1.628493785858154297e+00,4.844448566436767578e-01,1.540077924728393555e+00,-2.940388619899749756e-01,1.071710512042045593e-01,-2.226203083992004395e-01,6.340225934982299805e-01,-1.622928500175476074e+00,2.577569186687469482e-01,1.140017807483673096e-01,1.163419187068939209e-01,1.183037877082824707e+00,5.469977855682373047e-01,-1.612211823463439941e+00,-7.608959674835205078e-01,2.397988587617874146e-01,3.426630198955535889e-01,-1.717113256454467773e-01,9.831749200820922852e-01,8.697979152202606201e-03,-7.575314044952392578e-01,-2.752321362495422363e-01,1.457203149795532227e+00,-1.603556275367736816e+00,9.891064167022705078e-01,-2.886836826801300049e-01,-1.185009956359863281e+00,-1.096676588058471680e+00,2.560705244541168213e-01,2.626679241657257080e-01,1.018977642059326172e+00,-1.128110527992248535e+00,1.084233164787292480e+00,3.149738609790802002e-01,1.118725657463073730e+00,-2.072163224220275879e-01,2.541190087795257568e-01,-4.482460618019104004e-01,3.795327544212341309e-01,5.803065299987792969e-01,1.126314885914325714e-02,-4.054852947592735291e-02,2.801036536693572998e-01,7.442705631256103516e-01,-7.567379474639892578e-01,3.311419114470481873e-02,-1.681032657623291016e+00,-2.107776701450347900e-01,7.698523253202438354e-02,1.355977058410644531e+00,-1.485782980918884277e+00,8.946303725242614746e-01,1.683260202407836914e+00,9.674038738012313843e-02,2.095360755920410156e+00,2.068393379449844360e-01,-1.261890053749084473e+00,-7.825939059257507324e-01,1.498867154121398926e+00,-5.803510546684265137e-01,5.935442447662353516e-01,1.177443385124206543e+00,1.714433312416076660e+00,-1.454020261764526367e+00,-1.365455031394958496e+00,-4.976581633090972900e-01,-2.446428835391998291e-01,-1.936701416969299316e+00,-1.082740783691406250e+00,-1.938302874565124512e+00,7.496137619018554688e-01,1.433440297842025757e-02,3.931654691696166992e-01,-1.032694220542907715e+00,-4.162339866161346436e-01,1.725405305624008179e-01,1.505586743354797363e+00,9.850559830665588379e-01,9.711300730705261230e-01,1.922337859869003296e-01,-2.086546897888183594e+00,2.247311770915985107e-01,-1.322644829750061035e+00,-1.377187252044677734e+00,1.910752058029174805e-01,1.077950596809387207e+00,-1.056123822927474976e-01,-5.778194665908813477e-01,1.217093348503112793e+00,-9.640375971794128418e-01,4.122382998466491699e-01,1.685128450393676758e+00,-4.971349239349365234e-01,-1.406496912240982056e-01,-1.493052005767822266e+00,-2.272493541240692139e-01,-6.382483839988708496e-01,1.020320415496826172e+00,-3.739104568958282471e-01,3.208461999893188477e-01
1.544492244720458984e+00,-1.645146250724792480e+00,-1.096740245819091797e+00,-1.349848508834838867e+00,2.281533002853393555e+00,1.575815320014953613e+00,-3.239645361900329590e-01,9.215127676725387573e-02,-1.487993359565734863e+00,-5.910065770149230957e-01,-1.105224132537841797e+00,4.888427853584289551e-01,1.824019789695739746e+00,3.312444090843200684e-01,-1.454924106597900391e+00,-7.471637725830078125e-01,-3.037559390068054199e-01,1.555078197270631790e-02,-1.396674960851669312e-01,2.585916221141815186e-01,5.264100804924964905e-02,-8.298613876104354858e-02,1.489009261131286621e+00,1.814803600311279297e+00,-1.040557742118835449e+00,8.474207520484924316e-01,1.118962168693542480e-01,-1.842875361442565918e+00,2.974135637283325195e+00,7.916468381881713867e-01,1.191325902938842773e+00,7.611304521560668945e-01,-9.922979474067687988e-01,-8.805337361991405487e-03,2.310204505920410156e-01,-1.140931248664855957e+00,3.441443741321563721e-01,7.197867333889007568e-02,-1.234057173132896423e-01,1.488873481750488281e+00,4.912834763526916504e-01,-2.122088074684143066e-01,-1.497920751571655273e-01,-1.039897441864013672e+00,-5.955154895782470703e-01,1.706840991973876953e-01,9.451979398727416992e-01,6.519559621810913086e-01,1.107827052474021912e-01,-5.003789067268371582e-01,-1.341427087783813477e+00,1.921666115522384644e-01,-1.539754867553710938e+00,-4.362801909446716309e-01,1.054339170455932617e+00,-9.919188916683197021e-02,4.386641681194305420e-01,-6.953102350234985352e-01,-1.831877350807189941e+00,-1.250786304473876953e+00,-7.985008955001831055e-01,-1.762124776840209961e+00,1.376819491386413574e+00,-4.679473042488098145e-01,4.413757622241973877e-01,-8.555917739868164062e-01,7.105633616447448730e-01,-5.455498099327087402e-01,3.444273173809051514e-01,1.032607555389404297e+00,1.202861309051513672e+00,-6.266526579856872559e-01,-7.400472164154052734e-01,7.589423656463623047e-01,2.857076823711395264e-01,-9.073970317840576172e-01,8.206554055213928223e-01,8.471876978874206543e-01,4.271741211414337158e-01,-7.060733437538146973e-01,1.063861608505249023e+00,-1.447756528854370117e+00,4.262616932392120361e-01,5.742198321968317032e-03,-1.306071519851684570e+00,-1.860985398292541504e+00,-1.332916766405105591e-01,-1.565252065658569336e+00,1.629967391490936279e-01,3.581230640411376953e-01,-1.010991215705871582e+00,-2.247512817382812500e+00,-6.238719820976257324e-01,4.335975646972656250e-01,-1.623218655586242676e-01,-6.596940755844116211e-01,-1.159272670745849609e+00,5.380096435546875000e-01,-1.389553785324096680e+00,-7.469105124473571777e-01
8.097020983695983887e-01,-3.256530284881591797e+00,7.618590593338012695e-01,1.571779698133468628e-01,5.273066163063049316e-01,4.662419557571411133e-01,1.367106437683105469e+00,-7.154011726379394531e-02,2.107283174991607666e-01,8.453675508499145508e-01,2.545333504676818848e-01,4.963111579418182373e-01,-1.632480025291442871e-01,-7.177863121032714844e-01,1.177750825881958008e+00,-1.333127617835998535e+00,-1.746468663215637207e+00,3.273038018960505724e-04,-3.196423351764678955e-01,-1.606390595436096191e+00,8.940562009811401367e-01,2.222620844841003418e-01,7.139747738838195801e-01,3.298482000827789307e-01,-8.918135166168212891e-01,-8.553044199943542480e-01,-1.280824244022369385e-01,-9.418398886919021606e-02,-7.351033091545104980e-01,4.460131227970123291e-01,3.490283787250518799e-01,4.232080876827239990e-01,8.445059061050415039e-01,-1.721734553575515747e-01,2.306753545999526978e-01,-1.532758712768554688e+00,5.699972510337829590e-01,-7.203941792249679565e-02,2.504928588867187500e+00,-9.692418575286865234e-01,2.188820600509643555e+00,9.179790616035461426e-01,-3.410889953374862671e-02,-4.211588501930236816e-01,-2.503307461738586426e-01,-3.313047289848327637e-01,2.131983995437622070e+00,-7.065145969390869141e-01,4.901513159275054932e-01,4.496330022811889648e-01,1.023350238800048828e+00,-1.408852815628051758e+00,-1.479212522506713867e+00,-8.916157484054565430e-02,1.447994589805603027e+00,7.013726234436035156e-01,-2.987741865217685699e-02,-1.351899862289428711e+00,-7.583719491958618164e-01,-1.161203980445861816e+00,1.653373241424560547e+00,1.206478357315063477e+00,1.725414842367172241e-01,-1.732800126075744629e+00,1.110068485140800476e-01,1.787585735321044922e+00,5.356862545013427734e-01,2.147154331207275391e+00,5.242801308631896973e-01,5.916233062744140625e-01,5.332196354866027832e-01,4.589993655681610107e-01,1.272579431533813477e-01,-1.082807302474975586e+00,8.422956466674804688e-01,8.750727772712707520e-01,-1.570820808410644531e+00,6.090280413627624512e-01,1.825766563415527344e-01,1.418819308280944824e+00,-3.143710494041442871e-01,2.279197931289672852e+00,-2.894655942916870117e+00,3.282646238803863525e-01,-9.155117720365524292e-02,-1.074224472045898438e+00,6.422579884529113770e-01,1.219494223594665527e+00,-8.390247821807861328e-01,-7.923007011413574219e-01,1.277153849601745605e+00,-5.880260467529296875e-01,1.441442370414733887e+00,-4.563308060169219971e-01,1.255969285964965820e+00,-1.344923257827758789e+00,9.408280020579695702e-04,-2.217700481414794922e-01,-1.057782117277383804e-02,-2.845414876937866211e-01
-8.028469681739807129e-01,5.813654661178588867e-01,8.915028572082519531e-01,1.112441778182983398e+00,7.942250370979309082e-01,-1.264537572860717773e+00,-1.142024159431457520e+00,-1.056468009948730469e+00,-2.655754387378692627e-01,2.152963876724243164e-01,-1.523972868919372559e+00,1.069376230239868164e+00,1.498334407806396484e+00,1.429447650909423828e+00,4.920540153980255127e-01,-1.390348196029663086e+00,7.598384469747543335e-02,1.677714228630065918e+00,-7.472155690193176270e-01,-5.734640955924987793e-01,-1.884041547775268555e+00,1.945365309715270996e+00,-4.713826179504394531e-01,3.098765611648559570e-01,5.931439399719238281e-01,-1.209079265594482422e+00,2.061171457171440125e-03,-2.684649527072906494e-01,1.878601551055908203e+00,-8.797193765640258789e-01,3.466154634952545166e-01,-1.048877120018005371e+00,-1.058552503585815430e+00,1.402435779571533203e+00,-1.457936525344848633e+00,-7.194345593452453613e-01,-6.775037646293640137e-01,-1.114831924438476562e+00,-2.030210942029953003e-02,-1.872604489326477051e+00,-4.251919984817504883e-01,-3.561983108520507812e-01,-7.341871261596679688e-01,-6.599437594413757324e-01,1.507660150527954102e+00,-7.445612549781799316e-01,2.005044668912887573e-01,3.772026002407073975e-01,-8.650735951960086823e-03,-6.568923592567443848e-01,-4.060920700430870056e-02,-3.801816999912261963e-01,1.476072192192077637e+00,3.459273651242256165e-02,-8.332170844078063965e-01,7.666701078414916992e-01,1.497511565685272217e-02,-9.409446716308593750e-01,-1.077474832534790039e+00,-1.280195832252502441e+00,-8.798208236694335938e-01,-1.160104721784591675e-01,3.175238072872161865e-01,1.206245064735412598e+00,7.816898822784423828e-01,1.548783421516418457e+00,-1.565810799598693848e+00,3.905639648437500000e-01,4.034476280212402344e-01,1.219793081283569336e+00,-2.784569859504699707e-01,-1.918794363737106323e-01,-9.043803811073303223e-01,-3.249274492263793945e-01,2.278082966804504395e-01,-1.283624768257141113e+00,1.099930644035339355e+00,-3.148170411586761475e-01,4.225778877735137939e-01,4.416053593158721924e-01,-1.667680963873863220e-02,1.050187706947326660e+00,1.267355084419250488e-01,-6.112326383590698242e-01,1.088451623916625977e+00,-1.468188405036926270e+00,-1.768501520156860352e+00,1.326304525136947632e-01,1.552835822105407715e+00,1.272123217582702637e+00,-6.469562649726867676e-02,1.052313327789306641e+00,2.990361750125885010e-01,-1.189554572105407715e+00,-7.919948101043701172e-01,-8.632078170776367188e-01,3.241177201271057129e-01,-1.034822389483451843e-01,2.125324487686157227e+00,-1.747992634773254395e-01
-1.339813023805618286e-01,-8.944389224052429199e-01,-1.344913601875305176e+00,-9.030642509460449219e-01,-1.382205635309219360e-01,-1.517551898956298828e+00,2.579945802688598633e+00,-1.522023439407348633e+00,4.789586961269378662e-01,-7.900273799896240234e-01,7.164291739463806152e-01,1.057773232460021973e+00,2.493949681520462036e-01,1.405613780021667480e+00,8.878638148307800293e-01,-7.575999498367309570e-01,-1.131440877914428711e+00,-1.436145305633544922e+00,7.114264965057373047e-01,1.948005557060241699e+00,8.816982507705688477e-01,-1.148626089096069336e+00,-5.948582291603088379e-01,-7.813863754272460938e-01,9.081761837005615234e-01,1.398518443107604980e+00,4.289366006851196289e-01,1.608752161264419556e-01,-1.129539132118225098e+00,-4.083996117115020752e-01,1.661306023597717285e-01,3.480330407619476318e-01,1.966306008398532867e-03,5.782339572906494141e-01,-2.102673053741455078e+00,-1.283526301383972168e+00,1.161784410476684570e+00,-1.740741610527038574e+00,-9.299524426460266113e-01,1.706533879041671753e-02,2.851656973361968994e-01,-1.989213675260543823e-01,1.996692061424255371e+00,-1.434491634368896484e+00,1.884635835886001587e-01,2.716712653636932373e-02,-1.651766747236251831e-01,-2.497618436813354492e+00,4.345729649066925049e-01,6.329109668731689453e-01,-4.517330788075923920e-03,-2.987637221813201904e-01,-1.621276974678039551e+00,1.964641809463500977e-01,2.603726983070373535e-01,-1.099436640739440918e+00,5.721405148506164551e-01,1.328304767608642578e+00,3.185661733150482178e-01,-3.852312266826629639e-01,-9.258635044097900391e-01,-1.474304437637329102e+00,-2.622679471969604492e-01,-8.125305920839309692e-02,9.673863649368286133e-01,1.181614279747009277e+00,4.135269820690155029e-01,-1.803702473640441895e+00,5.881776809692382812e-01,-5.777934193611145020e-01,-1.089894533157348633e+00,-1.236616373062133789e+00,-1.217757225036621094e+00,1.760421991348266602e-01,-4.525582790374755859e-01,-1.540585875511169434e+00,-1.151309490203857422e+00,1.913014292716979980e+00,3.174847960472106934e-01,-7.654511332511901855e-01,-5.804379582405090332e-01,1.233218669891357422e+00,5.254008769989013672e-01,-1.642229318618774414e+00,-1.011639118194580078e+00,-1.404317747801542282e-02,2.780117094516754150e-01,2.037071228027343750e+00,8.956550806760787964e-02,2.881439208984375000e+00,-9.344751834869384766e-01,2.022576332092285156e-01,1.484067916870117188e+00,-5.985020399093627930e-01,-5.799518823623657227e-01,-4.815709888935089111e-01,-1.028990000486373901e-01,6.047614216804504395e-01,3.658305387943983078e-03,6.089903116226196289e-01
2.397638745605945587e-02,1.357563376426696777e+00,2.261198163032531738e-01,4.030288159847259521e-01,5.831887125968933105e-01,2.168787717819213867e-01,1.673787981271743774e-01,-1.031139492988586426e+00,1.693397402763366699e+00,-8.084020614624023438e-01,-2.051693677902221680e+00,6.877102851867675781e-01,3.953422307968139648e-01,-8.680946826934814453e-01,8.992456644773483276e-02,2.484153807163238525e-01,-4.412192404270172119e-01,-7.106279730796813965e-01,1.046794414520263672e+00,7.563440799713134766e-01,1.171003103256225586e+00,1.555526405572891235e-01,1.650936603546142578e-01,-1.471474528312683105e+00,-4.309462904930114746e-01,2.758119106292724609e-01,1.436924457550048828e+00,8.457094430923461914e-01,6.887076497077941895e-01,-1.410383135080337524e-01,-4.937396943569183350e-01,-1.008990049362182617e+00,2.039505094289779663e-01,1.018846631050109863e-01,-8.918336629867553711e-01,-1.307934641838073730e+00,-2.064623117446899414e+00,-9.790234565734863281e-01,-1.017947912216186523e+00,-1.147461891174316406e+00,8.445520401000976562e-01,-9.313288927078247070e-01,-1.330758810043334961e+00,-2.647730708122253418e-01,3.749466836452484131e-01,9.502506852149963379e-01,5.021304488182067871e-01,-1.788357645273208618e-01,-1.650491595268249512e+00,5.981576442718505859e-02,-5.254682302474975586e-01,-1.619339138269424438e-01,3.791162669658660889e-01,-5.631673336029052734e-01,-9.686417579650878906e-01,-1.368216127157211304e-01,-8.412501811981201172e-01,-2.805572152137756348e-01,-4.901488423347473145e-01,-3.294936418533325195e-01,1.261895775794982910e+00,4.017519950866699219e-01,-1.119368553161621094e+00,2.570739090442657471e-01,6.107251048088073730e-01,1.110565185546875000e+00,-7.918752431869506836e-01,-3.866485953330993652e-01,-2.294553965330123901e-01,-9.186319708824157715e-01,6.295182555913925171e-02,2.085259109735488892e-01,1.290710717439651489e-01,-1.294169783592224121e+00,-1.654597163200378418e+00,8.003093600273132324e-01,5.308412909507751465e-01,-2.278295516967773438e+00,1.293170809745788574e+00,1.569806694984436035e+00,-1.445684432983398438e-01,8.996847867965698242e-01,-8.597341179847717285e-01,1.261006474494934082e+00,9.322950243949890137e-02,1.419659137725830078e+00,3.093815445899963379e-01,9.506528973579406738e-01,6.110962629318237305e-01,-9.075765609741210938e-01,2.818113863468170166e-01,-4.242613017559051514e-01,4.596887826919555664e-01,8.907373547554016113e-01,1.100968122482299805e+00,-6.786209940910339355e-01,-1.843985199928283691e+00,5.402891635894775391e-01,-9.730909466743469238e-01,-1.765525221824645996e+00
6.418592333793640137e-01,9.879709482192993164e-01,-1.844641089439392090e+00,8.898643851280212402e-01,-4.711636155843734741e-02,-2.745653092861175537e-01,1.255872100591659546e-01,8.135003447532653809e-01,-4.172917604446411133e-01,2.297367095947265625e+00,-2.832104563713073730e-01,1.559150815010070801e+00,-1.396123051643371582e+00,-3.258517384529113770e-01,-5.605629682540893555e-01,-2.059535741806030273e+00,5.329342484474182129e-01,6.579979062080383301e-01,9.281553626060485840e-01,-3.478801548480987549e-01,5.608187913894653320e-01,-7.217708826065063477e-01,1.158335804939270020e+00,3.563194572925567627e-01,1.230282783508300781e+00,-1.720357298851013184e+00,5.197504162788391113e-01,2.890067994594573975e-01,-1.647560477256774902e+00,-1.957902789115905762e+00,-7.838145643472671509e-02,1.035760402679443359e+00,1.524675786495208740e-01,1.953211784362792969e+00,-1.528425335884094238e+00,1.715439677238464355e+00,-5.402302742004394531e-01,-9.031491875648498535e-01,7.243788838386535645e-01,5.226393938064575195e-01,-7.627371698617935181e-02,-9.877189397811889648e-01,3.143751621246337891e-01,-9.144289493560791016e-01,8.412833809852600098e-01,-2.339735478162765503e-01,-4.844216406345367432e-01,-9.293234348297119141e-01,-2.115063518285751343e-01,-1.795783162117004395e+00,-3.347811475396156311e-02,2.762053161859512329e-02,9.682840108871459961e-01,7.829777002334594727e-01,5.189731121063232422e-01,1.071700215339660645e+00,-5.513004660606384277e-01,3.255219459533691406e-01,5.894643068313598633e-01,-3.650166392326354980e-01,-3.706727921962738037e-01,2.945780992507934570e+00,1.791245937347412109e+00,-1.091656014323234558e-01,-1.579651355743408203e+00,-1.396399587392807007e-01,-4.797772765159606934e-01,-4.082796350121498108e-02,-7.387113571166992188e-01,1.592159271240234375e-01,-1.138274192810058594e+00,-2.566443383693695068e-01,3.585384190082550049e-01,1.054708480834960938e+00,-3.836419880390167236e-01,1.562269926071166992e+00,4.611995816230773926e-02,2.692918777465820312e+00,-7.553714513778686523e-01,-1.003453731536865234e+00,-4.296733438968658447e-01,2.477554529905319214e-01,-1.203265070915222168e+00,2.386680841445922852e-01,4.683464467525482178e-01,1.679280042648315430e+00,-1.575457692146301270e+00,9.252477288246154785e-01,5.804953575134277344e-01,-1.645237684249877930e+00,-2.787916362285614014e-01,-8.221793174743652344e-01,-9.066042304039001465e-01,1.280584573745727539e+00,-1.496434211730957031e+00,6.363410353660583496e-01,4.990686476230621338e-02,7.946628928184509277e-01,3.701021671295166016e-01,6.164107918739318848e-01
-8.388399332761764526e-02,5.461369156837463379e-01,-1.727403759956359863e+00,4.123312532901763916e-01,2.049693584442138672e+00,1.824572980403900146e-01,7.316310405731201172e-01,-7.971082329750061035e-01,2.522384524345397949e-01,-6.904372572898864746e-01,-4.256622791290283203e-01,-8.955733776092529297e-01,-1.059150218963623047e+00,3.621611893177032471e-01,2.737886607646942139e-01,5.267543718218803406e-02,3.832050859928131104e-01,-2.143720984458923340e-01,9.684823751449584961e-01,-1.072246193885803223e+00,-2.245387583971023560e-01,5.674039721488952637e-01,-2.234333276748657227e+00,1.005716443061828613e+00,2.383264601230621338e-01,7.074949145317077637e-01,-9.696274399757385254e-01,-9.651430696249008179e-02,1.007885575294494629e+00,-1.286932826042175293e+00,8.204370141029357910e-01,1.919596642255783081e-01,-4.012469649314880371e-01,-1.155958473682403564e-01,6.083229780197143555e-01,-2.324341237545013428e-01,1.672890901565551758e+00,-1.630173802375793457e+00,-2.320524692535400391e+00,7.840778231620788574e-01,6.094003915786743164e-01,-7.767334580421447754e-02,3.651059567928314209e-01,-9.418378025293350220e-02,2.984967529773712158e-01,3.126540780067443848e-02,-2.318333983421325684e-01,5.960721969604492188e-01,2.885523140430450439e-01,-1.091785907745361328e+00,1.159758567810058594e+00,2.554873943328857422e+00,1.827991485595703125e+00,-1.242344141006469727e+00,1.518703460693359375e+00,7.364986538887023926e-01,1.024103760719299316e+00,1.728577613830566406e+00,1.012584045529365540e-01,-1.774751693010330200e-01,8.888381123542785645e-01,1.024833321571350098e+00,-3.390550315380096436e-01,-2.937849462032318115e-01,-8.574132323265075684e-01,-1.249847769737243652e+00,1.402651906013488770e+00,2.821745276451110840e-01,-1.983327716588973999e-01,1.064369916915893555e+00,3.774839937686920166e-01,-5.443297326564788818e-02,-3.740066587924957275e-01,3.624140322208404541e-01,2.868210375308990479e-01,-2.747587859630584717e-01,-8.008499145507812500e-01,1.697638034820556641e+00,3.553657233715057373e-01,-8.153384327888488770e-01,-1.829053401947021484e+00,2.169471681118011475e-01,2.797712199389934540e-02,1.449648499488830566e+00,-1.395560741424560547e+00,1.151398539543151855e+00,-4.600440263748168945e-01,5.410287976264953613e-01,3.135705947875976562e+00,1.523299813270568848e+00,1.085077285766601562e+00,-1.049816250801086426e+00,1.392304778099060059e+00,6.090500578284263611e-02,-9.934642910957336426e-02,-6.122893095016479492e-01,8.673433661460876465e-01,-7.892213463783264160e-01,1.095140814781188965e+00,9.196081757545471191e-01
-6.926460862159729004e-01,-1.356543421745300293e+00,-1.378404647111892700e-01,6.280861794948577881e-02,1.149910241365432739e-01,9.195024967193603516e-01,-6.531054973602294922e-01,1.773025244474411011e-01,-2.213058710098266602e+00,-1.160434961318969727e+00,1.987879395484924316e+00,7.418401241302490234e-01,-6.424039602279663086e-01,4.562090933322906494e-01,-6.435753703117370605e-01,-6.135879755020141602e-01,-8.602697849273681641e-01,-8.954271078109741211e-01,1.837733626365661621e+00,9.835265874862670898e-01,-1.589330792427062988e+00,-5.027520656585693359e-01,-1.303232312202453613e+00,2.533805668354034424e-01,-4.414090812206268311e-01,-1.716636121273040771e-02,1.597406119108200073e-01,-4.119794964790344238e-01,1.491787284612655640e-01,-5.304326415061950684e-01,-1.262449622154235840e+00,-2.125801324844360352e+00,1.712081789970397949e+00,3.947398364543914795e-01,1.018576383590698242e+00,3.900087997317314148e-02,-1.366275310516357422e+00,2.590642869472503662e-01,-7.834542393684387207e-01,-9.333261847496032715e-01,-7.034554481506347656e-01,-1.602555990219116211e+00,-7.553423643112182617e-01,-4.947713911533355713e-01,5.793778896331787109e-01,7.877022027969360352e-01,1.650266647338867188e+00,-3.208388090133666992e-01,1.528267264366149902e+00,-6.461243033409118652e-01,-5.744049549102783203e-01,-2.807097434997558594e-01,3.451711177825927734e+00,-5.476561933755874634e-02,-1.053975820541381836e+00,-2.129523754119873047e+00,-2.809412479400634766e-01,-1.141492486000061035e+00,-2.380537539720535278e-01,-6.159339547157287598e-01,3.321370109915733337e-02,6.411802172660827637e-01,1.060142517089843750e+00,-2.095398306846618652e-02,4.882662296295166016e-01,-3.544017374515533447e-01,-1.137172818183898926e+00,-1.722637653350830078e+00,2.448588758707046509e-01,4.583332240581512451e-01,-1.241913586854934692e-01,1.486699819564819336e+00,-6.848364323377609253e-02,2.854571044445037842e-01,2.303081750869750977e+00,-5.457271933555603027e-01,9.750935435295104980e-01,1.417512416839599609e+00,-4.152857065200805664e-01,2.752912282943725586e+00,2.469338655471801758e+00,1.772632837295532227e+00,4.408418536186218262e-01,-1.864664077758789062e+00,-2.049662768840789795e-01,-9.454846978187561035e-01,6.363779306411743164e-01,-1.614029765129089355e+00,1.663452088832855225e-01,5.782555937767028809e-01,1.275135517120361328e+00,6.501849889755249023e-01,4.792358875274658203e-01,1.435440182685852051e+00,-7.079375386238098145e-01,-7.350751161575317383e-01,-1.259206891059875488e+00,7.177579402923583984e-01,-7.769386172294616699e-01,9.707241058349609375e-01
1.118537664413452148e+00,6.329842805862426758e-01,1.667599201202392578e+00,2.597711980342864990e-01,8.249610662460327148e-01,2.062086760997772217e-01,-4.131848812103271484e-01,1.572455286979675293e+00,6.347488164901733398e-01,-1.476198911666870117e+00,3.932986557483673096e-01,-1.015021443367004395e+00,5.073517560958862305e-01,3.427566289901733398e-01,-4.721630513668060303e-01,-2.748688757419586182e-01,-2.037970274686813354e-01,9.233205914497375488e-01,1.793326288461685181e-01,-2.624962031841278076e-01,-2.610169351100921631e-01,-4.889572784304618835e-02,3.499350845813751221e-01,-4.564763009548187256e-01,1.356181859970092773e+00,2.914251089096069336e-01,-7.586014270782470703e-01,-9.561583995819091797e-01,-4.741367995738983154e-01,6.250113248825073242e-01,-6.157097220420837402e-01,-1.783679962158203125e+00,-1.686964988708496094e+00,-9.494502097368240356e-03,-4.112913608551025391e-01,4.338108301162719727e-01,1.841576457023620605e+00,1.130508422851562500e+00,-2.151346206665039062e+00,1.656319856643676758e+00,-1.362989902496337891e+00,-7.148412466049194336e-01,-9.755133986473083496e-01,-4.718886613845825195e-01,-4.941380023956298828e-01,1.596299409866333008e-01,-1.613691806793212891e+00,4.801161289215087891e-01,-1.287085294723510742e+00,-2.456494122743606567e-01,-2.684314250946044922e-01,1.318046689033508301e+00,1.479246973991394043e+00,-1.512133359909057617e+00,-1.629922091960906982e-01,-4.055224359035491943e-01,-2.774855613708496094e+00,1.793508410453796387e+00,-1.613120079040527344e+00,3.588900864124298096e-01,-9.052320718765258789e-01,7.660889029502868652e-01,4.749284982681274414e-01,5.937698483467102051e-01,-4.137310087680816650e-01,3.947975933551788330e-01,3.194156885147094727e-01,-1.480218470096588135e-01,2.415451288223266602e+00,-1.265393197536468506e-01,-1.431394815444946289e+00,-4.710489213466644287e-01,-1.014324307441711426e+00,3.075929880142211914e-01,-1.038550853729248047e+00,4.001025855541229248e-02,7.635955810546875000e-01,-8.365328311920166016e-01,-9.137172102928161621e-01,-7.967074960470199585e-02,6.364158391952514648e-01,5.974181890487670898e-01,1.483431831002235413e-02,1.074370384216308594e+00,-2.117423057556152344e+00,2.349237799644470215e-01,4.380313456058502197e-01,-1.801088303327560425e-01,8.862446546554565430e-01,-2.591347694396972656e-01,1.750278621912002563e-01,-6.986127234995365143e-03,-6.953468918800354004e-01,1.210076212882995605e+00,-9.098573923110961914e-01,4.271248281002044678e-01,1.637976914644241333e-01,-2.283244609832763672e+00,-1.377303957939147949e+00,-8.764870762825012207e-01
