-1.627821773290634155e-01,4.926213026046752930e-01,-1.275171995162963867e+00,-5.425109267234802246e-01,1.791100263595581055e+00,1.472058296203613281e+00,1.398183941841125488e+00,-7.428200244903564453e-01,-6.036264300346374512e-01,7.516329288482666016e-01,-1.039080500602722168e+00,-5.861170291900634766e-01,-1.813203096389770508e-01,9.394744038581848145e-01,1.899542808532714844e+00,-1.724025726318359375e+00,6.791433691978454590e-01,7.495601773262023926e-01,1.759139537811279297e+00,1.008175015449523926e+00,1.587628841400146484e+00,6.927589774131774902e-01,1.398920774459838867e+00,-3.516703099012374878e-02,-7.753491401672363281e-02,-3.905187249183654785e-01,1.898003220558166504e-01,-4.580052495002746582e-01,-1.334514260292053223e+00,1.541522622108459473e+00,1.853598356246948242e+00,1.126512408256530762e+00,3.647276461124420166e-01,1.396674871444702148e+00,-6.384566426277160645e-01,3.261353969573974609e-01,-1.178811311721801758e+00,-3.411884009838104248e-01,-1.087297439575195312e+00,-6.979439258575439453e-01,3.684686124324798584e-02,-5.102116614580154419e-02,-9.169932603836059570e-01,8.385854214429855347e-02,2.317950963973999023e+00,6.660777330398559570e-01,2.409822046756744385e-01,-1.482534646987915039e+00,3.079636096954345703e-01,1.542292714118957520e+00,1.674978494644165039e+00,-6.681489348411560059e-01,-6.457082629203796387e-01,-8.682741522789001465e-01,-6.887731552124023438e-01,2.713898420333862305e-01,-8.380619883537292480e-01,2.926094233989715576e-01,-1.956305205821990967e-01,-9.289037436246871948e-02,-2.193403959274291992e+00,-1.441314697265625000e+00,-2.046643048524856567e-01,-1.050241827964782715e+00,-7.810249328613281250e-01,3.102186024188995361e-01,-3.168878555297851562e-01,7.348034381866455078e-01,-1.305642843246459961e+00,-7.811697721481323242e-01,7.488012909889221191e-01,2.309913337230682373e-01,-2.270366847515106201e-01,3.577603995800018311e-01,-2.474007129669189453e+00,-1.257846117019653320e+00,-1.478763341903686523e+00,-6.272219419479370117e-01,2.093880176544189453e+00,-3.098952472209930420e-01,7.695609927177429199e-01,7.977719306945800781e-01,1.215861201286315918e+00,-1.163725376129150391e+00,3.856125771999359131e-01,-2.322507798671722412e-01,-1.598147392272949219e+00,-2.924385964870452881e-01,2.684657573699951172e+00,1.933898329734802246e-01,-1.117212891578674316e+00,-3.698428571224212646e-01,3.703550398349761963e-01,-8.277359008789062500e-01,-1.560589551925659180e+00,-1.115985155105590820e+00,-6.482833623886108398e-01,-1.464564561843872070e+00,9.533034265041351318e-02,1.224640756845474243e-02
-1.235719561576843262e+00,1.431341171264648438e+00,-1.201965570449829102e+00,7.493546605110168457e-02,-1.879595994949340820e+00,7.538594603538513184e-01,1.779827952384948730e+00,5.898134708404541016e-01,-1.105236291885375977e+00,-2.683893144130706787e-01,-7.438005805015563965e-01,9.772224724292755127e-02,-2.812053561210632324e-01,1.106081724166870117e+00,7.115703225135803223e-01,-5.076021552085876465e-01,-1.075123310089111328e+00,6.979579925537109375e-01,-1.086434960365295410e+00,1.780825853347778320e-01,-4.039605855941772461e-01,2.704885601997375488e-01,1.405335187911987305e+00,-5.154867172241210938e-01,1.823660016059875488e+00,-1.600668191909790039e+00,-1.182579040527343750e+00,-1.169472694396972656e+00,-1.630977392196655273e+00,2.489174306392669678e-01,-2.255085229873657227e+00,-3.059317767620086670e-01,-1.224013328552246094e+00,-4.474408328533172607e-01,-1.598885774612426758e+00,-4.217555522918701172e-01,6.350433826446533203e-01,2.137750864028930664e+00,1.449822306632995605e+00,-1.601355433464050293e+00,1.059345364570617676e+00,-6.061779856681823730e-01,-5.272629112005233765e-02,-1.618878960609436035e+00,-1.414777398109436035e+00,-1.717378139495849609e+00,-7.010677456855773926e-01,9.261995553970336914e-01,-1.218228697776794434e+00,-2.184477090835571289e+00,8.812084794044494629e-01,-6.051554679870605469e-01,-6.544215679168701172e-01,-9.669771194458007812e-01,-3.500584959983825684e-01,-1.071737885475158691e+00,1.496481060981750488e+00,7.340338230133056641e-01,-4.151095151901245117e-01,7.343690395355224609e-01,-2.117348432540893555e+00,6.499438881874084473e-01,-1.691261827945709229e-01,-3.709715232253074646e-02,-8.866757750511169434e-01,4.585925042629241943e-01,1.573451012372970581e-01,-6.822016835212707520e-01,-8.248140215873718262e-01,-1.233825922012329102e+00,-2.485404014587402344e-01,9.087823033332824707e-01,9.968639612197875977e-01,-1.473738193511962891e+00,9.140781760215759277e-01,8.703864812850952148e-01,2.019651889801025391e+00,-1.669666171073913574e-01,-6.255292296409606934e-01,4.720167070627212524e-02,9.626998901367187500e-01,-1.829743236303329468e-01,-1.318688839673995972e-01,1.875370740890502930e-02,-1.741443395614624023e+00,-6.425490379333496094e-01,2.198356866836547852e+00,1.444949768483638763e-02,4.839102029800415039e-01,1.161146998405456543e+00,6.540175676345825195e-01,6.901931762695312500e-01,1.873998165130615234e+00,-3.173690140247344971e-01,-3.153659105300903320e-01,-4.234718382358551025e-01,-3.028268814086914062e-01,-3.473152816295623779e-01,-2.452892512083053589e-01,1.274462103843688965e+00
-5.348609089851379395e-01,8.908128142356872559e-01,-2.263408660888671875e+00,-3.741565346717834473e-01,-7.045959681272506714e-02,-2.137486934661865234e+00,1.298451304435729980e+00,4.902181625366210938e-01,1.442314624786376953e+00,-6.339146755635738373e-03,5.244645476341247559e-01,1.968603581190109253e-01,-3.459528461098670959e-02,4.588323235511779785e-01,7.913802862167358398e-01,1.794652700424194336e+00,-2.175214290618896484e+00,-3.407233059406280518e-01,-8.273155093193054199e-01,-3.160755038261413574e-01,-5.610623359680175781e-01,-1.155643612146377563e-01,-6.608809828758239746e-01,-2.076804041862487793e-01,5.528897047042846680e-01,1.958390593528747559e+00,-3.942064344882965088e-01,1.421659469604492188e+00,-1.962661892175674438e-01,1.689539790153503418e+00,-5.667821168899536133e-01,3.647148311138153076e-01,-7.620347291231155396e-02,-4.437432289123535156e-01,-1.432091712951660156e+00,-3.988590240478515625e-01,-5.726931691169738770e-01,-8.345624208450317383e-01,-3.380822241306304932e-01,-1.068734526634216309e+00,-1.531144022941589355e+00,1.018732711672782898e-01,-1.089785337448120117e+00,-1.332870125770568848e+00,-6.126384735107421875e-01,-2.747633695602416992e+00,9.706414937973022461e-01,2.200181931257247925e-01,3.027710616588592529e-01,7.248751521110534668e-01,-4.293505251407623291e-01,1.655554175376892090e+00,-1.050405502319335938e-01,-7.882999181747436523e-01,-3.902872502803802490e-01,-5.699916481971740723e-01,-1.355664134025573730e-01,-1.018481254577636719e+00,-9.638644754886627197e-03,4.085195437073707581e-02,-1.645785123109817505e-01,-9.183897972106933594e-01,-1.319081187248229980e+00,4.535019397735595703e-03,-9.943490624427795410e-01,6.455031037330627441e-01,-6.389482021331787109e-01,1.136972546577453613e+00,8.472096920013427734e-01,7.426723241806030273e-01,-2.035585880279541016e+00,1.025886893272399902e+00,-7.717173695564270020e-01,-1.321841001510620117e+00,2.835024595260620117e-01,-2.548398375511169434e-01,1.002512693405151367e+00,1.429534316062927246e+00,8.356260061264038086e-01,3.444039821624755859e+00,1.855427958071231842e-02,-6.954455375671386719e-01,-9.543727636337280273e-01,-4.247050583362579346e-01,-1.143433213233947754e+00,-1.270738124847412109e+00,3.066443279385566711e-02,9.455485343933105469e-01,3.458411097526550293e-01,1.120167970657348633e+00,1.103761076927185059e+00,-5.772221684455871582e-01,2.817449808120727539e+00,-8.385705947875976562e-01,-5.993313789367675781e-01,2.008517086505889893e-01,3.031020164489746094e-01,2.867482900619506836e-01,1.271677762269973755e-01,3.395034074783325195e-01
1.660466432571411133e+00,-2.236048877239227295e-02,-1.448605358600616455e-01,1.776751756668090820e+00,2.207984447479248047e+00,-3.785876333713531494e-01,1.315275430679321289e+00,1.031454920768737793e+00,8.779021501541137695e-01,1.662549376487731934e-01,2.669244706630706787e-01,-5.151627063751220703e-01,2.385478094220161438e-02,-1.096205785870552063e-02,2.370591312646865845e-01,2.054541110992431641e+00,-8.518095016479492188e-01,-4.907308816909790039e-01,-7.598482370376586914e-01,3.331440687179565430e-01,5.863950848579406738e-01,8.248530626296997070e-01,-7.779418230056762695e-01,-3.201490044593811035e-01,1.196150898933410645e+00,2.549297213554382324e-01,-6.046039052307605743e-03,-8.784562349319458008e-01,-8.504561781883239746e-01,9.429268836975097656e-01,6.892899423837661743e-02,1.055051535367965698e-01,-1.277061462402343750e+00,-6.096518635749816895e-01,3.011740148067474365e-01,2.044643402099609375e+00,-1.683557987213134766e+00,1.973784863948822021e-01,7.938552498817443848e-01,2.708636224269866943e-01,-1.849856376647949219e+00,-6.639646887779235840e-01,-8.685156702995300293e-01,8.877021670341491699e-01,1.763361454010009766e+00,5.362250804901123047e-01,7.101659476757049561e-02,1.079669594764709473e+00,-4.059834182262420654e-01,7.114270329475402832e-01,2.748733520507812500e+00,4.496900439262390137e-01,-1.700179457664489746e+00,-1.674522638320922852e+00,-2.670960426330566406e-01,-1.175528526306152344e+00,2.381165921688079834e-01,4.276263713836669922e-01,5.391951203346252441e-01,-8.422656059265136719e-01,-7.597983479499816895e-01,-7.466596364974975586e-01,2.254866510629653931e-01,-1.489925503730773926e+00,2.079814910888671875e+00,1.811896085739135742e+00,5.146713256835937500e-01,-9.721241593360900879e-01,-4.025840163230895996e-01,1.087696909904479980e+00,1.953176021575927734e+00,6.338459849357604980e-01,7.359563112258911133e-01,7.008877396583557129e-01,3.530748188495635986e-01,-9.031791090965270996e-01,7.219298481941223145e-01,5.116375088691711426e-01,-1.456998109817504883e+00,-5.749980807304382324e-01,-7.991149425506591797e-01,2.539059519767761230e-01,8.874453604221343994e-02,-1.157391309738159180e+00,-5.964476466178894043e-01,1.670588135719299316e+00,-1.113302782177925110e-01,-2.748133182525634766e+00,-3.781520128250122070e-01,1.645831465721130371e+00,9.021998047828674316e-01,-1.656430661678314209e-01,-1.970885515213012695e+00,-4.719752371311187744e-01,2.944158613681793213e-01,-4.583025574684143066e-01,-3.020205795764923096e-01,1.010980725288391113e+00,1.242110848426818848e+00,-1.573222279548645020e+00
3.628938198089599609e-01,9.424755573272705078e-01,-1.165071874856948853e-02,4.193880259990692139e-01,-1.817865490913391113e+00,8.426247835159301758e-01,-8.273257017135620117e-01,-1.609639674425125122e-01,2.434669733047485352e-01,8.721112608909606934e-01,1.173780679702758789e+00,-1.144224762916564941e+00,-6.188566088676452637e-01,-1.417231798171997070e+00,-1.310089707374572754e+00,6.412335634231567383e-01,-5.461805965751409531e-03,-2.089515209197998047e+00,-1.193540096282958984e+00,3.883697390556335449e-01,8.267872929573059082e-01,1.237956523895263672e+00,-6.344999670982360840e-01,-1.098560214042663574e+00,-1.238125801086425781e+00,-2.738137841224670410e-01,1.020343065261840820e+00,9.987371414899826050e-02,1.953816562891006470e-01,-3.888154327869415283e-01,-1.422301530838012695e+00,-1.247055977582931519e-01,8.367823362350463867e-01,9.819209575653076172e-01,-5.513988137245178223e-01,9.023646712303161621e-01,-9.366779029369354248e-02,-8.038956522941589355e-01,-2.675511360168457031e+00,8.054029345512390137e-01,-6.601407527923583984e-01,9.776016324758529663e-02,-1.121664419770240784e-01,-8.277043700218200684e-01,9.237613677978515625e-01,6.626031994819641113e-01,2.151906013488769531e+00,1.265345573425292969e+00,8.724443316459655762e-01,2.079390287399291992e+00,7.838253378868103027e-01,-9.577358961105346680e-01,1.001946449279785156e+00,-1.017094478011131287e-01,-2.694839239120483398e-01,1.358464658260345459e-01,-5.265129804611206055e-01,-1.399840712547302246e+00,1.119148731231689453e+00,6.457821130752563477e-01,-2.256935358047485352e+00,-5.830088853836059570e-01,1.044363021850585938e+00,-1.136587262153625488e+00,3.799431324005126953e-01,-1.725809574127197266e+00,-1.000494003295898438e+00,-1.483470082283020020e+00,6.652638912200927734e-01,1.323291897773742676e+00,-6.837850213050842285e-01,-1.026535511016845703e+00,1.568789482116699219e+00,4.347070753574371338e-01,4.187822043895721436e-01,-1.206285595893859863e+00,-1.187326982617378235e-01,-1.403453499078750610e-01,1.017292067408561707e-01,9.840084314346313477e-01,-6.835745573043823242e-01,4.407192468643188477e-01,1.134899616241455078e+00,1.378803849220275879e+00,-1.173395216464996338e-01,8.621220588684082031e-01,1.499070763587951660e+00,8.923885822296142578e-01,8.218650817871093750e-01,-1.521263480186462402e+00,7.034785300493240356e-02,6.084282398223876953e-01,-1.761036634445190430e+00,1.136847853660583496e+00,-1.257895771414041519e-02,-8.804175257682800293e-01,4.690368175506591797e-01,5.004534721374511719e-01,-2.140687465667724609e+00,8.479996919631958008e-01
-5.237376689910888672e-01,1.832721352577209473e+00,-1.468088507652282715e+00,2.131581783294677734e+00,-1.580107025802135468e-02,1.264495372772216797e+00,-1.456312179565429688e+00,-7.771023362874984741e-02,-1.639812588691711426e+00,-2.577632367610931396e-01,-3.646011948585510254e-01,-1.625628769397735596e-01,5.244670510292053223e-01,-1.309239119291305542e-01,-1.402584314346313477e+00,-2.190232753753662109e+00,9.592304229736328125e-01,4.126100540161132812e-01,8.719239383935928345e-02,5.248483419418334961e-01,1.838817954063415527e+00,-2.822763323783874512e-01,-6.891781091690063477e-01,4.621359109878540039e-01,-4.422394633293151855e-01,-3.854168578982353210e-02,-2.088426351547241211e+00,-8.632109761238098145e-01,2.359337061643600464e-01,-1.008239984512329102e+00,-3.889777958393096924e-01,3.513468503952026367e-01,8.394508957862854004e-01,-2.164185345172882080e-01,1.495836228132247925e-01,1.739675164222717285e+00,3.811832368373870850e-01,4.942240566015243530e-02,-2.795940637588500977e-01,1.322324395179748535e+00,-2.824996411800384521e-01,1.524881720542907715e-01,1.255619049072265625e+00,4.367842674255371094e-01,-1.036744952201843262e+00,-7.600934505462646484e-01,-4.912859201431274414e-01,6.408711671829223633e-01,3.828500211238861084e-02,7.267457246780395508e-01,-4.202231168746948242e-01,1.309532403945922852e+00,2.018910795450210571e-01,1.925559788942337036e-01,-1.007337808609008789e+00,3.408494889736175537e-01,-1.710851937532424927e-01,-8.173839449882507324e-01,4.536244273185729980e-01,-1.652352213859558105e-01,1.391736149787902832e+00,-6.474600434303283691e-01,8.709204792976379395e-01,2.106972932815551758e+00,-1.977998852729797363e+00,1.233162164688110352e+00,1.776760697364807129e+00,2.006551027297973633e+00,-9.212540984153747559e-01,-1.074810624122619629e+00,-2.276794195175170898e+00,-9.964289665222167969e-01,-1.275922179222106934e+00,1.232240319252014160e+00,4.127131402492523193e-01,-1.060782670974731445e+00,-2.187177181243896484e+00,1.571090221405029297e-01,-1.886752843856811523e-01,2.772285044193267822e-01,-8.330375552177429199e-01,-1.243146896362304688e+00,2.515687346458435059e-01,-1.102668046951293945e+00,-8.052005767822265625e-01,1.984179735183715820e+00,1.248477578163146973e+00,-1.835816740989685059e+00,-2.608051300048828125e-01,9.789149761199951172e-01,1.934600353240966797e+00,-1.426818847656250000e+00,-5.678911805152893066e-01,-1.104913204908370972e-01,1.289149403572082520e+00,-8.489679098129272461e-01,-4.723659455776214600e-01,-6.084955930709838867e-01,5.194053053855895996e-01,-6.245718598365783691e-01
9.254735708236694336e-01,1.488818883895874023e+00,-1.500809431076049805e+00,-9.925824999809265137e-01,-1.351319074630737305e+00,-4.048872590065002441e-01,-1.028560280799865723e+00,-1.061002016067504883e+00,-2.622070014476776123e-01,1.431095838546752930e+00,-4.022968560457229614e-02,8.469930887222290039e-01,-2.738159298896789551e-01,-1.261697411537170410e+00,-1.314148902893066406e-01,-1.977829813957214355e+00,-1.055588841438293457e+00,1.944476485252380371e+00,4.847680330276489258e-01,-7.713813781738281250e-01,2.686157822608947754e-01,-5.137330293655395508e-01,6.594585180282592773e-01,-6.624838709831237793e-01,-2.188434600830078125e+00,7.016958594322204590e-01,2.860046625137329102e-01,1.001592949032783508e-01,-8.972571492195129395e-01,6.587172150611877441e-01,1.421688914299011230e+00,3.836172521114349365e-01,-9.164885282516479492e-01,-8.464292287826538086e-01,-6.905912756919860840e-01,3.191017359495162964e-02,1.317238092422485352e+00,-2.083194814622402191e-02,-9.096198678016662598e-01,9.712601900100708008e-01,-1.555905938148498535e+00,1.353245973587036133e+00,-2.276406049728393555e+00,-2.247043550014495850e-01,9.421277046203613281e-01,-1.633790135383605957e+00,-1.630548387765884399e-02,2.361708283424377441e-01,1.156044658273458481e-02,-6.235558539628982544e-02,1.548264145851135254e+00,-1.501842439174652100e-01,-1.157812714576721191e+00,5.219589471817016602e-01,-3.427774310111999512e-01,9.942029714584350586e-01,-7.834059000015258789e-01,-9.123086929321289062e-04,-6.871418356895446777e-01,-5.405888557434082031e-01,9.236539006233215332e-01,1.046220511198043823e-01,3.757025003433227539e-01,5.742878913879394531e-01,1.502900719642639160e+00,-6.916313171386718750e-01,-9.264947175979614258e-01,8.742467761039733887e-01,-7.399290204048156738e-01,1.458630800247192383e+00,-8.108580857515335083e-02,2.706425905227661133e+00,1.834104768931865692e-02,-9.830147027969360352e-01,-7.316831946372985840e-01,-3.112251460552215576e-01,5.689161419868469238e-01,1.435493081808090210e-01,4.702376425266265869e-01,-7.508113980293273926e-01,-7.062956094741821289e-01,-1.807095170021057129e+00,7.616660594940185547e-01,-2.677774429321289062e-01,-1.006250828504562378e-01,1.411236286163330078e+00,-9.909464418888092041e-02,-1.437566757202148438e+00,-1.333374261856079102e+00,9.314941167831420898e-01,-9.207364320755004883e-01,9.706499427556991577e-02,-7.702804207801818848e-01,7.340624332427978516e-01,1.297014713287353516e+00,3.398216143250465393e-02,1.612996906042098999e-01,3.252816796302795410e-01,-4.348729252815246582e-01,-1.019612193107604980e+00
-8.610311150550842285e-01,-1.453055262565612793e+00,-6.407831907272338867e-01,-9.625990390777587891e-01,1.131273627281188965e+00,1.196345806121826172e+00,1.817816257476806641e+00,-7.369893789291381836e-01,2.479722499847412109e+00,1.888456381857395172e-02,1.768364429473876953e+00,5.520862936973571777e-01,9.286902546882629395e-01,9.354709088802337646e-02,9.414041042327880859e-01,1.572423130273818970e-01,-1.374901235103607178e-01,6.445001959800720215e-01,1.303299307823181152e+00,-3.386117815971374512e-01,-1.762154102325439453e-01,-1.113847255706787109e+00,1.686871051788330078e-01,-1.548831224441528320e+00,1.916586160659790039e-01,-1.109975457191467285e+00,1.648728251457214355e+00,-3.541269004344940186e-01,-1.944083929061889648e+00,-1.050239205360412598e+00,2.336872100830078125e+00,1.468164175748825073e-01,1.361170291900634766e+00,-4.858503937721252441e-01,-1.402721285820007324e+00,-8.478624820709228516e-01,-1.957125961780548096e-01,4.621240198612213135e-01,6.041876673698425293e-01,1.059144377708435059e+00,-4.199411869049072266e-01,-5.298796892166137695e-01,-9.899823069572448730e-01,1.538632869720458984e+00,-8.957846164703369141e-01,5.834761634469032288e-02,1.473868489265441895e-01,-2.862089157104492188e+00,2.148051023483276367e+00,-6.385737657546997070e-01,-9.903928041458129883e-01,1.329275012016296387e+00,3.686482310295104980e-01,-1.103507399559020996e+00,1.606141924858093262e+00,-5.850634574890136719e-01,-1.448506593704223633e+00,1.219138026237487793e+00,-6.018675118684768677e-02,-6.168551445007324219e-01,3.628396093845367432e-01,3.669208288192749023e-01,6.207965016365051270e-01,-5.945701003074645996e-01,-6.916189193725585938e-01,1.744168281555175781e+00,7.515672445297241211e-01,3.126690909266471863e-02,-5.633704662322998047e-01,5.814704298973083496e-01,1.071844696998596191e+00,5.774072408676147461e-01,9.333709478378295898e-01,-6.496018767356872559e-01,8.452586531639099121e-01,8.197174072265625000e-01,-1.907490253448486328e+00,1.512414216995239258e+00,-2.206263840198516846e-01,1.395969390869140625e-01,4.196225404739379883e-01,6.766380667686462402e-01,-1.560239940881729126e-01,-8.709512352943420410e-01,-3.754749596118927002e-01,-8.371725678443908691e-01,1.685709506273269653e-01,1.110786914825439453e+00,-7.771175503730773926e-01,-8.143657445907592773e-01,1.167683482170104980e+00,-9.919366836547851562e-01,-8.640500307083129883e-01,-4.743194580078125000e-02,2.019595801830291748e-01,-9.979512691497802734e-01,3.703943789005279541e-01,2.346252799034118652e-01,-5.989392846822738647e-02,-4.268966317176818848e-01
1.025924682617187500e+00,-3.469407260417938232e-01,6.993837654590606689e-02,-6.355626583099365234e-01,-2.469138145446777344e+00,5.380930900573730469e-01,-1.243034675717353821e-01,6.728160381317138672e-01,1.100678443908691406e+00,-1.395098716020584106e-01,1.848189830780029297e-01,1.108700037002563477e+00,1.761719703674316406e+00,-3.098142147064208984e-02,4.658472239971160889e-01,3.076381981372833252e-01,-1.497130632400512695e+00,9.447956085205078125e-01,-7.632262110710144043e-01,8.527578115463256836e-01,1.060199379920959473e+00,1.361665606498718262e+00,-2.298806309700012207e-01,8.785210251808166504e-01,-1.991033077239990234e+00,5.495995879173278809e-01,5.737547874450683594e-01,-1.746242523193359375e+00,-6.846686601638793945e-01,1.027776598930358887e+00,-4.952834248542785645e-01,1.118586182594299316e+00,-1.367875099182128906e+00,-1.681866645812988281e+00,-1.023683190345764160e+00,-5.966694355010986328e-01,-1.403605222702026367e+00,9.779685735702514648e-01,3.442079573869705200e-02,-1.114883497357368469e-01,-2.640984356403350830e-01,2.248255610466003418e-01,-4.930046796798706055e-01,-2.819541096687316895e-01,-3.044181466102600098e-01,-6.603884696960449219e-01,3.158241510391235352e-02,-1.320259690284729004e+00,-4.725300073623657227e-01,-1.513512134552001953e-01,1.645967364311218262e-01,1.522796601057052612e-02,-5.785705447196960449e-01,-1.055007696151733398e+00,1.632151454687118530e-01,-1.333259463310241699e+00,-3.578045666217803955e-01,7.063918709754943848e-01,-2.111033439636230469e+00,2.649737596511840820e-01,-9.870236515998840332e-01,-2.859493970870971680e+00,-1.966269254684448242e+00,-9.034210443496704102e-01,-1.875562965869903564e-01,-2.681968510150909424e-01,4.106614887714385986e-01,-4.680868685245513916e-01,9.200744628906250000e-01,-2.377663552761077881e-01,-1.144490122795104980e+00,-3.658609986305236816e-01,-9.370995312929153442e-02,1.087133884429931641e+00,2.873700559139251709e-01,2.082497999072074890e-02,-7.881205081939697266e-01,-1.861096173524856567e-01,1.660720258951187134e-01,1.526501178741455078e-01,4.095856845378875732e-01,3.144988119602203369e-01,9.573511034250259399e-02,-1.746595501899719238e-01,-4.230115413665771484e-01,9.464536905288696289e-01,-1.560228019952774048e-01,-1.057142019271850586e+00,1.579876661300659180e+00,8.779833465814590454e-02,1.267456054687500000e+00,1.443578362464904785e+00,-9.009483456611633301e-01,1.024600386619567871e+00,5.245756506919860840e-01,-3.787430822849273682e-01,1.473200917243957520e+00,-1.834527403116226196e-01,1.067768812179565430e+00,-1.290862679481506348e+00
-1.056884527206420898e+00,-1.833455204963684082e+00,1.873512744903564453e+00,-2.241114616394042969e+00,-8.764751553535461426e-01,6.579762697219848633e-01,1.110935926437377930e+00,1.112271785736083984e+00,-8.135439828038215637e-03,-6.880993247032165527e-01,2.501428842544555664e+00,5.997809171676635742e-01,6.116708517074584961e-01,1.694936901330947876e-01,-5.453975200653076172e-01,-6.710501313209533691e-01,-6.184881925582885742e-01,7.583652734756469727e-01,3.352292478084564209e-01,-3.248288929462432861e-01,2.809579968452453613e-01,1.257531404495239258e+00,1.098400592803955078e+00,2.738500535488128662e-01,-1.230568885803222656e+00,6.912136077880859375e-02,-8.311280012130737305e-01,6.534210443496704102e-01,-1.166344404220581055e+00,-1.934180974960327148e+00,-1.366288065910339355e+00,1.114224076271057129e+00,-1.906217485666275024e-01,6.158204376697540283e-02,-1.825277805328369141e+00,-2.276788949966430664e-01,-1.057735443115234375e+00,4.221682623028755188e-02,8.752895891666412354e-02,-1.497448086738586426e+00,1.370408415794372559e+00,-4.140780568122863770e-01,2.747107669711112976e-02,-3.617047965526580811e-01,-2.606694698333740234e+00,5.778737068176269531e-01,3.799910843372344971e-01,-7.310469448566436768e-02,1.261522650718688965e+00,-2.122571766376495361e-01,-4.790245294570922852e-01,-1.431453943252563477e+00,4.853827953338623047e-01,7.310777306556701660e-01,-8.657512664794921875e-01,1.899038441479206085e-02,1.220834016799926758e+00,-1.240088105201721191e+00,1.702533721923828125e+00,-5.424019694328308105e-01,1.194887757301330566e+00,8.984640985727310181e-02,-1.194201827049255371e+00,-1.558879911899566650e-01,-1.948246240615844727e+00,-2.577172517776489258e-01,-5.257613658905029297e-01,-4.636903405189514160e-01,8.776403665542602539e-01,3.306722402572631836e+00,-6.201006770133972168e-01,1.497490406036376953e+00,-9.896531701087951660e-01,8.137786984443664551e-01,-7.150169014930725098e-01,-3.463186025619506836e-01,1.219859123229980469e-01,1.596060872077941895e+00,6.564995050430297852e-01,-6.251875758171081543e-01,-1.034511804580688477e+00,9.704612493515014648e-01,-1.128371477127075195e+00,-1.432310581207275391e+00,1.363088041543960571e-01,1.192402020096778870e-01,1.399988174438476562e+00,-3.660554587841033936e-01,7.939546108245849609e-01,7.152528166770935059e-01,-3.612432777881622314e-01,-1.435670107603073120e-01,1.559695154428482056e-01,2.250710725784301758e+00,-6.654687523841857910e-01,-4.692605435848236084e-01,7.933142185211181641e-01,-1.982572555541992188e+00,5.968361496925354004e-01,-2.470968961715698242e+00
6.985810995101928711e-01,-5.052083134651184082e-01,1.283676028251647949e+00,1.066654801368713379e+00,1.742074042558670044e-01,1.411314487457275391e+00,-8.518873453140258789e-01,6.744508743286132812e-01,-4.380808770656585693e-01,-7.342254519462585449e-01,4.893471002578735352e-01,6.043894216418266296e-02,6.252614259719848633e-01,3.452449738979339600e-01,-5.565090477466583252e-02,1.900894761085510254e+00,6.277074217796325684e-01,5.175953507423400879e-01,1.738551616668701172e+00,-1.993126511573791504e+00,1.060517430305480957e-01,-2.009572982788085938e+00,-2.924271225929260254e-01,2.191656976938247681e-01,-1.202696084976196289e+00,1.092767238616943359e+00,5.438631176948547363e-01,-3.672382533550262451e-01,4.397611916065216064e-01,-8.764853477478027344e-01,4.455779492855072021e-01,-2.017402887344360352e+00,-6.176362559199333191e-02,-3.064184188842773438e-01,2.203372001647949219e+00,1.182387828826904297e+00,-5.674506425857543945e-01,1.304299980401992798e-01,-1.567711383104324341e-01,5.143930315971374512e-01,-3.455434143543243408e-01,1.231225013732910156e+00,-1.786459237337112427e-01,1.485866010189056396e-01,1.098372697830200195e+00,4.357060790061950684e-01,4.757617712020874023e-01,4.184945523738861084e-01,-1.602123081684112549e-01,-9.847163558006286621e-01,2.311010837554931641e+00,4.645262956619262695e-01,-4.151338338851928711e-01,3.785589039325714111e-01,2.762864232063293457e-01,-1.331508755683898926e-01,1.319023132324218750e+00,1.515955090522766113e+00,1.706789731979370117e+00,1.223273873329162598e+00,1.511550068855285645e+00,-1.124976038932800293e+00,2.686530351638793945e-01,-1.342147141695022583e-01,7.685948163270950317e-03,-9.101585745811462402e-01,2.991195619106292725e-01,-1.294984698295593262e+00,5.406448841094970703e-01,-1.194445565342903137e-01,1.554008841514587402e+00,3.449949026107788086e-01,1.706059217453002930e+00,1.297478318214416504e+00,-5.083314180374145508e-01,-7.483894228935241699e-01,5.390470623970031738e-01,-1.435455083847045898e+00,9.973745793104171753e-03,8.890606164932250977e-01,1.476734280586242676e-01,-1.350550055503845215e-01,1.056295871734619141e+00,-3.084442913532257080e-01,-1.331034421920776367e+00,2.080801963806152344e+00,-9.133965373039245605e-01,-5.098898410797119141e-01,-1.513487696647644043e-01,-4.864977598190307617e-01,-9.077401161193847656e-01,-1.307362914085388184e+00,8.150287866592407227e-01,-5.545616149902343750e-01,-6.582134962081909180e-01,1.791289746761322021e-01,3.298608064651489258e-01,1.564401984214782715e+00,-4.039000868797302246e-01,1.443361997604370117e+00
1.416656672954559326e-01,-1.036307141184806824e-01,-4.330355525016784668e-01,9.221116453409194946e-02,-4.247539937496185303e-01,-7.360755801200866699e-01,1.225211501121520996e+00,-8.475111722946166992e-01,-9.530627727508544922e-01,1.029667854309082031e-01,-5.960558652877807617e-01,1.943171977996826172e+00,4.125345945358276367e-01,1.825792670249938965e+00,1.469268798828125000e+00,-9.137715697288513184e-01,-1.870020985603332520e+00,-6.160681843757629395e-01,-5.753912925720214844e-01,-2.963313460350036621e-01,-5.192626714706420898e-01,1.128139495849609375e+00,4.845295846462249756e-01,6.039281487464904785e-01,1.376350283622741699e+00,-1.795862555503845215e+00,8.549635410308837891e-01,8.804473280906677246e-02,4.233917593955993652e-01,3.165411762893199921e-03,-2.348639070987701416e-01,-2.476504087448120117e+00,5.133295655250549316e-01,-6.885807216167449951e-02,3.518927842378616333e-02,1.201389908790588379e+00,2.018514394760131836e+00,-1.123144149780273438e+00,-4.076734483242034912e-01,3.021781146526336670e-01,3.454962074756622314e-01,2.524649910628795624e-02,-2.753636427223682404e-02,-1.355594396591186523e+00,9.787181019783020020e-02,-1.173595786094665527e+00,-8.172848820686340332e-01,-1.645224452018737793e+00,1.832022905349731445e+00,1.978939414024353027e+00,-3.147626221179962158e-01,1.593165159225463867e+00,-1.014482498168945312e+00,-5.571618676185607910e-02,-5.686890482902526855e-01,5.615814775228500366e-02,-1.599517822265625000e+00,7.302542924880981445e-01,-4.556399285793304443e-01,-1.078610777854919434e+00,1.200546145439147949e+00,-9.346089363098144531e-01,-5.546925663948059082e-01,7.971303462982177734e-01,6.104457750916481018e-02,1.291105389595031738e+00,-1.512832880020141602e+00,8.850455284118652344e-01,1.403187870979309082e+00,-5.322350263595581055e-01,2.483461201190948486e-01,8.815629482269287109e-01,1.657555103302001953e-01,2.085605561733245850e-01,1.583999037742614746e+00,1.544786810874938965e+00,-1.893650293350219727e+00,-1.066090822219848633e+00,-2.021027952432632446e-01,8.229439854621887207e-01,-7.158136963844299316e-01,6.621754169464111328e-01,2.359775304794311523e-01,8.547583818435668945e-01,-1.069886803627014160e+00,-9.056513905525207520e-01,-2.008539676666259766e+00,-1.391936391592025757e-01,2.435297012329101562e+00,2.867955863475799561e-01,1.485798120498657227e+00,4.167712032794952393e-01,-1.651214480400085449e+00,-1.196514606475830078e+00,2.990676462650299072e-01,1.485154032707214355e-03,1.349616765975952148e+00,2.376703023910522461e-01,-6.910713911056518555e-01,-2.353816628456115723e-01
4.011800289154052734e-01,-4.889591038227081299e-01,-1.067438364028930664e+00,-3.277628719806671143e-01,1.215190172195434570e+00,9.392358064651489258e-01,1.649528861045837402e+00,-4.674163833260536194e-02,5.865122377872467041e-02,7.550113797187805176e-01,2.119029685854911804e-02,1.930142998695373535e+00,9.185307025909423828e-01,8.259980678558349609e-01,2.089655399322509766e-01,4.541368484497070312e-01,1.469054818153381348e+00,5.950974225997924805e-01,-7.501308917999267578e-01,-1.363927498459815979e-03,1.272740483283996582e+00,4.222117960453033447e-01,-1.111762166023254395e+00,-8.132436871528625488e-01,1.185308098793029785e+00,3.013944625854492188e-01,1.493294596672058105e+00,-1.052653431892395020e+00,-1.546518325805664062e+00,6.314389705657958984e-01,-3.238970637321472168e-01,1.351637482643127441e+00,1.573027849197387695e+00,-8.936579227447509766e-01,-1.630989074707031250e+00,3.292592465877532959e-01,2.106828093528747559e-01,-6.196390390396118164e-01,8.869507312774658203e-01,-6.025661230087280273e-01,2.414856478571891785e-02,4.407804608345031738e-01,9.958860278129577637e-01,5.012257099151611328e-01,8.003777861595153809e-01,-8.717148751020431519e-02,1.809851408004760742e+00,3.288243412971496582e-01,-1.160457372665405273e+00,-1.104773640632629395e+00,1.120437741279602051e+00,8.713053166866302490e-02,-7.351487874984741211e-02,-4.612334668636322021e-01,2.694108486175537109e-01,2.778465114533901215e-02,9.094188809394836426e-01,-9.168487191200256348e-01,2.654622793197631836e-01,8.762667179107666016e-01,9.242164492607116699e-01,-2.599918097257614136e-02,-3.903354108333587646e-01,-7.063851952552795410e-01,-4.204618036746978760e-01,5.025863647460937500e-01,1.178478956222534180e+00,-2.014370858669281006e-01,1.039696216583251953e+00,-1.458311676979064941e+00,1.567321538925170898e+00,-3.892346844077110291e-02,3.697566092014312744e-01,5.153998732566833496e-01,-1.645274758338928223e+00,-1.022060394287109375e+00,-3.803636431694030762e-01,7.387351989746093750e-01,5.840242505073547363e-01,-1.796566247940063477e+00,-9.539443850517272949e-01,1.528930425643920898e+00,1.948884129524230957e+00,-7.682260274887084961e-01,6.776943802833557129e-01,-8.364389538764953613e-01,1.810430526733398438e+00,3.099995851516723633e-01,-6.186946630477905273e-01,5.293516516685485840e-01,1.425578236579895020e+00,-7.045994699001312256e-02,3.493853509426116943e-01,1.188923954963684082e+00,3.685005307197570801e-01,1.748981595039367676e+00,9.286338090896606445e-01,1.362960219383239746e+00,5.701258778572082520e-01,3.840941190719604492e-01
-5.024689435958862305e-01,7.131865024566650391e-01,-1.815636277198791504e+00,-9.986182451248168945e-01,-4.455424547195434570e-01,-3.392524085938930511e-03,1.117448210716247559e+00,-5.525571107864379883e-01,-8.344509005546569824e-01,5.737674832344055176e-01,-1.795913428068161011e-01,-3.270818591117858887e-01,-3.502776324748992920e-01,-6.791288256645202637e-01,3.341988325119018555e-01,8.715081810951232910e-01,-3.677168786525726318e-01,7.010167241096496582e-01,-3.068142235279083252e-01,-1.237188816070556641e+00,1.430320739746093750e+00,2.224495649337768555e+00,5.929488539695739746e-01,1.675444990396499634e-01,-1.783039122819900513e-01,1.198539018630981445e+00,4.201277494430541992e-01,5.551878809928894043e-01,-1.538945078849792480e+00,-5.124241709709167480e-01,1.216005086898803711e+00,8.541613817214965820e-01,4.260628223419189453e-01,4.043097496032714844e-01,8.120302110910415649e-02,-6.685213744640350342e-02,-5.598109215497970581e-02,1.415382981300354004e+00,-1.106281280517578125e+00,6.546270847320556641e-02,1.290942579507827759e-01,4.715515971183776855e-01,-4.092573747038841248e-02,-1.748185306787490845e-01,2.845364511013031006e-01,-1.966554045677185059e+00,8.511120080947875977e-02,5.580108761787414551e-01,2.364224344491958618e-01,-6.125902533531188965e-01,1.056488633155822754e+00,-5.513141751289367676e-01,3.252318501472473145e-02,-2.497622370719909668e-01,-7.956705689430236816e-01,7.359468340873718262e-01,-3.579900562763214111e-01,-1.805985569953918457e+00,-7.027851343154907227e-01,-8.891746997833251953e-01,-4.771410524845123291e-01,1.595657110214233398e+00,2.376740127801895142e-01,-1.426326394081115723e+00,1.405842900276184082e-01,1.252985835075378418e+00,-2.871074199676513672e+00,8.588130474090576172e-01,-2.032754942774772644e-02,1.197868227958679199e+00,2.221837520599365234e+00,2.470363676548004150e-01,-6.835881620645523071e-02,-1.736513257026672363e+00,-1.806151717901229858e-01,4.115056395530700684e-01,5.424037575721740723e-01,6.305812001228332520e-01,-9.291627407073974609e-01,1.482764005661010742e+00,-2.134601622819900513e-01,-2.853327691555023193e-01,8.357700109481811523e-01,1.181992292404174805e+00,-1.368147432804107666e-01,9.695185422897338867e-01,-1.905317306518554688e+00,4.222842454910278320e-01,-1.561180055141448975e-01,-1.910602450370788574e-01,-4.823634028434753418e-02,-6.302626430988311768e-02,1.472761750221252441e+00,-1.022339701652526855e+00,-4.470530450344085693e-01,-7.690856605768203735e-02,-3.904784917831420898e-01,-1.258539438247680664e+00,7.482079267501831055e-01,4.152346849441528320e-01
5.600767135620117188e-01,-5.524917840957641602e-01,-2.257360696792602539e+00,-6.349387764930725098e-01,-9.288518428802490234e-01,-4.177426099777221680e-01,7.850548028945922852e-01,-1.397605836391448975e-01,-7.261593937873840332e-01,-8.257563114166259766e-01,1.040127992630004883e+00,2.178265750408172607e-01,-1.138649135828018188e-01,1.561144590377807617e+00,2.557053327560424805e+00,1.054642558097839355e+00,-1.184046790003776550e-01,8.005976676940917969e-01,2.006669193506240845e-01,-6.820094585418701172e-02,-2.588064908981323242e+00,2.795339524745941162e-01,8.197931647300720215e-01,2.410168759524822235e-02,7.937147617340087891e-01,-9.124413728713989258e-01,1.922377645969390869e-01,-2.390016913414001465e-01,-1.145812794566154480e-01,-1.137026429176330566e+00,-5.554127097129821777e-01,1.498847603797912598e+00,1.206947565078735352e-01,1.765001058578491211e+00,-1.061153054237365723e+00,8.671336770057678223e-01,-5.532939359545707703e-02,4.487789571285247803e-01,-1.088129281997680664e+00,2.524808980524539948e-02,5.662668347358703613e-01,2.767659723758697510e-01,8.068326711654663086e-01,-1.556055247783660889e-01,-9.659278392791748047e-01,-5.486204624176025391e-01,-2.875634133815765381e-01,-7.660669684410095215e-01,7.356311082839965820e-01,-2.691476047039031982e-01,6.927723884582519531e-01,5.381146669387817383e-01,5.682687163352966309e-01,1.005318880081176758e+00,5.170171856880187988e-01,1.605603575706481934e+00,-7.357191443443298340e-01,8.054938912391662598e-01,-2.813707113265991211e+00,5.765619874000549316e-01,1.248055696487426758e+00,-3.450216054916381836e-01,-6.438917517662048340e-01,1.580164730548858643e-01,1.414356231689453125e-01,-1.793814003467559814e-01,-1.413047075271606445e+00,-2.014811187982559204e-01,-3.041161537170410156e+00,-1.152151226997375488e+00,-1.122920870780944824e+00,-7.333644628524780273e-01,9.732658267021179199e-01,-2.216363430023193359e+00,4.333336353302001953e-01,1.742687463760375977e+00,9.972152709960937500e-01,-3.949763476848602295e-01,1.705683171749114990e-01,-4.919156134128570557e-01,1.327287077903747559e+00,-6.237254291772842407e-02,3.308628499507904053e-01,-1.058628439903259277e+00,5.105566978454589844e-01,-2.009594917297363281e+00,6.372243165969848633e-01,7.315019369125366211e-01,1.455685853958129883e+00,8.097073435783386230e-01,-3.323645591735839844e-01,-1.274978071451187134e-01,-2.380339056253433228e-01,-2.021128177642822266e+00,-7.316415309906005859e-01,1.065411448478698730e+00,-7.703301906585693359e-01,-3.903333842754364014e-02,-6.229786276817321777e-01,-2.089402437210083008e+00
-9.493255615234375000e-01,-8.784014582633972168e-01,2.425401359796524048e-01,-1.745858043432235718e-01,5.759065747261047363e-01,-1.475124955177307129e-01,-1.121636271476745605e+00,-4.305953979492187500e-01,-9.529451131820678711e-01,-2.314522743225097656e+00,7.641776800155639648e-01,1.623716235160827637e+00,2.257048606872558594e+00,1.136456988751888275e-02,1.760034799575805664e+00,1.021390795707702637e+00,-1.365275621414184570e+00,-1.053889468312263489e-01,1.399498224258422852e+00,1.724400877952575684e+00,1.013934850692749023e+00,5.928430557250976562e-01,-7.191905379295349121e-01,2.473154544830322266e+00,-2.209171801805496216e-01,-1.257346719503402710e-01,2.250928580760955811e-01,-1.389943599700927734e+00,6.873998641967773438e-01,5.771287679672241211e-01,2.705157361924648285e-02,3.999930024147033691e-01,-2.134825468063354492e+00,-3.456920087337493896e-01,6.186416745185852051e-01,3.048563003540039062e-01,4.505353569984436035e-01,5.796095132827758789e-01,3.270048648118972778e-02,-1.696209311485290527e+00,-1.592530488967895508e+00,-9.563277959823608398e-01,1.962092161178588867e+00,2.537239789962768555e+00,-9.996830672025680542e-02,-1.019739031791687012e+00,-6.224171817302703857e-02,-2.519806846976280212e-02,-8.397887349128723145e-01,9.224306046962738037e-02,-8.383847475051879883e-01,-1.220373392105102539e+00,3.266878128051757812e-01,1.122503519058227539e+00,8.188720941543579102e-01,-1.041991949081420898e+00,5.352771282196044922e-01,-3.272708952426910400e-01,1.299483060836791992e+00,5.469047427177429199e-01,4.654957726597785950e-02,-1.419314622879028320e+00,-1.780007839202880859e+00,3.639503717422485352e-01,8.463904261589050293e-01,-1.989728689193725586e+00,-4.542135819792747498e-02,-9.467073678970336914e-01,8.191082477569580078e-01,5.010330080986022949e-01,7.429578304290771484e-01,1.741688251495361328e+00,1.242260217666625977e+00,-2.170021772384643555e+00,-1.286449581384658813e-01,2.654314041137695312e-01,-7.124350070953369141e-01,1.154094219207763672e+00,1.061987280845642090e+00,-2.403075397014617920e-01,-1.173932254314422607e-01,1.025528430938720703e+00,6.493785977363586426e-01,3.512869179248809814e-01,1.417789012193679810e-01,7.623124122619628906e-01,-7.724409699440002441e-01,5.749300122261047363e-01,2.233512327075004578e-02,-6.805390119552612305e-01,5.777342915534973145e-01,5.080155134201049805e-01,-2.212394714355468750e+00,-1.188205838203430176e+00,1.231413006782531738e+00,3.451254963874816895e-01,3.048389852046966553e-01,3.642505705356597900e-01,-2.476790189743041992e+00,1.337800920009613037e-01
-1.432640552520751953e+00,-1.208782553672790527e+00,-1.140825629234313965e+00,-1.071352720260620117e+00,1.062512040138244629e+00,1.160301566123962402e+00,-8.094159960746765137e-01,-9.763807654380798340e-01,2.177986800670623779e-01,4.396177530288696289e-01,-4.676458835601806641e-01,-1.032405972480773926e+00,7.178132534027099609e-01,-2.202707827091217041e-01,4.540772140026092529e-01,-6.359390616416931152e-01,-1.111356735229492188e+00,-1.496788859367370605e+00,1.065700054168701172e+00,8.214045763015747070e-01,-1.867289185523986816e+00,-1.804693818092346191e+00,-8.004623055458068848e-01,3.330180887132883072e-03,-2.542382478713989258e-01,9.230170249938964844e-01,9.031593799591064453e-01,-6.040834188461303711e-01,-1.455507159233093262e+00,-1.203535050153732300e-01,-5.388966202735900879e-01,1.627121686935424805e+00,-8.411128520965576172e-01,-9.989595413208007812e-02,-8.922702074050903320e-01,5.193300247192382812e-01,-2.168552398681640625e+00,1.188140869140625000e+00,-8.629981875419616699e-01,4.401696324348449707e-01,-8.227601647377014160e-01,2.824274897575378418e-01,-7.342276573181152344e-01,-7.836967706680297852e-01,-4.658684730529785156e-01,-6.048340201377868652e-01,-7.566044926643371582e-01,7.848556637763977051e-01,5.324922204017639160e-01,-1.401310041546821594e-02,-1.350884199142456055e+00,-8.749775290489196777e-01,-5.121238231658935547e-01,-1.105101630091667175e-01,6.868128180503845215e-01,2.046773910522460938e+00,9.211229085922241211e-01,9.986982494592666626e-02,-1.436757802963256836e+00,-1.758870631456375122e-01,1.664587616920471191e+00,1.297782421112060547e+00,2.915776669979095459e-01,7.384359240531921387e-01,4.361644983291625977e-01,3.802995681762695312e-01,7.998108863830566406e-01,-5.390894412994384766e-01,-1.411045342683792114e-01,-5.890428423881530762e-01,-7.848247885704040527e-01,-1.139495253562927246e+00,-8.039453625679016113e-01,-2.392304390668869019e-01,3.090291842818260193e-02,7.923509478569030762e-01,6.555256843566894531e-01,-3.526262342929840088e-01,4.802721440792083740e-01,5.858291983604431152e-01,-2.216359376907348633e+00,2.659166157245635986e-01,-1.141323566436767578e+00,-2.532104551792144775e-01,1.204866409301757812e+00,-1.708969235420227051e+00,-1.040633201599121094e+00,-4.169854223728179932e-01,4.256147742271423340e-01,1.327855736017227173e-01,3.962847292423248291e-01,-1.169626712799072266e-01,-1.741943240165710449e+00,6.748750805854797363e-02,4.935006424784660339e-02,7.030428051948547363e-01,-2.521876335144042969e+00,-1.411740422248840332e+00,-1.128045797348022461e+00,-5.957230925559997559e-01
7.063437104225158691e-01,-1.026765406131744385e-01,-8.332266807556152344e-01,-4.905747622251510620e-02,5.220464468002319336e-01,2.284459769725799561e-01,1.599661707878112793e+00,8.823062777519226074e-01,7.693964242935180664e-01,-1.998727619647979736e-01,-1.568194389343261719e+00,5.932094156742095947e-02,-1.832915067672729492e+00,4.866182506084442139e-01,5.366282463073730469e-01,-1.397250056266784668e+00,-8.602976799011230469e-01,2.263006210327148438e+00,9.706861972808837891e-01,9.299062490463256836e-01,3.014630675315856934e-01,-2.713703811168670654e-01,1.128259062767028809e+00,-7.656938433647155762e-01,7.754310965538024902e-01,-6.349006667733192444e-03,-1.088481187820434570e+00,4.143779873847961426e-01,3.766697347164154053e-01,-9.659516215324401855e-01,-1.141404032707214355e+00,1.571882724761962891e+00,-1.996714234352111816e+00,-1.439304947853088379e+00,6.797633171081542969e-01,-1.378855824470520020e+00,-1.285126447677612305e+00,-7.067988067865371704e-02,1.223452568054199219e+00,2.273676246404647827e-01,-6.143686771392822266e-01,1.024327874183654785e+00,-4.623160660266876221e-01,8.734063506126403809e-01,3.002055287361145020e-01,1.811321675777435303e-01,4.270299077033996582e-01,2.069297432899475098e-01,1.267210245132446289e-01,-1.034002542495727539e+00,-1.445472121238708496e+00,1.153224587440490723e+00,-1.175391077995300293e+00,7.455477714538574219e-01,-1.326842606067657471e-01,-5.874505639076232910e-01,8.448800444602966309e-01,-1.462066620588302612e-01,-6.602023839950561523e-01,1.240630984306335449e+00,1.956022232770919800e-01,3.702420592308044434e-01,1.259898543357849121e+00,1.344197988510131836e+00,-2.164163589477539062e+00,5.477061867713928223e-01,-1.708061397075653076e-01,5.633503198623657227e-01,-1.393382996320724487e-01,-5.839644670486450195e-01,-6.026638150215148926e-01,6.233219504356384277e-01,-1.594015598297119141e+00,-1.012531295418739319e-01,-1.672528237104415894e-01,-5.582339167594909668e-01,-2.672074921429157257e-02,-1.682438492774963379e+00,2.337576627731323242e+00,1.670065045356750488e+00,-1.236847601830959320e-02,-4.039161279797554016e-02,-7.609700560569763184e-01,3.134273290634155273e-01,3.672915697097778320e-01,1.020081639289855957e+00,-1.543389439582824707e+00,-8.189670741558074951e-03,-7.222654819488525391e-01,-9.488986134529113770e-01,-3.385020196437835693e-01,-8.578959107398986816e-01,8.683430552482604980e-01,9.688240289688110352e-01,-1.006183981895446777e+00,-1.329370498657226562e+00,-1.268575429916381836e+00,1.914491176605224609e+00,-1.274428606033325195e+00,1.512913823127746582e+00
-6.394625306129455566e-01,-5.154373645782470703e-01,5.398892760276794434e-01,-9.294665455818176270e-01,-9.079517722129821777e-01,-1.136419415473937988e+00,-4.118550419807434082e-01,-3.592092096805572510e-01,3.693817853927612305e-01,5.676425695419311523e-01,2.375776134431362152e-02,1.785607218742370605e+00,-4.386977255344390869e-01,-1.730126380920410156e+00,3.110953569412231445e-01,-6.155772209167480469e-01,1.116598606109619141e+00,1.004662394523620605e+00,-6.804264336824417114e-02,-1.554895997047424316e+00,-1.023931860923767090e+00,1.937013417482376099e-01,1.829619526863098145e+00,-5.463730096817016602e-01,2.681202813982963562e-02,-7.995993494987487793e-01,-3.222031891345977783e-01,-4.869188368320465088e-01,-1.436375021934509277e+00,4.471515119075775146e-01,-1.107158899307250977e+00,-7.456877231597900391e-01,-5.368230938911437988e-01,9.121909141540527344e-01,-5.633427500724792480e-01,1.407792568206787109e+00,1.330651283264160156e+00,-1.570029556751251221e-01,-2.501081526279449463e-01,-8.261574506759643555e-01,8.416856527328491211e-01,-4.132763147354125977e-01,1.285852551460266113e+00,-7.512739896774291992e-01,7.164567112922668457e-01,2.938740253448486328e-01,-1.507687419652938843e-01,-2.175571203231811523e+00,-1.194870471954345703e-01,6.802829504013061523e-01,-2.722852230072021484e-01,8.246471285820007324e-01,2.217140048742294312e-03,2.912851870059967041e-01,4.865762293338775635e-01,9.487915039062500000e-01,-5.563743114471435547e-01,5.432971194386482239e-02,-1.923871994018554688e+00,1.071808934211730957e+00,1.952494144439697266e+00,7.879189848899841309e-01,-8.874109387397766113e-01,-4.585735499858856201e-02,1.164997834712266922e-02,-4.495592415332794189e-02,1.015728235244750977e+00,6.401470303535461426e-01,-8.300420641899108887e-01,-2.004552483558654785e-01,-9.733076691627502441e-01,4.163144826889038086e-01,7.075015902519226074e-01,-1.512473940849304199e+00,-6.119067072868347168e-01,-1.428376436233520508e+00,-1.778348535299301147e-02,4.545488953590393066e-01,3.651604950428009033e-01,-2.575114250183105469e+00,-3.709320425987243652e-01,2.090245187282562256e-01,1.024314641952514648e+00,7.392346262931823730e-01,-3.131634891033172607e-01,2.917149066925048828e-01,4.448371231555938721e-01,-1.536311745643615723e+00,1.294222831726074219e+00,-6.940937638282775879e-01,-4.447826743125915527e-01,7.271286845207214355e-01,-2.557565644383430481e-02,-1.613915562629699707e+00,-8.525398373603820801e-02,-1.269044399261474609e+00,5.402742624282836914e-01,-8.822438865900039673e-02,-6.458641290664672852e-01,4.861564636230468750e-01
-7.400795221328735352e-01,-9.982686042785644531e-01,-1.941516995429992676e+00,2.142652511596679688e+00,5.620643869042396545e-02,-1.322071850299835205e-01,3.390353620052337646e-01,4.455267190933227539e-01,6.956822276115417480e-01,9.432511925697326660e-01,-1.000297784805297852e+00,6.072442531585693359e-01,1.450468540191650391e+00,7.970349192619323730e-01,-8.614533543586730957e-01,1.525650918483734131e-02,-1.445043921470642090e+00,1.889325380325317383e+00,1.524815440177917480e+00,9.580136537551879883e-01,-7.281696200370788574e-01,-3.344012498855590820e-01,9.863540530204772949e-01,-8.478580117225646973e-01,9.015913009643554688e-01,5.094972848892211914e-01,1.155931130051612854e-01,9.334079623222351074e-01,1.054720997810363770e+00,-6.458358764648437500e-01,1.475473761558532715e+00,-1.215981394052505493e-01,5.218724608421325684e-01,-1.745938658714294434e-01,-1.270827054977416992e+00,-7.902497649192810059e-01,1.025643825531005859e+00,-1.386029869318008423e-01,-3.145866394042968750e-01,-1.550696492195129395e-01,9.534032940864562988e-01,6.575552225112915039e-01,6.564791202545166016e-01,4.722159206867218018e-01,3.497938811779022217e-01,5.646091699600219727e-01,-2.874298393726348877e-01,1.511024981737136841e-01,-9.384459257125854492e-01,1.048957228660583496e+00,1.780555367469787598e+00,1.808778285980224609e+00,-1.228029251098632812e+00,5.731619596481323242e-01,-1.360998988151550293e+00,3.312211334705352783e-01,-6.157817244529724121e-01,-7.440411448478698730e-01,5.624653100967407227e-01,-1.864643573760986328e+00,6.634606719017028809e-01,-3.020305633544921875e-01,2.920918464660644531e-01,-1.465850591659545898e+00,6.139503717422485352e-01,5.291544198989868164e-01,-1.142632246017456055e+00,1.172437667846679688e+00,3.574041426181793213e-01,-1.444407463073730469e+00,5.922335982322692871e-01,4.010578095912933350e-01,7.112013101577758789e-01,1.358647108078002930e+00,-7.285828590393066406e-01,-1.521181225776672363e+00,3.721081018447875977e-01,-1.057545900344848633e+00,-1.458292245864868164e+00,-7.769179344177246094e-01,1.104199409484863281e+00,9.009793996810913086e-01,1.240612387657165527e+00,-3.155301570892333984e+00,-2.557860612869262695e-01,-2.463357925415039062e+00,-2.903906822204589844e+00,-1.876235753297805786e-01,-3.086354136466979980e-01,-2.591837644577026367e+00,9.840383529663085938e-01,-1.767649769783020020e+00,-2.018248140811920166e-01,-6.647530794143676758e-01,-9.633604884147644043e-01,1.586080431938171387e+00,-3.583600744605064392e-02,-1.300481706857681274e-01,7.539043426513671875e-01,9.089850187301635742e-01
3.932963609695434570e-01,-4.359322786331176758e-01,1.345005989074707031e+00,1.307757139205932617e+00,4.076402783393859863e-01,-7.273549437522888184e-01,1.667617321014404297e+00,-7.604174613952636719e-01,-2.194737911224365234e+00,1.387575984001159668e+00,-6.974096894264221191e-01,-5.438600182533264160e-01,1.433054327964782715e+00,9.316805601119995117e-01,-1.880348175764083862e-01,-1.808198690414428711e+00,9.315871000289916992e-01,-3.856573402881622314e-01,1.909799128770828247e-01,-3.631776273250579834e-01,1.473662614822387695e+00,-5.500040650367736816e-01,-1.204492971301078796e-01,-1.672188401222229004e+00,-4.665481746196746826e-01,-1.219563007354736328e+00,-8.543448448181152344e-01,4.325681328773498535e-01,-2.174303293228149414e+00,2.313428819179534912e-01,1.878301352262496948e-01,-4.830876290798187256e-01,-3.069397509098052979e-01,-1.286017179489135742e+00,-2.800691723823547363e-01,-2.194786787033081055e+00,1.258030891418457031e+00,-3.792101442813873291e-01,1.307902812957763672e+00,-7.597058415412902832e-01,-1.450112104415893555e+00,-6.165669858455657959e-02,-1.049320697784423828e+00,3.612419366836547852e-01,-1.365326523780822754e+00,4.064445793628692627e-01,6.398127228021621704e-02,2.627849578857421875e+00,4.557600021362304688e-01,4.352670013904571533e-01,-2.722634747624397278e-02,4.103436470031738281e-01,-1.226170063018798828e+00,-4.023896455764770508e-01,2.102144807577133179e-01,-1.449617743492126465e+00,3.338353037834167480e-01,5.464141368865966797e-01,-1.012651920318603516e+00,4.544823169708251953e-01,-8.393470197916030884e-02,3.385443612933158875e-02,-8.039300441741943359e-01,3.404442071914672852e-01,-1.851231694221496582e+00,4.509302377700805664e-01,9.929692745208740234e-01,1.524835228919982910e+00,-1.061068415641784668e+00,-7.371895313262939453e-01,-7.726831436157226562e-01,-3.995407819747924805e-01,1.133343219757080078e+00,1.208192825317382812e+00,1.001690700650215149e-02,-1.235957622528076172e+00,-7.759935855865478516e-01,-5.594691634178161621e-01,-9.387060999870300293e-01,5.787572264671325684e-01,-2.088535547256469727e+00,6.810641288757324219e-01,1.362113237380981445e+00,-2.892894744873046875e-01,7.543888688087463379e-01,-1.120852112770080566e+00,-4.376354217529296875e-01,1.293924927711486816e+00,9.803930521011352539e-01,-2.034743070602416992e+00,-2.739756703376770020e-01,1.341017127037048340e+00,2.328631281852722168e-01,-3.395431675016880035e-03,-1.197565317153930664e+00,-1.219074845314025879e+00,1.168426036834716797e+00,-1.890502125024795532e-01,1.136911153793334961e+00,-1.193539381027221680e+00
2.282740354537963867e+00,2.545077204704284668e-01,1.485156863927841187e-01,-7.759639024734497070e-01,3.391626477241516113e-01,-1.589703798294067383e+00,-3.306152522563934326e-01,8.116564154624938965e-01,1.440431237220764160e+00,8.081863522529602051e-01,7.714235782623291016e-01,2.905142545700073242e+00,7.679616808891296387e-01,-1.299584031105041504e+00,-1.150071620941162109e+00,1.542135477066040039e+00,1.513463497161865234e+00,-6.252161413431167603e-02,-1.454692721366882324e+00,-1.605024039745330811e-01,2.696084976196289062e-01,-2.474088519811630249e-01,6.476628184318542480e-01,-1.012211680412292480e+00,1.126301512122154236e-01,2.419120818376541138e-01,-7.266898751258850098e-01,-1.775675773620605469e+00,1.241528511047363281e+00,3.093964159488677979e-01,-8.827899694442749023e-01,1.144707679748535156e+00,1.308010339736938477e+00,-9.302661418914794922e-01,1.083450078964233398e+00,1.169549942016601562e+00,-3.536270856857299805e-01,1.588596343994140625e+00,-6.092082262039184570e-01,-1.697420775890350342e-01,-9.951735287904739380e-02,-1.338621787726879120e-02,3.806024491786956787e-01,-5.659990310668945312e-01,4.657567441463470459e-01,4.421522021293640137e-01,7.450806498527526855e-01,-4.001004099845886230e-01,-7.124273777008056641e-01,7.078729867935180664e-01,1.035046696662902832e+00,5.645059943199157715e-01,-4.442288577556610107e-01,-9.853483438491821289e-01,3.771423578262329102e+00,5.751654505729675293e-01,-7.406052947044372559e-01,2.685307264328002930e-01,-1.941175013780593872e-01,-4.964624345302581787e-01,-2.891782820224761963e-01,2.308462113142013550e-01,-4.799294844269752502e-02,-3.259373009204864502e-01,7.086861729621887207e-01,-1.419447302818298340e+00,-9.315673708915710449e-01,-6.037849932909011841e-02,4.766221344470977783e-01,-3.561511337757110596e-01,7.905517816543579102e-01,6.848850250244140625e-01,-3.422167003154754639e-01,9.812459945678710938e-01,-3.631313517689704895e-02,-1.306460857391357422e+00,-5.264353752136230469e-01,-9.246228933334350586e-01,-3.081258237361907959e-01,-8.514769077301025391e-01,-2.322677135467529297e+00,-1.209259152412414551e+00,-1.893235921859741211e+00,8.901238441467285156e-01,-1.272106468677520752e-01,7.892113924026489258e-01,8.550843596458435059e-01,-1.376167416572570801e+00,3.091879561543464661e-02,4.580990374088287354e-01,8.414962887763977051e-01,1.936195343732833862e-01,-1.944995522499084473e+00,8.863216042518615723e-01,3.420034945011138916e-01,-1.110008805990219116e-01,5.027061104774475098e-01,1.545601606369018555e+00,5.232903957366943359e-01,1.155693173408508301e+00
4.197375103831291199e-02,3.431216627359390259e-02,1.308364629745483398e+00,1.127607002854347229e-01,-1.410296916961669922e+00,-1.588210016489028931e-01,5.402231216430664062e-01,-3.621306657791137695e+00,2.708789110183715820e-01,1.115976333618164062e+00,-8.504176139831542969e-02,-2.182440280914306641e+00,-1.044121026992797852e+00,1.231006860733032227e+00,-5.295755267143249512e-01,-2.387857735157012939e-01,-2.111944198608398438e+00,-5.100710988044738770e-01,-1.243479251861572266e+00,-3.572305738925933838e-01,8.802424669265747070e-01,-1.012743115425109863e+00,1.594258904457092285e+00,-1.432152509689331055e+00,2.522662580013275146e-01,-9.926825761795043945e-01,2.019091993570327759e-01,-1.449055194854736328e+00,8.849890828132629395e-01,-2.697794735431671143e-01,-9.966611266136169434e-01,6.633067131042480469e-01,4.807405546307563782e-02,2.858662128448486328e+00,-9.166422486305236816e-02,5.308065414428710938e-01,-5.645919218659400940e-02,-2.125701665878295898e+00,-3.048385381698608398e-01,8.483453989028930664e-01,-2.533543705940246582e-01,1.874280422925949097e-01,-2.276314646005630493e-01,-1.332462072372436523e+00,-3.769277036190032959e-01,2.524329721927642822e-02,-1.250868082046508789e+00,-2.861456573009490967e-01,-1.006732583045959473e+00,-1.797678232192993164e+00,3.640261888504028320e+00,-1.387755274772644043e+00,-1.256060242652893066e+00,4.934792816638946533e-01,-1.542587399482727051e+00,-1.533181220293045044e-01,1.362579584121704102e+00,-1.956044673919677734e+00,4.705894589424133301e-01,-1.299364328384399414e+00,-2.606532275676727295e-01,2.718777582049369812e-02,-5.827890634536743164e-01,-3.567876219749450684e-01,4.064926207065582275e-01,6.227489709854125977e-01,-2.221745401620864868e-01,1.144171118736267090e+00,-1.231926903128623962e-01,1.246841907501220703e+00,1.509829521179199219e+00,-1.106219172477722168e+00,-2.051165342330932617e+00,-8.040351867675781250e-01,-7.021063566207885742e-01,-4.317160546779632568e-01,2.880701780319213867e+00,-7.013475894927978516e-01,-5.786188840866088867e-01,8.492062687873840332e-01,-5.285485982894897461e-01,1.154004216194152832e+00,-6.937320828437805176e-01,-5.331645607948303223e-01,8.299812674522399902e-01,7.948477268218994141e-01,-1.101445198059082031e+00,2.193897962570190430e-01,7.385776638984680176e-01,5.995417833328247070e-01,-4.984408318996429443e-01,-2.933456003665924072e-01,-1.627760171890258789e+00,1.638104438781738281e+00,-1.047458648681640625e-01,-2.853301167488098145e-01,-2.663763046264648438e+00,8.473728299140930176e-01,-1.038946032524108887e+00,4.890735447406768799e-02
6.247054934501647949e-01,3.455005586147308350e-01,6.632314920425415039e-01,-2.053414732217788696e-01,-4.578565061092376709e-02,-9.967500567436218262e-01,-4.696366786956787109e-01,1.738433361053466797e+00,1.842847943305969238e+00,6.778733134269714355e-01,-2.708007097244262695e-01,9.597381949424743652e-01,-6.174923777580261230e-01,-7.127608656883239746e-01,3.401406109333038330e-01,-5.015757083892822266e-01,-5.370333790779113770e-01,7.807142734527587891e-01,1.085649967193603516e+00,1.024623274803161621e+00,6.542925834655761719e-01,-5.604259967803955078e-01,5.977563261985778809e-01,-3.325007855892181396e-01,1.559830069541931152e+00,-8.619637787342071533e-02,-6.099951863288879395e-01,-7.137263417243957520e-01,-8.056862950325012207e-01,-1.022125601768493652e+00,7.434030771255493164e-01,-9.788299798965454102e-01,-4.902392327785491943e-01,4.736922681331634521e-01,-9.860317111015319824e-01,-1.615362763404846191e+00,2.659069001674652100e-01,-1.187556743621826172e+00,-1.057404756546020508e+00,-3.119714856147766113e-01,-9.121620655059814453e-01,-2.932779788970947266e-01,3.029243052005767822e-01,9.108917713165283203e-01,4.751905798912048340e-01,-4.926928281784057617e-01,-4.626772180199623108e-02,-1.069134712219238281e+00,-9.099369049072265625e-01,8.425835967063903809e-01,1.434504747390747070e+00,4.593846201896667480e-01,3.651550114154815674e-01,-1.564603090286254883e+00,-1.228556394577026367e+00,2.316006660461425781e+00,1.540572047233581543e+00,1.169552445411682129e+00,-1.740679621696472168e+00,3.997080326080322266e-01,-2.066003322601318359e+00,1.029212832450866699e+00,1.143245220184326172e+00,5.303842425346374512e-01,-1.954455226659774780e-01,1.910950988531112671e-01,8.986007422208786011e-02,-2.472152948379516602e+00,3.554294258356094360e-02,5.896058082580566406e-01,3.334742188453674316e-01,1.165853977203369141e+00,1.181964755058288574e+00,5.228641033172607422e-01,3.787975907325744629e-01,7.934843301773071289e-01,-9.427611827850341797e-01,1.136648893356323242e+00,2.591177463531494141e+00,4.151481986045837402e-01,2.312306165695190430e-01,-8.826484680175781250e-01,2.785780727863311768e-01,1.055712580680847168e+00,-1.925874471664428711e+00,1.021802648901939392e-01,3.528546392917633057e-01,1.883600205183029175e-01,-8.697278499603271484e-01,2.226895540952682495e-01,1.194161251187324524e-01,1.097411394119262695e+00,1.222065806388854980e+00,-1.547141194343566895e+00,-1.805590391159057617e+00,1.687390804290771484e-01,-3.586642444133758545e-01,-7.232861220836639404e-02,-1.108295559883117676e+00,1.066171526908874512e+00
1.851712822914123535e+00,1.997720599174499512e-01,1.928568482398986816e+00,-1.131211161613464355e+00,1.540387123823165894e-01,8.252980113029479980e-01,-4.543283581733703613e-01,5.043815374374389648e-01,-3.071508407592773438e+00,1.595495790243148804e-01,1.508551090955734253e-02,5.993750691413879395e-01,-5.303780436515808105e-01,-6.297495365142822266e-01,4.225719571113586426e-01,-2.515558481216430664e+00,-1.241670548915863037e-01,-8.700840473175048828e-01,1.369589716196060181e-01,-1.169910430908203125e-01,-1.242105126380920410e+00,1.145356178283691406e+00,3.669020533561706543e-01,-8.103395700454711914e-01,-1.786572635173797607e-01,1.356528878211975098e+00,5.554905906319618225e-02,-2.233461380004882812e+00,7.111428380012512207e-01,5.074729919433593750e-01,-8.221905827522277832e-01,-6.242461800575256348e-01,3.887753784656524658e-01,-3.045883178710937500e+00,7.409992814064025879e-01,-2.625874876976013184e-01,9.516778588294982910e-02,-1.086429476737976074e+00,2.059113048017024994e-02,2.051838636398315430e+00,7.603513542562723160e-03,9.930151700973510742e-01,-9.375212192535400391e-01,1.865735948085784912e-01,-8.091892004013061523e-01,7.503435611724853516e-01,5.226415991783142090e-01,-7.451217621564865112e-02,-6.613765656948089600e-02,-6.028068065643310547e-01,8.341312408447265625e-01,-8.890532851219177246e-01,-1.691545248031616211e+00,2.495817422866821289e+00,-2.897348105907440186e-01,-1.884338974952697754e+00,3.553626835346221924e-01,-2.500957846641540527e-01,1.423280119895935059e+00,-5.376794338226318359e-01,-1.919245868921279907e-01,1.653039306402206421e-01,7.701395750045776367e-01,1.935375571250915527e+00,1.869799941778182983e-01,-1.689670681953430176e+00,1.148926168680191040e-01,1.009537100791931152e+00,4.426448643207550049e-01,-1.704375505447387695e+00,-1.221319884061813354e-01,-1.914627254009246826e-01,-1.568600773811340332e+00,1.641118645668029785e+00,1.307149171829223633e+00,-2.106746882200241089e-01,4.238938391208648682e-01,-4.259881973266601562e-01,-1.512240767478942871e+00,-1.015147686004638672e+00,3.603735268115997314e-01,-1.151234865188598633e+00,5.087472200393676758e-01,3.714512884616851807e-01,1.359251618385314941e+00,1.145295575261116028e-01,-9.647207260131835938e-01,-5.582190155982971191e-01,5.911492109298706055e-01,-4.042991399765014648e-01,3.482445478439331055e-01,-7.428330183029174805e-02,8.297636508941650391e-01,1.392873883247375488e+00,-3.660139739513397217e-01,1.499910056591033936e-01,-9.262356162071228027e-01,-6.990072727203369141e-01,-1.992959022521972656e+00,-2.441990375518798828e+00
-9.363542199134826660e-01,8.679277300834655762e-01,1.619612574577331543e+00,6.378386020660400391e-01,5.888881683349609375e-01,8.495212197303771973e-01,-3.310289084911346436e-01,8.594359755516052246e-01,8.380818963050842285e-01,-9.177204966545104980e-01,7.117270827293395996e-01,-5.099615454673767090e-01,-3.739795088768005371e-01,-6.519374251365661621e-01,1.021226048469543457e+00,-1.500627279281616211e+00,3.035858392715454102e+00,1.158410549163818359e+00,3.085375130176544189e-01,4.520786106586456299e-01,1.289313793182373047e+00,-9.223979115486145020e-01,1.033064723014831543e-01,7.097688913345336914e-01,-8.166448473930358887e-01,1.098826061934232712e-02,-3.119568228721618652e-01,1.431856900453567505e-01,1.538947671651840210e-01,2.102301120758056641e+00,-2.657272480428218842e-02,7.329751849174499512e-01,2.186119794845581055e+00,1.406107425689697266e+00,-4.637275338172912598e-01,-1.413821697235107422e+00,1.624006271362304688e+00,1.583850681781768799e-01,1.412521749734878540e-01,8.933957815170288086e-01,3.159090876579284668e-01,-1.480734646320343018e-01,-9.039421677589416504e-01,1.741015352308750153e-02,4.435896873474121094e-01,-5.855956077575683594e-01,-1.965481042861938477e-01,-1.150778293609619141e+00,5.370684862136840820e-01,-9.356789588928222656e-01,7.311901450157165527e-01,2.810308039188385010e-01,4.773256182670593262e-01,-9.026613235473632812e-01,2.029989004135131836e+00,-6.394095420837402344e-01,-4.340769052505493164e-01,5.925399661064147949e-01,1.848390340805053711e+00,8.133720755577087402e-01,3.023285567760467529e-01,2.079755067825317383e-01,1.402441412210464478e-03,7.847530394792556763e-02,-7.281317710876464844e-01,1.067614436149597168e+00,6.849474310874938965e-01,-2.311676025390625000e+00,-6.682120561599731445e-01,8.724035620689392090e-01,-1.057697057723999023e+00,-7.005978822708129883e-01,-2.737840116024017334e-01,-1.358340978622436523e-01,2.717052698135375977e-01,5.145053863525390625e-01,1.402978539466857910e+00,-1.203334093093872070e+00,1.262533903121948242e+00,3.771015405654907227e-01,-1.707120537757873535e+00,1.828061461448669434e+00,-1.572772860527038574e+00,-8.335272222757339478e-02,1.556917667388916016e+00,1.734707355499267578e-01,4.296482503414154053e-01,-7.942070960998535156e-01,1.468167543411254883e+00,7.354345321655273438e-01,6.480304002761840820e-01,6.511798501014709473e-01,4.108153283596038818e-01,2.446385100483894348e-02,1.867093145847320557e-01,1.046607851982116699e+00,-1.535921335220336914e+00,-3.858501613140106201e-01,4.934977591037750244e-01,5.895580053329467773e-01
-1.337791681289672852e+00,-6.676010489463806152e-01,1.443904519081115723e+00,-1.689576506614685059e+00,8.370791673660278320e-01,-1.524895668029785156e+00,-3.346850275993347168e-01,1.088573932647705078e+00,-8.724025487899780273e-01,7.238345742225646973e-01,-1.358935475349426270e+00,-4.895329475402832031e-01,2.208679169416427612e-01,-3.974865004420280457e-02,2.566800713539123535e-01,5.874765515327453613e-01,-8.070802688598632812e-01,1.020824313163757324e+00,-9.891797900199890137e-01,-6.463241577148437500e-02,-5.427758693695068359e-01,-1.520926356315612793e+00,2.415107339620590210e-01,9.456423521041870117e-01,1.388996958732604980e+00,3.936436474323272705e-01,-8.718131184577941895e-01,6.051541566848754883e-01,-1.158852204680442810e-01,9.074915051460266113e-01,-1.611391186714172363e+00,8.547939062118530273e-01,4.903874695301055908e-01,1.352485179901123047e+00,-9.517135024070739746e-01,8.187800645828247070e-01,-2.874780416488647461e+00,1.104036450386047363e+00,8.623438477516174316e-01,-4.674028456211090088e-01,-7.564440965652465820e-01,4.800635576248168945e-01,-3.479406237602233887e-01,7.510119080543518066e-01,1.593875050544738770e+00,4.322534203529357910e-01,-6.014868021011352539e-01,2.185976743698120117e+00,1.793289929628372192e-02,1.049058318138122559e+00,-9.048661589622497559e-01,-1.101309299468994141e+00,7.607015967369079590e-01,5.059860348701477051e-01,6.108410954475402832e-01,6.598665118217468262e-01,9.103834033012390137e-01,-1.199919581413269043e+00,1.639173626899719238e-01,-1.784679889678955078e+00,-1.731382012367248535e+00,5.769191682338714600e-02,-1.642210364341735840e+00,-7.302585989236831665e-02,5.195840001106262207e-01,1.723051190376281738e+00,1.355396769940853119e-02,5.373638868331909180e-01,-1.030305147171020508e+00,-2.091248780488967896e-01,-5.157197713851928711e-01,-1.731874644756317139e-01,-1.316712379455566406e+00,5.729993581771850586e-01,1.196863174438476562e+00,-1.291972249746322632e-01,1.280623078346252441e+00,9.217563271522521973e-01,7.492038607597351074e-02,-5.577737689018249512e-01,2.738154232501983643e-01,1.041142225265502930e+00,-1.527995705604553223e+00,-5.796112418174743652e-01,7.480530738830566406e-01,3.343101739883422852e-01,1.603334397077560425e-01,-4.113059043884277344e-01,6.485345363616943359e-01,-9.330694079399108887e-01,-3.731225430965423584e-01,-1.853365659713745117e+00,1.114700078964233398e+00,-5.317547321319580078e-01,-1.797686934471130371e+00,-2.033732414245605469e+00,-1.427131891250610352e+00,6.353883147239685059e-01,1.119654178619384766e-01,6.257468461990356445e-01
-2.016524791717529297e+00,-4.984641075134277344e-01,6.215744614601135254e-01,-4.768320322036743164e-01,-6.218595504760742188e-01,-7.545657157897949219e-01,-1.415584608912467957e-02,-1.763317584991455078e-01,-8.536641299724578857e-02,2.937308885157108307e-02,-4.674747288227081299e-01,-1.258648872375488281e+00,1.250354409217834473e+00,-5.521089434623718262e-01,-7.748091220855712891e-01,-1.104948997497558594e+00,-5.745036602020263672e-01,-4.900144040584564209e-01,5.291512012481689453e-01,5.342670083045959473e-01,2.212038755416870117e+00,1.327202081680297852e+00,-6.528262495994567871e-01,-1.353134274482727051e+00,-1.748997926712036133e+00,2.474664449691772461e-01,6.675639655441045761e-03,2.557695388793945312e+00,9.674646258354187012e-01,-4.472270011901855469e-01,-3.036406934261322021e-01,1.023715376853942871e+00,2.791416049003601074e-01,1.142119392752647400e-01,1.059780597686767578e+00,-1.329789608716964722e-01,-2.287188529968261719e+00,1.191208720207214355e+00,1.932008981704711914e+00,-8.558677434921264648e-01,-6.528052091598510742e-01,-1.060641407966613770e+00,2.134879976511001587e-01,-1.776967406272888184e+00,-2.443745732307434082e-01,-1.283820152282714844e+00,-1.739697098731994629e+00,-4.672966003417968750e-01,-3.783142566680908203e-01,1.134165287017822266e+00,6.340923309326171875e-01,-4.525910317897796631e-01,1.760230064392089844e+00,8.026396036148071289e-01,7.539728879928588867e-01,-6.294004917144775391e-01,-1.631298065185546875e+00,-1.066851258277893066e+00,-1.438520103693008423e-01,2.765335738658905029e-01,-1.672275781631469727e+00,-4.815753400325775146e-01,1.262202262878417969e+00,1.831005215644836426e+00,3.520711660385131836e-01,1.029770523309707642e-01,-1.166966319084167480e+00,-7.076196074485778809e-01,1.398157119750976562e+00,-1.045053839683532715e+00,1.130025982856750488e+00,-7.135044336318969727e-01,3.522899746894836426e-01,2.885517776012420654e-01,-1.067893862724304199e+00,9.206815958023071289e-01,-2.569243609905242920e-01,2.503059864044189453e+00,-9.731033444404602051e-01,1.238533735275268555e+00,-8.276442885398864746e-01,-6.779871582984924316e-01,6.526696681976318359e-01,4.519491493701934814e-01,-1.434024423360824585e-01,1.319955110549926758e+00,-6.966283917427062988e-02,-1.293609857559204102e+00,-2.201092004776000977e+00,-2.397000074386596680e+00,9.294868111610412598e-01,-4.323727190494537354e-01,5.793426632881164551e-01,7.824866175651550293e-01,6.858320832252502441e-01,9.793273806571960449e-01,-1.356015205383300781e+00,1.214513421058654785e+00,-4.299106001853942871e-01,1.696742415428161621e+00
3.001783788204193115e-01,-1.341158986091613770e+00,8.665332198143005371e-01,-6.745094433426856995e-03,1.107050299644470215e+00,-4.290515482425689697e-01,-9.242150187492370605e-01,-1.276766300201416016e+00,1.067185759544372559e+00,-1.587019264698028564e-01,-1.992469429969787598e-01,-2.969940602779388428e-01,1.741542935371398926e+00,6.759676337242126465e-01,6.414626538753509521e-02,-5.850162357091903687e-02,-1.015183925628662109e+00,1.150336146354675293e+00,-2.469258308410644531e+00,2.958791255950927734e-01,5.287735462188720703e-01,-5.018913745880126953e-02,1.086974978446960449e+00,1.209030747413635254e+00,1.135722994804382324e+00,2.409783378243446350e-02,7.187887430191040039e-01,-1.697009950876235962e-01,1.596257567405700684e+00,1.532582640647888184e+00,1.686575114727020264e-01,5.819082260131835938e-01,-2.543138265609741211e-01,-1.338582515716552734e+00,-9.001622796058654785e-01,-3.034189641475677490e-01,-1.078569173812866211e+00,-1.700912952423095703e+00,-1.674779772758483887e+00,1.191447824239730835e-01,2.333200573921203613e-01,2.708773016929626465e-01,-8.353539109230041504e-01,1.243355989456176758e+00,-2.407768011093139648e+00,8.900189399719238281e-01,5.239895582199096680e-01,1.828660249710083008e+00,-7.985311746597290039e-01,-4.974948167800903320e-01,-4.991342425346374512e-01,-2.713664472103118896e-01,1.923509240150451660e+00,4.069820344448089600e-01,-4.857646226882934570e-01,7.746810913085937500e-01,6.993313431739807129e-01,-6.981037259101867676e-01,-8.185836076736450195e-01,-1.996418535709381104e-01,-5.820237994194030762e-01,-6.471323966979980469e-01,-1.051751017570495605e+00,-5.416632890701293945e-01,-1.689556241035461426e+00,8.820383548736572266e-01,-1.012157440185546875e+00,3.303588926792144775e-01,2.424339532852172852e+00,1.717123627662658691e+00,-8.134453296661376953e-01,8.899326324462890625e-01,-1.272492647171020508e+00,-6.338554024696350098e-01,1.269899308681488037e-01,-1.577435806393623352e-02,-6.070889830589294434e-01,9.290889501571655273e-01,-1.434340834617614746e+00,-1.035755872726440430e+00,-1.819729208946228027e+00,7.021798491477966309e-01,-8.050437569618225098e-01,1.388753056526184082e+00,1.438527345657348633e+00,-4.462250173091888428e-01,-1.570136189460754395e+00,-5.783923864364624023e-01,5.956608057022094727e-01,4.960112869739532471e-01,8.194656968116760254e-01,-1.642455816268920898e+00,1.939286589622497559e-01,-1.028993964195251465e+00,-1.766978263854980469e+00,-6.559124588966369629e-02,6.566336154937744141e-01,1.111429810523986816e+00,6.048024296760559082e-01,3.391823172569274902e-01
-6.833058595657348633e-01,-1.422954797744750977e-01,4.478719234466552734e-01,4.887437224388122559e-01,3.706611990928649902e-01,4.173781573772430420e-01,1.967922806739807129e+00,-2.539859294891357422e+00,7.842521667480468750e-01,3.784193992614746094e-01,-5.408592820167541504e-01,3.718265593051910400e-01,-7.026175856590270996e-01,8.703481554985046387e-01,-9.641502499580383301e-01,3.446737766265869141e+00,2.678107917308807373e-01,-1.479479968547821045e-01,-1.738724708557128906e+00,-5.849600434303283691e-01,7.534658908843994141e-02,-1.030313491821289062e+00,6.756183505058288574e-01,1.803016185760498047e+00,-5.175428390502929688e-01,-2.056946039199829102e+00,-6.134357452392578125e-01,8.961127400398254395e-01,-7.013162970542907715e-01,7.886687517166137695e-01,6.760562658309936523e-01,3.858814835548400879e-01,1.468492269515991211e+00,3.247759491205215454e-02,2.140493392944335938e+00,-1.593324899673461914e+00,-1.486841440200805664e-01,-3.136345744132995605e-02,1.728969663381576538e-01,5.798162817955017090e-01,-4.768859148025512695e-01,-1.274292230606079102e+00,-1.210475414991378784e-01,-1.342567443847656250e+00,-1.170167803764343262e+00,-8.142403364181518555e-01,1.362504720687866211e+00,-7.633339166641235352e-01,-6.490013003349304199e-02,5.755425095558166504e-01,6.458128094673156738e-01,8.944166898727416992e-01,1.159181632101535797e-02,7.371481060981750488e-01,-1.617112159729003906e+00,-6.179103255271911621e-01,1.630567014217376709e-01,3.277229666709899902e-01,-1.253636777400970459e-01,-1.364314079284667969e+00,-1.206505894660949707e+00,9.299171566963195801e-01,-9.216250777244567871e-01,8.616956472396850586e-01,2.069261789321899414e+00,8.741381764411926270e-01,-2.336174011230468750e+00,-1.013902649283409119e-01,4.581877291202545166e-01,1.176804900169372559e+00,-1.087462902069091797e+00,-1.584536135196685791e-01,7.083563804626464844e-01,-1.148937225341796875e+00,3.752261102199554443e-01,-6.868611574172973633e-01,1.585915684700012207e+00,-7.431887090206146240e-02,2.597965896129608154e-01,7.796554565429687500e-01,-1.757090836763381958e-01,1.358021616935729980e+00,-3.200867176055908203e+00,-7.887980937957763672e-01,1.193252921104431152e+00,-1.493033170700073242e-01,8.972728848457336426e-01,-6.694027185440063477e-01,-1.505464673042297363e+00,-4.204894900321960449e-01,7.127107977867126465e-01,-6.423904746770858765e-02,7.029265761375427246e-01,-1.568089723587036133e+00,6.189731359481811523e-01,1.151484608650207520e+00,6.490255147218704224e-02,-6.430380344390869141e-01,9.513880014419555664e-01,-4.992087483406066895e-01
4.297514259815216064e-01,-1.270251274108886719e+00,4.418058395385742188e-01,-5.780196785926818848e-01,1.154235124588012695e+00,3.940575942397117615e-02,7.135771960020065308e-02,-5.684569105505943298e-02,2.433386325836181641e+00,2.543335855007171631e-01,-5.380617976188659668e-01,1.179946899414062500e+00,1.844123601913452148e+00,1.811011791229248047e+00,1.522998332977294922e+00,-3.597841858863830566e-01,7.444694638252258301e-01,1.217910528182983398e+00,1.881886273622512817e-01,-2.838960289955139160e-01,-2.680566012859344482e-01,1.251146554946899414e+00,1.842419505119323730e+00,-4.433332681655883789e-01,3.041209697723388672e+00,5.714096873998641968e-02,2.175739258527755737e-01,3.033487796783447266e-01,-1.120576262474060059e+00,6.487639546394348145e-01,-2.892869710922241211e-01,8.282392024993896484e-01,1.624666929244995117e+00,-4.590138792991638184e-02,1.492963880300521851e-01,-3.383887767791748047e+00,1.397823989391326904e-01,1.734323143959045410e+00,5.974354743957519531e-01,-2.570895910263061523e+00,-7.969594001770019531e-01,2.003650426864624023e+00,-1.582400918006896973e+00,5.370805859565734863e-01,1.169181942939758301e+00,1.851861357688903809e+00,-9.352434873580932617e-01,9.235298037528991699e-01,-6.618448495864868164e-01,-1.354910016059875488e+00,4.370354115962982178e-01,3.478464484214782715e-01,2.561263740062713623e-01,-2.015306472778320312e+00,6.473082900047302246e-01,-2.939072847366333008e-01,-4.885874092578887939e-01,-1.000192523002624512e+00,1.433248668909072876e-01,5.023211240768432617e-01,-8.972497582435607910e-01,1.388157129287719727e+00,-1.551521539688110352e+00,2.725204229354858398e+00,-2.719218134880065918e-01,6.274911761283874512e-01,-3.188302740454673767e-02,-2.652981519699096680e+00,-1.140085816383361816e+00,-1.108003616333007812e+00,1.094858050346374512e+00,3.163907527923583984e-01,1.148766994476318359e+00,1.691906094551086426e+00,-3.540075123310089111e-01,-7.820672392845153809e-01,-3.135911822319030762e-01,-2.371954172849655151e-01,1.728003859519958496e+00,1.069130063056945801e+00,1.214910507202148438e+00,-9.472303986549377441e-01,1.046244978904724121e+00,-1.101550459861755371e+00,7.000049352645874023e-01,1.082585811614990234e+00,-3.541887044906616211e+00,1.653317958116531372e-01,-1.027877092361450195e+00,-3.590419292449951172e-01,-2.489608153700828552e-02,2.497273236513137817e-01,4.353315830230712891e-01,-1.769255399703979492e+00,-4.413816332817077637e-01,1.509019017219543457e+00,-2.063699364662170410e-01,-6.304924190044403076e-02,4.298949837684631348e-01,-1.634767353534698486e-01
-1.468020081520080566e+00,-1.199726700782775879e+00,-8.788505792617797852e-01,-1.081704735755920410e+00,-1.903555750846862793e+00,6.594902276992797852e-01,1.641971826553344727e+00,-6.519025564193725586e-01,5.016404390335083008e-01,-5.981049537658691406e-01,1.047687605023384094e-01,-1.353621721267700195e+00,5.400100350379943848e-01,1.183280706405639648e+00,4.533449411392211914e-01,1.520797982811927795e-02,6.596436500549316406e-01,-8.130249381065368652e-01,7.705235481262207031e-02,7.735642790794372559e-01,-6.191534996032714844e-01,1.602095961570739746e+00,-1.245524287223815918e+00,-1.699322819709777832e+00,4.990737140178680420e-01,-1.248979121446609497e-01,3.018747568130493164e+00,-1.262307614088058472e-01,1.727042198181152344e+00,1.088301777839660645e+00,2.358443737030029297e-01,5.188837051391601562e-01,1.198859930038452148e+00,1.509924888610839844e+00,4.264454171061515808e-02,-1.235850691795349121e+00,-1.373596191406250000e+00,-2.750371694564819336e-01,-6.709377169609069824e-01,7.417221069335937500e-01,1.519394278526306152e+00,-4.722696244716644287e-01,-1.412497639656066895e+00,-2.303082197904586792e-01,-5.713543295860290527e-01,9.678878784179687500e-01,2.074616253376007080e-01,-7.306485772132873535e-01,-3.985286355018615723e-01,3.896793127059936523e-01,4.649942517280578613e-01,-5.014759898185729980e-01,8.540831506252288818e-02,-8.140365481376647949e-01,2.274120330810546875e+00,5.317363739013671875e-01,1.282999962568283081e-01,-1.987614333629608154e-01,-3.511333465576171875e-01,-9.057102799415588379e-01,1.290642023086547852e+00,-1.719311237335205078e+00,-4.570937752723693848e-01,-1.597348690032958984e+00,-8.139932155609130859e-01,-6.326818466186523438e-01,8.851443529129028320e-01,-6.328077316284179688e-01,-2.596383571624755859e+00,1.826252222061157227e+00,-8.662178516387939453e-01,1.935367703437805176e+00,1.561363190412521362e-01,-8.686880469322204590e-01,-3.387702405452728271e-01,-5.178931169211864471e-03,-3.233639001846313477e-01,1.657512933015823364e-01,1.492406129837036133e+00,-6.778323054313659668e-01,3.706762939691543579e-02,1.698216646909713745e-01,1.146984457969665527e+00,1.007585167884826660e+00,4.780988097190856934e-01,1.288527846336364746e+00,1.178509473800659180e+00,-2.320423722267150879e-01,7.445236444473266602e-01,1.549291133880615234e+00,1.950576603412628174e-01,3.763928413391113281e-01,-1.117745637893676758e+00,4.836376011371612549e-01,1.020985126495361328e+00,1.132834553718566895e+00,-7.330605387687683105e-02,7.529531121253967285e-01,-1.632841587066650391e+00,-8.018716573715209961e-01
-4.978705644607543945e-01,4.383354485034942627e-01,-4.758334457874298096e-01,8.354448676109313965e-01,-2.016189247369766235e-01,5.293974280357360840e-01,7.936976850032806396e-02,2.222290486097335815e-01,1.018795967102050781e+00,1.631569266319274902e+00,4.212301373481750488e-01,-4.104858040809631348e-01,-1.090207338333129883e+00,-5.322378873825073242e-01,6.146344542503356934e-01,-5.079234838485717773e-01,-8.711444735527038574e-01,3.620535731315612793e-01,-1.757990121841430664e-01,-8.062733709812164307e-02,8.093342781066894531e-01,-4.845220446586608887e-01,-3.442136570811271667e-02,1.164644956588745117e+00,3.915081620216369629e-01,1.910986378788948059e-02,-1.317848324775695801e+00,-1.159249916672706604e-01,4.864158108830451965e-02,1.262271285057067871e+00,2.078072875738143921e-01,-5.786047577857971191e-01,-5.582505464553833008e-01,1.225943446159362793e+00,-6.008941531181335449e-01,1.308357834815979004e+00,-1.520188570022583008e+00,1.284536123275756836e+00,-4.295604526996612549e-01,-5.777910351753234863e-01,-1.586316108703613281e+00,-1.097354888916015625e+00,4.757510721683502197e-01,1.558136820793151855e+00,-4.977232217788696289e-01,-9.910715818405151367e-01,1.673824906349182129e+00,-3.175971508026123047e-01,4.506973326206207275e-01,7.046145796775817871e-01,-2.555713653564453125e-01,3.570851981639862061e-01,1.212466716766357422e+00,-8.847833871841430664e-01,-1.362905502319335938e+00,-1.608339324593544006e-02,3.517970442771911621e-01,-1.345414280891418457e+00,1.417827606201171875e+00,4.688245356082916260e-01,2.011411786079406738e-01,-8.178076148033142090e-01,-7.060838937759399414e-01,-1.875475525856018066e+00,-1.308955717831850052e-02,9.181350469589233398e-02,1.118356466293334961e+00,-4.811027646064758301e-01,-2.939399778842926025e-01,1.689767837524414062e-01,6.235349178314208984e-01,-4.260776042938232422e-01,1.374269366264343262e+00,2.559438943862915039e-01,7.234648615121841431e-02,1.768150925636291504e+00,-3.983061909675598145e-01,2.617505192756652832e-01,-3.256746232509613037e-01,1.550816655158996582e+00,2.498878538608551025e-01,4.737271666526794434e-01,1.427392125129699707e+00,6.835108995437622070e-01,-6.833976507186889648e-01,8.091366887092590332e-01,1.445477724075317383e+00,-1.567408204078674316e+00,-3.996996879577636719e-01,-1.368921756744384766e+00,-2.352767437696456909e-01,-3.067115545272827148e-01,-1.096994042396545410e+00,1.313658952713012695e+00,2.637351036071777344e+00,4.184684157371520996e-02,1.892578750848770142e-01,-8.825020790100097656e-01,7.916591167449951172e-01,-3.685466945171356201e-01
5.963627099990844727e-01,2.145017385482788086e-01,-6.030687689781188965e-01,-4.405522942543029785e-01,6.693999171257019043e-01,1.099536657333374023e+00,1.616867542266845703e+00,-1.735302448272705078e+00,-1.636073589324951172e+00,1.494117617607116699e+00,-2.503341436386108398e-01,-3.089120388031005859e-01,6.482715606689453125e-01,7.421967387199401855e-01,-1.212698698043823242e+00,-4.956586658954620361e-01,-3.355902433395385742e-02,-9.340502023696899414e-01,8.965962529182434082e-01,-2.266902208328247070e+00,-1.224285438656806946e-01,1.475783586502075195e+00,-7.166067957878112793e-01,-1.849063754081726074e+00,-8.121980428695678711e-01,3.268553614616394043e-01,7.237532138824462891e-01,-2.207660198211669922e+00,-4.116562306880950928e-01,-8.969203233718872070e-01,-1.003924727439880371e+00,6.918197274208068848e-01,-5.979104638099670410e-01,-1.415324211120605469e-01,8.141942620277404785e-01,4.821394085884094238e-01,-5.821712017059326172e-01,-2.322722375392913818e-01,5.266685485839843750e-01,1.023282051086425781e+00,-2.626155614852905273e-01,1.948112994432449341e-01,1.539927363395690918e+00,-8.242471218109130859e-01,1.321681141853332520e+00,6.869912743568420410e-01,-3.664932847023010254e-01,1.727504372596740723e+00,8.753694891929626465e-01,-6.883140802383422852e-01,-5.222290158271789551e-01,1.712415337562561035e+00,3.760244697332382202e-02,-1.273132562637329102e+00,-6.753174960613250732e-02,-2.228716462850570679e-01,2.755179703235626221e-01,1.094915151596069336e+00,-1.199124157428741455e-01,1.664883375167846680e+00,1.570028901100158691e+00,6.010075807571411133e-01,-5.567240715026855469e-01,-9.260302186012268066e-01,-6.361661553382873535e-01,1.308448076248168945e+00,-6.941366195678710938e-01,-1.080916523933410645e+00,-1.079820156097412109e+00,-1.498626470565795898e+00,9.406958818435668945e-01,5.203218460083007812e-01,-7.356988191604614258e-01,-3.112615346908569336e-01,-6.703019738197326660e-01,-1.021471858024597168e+00,-4.754882156848907471e-01,9.149102866649627686e-02,1.532062053680419922e+00,1.666338592767715454e-01,1.372018814086914062e+00,-5.564725995063781738e-01,-1.357802450656890869e-01,2.759872376918792725e-01,1.149477362632751465e+00,-1.096866369247436523e+00,-1.369788050651550293e+00,3.504108190536499023e-01,9.152259826660156250e-01,3.758861422538757324e-01,1.145168185234069824e+00,2.400572411715984344e-02,-2.467181682586669922e-01,7.421624660491943359e-01,-1.079275310039520264e-01,-9.928763508796691895e-01,-6.079199910163879395e-02,9.641873836517333984e-01,-8.468042612075805664e-01,-5.418927222490310669e-02
-1.428804159164428711e+00,-1.401283144950866699e+00,6.856920570135116577e-02,3.174617290496826172e-01,8.531427979469299316e-01,7.373430728912353516e-01,-2.506498098373413086e-01,-1.391890168190002441e+00,-1.332446098327636719e+00,6.806960701942443848e-01,-2.365566015243530273e+00,-5.932332873344421387e-01,2.522174715995788574e-01,-1.406775712966918945e-01,2.735800027847290039e+00,-2.520385086536407471e-01,-1.289736628532409668e+00,-2.393069267272949219e-01,1.538355946540832520e+00,7.935755848884582520e-01,8.211374878883361816e-01,-1.327629446983337402e+00,-4.864628612995147705e-01,6.906411051750183105e-01,8.442382216453552246e-01,-1.647610068321228027e+00,-9.430718421936035156e-01,1.262734413146972656e+00,-1.596825718879699707e+00,1.778536915779113770e+00,8.919407129287719727e-01,-2.212737560272216797e+00,-4.587731361389160156e-01,2.374090194702148438e+00,7.429312169551849365e-02,5.340040326118469238e-01,1.166897416114807129e+00,-1.161532998085021973e+00,6.492779254913330078e-01,-4.370945394039154053e-01,-1.160124063491821289e+00,1.493447571992874146e-01,8.761885166168212891e-01,-6.345446109771728516e-01,-6.471841931343078613e-01,-2.716218829154968262e-01,-4.379676580429077148e-01,-1.479719951748847961e-02,6.955663859844207764e-02,1.095242381095886230e+00,-1.247868314385414124e-01,-2.496088743209838867e-01,5.815744027495384216e-02,9.006040096282958984e-01,1.270555138587951660e+00,1.994141101837158203e+00,-1.997269034385681152e+00,-4.178896844387054443e-01,1.717501401901245117e+00,1.095057129859924316e+00,2.964310944080352783e-01,7.551459670066833496e-01,5.044069886207580566e-01,5.306144356727600098e-01,5.944827795028686523e-01,-1.308689236640930176e+00,4.896540343761444092e-01,3.327548503875732422e-01,1.374638974666595459e-01,-3.367156982421875000e-01,8.678789138793945312e-01,8.853493332862854004e-01,2.483968019485473633e+00,-4.567409455776214600e-01,8.565018177032470703e-01,5.641076564788818359e-01,1.228689923882484436e-01,-6.203976273536682129e-01,-8.023686408996582031e-01,-8.405959606170654297e-01,-2.488611191511154175e-01,1.189496994018554688e+00,1.701579093933105469e+00,4.929413497447967529e-01,-7.132491469383239746e-01,-2.648499608039855957e-01,5.659657716751098633e-01,1.349989771842956543e+00,-3.685559928417205811e-01,-2.820180058479309082e-01,1.138636350631713867e+00,-1.014771819114685059e+00,8.171375989913940430e-01,5.803917646408081055e-01,-1.899579912424087524e-02,-1.155291795730590820e+00,-1.254188299179077148e+00,-3.543405830860137939e-01,7.137300372123718262e-01,-5.838236808776855469e-01
-7.000510096549987793e-01,1.214586257934570312e+00,8.769926428794860840e-01,3.848819732666015625e-01,-2.255629599094390869e-01,1.999274790287017822e-01,-1.642697811126708984e+00,1.328882336616516113e+00,-5.206696391105651855e-01,7.962371706962585449e-01,-1.722599029541015625e+00,-5.860930085182189941e-01,-9.412820339202880859e-01,2.379405349493026733e-01,-7.343719601631164551e-01,-4.782084226608276367e-01,-3.329348564147949219e-02,5.582234859466552734e-01,3.325815200805664062e-01,5.516020953655242920e-02,-1.371406197547912598e+00,5.361649394035339355e-01,7.000149488449096680e-01,5.586945414543151855e-01,-1.168339848518371582e+00,-2.632276535034179688e+00,-4.341304302215576172e-01,-9.461480379104614258e-01,3.096177875995635986e-01,-1.699384093284606934e+00,8.390598297119140625e-01,2.944071888923645020e-01,1.774578820914030075e-03,-1.115250140428543091e-01,-1.957462549209594727e+00,-3.467662259936332703e-02,1.655936598777770996e+00,6.735702157020568848e-01,1.510587692260742188e+00,4.274032115936279297e-01,-1.906755566596984863e-01,1.167495548725128174e-01,6.147620081901550293e-01,1.390770077705383301e-01,1.016515135765075684e+00,-1.863014698028564453e-02,-1.063787221908569336e+00,-1.325574517250061035e-01,2.887957990169525146e-01,7.815395593643188477e-01,-1.297692358493804932e-01,-4.472523033618927002e-01,5.103228688240051270e-01,-9.316201806068420410e-01,4.895066320896148682e-01,-4.943506121635437012e-01,-7.539887428283691406e-01,1.079891681671142578e+00,-1.078469038009643555e+00,-6.928855925798416138e-02,2.438754290342330933e-01,-2.224918603897094727e-01,-8.818694949150085449e-01,6.580799221992492676e-01,1.093945384025573730e+00,1.169867999851703644e-02,-2.028862953186035156e+00,2.733966708183288574e-01,-1.149529695510864258e+00,2.011623144149780273e+00,-4.215307235717773438e-01,-1.579189300537109375e-02,1.008735820651054382e-01,-9.579927325248718262e-01,-2.980638146400451660e-01,-1.427355766296386719e+00,5.532618165016174316e-01,-1.528522729873657227e+00,-1.476332426071166992e+00,-3.442320227622985840e-01,8.141697943210601807e-02,3.720334470272064209e-01,-1.818004131317138672e+00,-1.415714025497436523e+00,-2.115699499845504761e-01,-9.349007010459899902e-01,4.071745395660400391e+00,-4.073450714349746704e-02,-6.895427703857421875e-01,6.734635829925537109e-01,8.488726615905761719e-02,-3.144815564155578613e-01,-1.068429946899414062e+00,2.585344947874546051e-02,1.221114754676818848e+00,2.003898322582244873e-01,-7.456855773925781250e-01,-6.833544969558715820e-01,-6.421744078397750854e-02,2.546072483062744141e+00
9.422329068183898926e-01,6.530317068099975586e-01,-1.833907008171081543e+00,-1.567502915859222412e-01,5.798260867595672607e-02,3.716456890106201172e-01,-1.096467375755310059e+00,8.952012658119201660e-01,1.156049847602844238e+00,3.865475356578826904e-01,-1.629184246063232422e+00,9.229502081871032715e-01,-3.209794461727142334e-01,-3.149113059043884277e-01,7.833967804908752441e-01,-1.616158932447433472e-01,-1.228614330291748047e+00,-3.928211331367492676e-01,-3.856149017810821533e-01,-1.881860345602035522e-01,8.177509903907775879e-01,1.041400790214538574e+00,9.306271076202392578e-01,-4.664175510406494141e-01,7.251105904579162598e-01,-2.542574644088745117e+00,3.510895743966102600e-02,-1.335216045379638672e+00,5.720486119389533997e-02,-2.666839659214019775e-01,-3.178137779235839844e+00,7.822039723396301270e-02,-3.366627991199493408e-01,1.803340673446655273e+00,4.355711862444877625e-02,-1.868581473827362061e-01,-3.277641236782073975e-01,-3.540457189083099365e-01,3.706988692283630371e-01,1.144761800765991211e+00,-1.974606156349182129e+00,3.111592531204223633e-01,-7.807102054357528687e-02,3.074644207954406738e-01,6.437008976936340332e-01,8.873014152050018311e-02,4.171749353408813477e-01,2.603518962860107422e-02,-1.609400272369384766e+00,8.193739056587219238e-01,2.034292459487915039e+00,-2.221424728631973267e-01,-6.614322215318679810e-02,-5.089685320854187012e-01,4.526761174201965332e-01,3.693186342716217041e-01,2.138343751430511475e-01,1.422961056232452393e-01,2.758989334106445312e-01,2.018002420663833618e-01,-1.114532351493835449e+00,5.234084129333496094e-01,-1.773826479911804199e-01,2.319031357765197754e-01,-3.993882536888122559e-01,-5.443022847175598145e-01,-1.105178475379943848e+00,4.450207948684692383e-01,2.546524703502655029e-01,1.870417475700378418e+00,-1.011614084243774414e+00,-1.250253915786743164e+00,-1.115239977836608887e+00,-1.912293881177902222e-01,-9.562042541801929474e-03,6.444212198257446289e-01,-4.062012135982513428e-01,-5.066455006599426270e-01,-1.411814689636230469e+00,-2.342239856719970703e+00,-3.999562934041023254e-02,-1.206818699836730957e+00,-1.730517268180847168e+00,8.738911151885986328e-02,1.030490636825561523e+00,5.332854390144348145e-01,8.530389070510864258e-01,-1.108093023300170898e+00,-1.533570170402526855e+00,1.594650626182556152e+00,7.372875809669494629e-01,1.087882995605468750e+00,3.148425221443176270e-01,-3.067127466201782227e-01,-1.694746017456054688e-01,-9.855552911758422852e-01,-1.570865750312805176e+00,4.000714421272277832e-01,-5.553542971611022949e-01,-3.604436218738555908e-01
-1.278524398803710938e-01,-1.563250303268432617e+00,-1.336568295955657959e-01,-5.080231279134750366e-02,-1.737510085105895996e+00,1.523099899291992188e+00,8.525794744491577148e-01,1.954544782638549805e+00,-9.675980210304260254e-01,-2.715038955211639404e-01,-3.885684534907341003e-02,1.013993382453918457e+00,4.076277911663055420e-01,-1.509302735328674316e+00,-8.531479835510253906e-01,-1.314890831708908081e-01,1.064571857452392578e+00,5.387710928916931152e-01,-1.894383311271667480e+00,2.535840868949890137e-01,-1.597492247819900513e-01,-2.255504764616489410e-02,8.804674446582794189e-02,-8.357966542243957520e-01,-6.222980618476867676e-01,-9.483855962753295898e-02,6.284503936767578125e-01,6.863775253295898438e-01,-3.278431653976440430e+00,-5.624040961265563965e-02,-2.321929335594177246e-01,1.163392782211303711e+00,5.669348239898681641e-01,4.039128422737121582e-01,8.382711559534072876e-02,-1.177397131919860840e+00,-5.959226489067077637e-01,-1.030196547508239746e+00,-7.595224976539611816e-01,-4.284956678748130798e-02,-7.539176940917968750e-01,1.132107019424438477e+00,2.758224308490753174e-01,7.271942496299743652e-02,2.037516385316848755e-01,3.103644251823425293e-01,-6.595788598060607910e-01,4.149951934814453125e-01,1.529194414615631104e-03,-1.105123013257980347e-01,1.113702058792114258e+00,-2.224937826395034790e-01,2.572196722030639648e+00,-1.849982291460037231e-01,4.242690801620483398e-01,1.097773671150207520e+00,-1.063917636871337891e+00,-1.691979914903640747e-01,-1.204243183135986328e+00,1.098038315773010254e+00,-2.004175186157226562e-01,1.440266251564025879e+00,8.313049376010894775e-02,-7.778264880180358887e-01,1.922609210014343262e+00,-1.302914738655090332e+00,-9.443775564432144165e-02,-2.405805349349975586e+00,1.140681385993957520e+00,-8.912181258201599121e-01,1.193410515785217285e+00,-9.190014749765396118e-02,-1.134937524795532227e+00,-1.817660927772521973e-01,-8.968785405158996582e-02,-4.323639571666717529e-01,-7.789709568023681641e-01,-1.865337342023849487e-01,3.272049501538276672e-02,-2.903771996498107910e-01,-3.785106539726257324e-01,-6.001080870628356934e-01,2.903604209423065186e-01,-6.132299304008483887e-01,1.433137536048889160e+00,1.102485418319702148e+00,-5.109078288078308105e-01,8.854682445526123047e-01,-9.489713311195373535e-01,-1.023028969764709473e+00,-9.911516904830932617e-01,-2.672756910324096680e-01,-1.343746185302734375e-01,1.472099274396896362e-01,1.236324548721313477e+00,-1.714716553688049316e-01,5.070196986198425293e-01,-1.730422079563140869e-01,5.451007280498743057e-03,6.774122118949890137e-01
7.268660068511962891e-01,8.118354678153991699e-01,4.769174754619598389e-01,4.111870229244232178e-01,-1.531469464302062988e+00,1.379926681518554688e+00,-7.043255567550659180e-01,-1.043118238449096680e+00,-1.835311055183410645e+00,1.476473063230514526e-01,2.994671463966369629e-01,-8.398776501417160034e-02,3.550434708595275879e-01,3.394909799098968506e-01,-7.529516220092773438e-01,3.782252967357635498e-01,-8.008194565773010254e-01,-3.498825132846832275e-01,-1.212125122547149658e-01,-3.853958547115325928e-01,-6.956050992012023926e-01,-4.104505181312561035e-01,1.104121655225753784e-01,-4.617872834205627441e-01,-3.861653804779052734e-01,-7.677259445190429688e-01,2.942066192626953125e-01,1.984358727931976318e-01,1.703373789787292480e+00,1.859604954719543457e+00,-5.703134536743164062e-01,-2.165283203125000000e+00,-2.600473463535308838e-01,-2.901478111743927002e-01,8.564277887344360352e-01,3.007026314735412598e-01,3.263703882694244385e-01,-7.276269048452377319e-02,-2.171410799026489258e+00,6.394595503807067871e-01,-1.301928043365478516e+00,-3.172528743743896484e-01,-1.813090443611145020e+00,1.104114890098571777e+00,6.041454523801803589e-02,2.208959341049194336e+00,6.926868557929992676e-01,3.255815804004669189e-01,-7.923774421215057373e-02,-1.985562443733215332e-01,8.428003787994384766e-01,1.040756225585937500e+00,3.956291675567626953e-01,3.922281786799430847e-02,1.582299470901489258e+00,-6.460953354835510254e-01,1.033438444137573242e+00,6.761370897293090820e-01,-1.089491724967956543e+00,-6.323161721229553223e-01,-1.607935726642608643e-01,8.675823211669921875e-01,-4.953661859035491943e-01,-9.491662979125976562e-01,-5.566026568412780762e-01,-7.235396653413772583e-02,5.892065763473510742e-01,-2.259516865015029907e-01,-7.213772535324096680e-01,-5.814299918711185455e-03,1.482946872711181641e-01,-5.103348493576049805e-01,1.890366554260253906e+00,-8.991575241088867188e-01,1.381642818450927734e+00,-6.624009013175964355e-01,-1.584157705307006836e+00,-2.897393107414245605e-01,1.514677144587039948e-02,7.259829640388488770e-01,7.859713435173034668e-01,6.492488384246826172e-01,-1.411103904247283936e-01,7.154075801372528076e-02,2.400408983230590820e-01,6.260436773300170898e-02,1.207314506173133850e-01,4.200753271579742432e-01,-5.228016376495361328e-01,3.722130358219146729e-01,5.669496208429336548e-02,-8.542488329112529755e-03,1.426775813102722168e+00,-4.902683794498443604e-01,-4.164605140686035156e-01,1.087399870157241821e-01,-7.867045998573303223e-01,-7.997470498085021973e-01,2.261805087327957153e-01,1.061172366142272949e+00
-1.493456721305847168e+00,-8.335439562797546387e-01,7.851482629776000977e-01,-1.270178258419036865e-01,-2.083758413791656494e-01,-2.022626876831054688e+00,-2.695433199405670166e-01,-1.116740942001342773e+00,7.411496639251708984e-01,-2.761600613594055176e-01,7.080087661743164062e-01,3.551598638296127319e-02,5.065653324127197266e-01,1.245017409324645996e+00,-1.866142630577087402e+00,2.507656216621398926e-01,-3.490312397480010986e-01,-2.505083382129669189e-01,1.251982212066650391e+00,3.582525551319122314e-01,-6.204526424407958984e-01,1.081648170948028564e-01,1.662239313125610352e+00,-1.112695336341857910e+00,-4.686305820941925049e-01,-1.694573760032653809e+00,5.963473916053771973e-01,1.839015722274780273e+00,8.587744832038879395e-02,-1.890100955963134766e+00,7.566515803337097168e-01,-3.172236084938049316e-01,1.769403219223022461e-01,9.390804916620254517e-04,1.994213700294494629e+00,-2.449453026056289673e-01,7.950698137283325195e-01,-6.573461294174194336e-01,-7.323518395423889160e-01,5.865836143493652344e-02,-7.679225802421569824e-01,1.217134237289428711e+00,1.096512749791145325e-01,-6.245447397232055664e-01,-1.759503722190856934e+00,1.436114430427551270e+00,-2.608650922775268555e-01,-1.213779449462890625e+00,-1.084119796752929688e+00,-1.297427654266357422e+00,-1.510017514228820801e-01,1.119061946868896484e+00,-8.512087464332580566e-01,-8.370722532272338867e-01,-2.244497537612915039e+00,2.570881247520446777e-01,6.467256546020507812e-01,4.581182077527046204e-02,-8.294184207916259766e-01,-1.365704685449600220e-01,5.255114436149597168e-01,-1.107208013534545898e+00,9.376830458641052246e-01,-2.907834947109222412e-01,-1.689108848571777344e+00,-9.289233684539794922e-01,-6.222028732299804688e-01,6.696757078170776367e-01,1.724448680877685547e+00,8.063184618949890137e-01,-2.535351514816284180e-01,8.257526755332946777e-01,-5.764960497617721558e-02,2.802107036113739014e-01,1.305275917053222656e+00,3.015506565570831299e-01,1.792298913002014160e+00,-8.151710033416748047e-01,-2.564935684204101562e-01,1.450468540191650391e+00,-1.645755469799041748e-01,-1.440240502357482910e+00,1.271108388900756836e+00,1.023142933845520020e+00,9.599993228912353516e-01,-1.071344502270221710e-02,1.393638849258422852e-01,-6.228711009025573730e-01,-5.059589743614196777e-01,4.006451740860939026e-02,2.078346759080886841e-01,1.981677055358886719e+00,-1.925191283226013184e-01,-1.707823038101196289e+00,5.862721800804138184e-02,1.384313583374023438e+00,-1.113866209983825684e+00,6.589994430541992188e-01,1.148247718811035156e+00,1.048810243606567383e+00
-1.634090065956115723e+00,1.104688737541437149e-02,-3.702003061771392822e-01,-5.684412717819213867e-01,6.422195434570312500e-01,8.840222954750061035e-01,-1.279469490051269531e+00,9.987508654594421387e-01,5.176987871527671814e-02,4.915022850036621094e-01,3.512632846832275391e-01,1.279322385787963867e+00,-5.314816832542419434e-01,-5.040597319602966309e-01,2.576628923416137695e+00,1.338587552309036255e-01,-1.014140963554382324e+00,2.854224443435668945e+00,-2.358777672052383423e-01,1.515166163444519043e+00,-2.011733502149581909e-01,-2.720558047294616699e-01,-9.759640097618103027e-01,7.598692178726196289e-02,5.692727565765380859e-01,8.245693445205688477e-01,5.678610205650329590e-01,9.259897470474243164e-01,-2.128112614154815674e-01,6.894202232360839844e-01,1.902612298727035522e-01,-1.242311000823974609e+00,3.100594282150268555e-01,1.403950154781341553e-01,-2.000210583209991455e-01,-1.185782432556152344e+00,-4.232265055179595947e-01,-3.565244078636169434e-01,-1.508366227149963379e+00,5.898551344871520996e-01,-1.702274084091186523e-01,-4.222532808780670166e-01,-7.126721739768981934e-01,2.188303232192993164e+00,-1.372341871261596680e+00,-1.029117465019226074e+00,-8.061453700065612793e-01,-1.219226717948913574e+00,-2.422087043523788452e-01,-9.323086738586425781e-01,-1.791066527366638184e+00,1.413940787315368652e+00,1.117252945899963379e+00,-4.750356078147888184e-01,-2.411227375268936157e-01,-1.758063554763793945e+00,-1.082456707954406738e+00,3.357353806495666504e-01,-5.250771045684814453e-01,6.183156967163085938e-01,-4.761107563972473145e-01,7.276155948638916016e-01,-3.230288624763488770e-01,-7.555699944496154785e-01,2.473906427621841431e-01,5.475816130638122559e-01,1.474482297897338867e+00,-1.291001200675964355e+00,7.634554803371429443e-02,1.217595219612121582e+00,-7.959144711494445801e-01,1.388854146003723145e+00,1.573480665683746338e-01,-1.829903125762939453e+00,-8.972945809364318848e-01,-4.751998186111450195e-01,7.851104140281677246e-01,-1.149562597274780273e+00,8.465420603752136230e-01,-5.300482511520385742e-01,-1.033465027809143066e+00,9.537125825881958008e-01,-8.245077133178710938e-01,-2.311736643314361572e-01,7.435151189565658569e-02,-2.082424014806747437e-01,-4.943099021911621094e-01,-1.624400258064270020e+00,-5.549922585487365723e-01,3.058190830051898956e-02,4.102118909358978271e-01,2.052824497222900391e+00,2.107459753751754761e-01,-9.338307380676269531e-01,-3.423811793327331543e-01,1.030431032180786133e+00,-8.876960873603820801e-01,5.260423421859741211e-01,-1.741889238357543945e+00,1.712205886840820312e+00
1.357614755630493164e+00,3.438397347927093506e-01,-2.505785822868347168e-01,-5.557581782341003418e-01,4.401431381702423096e-01,3.511567711830139160e-01,-4.968133866786956787e-01,-1.776971220970153809e+00,1.624163508415222168e+00,-6.700904667377471924e-02,-1.626422524452209473e+00,-4.855209887027740479e-01,2.524184584617614746e-01,-9.715208411216735840e-01,9.479201436042785645e-01,-6.034942269325256348e-01,6.802906394004821777e-01,8.220171332359313965e-01,-1.313587665557861328e+00,-9.638566374778747559e-01,5.191025733947753906e-01,3.098250031471252441e-01,-7.278749346733093262e-01,-1.750852465629577637e+00,5.665783882141113281e-01,-3.743824958801269531e-01,-1.779572606086730957e+00,-5.980278849601745605e-01,8.476215600967407227e-01,-8.178462982177734375e-01,2.201167106628417969e+00,1.223898530006408691e-01,6.097571849822998047e-01,6.125698685646057129e-01,5.405433773994445801e-01,3.684090077877044678e-01,-6.050158739089965820e-01,1.052927225828170776e-01,-1.039368271827697754e+00,-1.377927660942077637e+00,2.243324369192123413e-01,-1.337206959724426270e+00,6.437450051307678223e-01,-4.915435612201690674e-01,1.301620125770568848e+00,5.578971505165100098e-01,5.891550332307815552e-02,-4.031805992126464844e-01,-4.438228309154510498e-01,2.336976975202560425e-01,-4.267179369926452637e-01,-1.327137708663940430e+00,-1.988942176103591919e-01,6.032310128211975098e-01,-8.342944979667663574e-01,-9.288634061813354492e-01,-8.650949597358703613e-01,-8.052013516426086426e-01,-3.266921341419219971e-01,1.121953502297401428e-01,1.242326140403747559e+00,4.857134222984313965e-01,4.762310385704040527e-01,-2.097164630889892578e+00,1.662909388542175293e-01,4.499899148941040039e-01,-1.705680489540100098e-01,1.886845469474792480e+00,-1.390717476606369019e-01,6.881307363510131836e-01,-1.404262632131576538e-01,1.049259901046752930e+00,-1.415274739265441895e+00,-7.256652712821960449e-01,-1.864963650703430176e+00,-1.035274863243103027e-01,-1.645093679428100586e+00,-9.526170790195465088e-02,-1.264449000358581543e+00,-3.331632912158966064e-01,-1.754488646984100342e-01,-6.109710335731506348e-01,8.241267502307891846e-02,7.769193053245544434e-01,-1.279855489730834961e+00,8.321207165718078613e-01,-2.396631956100463867e+00,-7.212784290313720703e-01,-6.017904877662658691e-01,1.228972077369689941e+00,6.938946247100830078e-01,-2.056461572647094727e+00,-1.066098809242248535e+00,-1.301984310150146484e+00,-3.695824742317199707e-01,-1.077652931213378906e+00,-1.951660275459289551e+00,1.662423849105834961e+00,-2.051423043012619019e-01,-1.040512099862098694e-01
-3.039222002029418945e+00,1.580448389053344727e+00,1.383808106184005737e-01,-2.760006427764892578e+00,6.799089163541793823e-02,2.053514868021011353e-01,9.907566905021667480e-01,-1.569817423820495605e+00,1.859249025583267212e-01,1.328390717506408691e+00,4.323381781578063965e-01,-9.193500280380249023e-01,9.948207139968872070e-01,-1.342305988073348999e-01,-6.889299750328063965e-01,8.463636636734008789e-01,-1.081621170043945312e+00,1.669579982757568359e+00,-8.745542764663696289e-01,-1.696345210075378418e+00,4.141207337379455566e-01,-1.341957092285156250e+00,4.937432706356048584e-01,5.953298136591911316e-02,-9.650386571884155273e-01,1.793949723243713379e+00,1.179337799549102783e-01,7.773210406303405762e-01,-8.781866431236267090e-01,5.879042148590087891e-01,-2.613815963268280029e-01,-2.510993719100952148e+00,9.299312829971313477e-01,-6.903877854347229004e-01,1.159081339836120605e+00,9.985452890396118164e-01,-1.710165500640869141e+00,1.093280076980590820e+00,-3.003426790237426758e-01,-6.362734436988830566e-01,1.090064287185668945e+00,1.542187929153442383e+00,6.514556407928466797e-01,-5.080517530441284180e-01,-5.935515761375427246e-01,6.938228607177734375e-01,-1.280233144760131836e+00,5.373062491416931152e-01,1.338176280260086060e-01,-6.169253587722778320e-01,-3.729525953531265259e-02,-1.387371540069580078e+00,6.562376618385314941e-01,-8.321340084075927734e-01,1.884501695632934570e+00,-1.033549189567565918e+00,-5.712463855743408203e-01,-1.719621121883392334e-01,7.886421084403991699e-01,-6.769593060016632080e-02,7.272759675979614258e-01,1.647458434104919434e+00,1.132336735725402832e+00,1.270236730575561523e+00,7.719751000404357910e-01,-1.015477657318115234e+00,1.439955115318298340e+00,1.360328555107116699e+00,-7.901036739349365234e-01,3.797892630100250244e-01,3.107939958572387695e-01,-6.194971799850463867e-01,-1.057201743125915527e+00,-8.605980277061462402e-01,-1.037214756011962891e+00,9.847071170806884766e-01,-9.855225086212158203e-01,-1.234408378601074219e+00,4.826977252960205078e-01,7.673402428627014160e-01,-1.966316461563110352e+00,-1.529053211212158203e+00,-1.337004899978637695e+00,3.366607725620269775e-01,9.181936383247375488e-01,4.302554428577423096e-01,-7.598471641540527344e-01,8.108321428298950195e-01,-3.230581581592559814e-01,7.194146513938903809e-01,1.239500880241394043e+00,-3.922297358512878418e-01,9.280743002891540527e-01,9.785677492618560791e-02,5.727715492248535156e-01,1.773339137434959412e-02,1.327236890792846680e+00,1.073484897613525391e+00,4.660811722278594971e-01,-1.265592575073242188e+00
-1.647976338863372803e-01,3.195662796497344971e-01,-6.767309904098510742e-01,-8.775641322135925293e-01,2.139790058135986328e+00,3.725309371948242188e-01,-6.239840388298034668e-01,-3.913652002811431885e-01,-8.380429148674011230e-01,1.623098254203796387e+00,-1.183200776576995850e-01,-1.384464949369430542e-01,3.399522304534912109e-01,7.302256226539611816e-01,1.034223139286041260e-01,-1.895516365766525269e-01,-4.055944085121154785e-01,4.934165179729461670e-01,-1.259707808494567871e+00,-1.267735846340656281e-03,-3.240781724452972412e-01,-6.887868046760559082e-01,1.132740005850791931e-01,1.015358090400695801e+00,-1.426667571067810059e-01,7.647102475166320801e-01,-1.640863776206970215e+00,1.989591479301452637e+00,1.247235655784606934e+00,-2.681589603424072266e+00,9.301369190216064453e-01,4.547345340251922607e-01,-1.116144299507141113e+00,-8.860354125499725342e-02,5.522323250770568848e-01,6.652829796075820923e-02,2.516522407531738281e-01,4.949684813618659973e-02,-3.811911866068840027e-02,6.536284685134887695e-01,1.363811343908309937e-01,1.733506917953491211e+00,-5.379842519760131836e-01,-1.789969325065612793e+00,1.573218256235122681e-01,6.980596780776977539e-01,9.440998435020446777e-01,-2.198641061782836914e+00,2.628604173660278320e-01,-1.494914174079895020e+00,2.441161572933197021e-01,1.396393299102783203e+00,1.064372658729553223e+00,-8.287855982780456543e-01,-2.967652082443237305e-01,1.623276174068450928e-01,2.398499250411987305e-01,-2.057375907897949219e-01,5.770317316055297852e-01,-1.011441946029663086e+00,3.017743490636348724e-02,-1.803437024354934692e-01,1.179550647735595703e+00,8.065418004989624023e-01,1.318113684654235840e+00,-5.349086523056030273e-01,-6.931810975074768066e-01,2.996602095663547516e-02,-5.765684843063354492e-01,-1.793676465749740601e-01,-8.397135734558105469e-01,2.742807865142822266e-01,1.253875970840454102e+00,-1.044522166252136230e+00,-7.229103446006774902e-01,-9.527824074029922485e-02,-6.461268067359924316e-01,-2.122948646545410156e+00,4.512191414833068848e-01,-1.669643372297286987e-01,-1.191764235496520996e+00,-2.653834104537963867e+00,4.600764513015747070e-01,-1.526295304298400879e+00,1.071635559201240540e-01,-8.756430745124816895e-01,1.240179896354675293e+00,2.949781417846679688e-01,-1.535246521234512329e-01,8.200091123580932617e-01,-7.913506031036376953e-01,3.193372189998626709e-01,-1.804330199956893921e-01,-1.259821534156799316e+00,1.198197245597839355e+00,6.058851256966590881e-02,9.290149211883544922e-01,1.085538744926452637e+00,-2.178647041320800781e+00,-1.890912652015686035e-01
1.122573018074035645e-01,-5.841922760009765625e-01,2.362022101879119873e-01,1.161381483078002930e+00,-1.385006070137023926e+00,1.813953280448913574e+00,1.061167955398559570e+00,-3.847069442272186279e-01,4.487146735191345215e-01,-3.286676704883575439e-01,9.024478197097778320e-01,8.954545855522155762e-01,-7.411333918571472168e-01,6.239755153656005859e-01,3.203477561473846436e-01,7.228791117668151855e-01,-1.280764698982238770e+00,-8.795993775129318237e-02,9.862852692604064941e-01,-1.023684740066528320e-01,-5.457061529159545898e-01,4.319946467876434326e-01,9.098724722862243652e-01,-7.702143788337707520e-01,-1.187014222145080566e+00,9.647416472434997559e-01,-1.603924632072448730e-01,-2.733882665634155273e-01,-4.587907791137695312e-01,-3.475877642631530762e-01,-6.677723955363035202e-03,1.681254863739013672e+00,5.643379688262939453e-01,-1.522678881883621216e-01,-3.844567835330963135e-01,2.568465232849121094e+00,-3.951872885227203369e-01,1.447332352399826050e-01,5.428546294569969177e-02,-1.699465140700340271e-02,-2.227033376693725586e+00,-8.738906383514404297e-01,2.387691289186477661e-01,-7.415005005896091461e-03,1.049776911735534668e+00,-3.032819926738739014e-01,8.818250298500061035e-01,4.010711610317230225e-02,-2.600183188915252686e-01,1.044854283332824707e+00,9.871350228786468506e-02,-1.584096074104309082e+00,1.999693274497985840e+00,1.346426725387573242e+00,5.932317376136779785e-01,-6.669516563415527344e-01,4.993147850036621094e-01,4.556320309638977051e-01,-1.410397291183471680e+00,-1.661016583442687988e+00,-4.779394268989562988e-01,1.194658160209655762e+00,-6.070882678031921387e-01,1.462086915969848633e+00,1.976434946060180664e+00,-2.444615364074707031e-01,8.081383705139160156e-01,-5.005803108215332031e-01,1.662640213966369629e+00,1.618103832006454468e-01,-7.806209921836853027e-01,-1.273333549499511719e+00,-2.711212158203125000e+00,-6.064654588699340820e-01,-5.588216781616210938e-01,-1.837922930717468262e-01,1.170524358749389648e-01,2.347175180912017822e-01,5.800289511680603027e-01,-1.675254225730895996e+00,-6.803660839796066284e-02,3.775883018970489502e-01,-6.516032814979553223e-01,2.038276195526123047e-01,-1.211982607841491699e+00,8.194007277488708496e-01,2.354432046413421631e-01,-3.965339958667755127e-01,1.009353876113891602e+00,1.358316779136657715e+00,6.160656213760375977e-01,-2.882335707545280457e-02,-1.877449512481689453e+00,2.897328853607177734e+00,-4.059259891510009766e-01,-3.476392030715942383e-01,-6.731937527656555176e-01,1.115368679165840149e-02,-1.341591477394104004e-01,-9.376469254493713379e-02
2.567443251609802246e-01,-2.140958905220031738e-01,1.972039639949798584e-01,5.876898169517517090e-01,1.015764236450195312e+00,-1.193035244941711426e+00,-4.471718668937683105e-01,-2.786749601364135742e+00,7.015030980110168457e-01,8.215913176536560059e-01,-1.505995273590087891e+00,8.092089891433715820e-01,-9.244562983512878418e-01,-9.259872436523437500e-01,-1.737082600593566895e-01,-1.920989751815795898e+00,6.883780360221862793e-01,1.201044797897338867e+00,1.753509044647216797e-03,-7.078689336776733398e-01,-8.387886881828308105e-01,-1.148830175399780273e+00,-1.805950522422790527e+00,-9.162325263023376465e-01,-4.072031974792480469e-01,7.256624698638916016e-01,-9.310321211814880371e-01,1.095756649971008301e+00,5.204031467437744141e-01,2.022671937942504883e+00,-3.018348217010498047e-01,2.050263404846191406e+00,1.490320682525634766e+00,-8.884289860725402832e-01,6.537971496582031250e-01,8.643609881401062012e-01,-1.372433155775070190e-01,8.377849310636520386e-02,4.456955492496490479e-01,-5.158125758171081543e-01,-1.332051396369934082e+00,1.008548021316528320e+00,1.533407330513000488e+00,1.159388184547424316e+00,-3.986772298812866211e-01,-9.353106021881103516e-01,2.751121520996093750e-01,8.979772925376892090e-01,-1.668917834758758545e-01,9.995689988136291504e-01,-7.169485688209533691e-01,2.349961102008819580e-01,-1.223421454429626465e+00,-2.267475873231887817e-01,5.972292423248291016e-01,1.274848222732543945e+00,1.300696730613708496e-01,9.444903135299682617e-01,6.118750572204589844e-01,-6.413382291793823242e-01,-2.676894664764404297e-01,-2.698256671428680420e-01,5.180004239082336426e-01,1.950555890798568726e-01,8.882055059075355530e-03,4.359672591090202332e-02,1.121361017227172852e+00,1.052329421043395996e+00,-9.178258180618286133e-01,1.984649598598480225e-01,-2.068692445755004883e+00,6.174724102020263672e-01,7.748705744743347168e-01,-5.991964340209960938e-01,5.790440440177917480e-01,2.597637176513671875e-01,1.571961998939514160e+00,-3.965993821620941162e-01,-8.313885331153869629e-01,-2.453013658523559570e+00,-6.616093516349792480e-01,7.249146699905395508e-01,1.684382557868957520e-01,-7.509288191795349121e-01,-1.649343013763427734e+00,-1.939101696014404297e+00,-9.793919324874877930e-02,2.218848913908004761e-01,-1.510576248168945312e+00,-1.889582872390747070e-01,-3.711913824081420898e-01,-2.124721258878707886e-01,-1.522434711456298828e+00,1.333196401596069336e+00,-1.165834516286849976e-01,5.536347031593322754e-01,-5.255615711212158203e-01,1.337542891502380371e+00,-1.334103703498840332e+00,-1.083990454673767090e+00
6.358522772789001465e-01,-7.019677758216857910e-01,-7.394471764564514160e-01,-1.171725034713745117e+00,-9.329323768615722656e-01,1.340349316596984863e-01,-8.323994278907775879e-01,2.991811037063598633e-01,-8.646426349878311157e-02,-1.796195983886718750e+00,-7.648558616638183594e-01,1.702708937227725983e-02,6.715399622917175293e-01,-1.583348751068115234e+00,9.237895011901855469e-01,1.032111406326293945e+00,1.710364818572998047e+00,1.832713365554809570e+00,6.458921432495117188e-01,-9.668469429016113281e-01,4.472290873527526855e-01,4.290188848972320557e-02,1.578605920076370239e-01,1.589721143245697021e-01,-4.107276797294616699e-01,-1.291925430297851562e+00,1.192903161048889160e+00,-9.905229806900024414e-01,-3.237856626510620117e-01,4.473432004451751709e-01,1.133594751358032227e+00,5.804355740547180176e-01,-1.140147805213928223e+00,1.026156619191169739e-01,-3.113334178924560547e-01,4.847804605960845947e-01,-5.553030222654342651e-02,8.589213490486145020e-01,5.694888830184936523e-01,3.784979581832885742e-01,-2.195843756198883057e-01,-6.457169055938720703e-01,-8.460320830345153809e-01,9.408862590789794922e-01,4.853580147027969360e-02,5.112081170082092285e-01,1.386633515357971191e-01,-9.848335385322570801e-01,5.336830019950866699e-01,-2.495483309030532837e-01,-3.756993710994720459e-01,2.840418741106987000e-02,1.413083076477050781e+00,5.873693823814392090e-01,-3.362600207328796387e-01,2.191899716854095459e-01,-1.861297637224197388e-01,-7.083044052124023438e-01,1.276514410972595215e+00,-6.916762888431549072e-02,1.199433207511901855e+00,5.312342047691345215e-01,4.054352641105651855e-01,3.844827115535736084e-01,-9.489398002624511719e-01,-1.039015293121337891e+00,-3.583810031414031982e-01,1.292898416519165039e+00,-2.497674942016601562e+00,-9.803000688552856445e-01,8.261328935623168945e-02,3.219296634197235107e-01,-2.129083156585693359e+00,-4.780550301074981689e-02,-2.283850431442260742e+00,-2.545211911201477051e-01,4.929153919219970703e-01,-9.305248856544494629e-01,-4.503322839736938477e-01,7.639443278312683105e-01,-1.335879415273666382e-01,-2.423785448074340820e+00,4.423969984054565430e-01,-1.148791193962097168e+00,-3.549199700355529785e-01,-2.073673725128173828e+00,7.523974776268005371e-01,-6.847774386405944824e-01,8.250979185104370117e-01,7.938457280397415161e-02,-2.662131190299987793e-01,1.139282107353210449e+00,-8.116983771324157715e-01,-9.565214514732360840e-01,3.884756267070770264e-01,3.413054719567298889e-02,-2.058007717132568359e-01,5.010067820549011230e-01,-2.888533473014831543e-01,-2.061511516571044922e+00
-3.583551347255706787e-01,-1.672719955444335938e+00,2.337753176689147949e-01,-1.757025718688964844e+00,5.986968874931335449e-01,5.482211336493492126e-02,1.282239556312561035e+00,1.706934809684753418e+00,5.082190036773681641e-01,5.620320439338684082e-01,-1.620802730321884155e-01,3.880103826522827148e-01,1.083598852157592773e+00,5.425629019737243652e-01,-1.878603100776672363e-01,-1.287445425987243652e+00,-6.859233975410461426e-01,-8.855836465954780579e-03,1.552423477172851562e+00,-3.210985422134399414e+00,-2.004472017288208008e+00,-5.976520180702209473e-01,-7.469171881675720215e-01,1.547897338867187500e+00,7.391371130943298340e-01,7.347716093063354492e-01,-1.433245539665222168e+00,6.649867296218872070e-01,-5.902969837188720703e-01,-1.429438471794128418e+00,-8.223857283592224121e-01,1.736806333065032959e-01,3.006862699985504150e-01,-3.939995169639587402e-01,-1.618565320968627930e+00,-4.933738410472869873e-01,4.940025210380554199e-01,1.066537261009216309e+00,1.788868606090545654e-01,-3.859828114509582520e-01,-7.384361028671264648e-01,-1.181778311729431152e+00,6.158647313714027405e-02,1.494433730840682983e-01,-1.030770182609558105e+00,9.635010957717895508e-01,-5.438251495361328125e-01,-2.223180383443832397e-01,-2.560654878616333008e-01,-1.224822998046875000e-01,-4.646064043045043945e-01,8.671789169311523438e-01,4.266591668128967285e-01,9.252776503562927246e-01,-2.709683179855346680e-01,-8.036211133003234863e-01,5.497422069311141968e-02,2.398225516080856323e-01,-1.647414684295654297e+00,-1.278612852096557617e+00,-5.830672979354858398e-01,4.543775022029876709e-01,-5.441663265228271484e-01,9.426715373992919922e-01,-2.121696472167968750e+00,6.462305784225463867e-01,-4.217436611652374268e-01,-1.644245684146881104e-01,2.021111361682415009e-02,-5.986983180046081543e-01,8.176180720329284668e-01,-2.798324227333068848e-01,6.971602439880371094e-01,-1.817510485649108887e+00,3.798371851444244385e-01,2.553692460060119629e-01,-6.578422188758850098e-01,-8.515076637268066406e-01,-1.993825435638427734e+00,1.331289410591125488e-01,3.927098810672760010e-01,1.347222775220870972e-01,-1.788612455129623413e-01,-1.142773985862731934e+00,9.405176043510437012e-01,1.854342520236968994e-01,4.411465823650360107e-01,-9.242888092994689941e-01,4.702787697315216064e-01,1.173319339752197266e+00,2.075953006744384766e+00,-1.140868902206420898e+00,5.526482462882995605e-01,6.244583129882812500e-01,2.641020417213439941e-01,8.601719141006469727e-01,-4.516777694225311279e-01,-1.930604934692382812e+00,-1.515526976436376572e-02,1.897462368011474609e+00
-2.294801473617553711e+00,-5.663971900939941406e-01,1.844463869929313660e-02,-4.670398831367492676e-01,1.921066403388977051e+00,-7.138780951499938965e-01,9.902923107147216797e-01,1.170669496059417725e-01,-1.237633943557739258e+00,-4.393403530120849609e-01,-6.829870343208312988e-01,-1.349702596664428711e+00,-3.201573789119720459e-01,3.156483769416809082e-01,-4.209226369857788086e-01,1.002588391304016113e+00,6.482927203178405762e-01,4.769775271415710449e-01,1.503499507904052734e+00,6.699257344007492065e-02,-1.080024480819702148e+00,1.276632547378540039e+00,8.117275834083557129e-01,-2.779673933982849121e-01,-6.897382736206054688e-01,1.057227611541748047e+00,2.160877585411071777e-01,-7.813885807991027832e-03,8.909980058670043945e-01,-1.299953341484069824e+00,-6.799857616424560547e-01,-5.541819930076599121e-01,1.451898068189620972e-01,4.775338619947433472e-02,-1.739801913499832153e-01,-3.551740944385528564e-01,-6.755620837211608887e-01,-1.256408929824829102e+00,1.027514692395925522e-02,-5.015814900398254395e-01,-1.282868027687072754e+00,-7.022408843040466309e-01,1.830525696277618408e-01,8.703911900520324707e-01,-3.043970167636871338e-01,-1.198228836059570312e+00,-2.888835668563842773e-01,3.888874650001525879e-01,5.908195972442626953e-01,3.859675228595733643e-01,7.769566774368286133e-01,-1.081154823303222656e+00,-1.537702679634094238e-01,-2.520476281642913818e-01,1.060085535049438477e+00,-5.942403674125671387e-01,-1.172917604446411133e+00,1.621810555458068848e+00,1.336914747953414917e-01,-1.413970947265625000e+00,-3.697970211505889893e-01,2.730252444744110107e-01,2.145568132400512695e-01,-3.371686637401580811e-01,-6.318078637123107910e-01,2.051223754882812500e+00,9.036985635757446289e-01,-1.113051891326904297e+00,-1.862963318824768066e+00,3.356812521815299988e-02,2.307363510131835938e+00,-5.954924225807189941e-01,-1.682906746864318848e+00,4.399608373641967773e-01,-5.380635261535644531e-01,9.944238662719726562e-01,7.671318650245666504e-01,8.091766238212585449e-01,-3.400015532970428467e-01,8.008834123611450195e-01,-5.376115441322326660e-02,5.118131637573242188e-01,8.803589344024658203e-01,-9.630948901176452637e-01,9.849391579627990723e-01,-6.485522985458374023e-01,1.096590876579284668e+00,-7.416411042213439941e-01,1.403331041336059570e+00,2.401539802551269531e+00,2.002034522593021393e-02,3.542393445968627930e-01,2.626157402992248535e-01,2.183344662189483643e-01,-2.672351002693176270e-01,1.245720505714416504e+00,-6.938261985778808594e-01,1.136784672737121582e+00,-2.046295814216136932e-02,-1.707428097724914551e+00
4.978037178516387939e-01,6.056679487228393555e-01,9.926506280899047852e-01,2.145156115293502808e-01,8.987788558006286621e-01,-1.574554890394210815e-01,-3.204663515090942383e+00,1.699690520763397217e-01,-1.321930050849914551e+00,3.450570404529571533e-01,-4.264110326766967773e-01,-6.634227037429809570e-01,2.245843887329101562e+00,-6.158160567283630371e-01,-1.166131258010864258e+00,-1.142319560050964355e+00,1.380679488182067871e+00,7.197126150131225586e-01,-1.351931095123291016e+00,-5.089822411537170410e-01,-1.976423740386962891e+00,1.177939176559448242e+00,4.309236407279968262e-01,-7.374329566955566406e-01,-2.333081811666488647e-01,-1.085155248641967773e+00,-9.282425791025161743e-02,-4.731405973434448242e-01,3.811187148094177246e-01,-9.288918226957321167e-02,-7.281416654586791992e-01,1.292451620101928711e+00,-1.155497550964355469e+00,-1.453565657138824463e-01,-3.681693971157073975e-02,2.023593038320541382e-01,-9.894639253616333008e-01,1.222064137458801270e+00,-4.944106638431549072e-01,2.043645232915878296e-01,-1.194188117980957031e+00,-7.121849060058593750e-01,-2.457935735583305359e-02,-3.761796280741691589e-02,-8.232972621917724609e-01,-4.804629087448120117e-01,4.504570066928863525e-01,-4.003346338868141174e-02,-7.004654407501220703e-01,-3.599107265472412109e-01,-4.923878610134124756e-01,2.212993800640106201e-01,4.447804987430572510e-01,1.005086421966552734e+00,-9.137441515922546387e-01,1.663211584091186523e+00,9.121401309967041016e-01,-2.714746892452239990e-01,-6.497147083282470703e-01,-2.666260004043579102e-01,-2.897939644753932953e-03,-5.620964169502258301e-01,-8.072681427001953125e-01,1.170335650444030762e+00,1.417513728141784668e+00,1.390801668167114258e-01,1.613426327705383301e+00,1.479244232177734375e+00,-4.163324832916259766e-01,-9.876330941915512085e-02,-1.094863891601562500e+00,-3.169190883636474609e-01,1.587148308753967285e+00,9.658573269844055176e-01,8.294165879487991333e-02,5.104584097862243652e-01,7.824761271476745605e-01,4.519804716110229492e-01,5.991094708442687988e-01,9.143999814987182617e-01,1.321849673986434937e-01,-5.289362072944641113e-01,2.014403820037841797e+00,-2.875212728977203369e-01,6.822209060192108154e-02,3.106001615524291992e-01,3.485317528247833252e-01,2.280586026608943939e-02,3.234731912612915039e+00,8.194502592086791992e-01,-6.597405076026916504e-01,-1.177682399749755859e+00,-5.328894779086112976e-02,-4.127503037452697754e-01,-1.425383925437927246e+00,-5.373505353927612305e-01,1.155086755752563477e+00,1.097497120499610901e-01,-9.581682682037353516e-01,9.686151146888732910e-01
2.579709291458129883e-01,-3.490293920040130615e-01,-1.015535295009613037e-01,-1.658676981925964355e+00,-1.051816821098327637e+00,-5.768706202507019043e-01,4.959062039852142334e-01,-3.853989019989967346e-02,-1.127230763435363770e+00,-3.638704717159271240e-01,-8.467067480087280273e-01,3.026960790157318115e-01,-5.431497693061828613e-01,1.153801798820495605e+00,6.347849965095520020e-01,1.184921264648437500e+00,2.420775592327117920e-02,-2.117046117782592773e+00,-1.499441824853420258e-02,3.514364957809448242e-01,-4.916251897811889648e-01,1.733605384826660156e+00,9.915103316307067871e-01,-9.482777714729309082e-01,-1.036888241767883301e+00,7.677286863327026367e-01,-2.244365960359573364e-01,1.365429162979125977e+00,-8.820689320564270020e-01,1.261851310729980469e+00,-7.386360764503479004e-01,1.348016500473022461e+00,1.497006535530090332e+00,2.107223272323608398e+00,-8.658913373947143555e-01,-5.549686551094055176e-01,7.574388384819030762e-01,-4.724708944559097290e-02,6.686097979545593262e-01,7.319688796997070312e-02,-6.174210309982299805e-01,-1.466688632965087891e+00,1.257699847221374512e+00,1.695206999778747559e+00,-1.097900271415710449e+00,-2.643975973129272461e+00,-2.541297197341918945e+00,-1.396696090698242188e+00,1.842934846878051758e+00,3.891575932502746582e-01,-1.663017630577087402e+00,-1.047811150550842285e+00,-5.958327054977416992e-01,2.284864485263824463e-01,-8.005548715591430664e-01,-8.515460491180419922e-01,-5.673539042472839355e-01,1.080850720405578613e+00,-8.509970456361770630e-02,4.576258957386016846e-01,-1.013073444366455078e+00,1.251567482948303223e+00,1.642946124076843262e+00,-4.581466615200042725e-01,6.841496229171752930e-01,-1.191775083541870117e+00,1.163086295127868652e+00,-9.302098304033279419e-03,-1.206318497657775879e+00,8.185693025588989258e-01,-9.426961541175842285e-01,4.522938430309295654e-01,3.318688273429870605e-01,1.548042297363281250e+00,-2.277453243732452393e-01,-2.050445526838302612e-01,-3.022758960723876953e-01,-5.428253412246704102e-01,-6.677548289299011230e-01,-4.134326577186584473e-01,-9.350079298019409180e-02,-1.627786636352539062e+00,-1.154947161674499512e+00,-1.563917160034179688e+00,-2.568651735782623291e-01,4.757353961467742920e-01,-3.610991835594177246e-01,-6.042460352182388306e-02,1.095836520195007324e+00,1.532861590385437012e-01,-9.032379388809204102e-01,-7.745171785354614258e-01,-8.418798446655273438e-01,5.229891538619995117e-01,5.892523527145385742e-01,-2.367653995752334595e-01,1.727019697427749634e-01,4.949084222316741943e-01,4.067423641681671143e-01,6.810713410377502441e-01
-6.438702940940856934e-01,3.314069807529449463e-01,1.165503501892089844e+00,1.054934144020080566e+00,5.986431241035461426e-02,-1.924478530883789062e+00,3.224732875823974609e-01,7.378314733505249023e-01,-1.118542790412902832e+00,7.938729524612426758e-01,1.112989932298660278e-01,1.714600682258605957e+00,-1.254839539527893066e+00,-8.341394066810607910e-01,3.380011320114135742e-01,-8.508148789405822754e-01,-4.409658312797546387e-01,3.855656385421752930e-01,-1.211998820304870605e+00,-3.269134759902954102e-01,1.173327445983886719e+00,-4.624194204807281494e-01,5.367106795310974121e-01,-1.103672862052917480e+00,4.612872004508972168e-01,-2.295092105865478516e+00,1.384914159774780273e+00,-1.462677493691444397e-02,-9.071016907691955566e-01,-5.840712785720825195e-01,-1.016764938831329346e-01,2.516684055328369141e+00,8.947317600250244141e-01,1.283160090446472168e+00,1.921707242727279663e-01,-8.228815197944641113e-01,-7.756111770868301392e-02,6.773651242256164551e-01,-3.211360573768615723e-01,1.124323725700378418e+00,1.084990978240966797e+00,3.931220769882202148e-01,-5.183851718902587891e-01,-1.088510870933532715e+00,-1.271306753158569336e+00,3.050562739372253418e-01,4.268155694007873535e-01,-8.171054124832153320e-01,6.563771367073059082e-01,4.207622259855270386e-02,-4.080561101436614990e-01,-9.747140109539031982e-02,-9.962065815925598145e-01,-2.169671356678009033e-01,7.164055109024047852e-01,-1.945335119962692261e-01,6.535624861717224121e-01,-9.642551839351654053e-02,1.150886297225952148e+00,7.667515873908996582e-01,-8.667377829551696777e-01,1.516761258244514465e-03,8.304532766342163086e-01,-9.368123114109039307e-02,-4.368437826633453369e-01,-2.150059700012207031e+00,1.306675314903259277e+00,-1.562695980072021484e+00,-1.071946173906326294e-01,7.173217535018920898e-01,1.574209928512573242e+00,-3.137450814247131348e-01,-2.346870899200439453e-01,-1.563895702362060547e+00,-8.633542805910110474e-03,-3.483989536762237549e-01,5.049097537994384766e-01,9.858756065368652344e-01,-7.022426128387451172e-01,7.542487978935241699e-01,-1.554226160049438477e+00,-7.622936964035034180e-01,5.414267182350158691e-01,-1.303949594497680664e+00,-1.924344420433044434e+00,-1.469047188758850098e+00,-1.982030272483825684e-01,-4.199112653732299805e-01,-1.316147565841674805e+00,-4.356887340545654297e-01,1.042297244071960449e+00,-1.763565063476562500e+00,1.691934317350387573e-01,-2.019838243722915649e-01,-7.805722355842590332e-01,4.206214249134063721e-01,1.207949280738830566e+00,-1.231847926974296570e-01,-1.183538913726806641e+00,-1.137921571731567383e+00
3.495213091373443604e-01,4.365159571170806885e-01,6.379790306091308594e-01,-9.414259195327758789e-01,7.246769070625305176e-01,7.438240051269531250e-01,-3.272023797035217285e-02,-3.484953939914703369e-01,-7.044396996498107910e-01,-1.183507084846496582e+00,2.050620466470718384e-01,4.399977996945381165e-02,1.230156540870666504e+00,2.186110019683837891e-01,5.803815126419067383e-01,-2.940727174282073975e-01,-3.237279355525970459e-01,-7.173814773559570312e-01,-7.542466521263122559e-01,1.735493183135986328e+00,-8.313091397285461426e-01,8.745269179344177246e-01,-1.734570503234863281e+00,-1.518404245376586914e+00,1.294509768486022949e+00,1.849076271057128906e+00,-5.997116565704345703e-01,3.852551877498626709e-01,8.181645274162292480e-01,2.126271575689315796e-01,-1.772343158721923828e+00,-4.954137206077575684e-01,-4.906071722507476807e-02,8.496904969215393066e-01,-4.396468400955200195e-01,-2.080412656068801880e-01,-7.035532593727111816e-01,6.354010105133056641e-01,2.525092661380767822e-01,5.813286900520324707e-01,1.261526226997375488e+00,4.054308831691741943e-01,-4.016812443733215332e-01,-1.463977694511413574e+00,-3.382782638072967529e-01,-2.626319646835327148e+00,7.460145652294158936e-02,-3.514623045921325684e-01,3.850736021995544434e-01,-5.933690443634986877e-02,-3.697959184646606445e-01,-1.346657872200012207e-01,4.889095723628997803e-01,-2.555296897888183594e+00,-3.227115841582417488e-03,1.370195150375366211e+00,1.667712181806564331e-01,-2.002388715744018555e+00,9.412156343460083008e-01,1.953667998313903809e-01,-6.514599323272705078e-01,-6.771079897880554199e-01,-5.149721503257751465e-01,1.997345536947250366e-01,-8.807945996522903442e-02,-1.285684946924448013e-02,-1.061344265937805176e+00,-8.819270730018615723e-01,1.912180662155151367e+00,-1.979345828294754028e-01,4.632216393947601318e-01,1.743128895759582520e+00,9.936076998710632324e-01,5.032580718398094177e-02,1.866161525249481201e-01,-1.150987073779106140e-01,1.534366458654403687e-01,9.459058046340942383e-01,-3.980305492877960205e-01,-5.667086839675903320e-01,8.371011167764663696e-02,-4.320432245731353760e-01,-6.747467517852783203e-01,1.186781287193298340e+00,-2.796685457229614258e+00,7.103609442710876465e-01,-8.755861520767211914e-01,-4.848770052194595337e-02,-8.273752331733703613e-01,-2.609987556934356689e-01,-5.004826188087463379e-01,-5.563049912452697754e-01,9.396072030067443848e-01,-7.266317605972290039e-01,1.149944901466369629e+00,-4.179573357105255127e-01,9.690082818269729614e-02,9.172859787940979004e-01,-5.030803680419921875e-01,-3.788967728614807129e-01
1.047409892082214355e+00,1.177666410803794861e-01,9.348660111427307129e-01,-2.106747388839721680e+00,1.314573287963867188e+00,-9.717917442321777344e-01,2.487601935863494873e-01,-1.374832868576049805e+00,1.289417147636413574e+00,-8.404249548912048340e-01,-6.508388519287109375e-01,-1.026276111602783203e+00,1.864596158266067505e-01,1.110935658216476440e-01,-3.209737241268157959e-01,-3.419120311737060547e-01,1.660729050636291504e-01,1.259388566017150879e+00,-4.214897155761718750e-01,-4.082351922988891602e-01,-3.069456517696380615e-01,8.605282902717590332e-01,-1.198922157287597656e+00,7.152070999145507812e-01,-9.525330662727355957e-01,4.912740364670753479e-02,-4.049172103404998779e-01,-2.084245234727859497e-01,3.877592384815216064e-01,-3.936095833778381348e-01,-8.954249024391174316e-01,3.250362277030944824e-01,-4.959230422973632812e-01,1.801152713596820831e-02,5.225196480751037598e-01,1.439080834388732910e+00,5.682307481765747070e-01,8.319560885429382324e-01,7.332000136375427246e-01,-2.486638069152832031e+00,5.814038515090942383e-01,-1.591474294662475586e+00,1.221845269203186035e+00,-2.153139412403106689e-01,2.777014374732971191e-01,9.953448772430419922e-01,-1.055776834487915039e+00,2.801969647407531738e-02,-5.828949809074401855e-01,-1.870301485061645508e+00,4.178333282470703125e-01,-5.882849693298339844e-01,-1.460723876953125000e+00,-7.680347561836242676e-01,-8.631772994995117188e-01,2.993929088115692139e-01,-3.457967638969421387e-01,1.549025893211364746e+00,1.267546892166137695e+00,7.408922910690307617e-01,6.657202243804931641e-01,-9.193567037582397461e-01,-3.029252529144287109e+00,5.965310931205749512e-01,-3.358551502227783203e+00,-1.985970020294189453e+00,-9.190099835395812988e-01,6.298089772462844849e-02,-1.032480716705322266e+00,1.295611411333084106e-01,7.155309319496154785e-01,-3.959458768367767334e-01,-1.184401988983154297e+00,2.033969640731811523e+00,-5.819660425186157227e-01,2.479218691587448120e-01,4.751491546630859375e-01,-6.245351433753967285e-01,-1.249700784683227539e+00,-1.495209693908691406e+00,-8.147853016853332520e-01,1.076754450798034668e+00,-1.151833176612854004e+00,-2.385435998439788818e-01,-5.875649452209472656e-01,1.530844271183013916e-01,-1.146620273590087891e+00,-3.673057854175567627e-01,3.604049682617187500e-01,-5.520107150077819824e-01,7.491026520729064941e-01,-3.733089268207550049e-01,-1.541249155998229980e-01,5.645200610160827637e-01,1.180895090103149414e+00,4.393755793571472168e-01,-5.475491285324096680e-02,3.468776643276214600e-01,-1.982349455356597900e-01,9.887200593948364258e-02
6.347165107727050781e-01,-8.419693112373352051e-01,-1.615161299705505371e+00,-1.704892992973327637e+00,-5.745350718498229980e-01,3.056021928787231445e-01,-4.522010385990142822e-01,8.568032383918762207e-01,-4.212370216846466064e-01,1.643612861633300781e+00,-1.067482680082321167e-01,1.973420858383178711e+00,-1.068257212638854980e+00,1.123691443353891373e-02,8.111098408699035645e-01,8.009763956069946289e-01,7.345930933952331543e-01,-8.834108114242553711e-01,1.909107863903045654e-01,3.331866115331649780e-02,5.479597449302673340e-01,-2.175438404083251953e-02,-1.664581775665283203e+00,-3.528268635272979736e-01,-6.464424729347229004e-01,5.745535492897033691e-01,-3.700651824474334717e-01,-1.675918817520141602e+00,2.775131724774837494e-02,-3.979313671588897705e-01,-6.784048676490783691e-01,-6.535167694091796875e-01,-1.184977412223815918e+00,-3.453316912055015564e-02,-1.295738697052001953e+00,-1.428151279687881470e-01,1.666388660669326782e-01,7.504492402076721191e-01,-8.270158171653747559e-01,2.150026261806488037e-01,1.052044779062271118e-01,-2.902059853076934814e-01,3.357517719268798828e-01,6.911179423332214355e-01,4.990586340427398682e-01,2.025380134582519531e+00,1.463057756423950195e+00,-1.375594854354858398e+00,7.100176811218261719e-01,-3.157626390457153320e-01,2.684186100959777832e-01,3.938428759574890137e-01,3.906903266906738281e-01,-9.562474489212036133e-02,6.499657034873962402e-01,-2.186836898326873779e-01,9.873007535934448242e-01,1.967565059661865234e+00,1.580426692962646484e+00,-8.858460187911987305e-01,-1.456957697868347168e+00,-8.944900333881378174e-02,1.063052058219909668e+00,-4.146427512168884277e-01,-1.051196455955505371e+00,1.483521461486816406e+00,2.608980536460876465e-01,-4.589891731739044189e-01,2.682687640190124512e-01,1.035416722297668457e-01,1.355193376541137695e+00,-5.305213332176208496e-01,9.315299391746520996e-01,-4.120585024356842041e-01,-1.614312976598739624e-01,-4.892977476119995117e-01,1.108664870262145996e+00,-1.019882559776306152e+00,-1.421506404876708984e+00,-1.001553177833557129e+00,1.626119613647460938e+00,5.446718335151672363e-01,-2.075395584106445312e-01,1.681801438331604004e+00,-9.309709668159484863e-01,6.402833461761474609e-01,-6.579993963241577148e-01,-9.043770432472229004e-01,-1.263046145439147949e+00,-1.459924697875976562e+00,-2.204289436340332031e-01,-5.160142183303833008e-01,-4.906095862388610840e-01,3.016451895236968994e-01,-1.752975344657897949e+00,-7.671200633049011230e-01,1.588235795497894287e-01,-3.356559872627258301e-01,3.658193349838256836e-01,4.037160873413085938e-01
5.580673366785049438e-02,1.506748795509338379e+00,-7.067602276802062988e-01,-8.437196612358093262e-01,3.847067654132843018e-01,1.638704776763916016e+00,-7.718127220869064331e-03,-3.332044184207916260e-01,1.065713763236999512e+00,-8.493132889270782471e-02,-1.811315655708312988e+00,8.648746013641357422e-01,2.124633550643920898e+00,-1.212286472320556641e+00,-2.934811115264892578e-01,-8.395611047744750977e-01,-3.010753691196441650e-01,1.618665337562561035e+00,-1.288932085037231445e+00,1.761172264814376831e-01,4.887437522411346436e-01,3.075332939624786377e-01,7.244712114334106445e-01,1.656956315040588379e+00,1.690372586250305176e+00,3.975985199213027954e-02,-1.964298188686370850e-01,-9.258918762207031250e-01,-3.101133704185485840e-01,8.555170893669128418e-01,3.445731401443481445e-01,5.393744707107543945e-01,-9.691366553306579590e-01,1.664703607559204102e+00,1.343802094459533691e+00,-1.272820830345153809e-01,-1.849909573793411255e-01,7.453283071517944336e-01,7.426323890686035156e-01,-3.592646867036819458e-02,-1.611761897802352905e-01,1.046210765838623047e+00,7.759586572647094727e-01,1.745995759963989258e+00,4.939321279525756836e-01,-1.546567529439926147e-01,-9.208827018737792969e-01,2.080795913934707642e-01,1.149053215980529785e+00,-5.773541703820228577e-02,-3.719360232353210449e-01,2.403001785278320312e+00,-2.617347836494445801e-01,-4.695232510566711426e-01,4.185731709003448486e-01,4.384138584136962891e-01,-1.434383448213338852e-02,-9.325824975967407227e-01,9.164847731590270996e-01,9.952727556228637695e-01,-3.552633225917816162e-01,-1.857144474983215332e+00,-3.582491874694824219e-01,1.412827253341674805e+00,-7.436452507972717285e-01,3.087169229984283447e-01,1.184189677238464355e+00,-1.763706058263778687e-01,4.992050528526306152e-01,-7.854591310024261475e-02,-1.067335724830627441e+00,9.879665076732635498e-02,9.623144268989562988e-01,2.553523182868957520e-01,3.285944163799285889e-01,7.043341994285583496e-01,-1.356142640113830566e+00,9.920030832290649414e-01,1.073017358779907227e+00,3.259094059467315674e-01,-6.453188657760620117e-01,2.809198796749114990e-01,-7.125808298587799072e-02,-1.400938153266906738e+00,-1.848238706588745117e-01,1.546094655990600586e+00,1.179684996604919434e+00,-2.704367935657501221e-01,8.133271336555480957e-01,-1.423159003257751465e+00,2.711927652359008789e+00,-9.364851713180541992e-01,1.979233622550964355e-01,2.523087263107299805e-01,-2.826786041259765625e-01,-4.466886818408966064e-01,-3.183144330978393555e-01,5.064504146575927734e-01,1.483573436737060547e+00,1.251532912254333496e+00
6.993693709373474121e-01,-1.877219378948211670e-01,-9.349692463874816895e-01,-8.102621436119079590e-01,1.899331092834472656e+00,1.931606978178024292e-01,-7.713194489479064941e-01,-7.245526909828186035e-01,-8.819822967052459717e-02,6.266592144966125488e-01,-6.153671741485595703e-01,-2.244632959365844727e+00,3.782261013984680176e-01,2.107123732566833496e-01,-1.585705876350402832e-01,-4.129870533943176270e-01,5.759372711181640625e-01,9.897347092628479004e-01,-1.692889779806137085e-01,-1.206129193305969238e+00,-3.395670279860496521e-02,-1.069428563117980957e+00,9.333371520042419434e-01,3.193120658397674561e-02,1.572349786758422852e+00,-3.467238247394561768e-01,-2.463117092847824097e-01,1.123863935470581055e+00,9.109844565391540527e-01,7.768187522888183594e-01,-9.648770093917846680e-02,2.048298120498657227e+00,1.088974237442016602e+00,-1.899062246084213257e-01,1.651946455240249634e-01,2.368533462285995483e-01,4.073600172996520996e-01,-1.276159584522247314e-01,2.272240817546844482e-01,7.497300207614898682e-02,-1.504431813955307007e-01,1.456260979175567627e-01,-5.898866057395935059e-01,-1.850794792175292969e+00,1.034258842468261719e+00,1.040546655654907227e+00,6.075004935264587402e-01,-1.040144324302673340e+00,1.421037912368774414e-01,-2.191472768783569336e+00,-2.602458238601684570e+00,8.909309282898902893e-03,2.331472039222717285e-01,-3.250173032283782959e-01,7.115032076835632324e-01,-8.953900337219238281e-01,-9.279581904411315918e-01,-3.683384954929351807e-01,-1.340026110410690308e-01,-1.192836165428161621e+00,-1.801801681518554688e+00,-7.203539609909057617e-01,3.261343538761138916e-01,-1.849095076322555542e-01,-1.955061554908752441e+00,9.704158306121826172e-01,6.780880689620971680e-02,-5.539551377296447754e-01,6.710066199302673340e-01,-2.641777396202087402e-01,2.689575254917144775e-01,1.098720073699951172e+00,-1.025137424468994141e+00,8.771890997886657715e-01,-9.776949286460876465e-01,-9.328762292861938477e-01,2.093512862920761108e-01,-4.936704933643341064e-01,2.005962610244750977e+00,9.821450114250183105e-01,-1.083122253417968750e+00,-1.126609921455383301e+00,8.148510456085205078e-01,6.938787102699279785e-01,-3.519008159637451172e-01,1.930014848709106445e+00,-2.399954557418823242e+00,-7.328624837100505829e-03,4.007971286773681641e-02,-1.221386313438415527e+00,-5.933129191398620605e-01,-8.542520999908447266e-01,-1.350072145462036133e+00,-1.276765465736389160e+00,8.240296840667724609e-01,-1.170614242553710938e+00,-2.369272410869598389e-01,-7.984907627105712891e-01,3.247177302837371826e-01,5.165195837616920471e-02
1.475969314575195312e+00,-2.034526586532592773e+00,5.193104743957519531e-01,1.119802713394165039e+00,3.494987487792968750e-01,-1.108915805816650391e+00,1.649579405784606934e+00,-5.547424554824829102e-01,-8.047538995742797852e-01,-1.680102825164794922e+00,-2.060880064964294434e-01,-3.804370760917663574e-01,-5.224138498306274414e-01,-1.825107187032699585e-01,-2.028796911239624023e+00,1.088730096817016602e+00,-6.107555627822875977e-01,-1.751286238431930542e-01,3.283769190311431885e-01,7.914279103279113770e-01,-1.745904237031936646e-01,-2.125468015670776367e+00,1.552789658308029175e-01,9.119705557823181152e-01,-1.787174046039581299e-01,-7.175484895706176758e-01,1.508060395717620850e-01,2.221602201461791992e+00,1.138281226158142090e-01,-9.642667323350906372e-02,-6.820515990257263184e-01,5.178775787353515625e-01,5.553815364837646484e-01,4.741559550166130066e-02,1.376193881034851074e+00,-9.826999902725219727e-01,-1.637438893318176270e+00,5.618641376495361328e-01,-1.647172331809997559e+00,5.860134363174438477e-01,-1.431094408035278320e+00,1.143526583909988403e-01,-1.056663155555725098e+00,-5.020862221717834473e-01,-9.583455920219421387e-01,1.428911805152893066e+00,-1.139143943786621094e+00,3.854547441005706787e-01,1.048346996307373047e+00,-2.654351890087127686e-01,-1.193514108657836914e+00,-1.804852366447448730e+00,-4.826861917972564697e-01,-1.286239083856344223e-02,1.922186851501464844e+00,3.442053496837615967e-01,1.736924946308135986e-01,3.319017291069030762e-01,2.264872342348098755e-01,4.178096055984497070e-01,2.106164693832397461e+00,1.847802400588989258e-01,-3.333854079246520996e-01,-1.431064248085021973e+00,3.394845724105834961e-01,2.751539707183837891e+00,6.317018866539001465e-01,-7.993388175964355469e-01,-3.505955636501312256e-01,-3.486926853656768799e-01,1.143343210220336914e+00,1.040781512856483459e-01,-7.770020961761474609e-01,1.722962021827697754e+00,-1.391972541809082031e+00,-4.515220224857330322e-01,-9.299821406602859497e-02,-1.191474795341491699e+00,-8.219220042228698730e-01,7.896800637245178223e-01,7.470960170030593872e-02,7.146608550101518631e-03,9.413657784461975098e-01,-5.934138298034667969e-01,1.725445836782455444e-01,6.852368712425231934e-01,-1.084696888923645020e+00,1.217657208442687988e+00,-1.486272215843200684e+00,9.001518487930297852e-01,-1.088926076889038086e+00,-9.953133463859558105e-01,-6.191498637199401855e-01,-7.462998628616333008e-01,-2.100232690572738647e-01,4.920015335083007812e-01,-1.196783304214477539e+00,-8.493136763572692871e-01,-9.755108952522277832e-01,-7.799803614616394043e-01
6.220989823341369629e-01,9.475882053375244141e-01,-2.213689032942056656e-03,-6.382007002830505371e-01,-1.256528377532958984e+00,1.398872286081314087e-01,-3.714701533317565918e-02,-1.055830717086791992e+00,6.055430173873901367e-01,-2.117576450109481812e-02,9.804018735885620117e-01,-2.601180553436279297e+00,3.055844008922576904e-01,-5.944861769676208496e-01,-1.750040948390960693e-01,9.154407978057861328e-01,-7.635098695755004883e-01,-6.225410103797912598e-02,8.447738885879516602e-01,-1.526284813880920410e+00,-6.578645110130310059e-01,7.897174358367919922e-01,2.223984479904174805e+00,-2.146623611450195312e+00,-7.925370931625366211e-01,5.050286054611206055e-01,4.813284873962402344e-01,1.353583097457885742e+00,-4.177306294441223145e-01,1.436973929405212402e+00,1.204032897949218750e+00,1.897114634513854980e+00,7.937036752700805664e-01,5.974645614624023438e-01,-2.891525253653526306e-02,-5.648944973945617676e-01,-8.588767796754837036e-02,-7.309183478355407715e-01,-2.356630086898803711e+00,-5.206719040870666504e-01,3.626466691493988037e-01,1.100324034690856934e+00,-7.638443261384963989e-02,1.477700233459472656e+00,-1.661763429641723633e+00,-1.071884989738464355e+00,-6.524436473846435547e-01,-6.371179819107055664e-01,-7.595904469490051270e-01,1.920213699340820312e-01,1.302597999572753906e+00,-3.178426027297973633e-01,-6.704762578010559082e-01,4.441794753074645996e-01,-1.128469705581665039e+00,-1.141800403594970703e+00,-4.526269733905792236e-01,-7.251264452934265137e-01,-1.062483042478561401e-01,-1.563434302806854248e-02,-1.556322574615478516e+00,1.482091188430786133e+00,2.916311919689178467e-01,9.608723521232604980e-01,5.713130831718444824e-01,-1.065878391265869141e+00,6.009039878845214844e-01,1.065670847892761230e-01,1.087186336517333984e+00,-4.641549289226531982e-01,1.428601622581481934e+00,1.662725806236267090e+00,-3.143388926982879639e-01,-1.247350573539733887e+00,1.672267556190490723e+00,2.248190879821777344e+00,-6.981501579284667969e-01,-1.601783156394958496e+00,8.925135731697082520e-01,1.162507385015487671e-02,-1.971731543540954590e+00,1.044892311096191406e+00,-9.123796820640563965e-01,7.218248248100280762e-01,8.262306451797485352e-01,1.199525833129882812e+00,5.675249546766281128e-02,6.959703564643859863e-01,-5.721667408943176270e-01,2.491343736648559570e+00,2.987489402294158936e-01,7.390537858009338379e-01,-1.203365325927734375e+00,9.763970971107482910e-01,4.535085856914520264e-01,1.178965687751770020e+00,-2.079943893477320671e-03,9.325558692216873169e-02,-4.342845380306243896e-01,9.268283843994140625e-01
2.457406371831893921e-04,-1.767427086830139160e+00,1.251375079154968262e-01,-4.541662931442260742e-01,2.341104447841644287e-01,2.050810009241104126e-01,4.432027637958526611e-01,1.323810696601867676e+00,6.431712508201599121e-01,4.214847385883331299e-01,-7.250555157661437988e-01,4.688194990158081055e-01,-2.481487989425659180e+00,-3.775512576103210449e-01,-1.295381933450698853e-01,1.549162715673446655e-02,1.587847471237182617e+00,-7.594159841537475586e-01,-1.170424342155456543e+00,4.891289025545120239e-02,-2.093996666371822357e-02,8.964858949184417725e-02,-1.046807169914245605e+00,-1.420264601707458496e+00,9.211436659097671509e-02,-9.509993195533752441e-01,-8.068338036537170410e-01,-4.191721975803375244e-01,1.695954650640487671e-01,-3.961201310157775879e-01,-5.394443273544311523e-01,9.235805273056030273e-01,1.443089246749877930e+00,-6.833990812301635742e-01,-1.151479363441467285e+00,9.302207827568054199e-01,4.767174720764160156e-01,1.389675378799438477e+00,1.110635519027709961e+00,7.777110338211059570e-01,1.570050358772277832e+00,2.030852556228637695e+00,-4.720344245433807373e-01,9.910997003316879272e-02,-3.917636871337890625e-01,8.397724628448486328e-01,3.766058087348937988e-01,2.073260784149169922e+00,-5.867216587066650391e-01,-1.973827034235000610e-01,-1.103090792894363403e-01,1.413429141044616699e+00,4.021183550357818604e-01,-1.171650648117065430e+00,-7.701072096824645996e-02,1.949705183506011963e-01,-1.096297979354858398e+00,1.924128651618957520e+00,-1.036361977458000183e-02,-3.963955640792846680e-01,1.977997086942195892e-02,-2.199828857555985451e-03,-1.820511102676391602e+00,-1.200903773307800293e+00,-7.468762397766113281e-01,-1.147049903869628906e+00,1.274372100830078125e+00,4.318303763866424561e-01,2.209837548434734344e-02,8.253480792045593262e-01,-1.752851605415344238e+00,-3.857859224081039429e-02,1.525452971458435059e+00,8.365623950958251953e-01,1.070914939045906067e-01,5.939466953277587891e-01,1.319135129451751709e-01,-9.791685342788696289e-01,6.805279850959777832e-01,-9.598248004913330078e-01,6.186140179634094238e-01,1.538569211959838867e+00,-7.855527400970458984e-01,-4.257274270057678223e-01,5.244268774986267090e-01,1.465571522712707520e+00,1.113221764564514160e+00,-6.587597131729125977e-01,5.165573954582214355e-01,-7.264046669006347656e-01,-7.670769095420837402e-01,4.206033349037170410e-01,2.715960443019866943e-01,-1.751950860023498535e+00,4.723614156246185303e-01,1.335401386022567749e-01,-7.428643703460693359e-01,-4.628393352031707764e-01,5.329450368881225586e-01,-9.640453755855560303e-02
-1.390698403120040894e-01,3.259020298719406128e-02,1.549112647771835327e-01,-1.026779040694236755e-01,-1.214272260665893555e+00,4.634247422218322754e-01,-6.891575455665588379e-01,-1.501702964305877686e-01,-1.151757717132568359e+00,8.742008209228515625e-01,9.605872035026550293e-01,-2.092157125473022461e+00,7.204791158437728882e-02,-7.075256109237670898e-01,-1.505998134613037109e+00,5.569724440574645996e-01,1.190390467643737793e+00,-5.575693249702453613e-01,2.589248493313789368e-02,1.331639647483825684e+00,-1.304994344711303711e+00,7.748998999595642090e-01,1.322758555412292480e+00,-7.278485596179962158e-02,4.785550236701965332e-01,-3.149667680263519287e-01,1.751364618539810181e-01,4.610671401023864746e-01,2.291885614395141602e-01,-8.348968029022216797e-01,-1.537850141525268555e+00,6.112128496170043945e-01,1.234707713127136230e+00,-7.154548764228820801e-01,-1.005960345268249512e+00,-5.023967027664184570e-01,-9.268251061439514160e-02,5.527425929903984070e-02,7.028709053993225098e-01,-1.021538376808166504e+00,8.641713857650756836e-01,6.923823356628417969e-01,8.106892108917236328e-01,7.334923744201660156e-01,1.594145745038986206e-01,6.032282710075378418e-01,4.445671737194061279e-01,5.349380373954772949e-01,3.574916124343872070e-01,-4.401043653488159180e-01,4.895269572734832764e-01,6.013678908348083496e-01,2.763840854167938232e-01,7.265888452529907227e-01,8.564700372517108917e-03,6.794161200523376465e-01,1.869883656501770020e+00,3.288234770298004150e-01,7.849224805831909180e-01,1.104898691177368164e+00,-1.118147850036621094e+00,-1.142285704612731934e+00,2.174930810928344727e+00,-3.607144653797149658e-01,1.256124496459960938e+00,-2.508390188217163086e+00,1.370755314826965332e+00,6.950531005859375000e-01,-1.069329977035522461e+00,-5.325949192047119141e-01,-1.097932815551757812e+00,3.087538778781890869e-01,-3.150148987770080566e-01,7.817643284797668457e-01,5.146890878677368164e-01,3.640710413455963135e-01,-1.184287071228027344e+00,-5.862770676612854004e-01,-2.078481912612915039e+00,2.364406108856201172e+00,7.155672460794448853e-02,6.602751016616821289e-01,8.446920514106750488e-01,-1.615671962499618530e-01,-7.321728467941284180e-01,1.846268653869628906e+00,2.592256367206573486e-01,-1.417835205793380737e-01,3.647863864898681641e-01,-3.284384906291961670e-01,-1.081187129020690918e+00,-1.453976035118103027e+00,-1.645468354225158691e+00,9.002747535705566406e-01,-2.048646926879882812e+00,-1.710492014884948730e+00,-9.824639558792114258e-01,-2.017042636871337891e+00,4.372175037860870361e-01,6.313010454177856445e-01
-1.068092107772827148e+00,-6.634483486413955688e-02,1.380975604057312012e+00,2.715433120727539062e+00,-9.699388146400451660e-01,-8.269830346107482910e-01,-8.553789258003234863e-01,-9.440605640411376953e-01,-2.869884073734283447e-01,-3.837401270866394043e-01,5.168571472167968750e-01,8.916581869125366211e-01,-3.419225513935089111e-01,-9.563314914703369141e-01,2.551681697368621826e-01,7.555204629898071289e-01,2.197431474924087524e-01,-4.388954341411590576e-01,-4.133331477642059326e-01,-1.592273831367492676e+00,1.430993556976318359e+00,-6.683204174041748047e-01,-8.549401760101318359e-01,1.829342097043991089e-01,-1.280197203159332275e-01,5.745205283164978027e-01,1.429805159568786621e-01,-1.515657424926757812e+00,-2.363549470901489258e-01,-6.452879905700683594e-01,-1.610061049461364746e+00,7.220917940139770508e-02,-6.814441680908203125e-01,2.161997795104980469e+00,-6.890764832496643066e-01,1.390964686870574951e-01,1.024909377098083496e+00,-1.100400686264038086e+00,-4.765663146972656250e-01,4.119513332843780518e-01,-2.183560431003570557e-01,1.419215798377990723e-01,-1.235166072845458984e+00,-4.142261147499084473e-01,-1.163824439048767090e+00,-1.342948198318481445e+00,1.988678053021430969e-02,1.126724720001220703e+00,-4.901679456233978271e-01,-8.812565207481384277e-01,1.093601226806640625e+00,-1.039470672607421875e+00,1.778344959020614624e-01,1.085016012191772461e+00,7.852295637130737305e-01,1.297709345817565918e+00,1.128191351890563965e+00,1.140096902847290039e+00,1.330853700637817383e-01,1.489631533622741699e+00,-2.495793253183364868e-01,-1.137688994407653809e+00,5.716860890388488770e-01,1.278678700327873230e-02,-4.581287205219268799e-01,-1.942870467901229858e-01,-7.569810152053833008e-01,-7.661737799644470215e-01,1.720123142004013062e-01,1.725045442581176758e+00,-3.484849035739898682e-01,-1.165612637996673584e-01,-1.663067936897277832e-01,3.561846613883972168e-01,-9.705609083175659180e-01,-1.734114587306976318e-01,1.672805428504943848e+00,7.874131202697753906e-01,-5.241911411285400391e-01,6.869489550590515137e-01,4.777231439948081970e-02,-1.695110499858856201e-01,-1.427194237709045410e+00,-1.012248635292053223e+00,4.080295562744140625e-01,-8.759816735982894897e-02,1.990771174430847168e+00,2.113634586334228516e+00,-1.336814761161804199e+00,-1.047371625900268555e+00,-1.349207878112792969e+00,1.914191246032714844e+00,4.533079452812671661e-03,-2.249475002288818359e+00,3.270473778247833252e-01,-7.288315296173095703e-01,2.101091593503952026e-01,8.357592225074768066e-01,-1.067926883697509766e-01,-2.411293238401412964e-01
-1.357308626174926758e-01,1.965909481048583984e+00,-1.161367297172546387e+00,1.488780617713928223e+00,-8.167226314544677734e-01,-1.703440546989440918e+00,-1.625171065330505371e+00,1.437482714653015137e+00,2.911652028560638428e-01,1.914181709289550781e+00,1.379099488258361816e+00,-6.909015774726867676e-01,-1.607843995094299316e+00,-6.620050221681594849e-02,3.827040269970893860e-02,-7.725407928228378296e-02,4.937060475349426270e-01,-5.113867521286010742e-01,-4.306959509849548340e-01,7.432415485382080078e-01,-7.595881223678588867e-01,6.493959426879882812e-01,-1.349842697381973267e-01,-1.244949698448181152e+00,1.511761069297790527e+00,5.029649734497070312e-01,-3.223274052143096924e-01,1.094263326376676559e-02,-9.846778512001037598e-01,-2.238092273473739624e-01,1.759050726890563965e+00,1.450176477432250977e+00,1.210196495056152344e+00,-2.111568301916122437e-01,-7.319773733615875244e-02,-9.819886684417724609e-01,-4.629762470722198486e-01,2.364083528518676758e-01,-3.169745206832885742e-01,-6.062843650579452515e-02,1.378977656364440918e+00,-4.701786041259765625e-01,2.781064212322235107e-01,7.189001441001892090e-01,-7.135525345802307129e-01,3.944734334945678711e-01,3.983426690101623535e-01,1.342160403728485107e-01,6.832795590162277222e-02,-1.299100369215011597e-01,-1.243738770484924316e+00,1.479404807090759277e+00,2.341600134968757629e-03,1.632809996604919434e+00,-9.303089380264282227e-01,-3.754085302352905273e-01,-1.187774181365966797e+00,2.378883957862854004e-01,1.444923505187034607e-02,3.625737428665161133e-01,3.892188072204589844e-01,1.871249377727508545e-01,-1.214555054903030396e-01,7.554723024368286133e-01,5.380988121032714844e-01,-1.431621313095092773e-01,1.599480152130126953e+00,2.733459174633026123e-01,1.039811730384826660e+00,9.006065130233764648e-01,-1.066719174385070801e+00,4.914577305316925049e-01,7.981328964233398438e-01,-1.381028771400451660e+00,-3.297877311706542969e-01,6.466984152793884277e-01,-3.573954105377197266e-02,-1.912929415702819824e+00,-1.301022432744503021e-02,-6.727164387702941895e-01,-4.891927242279052734e-01,-1.057820677757263184e+00,-1.084106713533401489e-01,5.638514086604118347e-02,1.808507442474365234e-01,-6.423127651214599609e-01,1.424640536308288574e+00,-2.539158761501312256e-01,-1.703916072845458984e+00,1.104258179664611816e+00,2.032825469970703125e+00,-6.301781535148620605e-01,-3.940213620662689209e-01,-1.728385806083679199e+00,3.167891800403594971e-01,1.676967144012451172e+00,-8.773470520973205566e-01,2.011074572801589966e-01,-4.739275574684143066e-01,-6.306441426277160645e-01
4.836257696151733398e-01,1.629597067832946777e+00,1.350895047187805176e+00,1.789714932441711426e+00,-8.936033844947814941e-01,-6.242500245571136475e-02,2.445188909769058228e-01,3.902432620525360107e-01,-6.503978371620178223e-01,-1.189678668975830078e+00,2.128831148147583008e-01,-5.487823858857154846e-02,-2.366625964641571045e-01,1.027529478073120117e+00,8.622804880142211914e-01,-5.167300701141357422e-01,9.141917228698730469e-01,-4.427406191825866699e-01,-5.574710965156555176e-01,-1.362916946411132812e+00,-1.896322846412658691e+00,-1.097628235816955566e+00,-1.202569842338562012e+00,-2.135702133178710938e+00,2.270595580339431763e-01,7.059369981288909912e-02,-1.107737541198730469e+00,6.402826309204101562e-01,8.947690129280090332e-01,2.345533967018127441e-01,-8.521759510040283203e-01,3.685244023799896240e-01,-2.307826280593872070e-01,4.741466641426086426e-01,-7.953224778175354004e-01,9.015592932701110840e-01,1.647786498069763184e+00,3.736983835697174072e-01,-1.852720081806182861e-01,2.945742607116699219e-01,-9.700381755828857422e-01,8.863143920898437500e-01,-1.077657818794250488e+00,-2.078705728054046631e-01,2.280844151973724365e-01,8.420624136924743652e-01,1.122185587882995605e+00,-6.048268079757690430e-01,-6.323234438896179199e-01,1.720865011215209961e+00,-1.784731507301330566e+00,1.802192687988281250e+00,2.972928881645202637e-01,-4.887535572052001953e-01,9.802219271659851074e-01,1.436736464500427246e+00,-2.362870797514915466e-02,5.110121965408325195e-01,3.613041341304779053e-01,-6.119847893714904785e-01,-2.134497165679931641e+00,8.994226455688476562e-01,1.916408687829971313e-01,-5.835384503006935120e-02,-8.544688224792480469e-01,1.007260918617248535e+00,-1.239408850669860840e-01,1.921481132507324219e+00,-3.481201529502868652e-01,-8.750353455543518066e-01,3.573403507471084595e-02,-1.415675163269042969e+00,1.339132666587829590e+00,9.561207890510559082e-01,-4.640373885631561279e-01,-5.319733172655105591e-02,-4.702766537666320801e-01,2.349314212799072266e+00,-1.124173879623413086e+00,1.478919148445129395e+00,7.961804866790771484e-01,-1.941850781440734863e-01,-8.172526955604553223e-01,1.333245396614074707e+00,8.625507354736328125e-02,9.463225007057189941e-01,6.691114306449890137e-01,-1.506951823830604553e-02,5.092679262161254883e-01,8.931159228086471558e-02,-2.715415954589843750e-01,4.210245311260223389e-01,-6.816518306732177734e-01,1.159003853797912598e+00,1.363077521324157715e+00,6.731047630310058594e-01,-1.036011338233947754e+00,-1.007418394088745117e+00,7.417606711387634277e-01,-7.708685100078582764e-02
1.895602107048034668e+00,6.695783138275146484e-01,1.369742751121520996e+00,1.770928502082824707e+00,-3.594254255294799805e-01,-2.455080896615982056e-01,-8.438307046890258789e-02,-7.751144170761108398e-01,1.292954921722412109e+00,-8.202357292175292969e-01,1.074564814567565918e+00,-1.954588174819946289e+00,6.024338006973266602e-01,7.349807620048522949e-01,-3.850506544113159180e-01,1.266413450241088867e+00,1.745390653610229492e+00,3.866164982318878174e-01,1.136611700057983398e+00,-1.607877761125564575e-01,-1.015939235687255859e+00,-9.945438504219055176e-01,3.175151348114013672e-01,-2.128485739231109619e-01,2.980214118957519531e+00,6.177681684494018555e-01,-3.958651721477508545e-01,2.031420767307281494e-01,5.787557959556579590e-01,-2.208588086068630219e-02,3.284226357936859131e-01,-1.534174382686614990e-02,-1.842238068580627441e+00,6.815575808286666870e-02,6.693487167358398438e-01,-6.065958738327026367e-01,-9.182605147361755371e-01,1.293555378913879395e+00,2.698913514614105225e-01,-4.434695094823837280e-02,-3.145592808723449707e-01,1.502865195274353027e+00,-3.226433396339416504e-01,-9.811856746673583984e-01,7.047089338302612305e-01,1.791865825653076172e-01,-4.798285961151123047e-01,-1.848546147346496582e+00,-2.148044705390930176e-01,-8.340339660644531250e-01,-1.676892042160034180e-01,-5.675076842308044434e-01,1.546821594238281250e+00,1.805428266525268555e+00,3.235885500907897949e-01,-1.039406418800354004e+00,-3.928361460566520691e-03,-4.854132235050201416e-01,4.539517462253570557e-01,1.317264199256896973e+00,-1.688604056835174561e-02,1.505708456039428711e+00,-6.750262379646301270e-01,8.090676665306091309e-01,-2.171974420547485352e+00,-1.305774599313735962e-01,4.095383584499359131e-01,-7.201387286186218262e-01,-1.061326488852500916e-01,-2.719757258892059326e-01,3.249052539467811584e-02,7.146380543708801270e-01,1.024907827377319336e+00,1.367033720016479492e-01,1.402266621589660645e+00,-4.666783213615417480e-01,4.271218478679656982e-01,5.564508438110351562e-01,-2.493068218231201172e+00,-6.228435635566711426e-01,1.472321987152099609e+00,6.700608134269714355e-01,5.732558369636535645e-01,1.622262358665466309e+00,1.334161907434463501e-01,3.147836327552795410e-01,-8.887626528739929199e-01,1.849966645240783691e+00,1.983489096164703369e-01,-1.096253037452697754e+00,-1.271671772003173828e+00,-9.594190120697021484e-02,-2.053538322448730469e+00,-1.286695122718811035e+00,-6.587628722190856934e-01,8.923869132995605469e-01,5.852136611938476562e-01,7.808554768562316895e-01,-1.446702122688293457e+00,1.902431994676589966e-01
2.740584015846252441e-01,-1.164498180150985718e-02,-2.224371880292892456e-01,-2.592157125473022461e-01,8.215601444244384766e-01,6.178742051124572754e-01,1.855464100837707520e+00,2.256091356277465820e+00,9.635864943265914917e-02,-1.323763728141784668e+00,7.638658881187438965e-01,1.666626453399658203e+00,-2.592685222625732422e-01,-2.003922700881958008e+00,1.754656583070755005e-01,1.428969025611877441e+00,-7.480043917894363403e-02,2.718496322631835938e-01,-5.519371628761291504e-01,1.215857982635498047e+00,3.467545509338378906e-01,-1.209680795669555664e+00,-1.749313920736312866e-01,-3.872838616371154785e-01,1.587678790092468262e+00,-3.633463382720947266e-02,1.342340230941772461e+00,-3.570486009120941162e-01,4.328648447990417480e-01,1.764447689056396484e+00,3.446197509765625000e-01,2.133545093238353729e-02,2.126493118703365326e-02,-9.534882903099060059e-01,1.237226128578186035e-01,4.741840958595275879e-01,-1.187818884849548340e+00,6.816546916961669922e-01,-9.874462336301803589e-02,1.010133981704711914e+00,2.395125925540924072e-01,-8.145996332168579102e-01,6.283792853355407715e-02,-2.207567214965820312e+00,1.808983683586120605e+00,3.583382606506347656e+00,-1.730919122695922852e+00,8.989762067794799805e-01,5.142756700515747070e-01,1.065063595771789551e+00,6.961326599121093750e-01,5.717111229896545410e-01,-1.430341154336929321e-01,-2.698704227805137634e-02,-7.360484004020690918e-01,5.846841335296630859e-01,3.040008544921875000e-01,2.812080383300781250e-01,-3.446595966815948486e-01,-3.069102168083190918e-01,-1.438241958618164062e+00,3.981862068176269531e-01,-1.087419033050537109e+00,1.894510909914970398e-02,1.548364400863647461e+00,9.918457865715026855e-01,-6.945525407791137695e-01,7.147302627563476562e-01,-8.262394070625305176e-01,8.717295527458190918e-01,-1.494720578193664551e+00,-1.223652958869934082e+00,-2.911286950111389160e-01,-1.059956789016723633e+00,1.351687312126159668e+00,1.863505125045776367e+00,-1.310320973396301270e+00,-1.369861245155334473e+00,9.052736759185791016e-01,-8.257138133049011230e-01,-5.188286900520324707e-01,6.748883128166198730e-01,1.651429384946823120e-01,5.955954790115356445e-01,-1.562219977378845215e+00,-1.944565325975418091e-01,-1.464965343475341797e+00,4.540628194808959961e-02,-7.456852197647094727e-01,-3.031129539012908936e-01,2.367896080017089844e+00,-2.877846062183380127e-01,1.753739595413208008e+00,4.611295461654663086e-01,-1.362753033638000488e+00,-1.012379765510559082e+00,-3.651859462261199951e-01,-2.787950038909912109e-01,-1.067039012908935547e+00,8.879747390747070312e-01
-4.366729855537414551e-01,-1.769298434257507324e+00,-3.510183990001678467e-01,1.215100884437561035e+00,3.723665773868560791e-01,9.805662930011749268e-02,4.066983759403228760e-01,1.501710057258605957e+00,-1.387670934200286865e-01,1.646966814994812012e+00,-1.353825211524963379e+00,-8.080534934997558594e-01,-5.909901857376098633e-01,-2.158435106277465820e+00,1.632013469934463501e-01,-1.299822628498077393e-01,-4.740148782730102539e-01,-8.608393669128417969e-01,-4.618087112903594971e-01,-1.900148749351501465e+00,-5.029155611991882324e-01,-7.960219383239746094e-01,-5.597040057182312012e-01,-1.644721984863281250e+00,-4.272719025611877441e-01,-8.441537022590637207e-01,6.388527154922485352e-01,8.327148556709289551e-01,-3.348277211189270020e-01,1.253998279571533203e+00,-9.413719773292541504e-01,-9.918764233589172363e-01,-1.659756600856781006e-01,-9.941550344228744507e-02,-6.499482989311218262e-01,1.048066735267639160e+00,-4.152845442295074463e-01,8.180668950080871582e-01,6.948339939117431641e-02,6.561226844787597656e-01,-1.165329694747924805e+00,-8.009845614433288574e-01,-1.785028338432312012e+00,1.961412727832794189e-01,-3.869271874427795410e-01,2.550702095031738281e+00,2.793071568012237549e-01,-1.275981664657592773e+00,-2.928297817707061768e-01,-7.742903381586074829e-02,-1.679594665765762329e-01,9.262233376502990723e-01,-8.102122545242309570e-01,7.424972951412200928e-02,9.143652915954589844e-01,7.003672122955322266e-01,3.629884421825408936e-01,-1.429967999458312988e+00,-9.721652269363403320e-01,1.978941857814788818e-01,1.198909997940063477e+00,-1.992311000823974609e+00,-4.243275523185729980e-01,-1.228319406509399414e-01,-1.466918110847473145e+00,-7.097128629684448242e-01,-7.162896394729614258e-01,-4.020324051380157471e-01,1.253012895584106445e+00,5.999603867530822754e-01,-1.117926239967346191e+00,-9.412226676940917969e-01,1.352665722370147705e-01,-1.810200691223144531e+00,-5.785478949546813965e-01,1.535190582275390625e+00,1.268818497657775879e+00,8.831834793090820312e-02,-1.311159878969192505e-01,1.976994633674621582e+00,1.125010251998901367e+00,-1.217260241508483887e+00,-1.638530969619750977e+00,-5.725847482681274414e-01,1.280375123023986816e-01,7.351287007331848145e-01,2.031376361846923828e+00,8.926146626472473145e-01,3.365947008132934570e-01,-8.294154703617095947e-02,1.874269127845764160e+00,1.254624128341674805e+00,3.931257501244544983e-02,-4.022031128406524658e-01,5.259690284729003906e-01,4.777968525886535645e-01,-7.026124000549316406e-01,-1.918999791145324707e+00,-4.378871917724609375e-01,-7.646710872650146484e-01
-3.961600959300994873e-01,9.592185616493225098e-01,-1.226596951484680176e+00,-2.205681085586547852e+00,-4.395196139812469482e-01,3.670635521411895752e-01,-9.054461121559143066e-01,-1.202372670173645020e+00,7.679688930511474609e-01,-1.176484704017639160e+00,-9.389280080795288086e-01,-2.222594767808914185e-01,5.041750669479370117e-01,2.833161950111389160e-01,-2.380269579589366913e-02,1.933162569999694824e+00,6.416592001914978027e-01,1.034961342811584473e+00,1.591366231441497803e-01,-1.789873480796813965e+00,1.063100457191467285e+00,6.356981396675109863e-01,-8.156630992889404297e-01,4.039593040943145752e-01,-1.295184791088104248e-01,6.277744770050048828e-01,-1.462499260902404785e+00,3.429009020328521729e-01,3.044662177562713623e-01,-1.219581127166748047e+00,1.622962117195129395e+00,1.006067276000976562e+00,-2.575674355030059814e-01,8.338750004768371582e-01,-3.432922065258026123e-01,-1.616975367069244385e-01,5.302729010581970215e-01,1.560069084167480469e+00,1.516603350639343262e+00,5.046820640563964844e-01,-8.809532523155212402e-01,-4.333746731281280518e-01,-1.752539753913879395e+00,5.415173172950744629e-01,1.021931767463684082e+00,-2.619951963424682617e-01,3.897953629493713379e-01,-9.414620995521545410e-01,3.023435473442077637e-01,-5.131682157516479492e-01,-1.973693259060382843e-02,4.706828892230987549e-01,1.536725282669067383e+00,-9.998883008956909180e-01,-2.311107635498046875e+00,-1.431213021278381348e+00,8.061215281486511230e-01,-9.990953207015991211e-01,-1.383930593729019165e-01,-9.779113531112670898e-01,-4.088394939899444580e-01,-2.752249538898468018e-01,-4.856002032756805420e-01,3.136984407901763916e-01,-1.202554225921630859e+00,1.711595296859741211e+00,2.412568032741546631e-01,-1.550363183021545410e+00,1.057434082031250000e+00,2.172112464904785156e-01,5.480664372444152832e-01,-5.263512730598449707e-01,3.317285180091857910e-01,-6.399713158607482910e-01,1.428766965866088867e+00,-8.901085257530212402e-01,-8.831833600997924805e-01,-1.836321592330932617e+00,1.443416923284530640e-01,1.327243566513061523e+00,4.489644169807434082e-01,-7.263391464948654175e-02,-6.706506609916687012e-01,8.246110677719116211e-01,2.062990188598632812e+00,-5.662384629249572754e-01,1.500493437051773071e-01,1.886083245277404785e+00,-9.471011757850646973e-01,-8.198406696319580078e-01,1.742193698883056641e-01,3.343735337257385254e-01,4.588422179222106934e-01,9.927504658699035645e-01,-1.347163558006286621e+00,1.847581505775451660e+00,8.250399678945541382e-02,-1.131643056869506836e+00,-2.526432871818542480e-01,-2.317848443984985352e+00
-8.768236637115478516e-01,-6.166601181030273438e-01,-5.999385714530944824e-01,2.609160542488098145e-01,9.803280234336853027e-01,-1.706447899341583252e-01,7.406550645828247070e-01,7.822562456130981445e-01,-7.833993434906005859e-01,-7.242818474769592285e-01,1.252877235412597656e+00,-1.406541943550109863e+00,2.344440072774887085e-01,7.096325159072875977e-01,9.205649048089981079e-02,-5.342464447021484375e-01,1.107303261756896973e+00,-4.723160564899444580e-01,7.293606996536254883e-01,9.674943238496780396e-02,-7.219974398612976074e-01,-5.513408184051513672e-01,-1.742042005062103271e-01,4.518719390034675598e-02,4.503452479839324951e-01,-1.208783864974975586e+00,-5.959913134574890137e-01,-7.642372250556945801e-01,-1.254880577325820923e-01,-1.541082859039306641e+00,-3.294022083282470703e-01,-5.859652161598205566e-01,-6.957529187202453613e-01,6.939681172370910645e-01,-1.228120684623718262e+00,1.139120697975158691e+00,-2.331791967153549194e-01,1.002939581871032715e+00,-3.460624217987060547e+00,-5.297163724899291992e-01,1.176805853843688965e+00,-3.934707045555114746e-01,-1.960276663303375244e-01,7.592611014842987061e-02,-2.065063953399658203e+00,6.236600279808044434e-01,5.361063480377197266e-01,-4.333378076553344727e-01,2.249528616666793823e-01,9.713006615638732910e-01,3.864984512329101562e-01,9.144791364669799805e-01,1.045833587646484375e+00,-2.742549777030944824e-02,-1.495527982711791992e+00,7.746539115905761719e-01,-3.961602449417114258e-01,3.899787962436676025e-01,-1.165721178054809570e+00,-5.147654414176940918e-01,-1.388150215148925781e+00,2.007198631763458252e-01,4.857752919197082520e-01,1.181860446929931641e+00,-1.361349105834960938e+00,5.081449635326862335e-04,6.379023790359497070e-01,-1.248828768730163574e+00,5.147765278816223145e-01,1.156876012682914734e-01,-1.407063126564025879e+00,-4.147919416427612305e-01,9.428207278251647949e-01,-8.857819437980651855e-01,2.851033508777618408e-01,-1.661972999572753906e+00,1.622006773948669434e+00,2.100746929645538330e-01,-2.235407754778862000e-02,-1.369923472404479980e+00,-2.803314924240112305e+00,5.014702081680297852e-01,-6.061707139015197754e-01,2.088180631399154663e-01,6.957431137561798096e-02,-1.513170719146728516e+00,4.641795158386230469e-01,1.741728186607360840e+00,-4.506618678569793701e-01,4.165813922882080078e-01,-1.811847448348999023e+00,3.805571556091308594e+00,7.441084831953048706e-02,1.463173508644104004e+00,1.990521430969238281e+00,1.279042482376098633e+00,7.599992677569389343e-03,-5.667538642883300781e-01,-1.501918286085128784e-01,-1.305601745843887329e-01
5.399512052536010742e-01,1.091156974434852600e-01,1.157440662384033203e+00,5.812839046120643616e-02,-5.275111198425292969e-01,5.682289004325866699e-01,-7.845111489295959473e-01,6.296620965003967285e-01,3.164039373397827148e+00,-1.062222361564636230e+00,1.147744417190551758e+00,1.932210326194763184e+00,2.221667617559432983e-01,-7.528340220451354980e-01,-7.759391069412231445e-01,-1.903463602066040039e+00,-1.268737018108367920e-01,-4.857719242572784424e-01,1.192577719688415527e+00,-1.860861331224441528e-01,-3.730076551437377930e-01,3.820783495903015137e-01,-1.209223270416259766e+00,-2.617823779582977295e-01,1.256236672401428223e+00,-1.735084056854248047e+00,-1.248195245862007141e-01,1.878383159637451172e-01,-1.189080953598022461e+00,-1.613949537277221680e+00,-1.423607766628265381e-01,1.665749788284301758e+00,1.382181167602539062e+00,7.645725607872009277e-01,4.096733927726745605e-01,-1.748328566551208496e+00,-2.019749954342842102e-04,2.102195024490356445e+00,6.592889428138732910e-01,-4.295664429664611816e-01,-2.724777758121490479e-01,-1.645101904869079590e+00,-3.517681360244750977e-01,1.202479824423789978e-01,-6.695201992988586426e-01,1.756051182746887207e-01,-1.779624074697494507e-01,2.585535526275634766e+00,2.470850199460983276e-01,7.414070516824722290e-02,-1.008669972419738770e+00,1.047730326652526855e+00,2.920225262641906738e-01,-2.668327689170837402e-01,8.598386049270629883e-01,1.437672853469848633e+00,-1.662335634231567383e+00,-2.009204626083374023e-01,-3.474084436893463135e-01,-5.080819129943847656e-01,-1.835009932518005371e+00,3.233959674835205078e-01,3.795472085475921631e-01,-1.836488991975784302e-01,-6.864191889762878418e-01,6.115034222602844238e-01,5.977429151535034180e-01,-2.495308667421340942e-01,2.914862930774688721e-01,-2.992845773696899414e-01,-6.066864132881164551e-01,-1.130102515220642090e+00,6.480572223663330078e-01,-2.430156022310256958e-01,6.713293194770812988e-01,-3.262210488319396973e-01,-3.231169879436492920e-01,-1.170961856842041016e+00,-8.461462855339050293e-01,1.084900975227355957e+00,2.195753455162048340e-01,7.870389223098754883e-01,5.732982754707336426e-01,-5.467388033866882324e-01,-2.901833653450012207e-01,4.102827906608581543e-01,8.087005019187927246e-01,1.858876347541809082e+00,-5.706442594528198242e-01,4.767547845840454102e-01,1.034583568572998047e+00,-1.258294343948364258e+00,-5.341317653656005859e-01,2.086844891309738159e-01,1.666226148605346680e+00,-9.113196134567260742e-01,-9.720532894134521484e-01,-9.095835089683532715e-01,-2.915108799934387207e-01,-7.979351878166198730e-01
-2.308259963989257812e+00,-4.237371981143951416e-01,7.198476195335388184e-01,-5.559886693954467773e-01,-7.454791665077209473e-01,-1.002655774354934692e-01,9.454708099365234375e-01,8.811795711517333984e-01,-9.644676744937896729e-02,3.385158777236938477e-01,2.156339585781097412e-01,-6.223609447479248047e-01,-2.182641267776489258e+00,1.488482117652893066e+00,1.170686125755310059e+00,6.414968967437744141e-01,1.201284974813461304e-01,-5.608951449394226074e-01,1.771091371774673462e-01,-1.467703580856323242e+00,8.279895782470703125e-01,1.239541888236999512e+00,-1.005005121231079102e+00,1.187478937208652496e-02,3.983425199985504150e-01,1.257217526435852051e-01,1.622378945350646973e+00,-9.566559791564941406e-01,-1.041415095329284668e+00,1.151980042457580566e+00,-6.739181280136108398e-01,9.211591482162475586e-01,2.543482065200805664e+00,1.560250163078308105e+00,1.081352233886718750e+00,2.516680061817169189e-01,1.240576878190040588e-01,-1.638990402221679688e+00,1.455050349235534668e+00,3.488340675830841064e-01,-1.364873886108398438e+00,-1.159164160490036011e-01,-1.914680898189544678e-01,2.011328190565109253e-01,3.907769024372100830e-01,2.959804534912109375e-01,-1.962435007095336914e+00,-7.718835473060607910e-01,4.061751663684844971e-01,9.177702069282531738e-01,-3.728787600994110107e-01,1.259683847427368164e+00,2.672424018383026123e-01,7.666653990745544434e-01,-8.214504122734069824e-01,-1.080732822418212891e+00,2.318253993988037109e+00,1.126097321510314941e+00,-6.749569624662399292e-02,5.153300762176513672e-01,5.241434574127197266e-01,4.851306378841400146e-01,-1.050983667373657227e+00,-6.152601242065429688e-01,-7.803665399551391602e-01,3.206884264945983887e-01,-2.632071673870086670e-01,-3.160714805126190186e-01,-5.849655270576477051e-01,6.945979595184326172e-01,7.385923713445663452e-02,-3.093000501394271851e-02,2.537839114665985107e-01,-6.145741343498229980e-01,-4.339448213577270508e-01,1.016209363937377930e+00,4.916564822196960449e-01,1.818486452102661133e+00,-1.193023920059204102e+00,-1.427339434623718262e+00,-9.272418171167373657e-02,-1.498755097389221191e+00,-1.135360002517700195e+00,7.333465218544006348e-01,1.189013004302978516e+00,1.056809663772583008e+00,1.480769634246826172e+00,1.206538677215576172e+00,-1.194692254066467285e+00,2.339282751083374023e+00,-2.068968772888183594e+00,-3.472983464598655701e-02,1.848224252462387085e-01,6.151669621467590332e-01,-7.259457707405090332e-01,1.520502418279647827e-01,1.229846596717834473e+00,-1.482089757919311523e+00,-3.759066760540008545e-01,-1.027544498443603516e+00
-9.341601133346557617e-01,-2.062785327434539795e-01,-1.955590993165969849e-01,2.635934054851531982e-01,-1.582145094871520996e+00,-1.518570333719253540e-01,-1.713820844888687134e-01,1.988844573497772217e-01,-9.302746653556823730e-01,1.524462699890136719e+00,3.699663579463958740e-01,-1.432994961738586426e+00,1.165844321250915527e+00,9.822639077901840210e-02,-2.006371766328811646e-01,-4.391870498657226562e-01,2.889593690633773804e-02,-6.587407588958740234e-01,1.514688611030578613e+00,-5.418147146701812744e-02,-1.237251400947570801e+00,4.065808653831481934e-02,-7.868914008140563965e-01,4.741374254226684570e-01,8.206698894500732422e-01,9.447549581527709961e-01,3.110106587409973145e-01,-1.054280042648315430e+00,-8.379234075546264648e-01,1.940215706825256348e+00,1.062464237213134766e+00,1.703688263893127441e+00,2.094323396682739258e+00,-7.555794715881347656e-01,1.461301565170288086e+00,-3.024626016616821289e+00,8.095518685877323151e-03,1.422754302620887756e-02,2.679349660873413086e+00,4.791262000799179077e-02,-1.471036672592163086e+00,-1.403113007545471191e-01,-5.870099067687988281e-01,1.186557769775390625e+00,8.367206454277038574e-01,8.386235833168029785e-01,-6.333701014518737793e-01,-7.586779594421386719e-01,5.880157947540283203e-01,-1.240505695343017578e+00,-1.411203026771545410e+00,-6.424893140792846680e-01,-1.863400042057037354e-01,4.544771909713745117e-01,9.627404808998107910e-01,2.138745188713073730e-01,-8.064552545547485352e-01,1.054228916764259338e-01,-4.466194510459899902e-01,-8.285797238349914551e-01,-1.262816667556762695e+00,-1.198489904403686523e+00,2.749488055706024170e-01,7.239986062049865723e-01,1.274304389953613281e+00,5.292908102273941040e-02,-9.016094803810119629e-01,-8.569532632827758789e-01,5.667859315872192383e-01,1.269699692726135254e+00,1.981622874736785889e-01,1.301828920841217041e-01,-1.077217698097229004e+00,1.150692105293273926e+00,-1.687224984169006348e+00,-1.745029687881469727e-01,-1.308262586593627930e+00,-6.672252416610717773e-01,9.278185665607452393e-02,-9.288303256034851074e-01,-1.343706995248794556e-01,-2.089390158653259277e-01,-6.417480707168579102e-01,-1.916689127683639526e-01,-1.549929007887840271e-02,-9.748323820531368256e-03,4.263156652450561523e-01,8.036253601312637329e-02,1.319590449333190918e+00,5.845075845718383789e-01,2.746577024459838867e+00,-1.318995058536529541e-01,5.816386342048645020e-01,5.312498211860656738e-01,2.078554183244705200e-01,8.204772472381591797e-01,9.998587369918823242e-01,2.381416559219360352e+00,9.992914199829101562e-01,-7.495144605636596680e-01
1.774864315986633301e+00,-4.433876872062683105e-01,-1.133117303252220154e-01,3.149341344833374023e-01,1.692467480897903442e-01,-6.520098447799682617e-01,-6.425959467887878418e-01,-3.011550009250640869e-01,1.173209428787231445e+00,-6.453016996383666992e-01,1.738543748855590820e+00,1.667276620864868164e+00,1.037293076515197754e+00,-4.559282660484313965e-01,5.675803497433662415e-02,2.869533300399780273e+00,-1.551840066909790039e+00,-1.665680289268493652e+00,-7.559791803359985352e-01,-2.598100900650024414e-01,-8.098909854888916016e-01,5.054802298545837402e-01,-1.884111404418945312e+00,7.394567131996154785e-02,-5.645299553871154785e-01,9.053999781608581543e-01,7.278435826301574707e-01,2.210515260696411133e+00,1.446470260620117188e+00,4.949381947517395020e-01,1.802404671907424927e-01,-1.459014602005481720e-03,-3.132953047752380371e-01,-1.042902231216430664e+00,-1.849121600389480591e-01,8.473467230796813965e-01,-6.169268488883972168e-01,-1.481987476348876953e+00,-8.839584589004516602e-01,-1.753931641578674316e-01,-3.071756288409233093e-02,8.115313649177551270e-01,6.128804683685302734e-01,-4.892538487911224365e-01,8.997148275375366211e-02,-8.119136095046997070e-01,-8.538951277732849121e-01,-4.475686550140380859e-01,-2.425158739089965820e+00,7.378894090652465820e-01,1.341113328933715820e+00,-1.887046575546264648e+00,-3.159180283546447754e-01,4.735212624073028564e-01,-7.219046354293823242e-01,6.175771951675415039e-01,-3.189336359500885010e-01,1.856645584106445312e+00,-1.546764671802520752e-01,1.923145651817321777e+00,-6.078625321388244629e-01,3.269848227500915527e-01,-2.764924466609954834e-01,9.408476948738098145e-02,-7.191445231437683105e-01,-6.293126940727233887e-01,-2.778609514236450195e+00,7.298877835273742676e-01,1.286523818969726562e+00,2.039654016494750977e+00,6.603744626045227051e-01,-1.227317214012145996e+00,-1.262018680572509766e+00,-8.422921299934387207e-01,1.385015964508056641e+00,9.699420928955078125e-01,7.370721697807312012e-01,-2.299756929278373718e-02,-6.075062751770019531e-01,1.125575780868530273e+00,9.632391333580017090e-01,3.259456455707550049e-01,1.884098887443542480e+00,-1.312669068574905396e-01,1.338264226913452148e+00,-2.235585927963256836e+00,-6.855373382568359375e-01,-3.101272881031036377e-01,5.478286147117614746e-01,-1.213775634765625000e+00,-4.774683117866516113e-01,-4.467800855636596680e-01,-1.479824781417846680e+00,1.235686302185058594e+00,2.737069845199584961e+00,1.111829996109008789e+00,-5.168762207031250000e-01,-3.382134735584259033e-01,9.711803495883941650e-02,5.073909163475036621e-01
1.921962760388851166e-02,-2.569301605224609375e+00,6.316791176795959473e-01,-2.043316811323165894e-01,-1.329934597015380859e+00,-2.506032288074493408e-01,1.215680718421936035e+00,8.905808925628662109e-01,-6.141494512557983398e-01,7.837935090065002441e-01,1.140165805816650391e+00,2.723592042922973633e+00,-4.917521476745605469e-01,-1.704882502555847168e+00,1.650123596191406250e-01,2.677052915096282959e-01,2.266751974821090698e-01,1.625346183776855469e+00,-2.328533828258514404e-01,1.000108003616333008e+00,-3.768864274024963379e-01,2.019179105758666992e+00,4.042743444442749023e-01,1.149344682693481445e+00,1.243718385696411133e+00,-3.257621228694915771e-01,-2.012444734573364258e+00,1.849244385957717896e-01,8.957772850990295410e-01,2.148423641920089722e-01,1.105794429779052734e+00,4.879746437072753906e-01,-1.187091767787933350e-01,8.753576874732971191e-01,2.400664806365966797e+00,1.613711476325988770e+00,8.216778039932250977e-01,-1.352232098579406738e+00,-1.080588549375534058e-01,1.098984718322753906e+00,-7.486761808395385742e-01,9.890102744102478027e-01,-3.830535709857940674e-01,1.058038115501403809e+00,1.824438214302062988e+00,-5.762959718704223633e-01,-6.873633861541748047e-01,1.132379531860351562e+00,-1.616862893104553223e+00,5.322415828704833984e-01,2.767131291329860687e-02,9.486711621284484863e-01,6.467529535293579102e-01,-1.006970524787902832e+00,2.037773132324218750e+00,-5.231924057006835938e-01,-3.762337863445281982e-01,-1.207026481628417969e+00,4.715209081768989563e-02,-7.012661099433898926e-01,-9.898486733436584473e-01,1.949037551879882812e+00,-3.829065710306167603e-03,-1.003011092543601990e-01,2.218534708023071289e+00,-4.422886371612548828e-01,-1.311336398124694824e+00,1.833356857299804688e+00,-2.570446729660034180e+00,-1.343172937631607056e-01,-2.668666124343872070e+00,3.302034437656402588e-01,-1.528334021568298340e-01,-8.345116972923278809e-01,-1.228794530034065247e-01,-1.472111105918884277e+00,-7.965799421072006226e-02,6.279166340827941895e-01,1.937606930732727051e-01,-1.235008716583251953e+00,4.780493974685668945e-01,2.523077487945556641e+00,2.759307384490966797e+00,-1.511835098266601562e+00,-5.977258682250976562e-01,4.342895746231079102e-01,1.873801201581954956e-01,-1.249879240989685059e+00,4.279687702655792236e-01,9.951000660657882690e-02,-1.154650568962097168e+00,4.197967350482940674e-01,2.311893463134765625e+00,1.483097821474075317e-01,3.543072938919067383e-01,-1.020621657371520996e+00,-2.142629146575927734e+00,-7.973467111587524414e-01,1.574541777372360229e-01,-1.455758810043334961e+00
-2.527259290218353271e-01,5.354313850402832031e-01,4.134495854377746582e-01,4.730311781167984009e-02,-2.673094570636749268e-01,-1.086675167083740234e+00,8.919364213943481445e-01,2.579369306564331055e+00,-1.013377547264099121e+00,-8.519864082336425781e-01,-6.611680388450622559e-01,4.717735946178436279e-01,-8.072039484977722168e-01,4.511478841304779053e-01,-3.176674842834472656e-01,-6.128501892089843750e-01,6.090222597122192383e-01,-3.055635653436183929e-02,3.117361366748809814e-01,1.950876235961914062e+00,1.236562013626098633e+00,-1.543716430664062500e+00,1.350036382675170898e+00,7.031129002571105957e-01,-1.924317926168441772e-01,-1.734454393386840820e+00,2.509919703006744385e-01,1.139808058738708496e+00,4.958218038082122803e-01,1.042956113815307617e+00,1.106799602508544922e+00,-1.881103992462158203e+00,-7.530844211578369141e-01,3.741844892501831055e-01,-4.693304896354675293e-01,-1.516753196716308594e+00,-1.405034542083740234e+00,-6.416606158018112183e-02,-4.483552575111389160e-01,6.280528306961059570e-01,6.466760635375976562e-01,5.592197775840759277e-01,-2.699975669384002686e-01,-3.200219273567199707e-01,-1.109198331832885742e+00,-1.506924152374267578e+00,-8.068347722291946411e-02,6.555887460708618164e-01,-4.101167321205139160e-01,-1.140179753303527832e+00,3.954558670520782471e-01,6.561822295188903809e-01,2.175903797149658203e+00,-4.654514789581298828e-01,4.073062241077423096e-01,-7.946067303419113159e-02,-1.288455247879028320e+00,-1.045026421546936035e+00,-2.692117393016815186e-01,4.196576476097106934e-01,5.503041744232177734e-01,-3.971920907497406006e-01,-1.113941669464111328e+00,-9.237379431724548340e-01,-1.259328246116638184e+00,1.014135837554931641e+00,1.501098871231079102e+00,2.130149364471435547e+00,1.204355433583259583e-01,8.580869436264038086e-01,6.816688776016235352e-01,1.276060938835144043e+00,-1.719258546829223633e+00,-4.522796273231506348e-01,2.473174482583999634e-01,6.773450374603271484e-01,-1.343536615371704102e+00,4.937906265258789062e-01,-5.968043804168701172e-01,1.011120557785034180e+00,2.993689775466918945e-01,2.421979904174804688e+00,1.211089253425598145e+00,-1.195188984274864197e-01,-1.581242829561233521e-01,-3.816772997379302979e-01,-2.877051532268524170e-01,-3.002194762229919434e-01,3.069677352905273438e-01,-4.105270206928253174e-01,-1.447590947151184082e+00,-3.755400180816650391e-01,9.648156166076660156e-01,-1.014475345611572266e+00,-1.521989345550537109e+00,3.576728701591491699e-02,1.089092016220092773e+00,1.447156071662902832e+00,-9.654622524976730347e-02,9.700484573841094971e-02
-1.359323382377624512e+00,1.493854999542236328e+00,9.427467584609985352e-01,2.715763151645660400e-01,1.003532886505126953e+00,-1.528273940086364746e+00,-3.379737213253974915e-02,3.804464936256408691e-01,2.648335993289947510e-01,1.435176730155944824e+00,-4.064961522817611694e-02,-5.377953499555587769e-02,-5.689624547958374023e-01,-3.864063620567321777e-01,2.242725193500518799e-01,-1.175937294960021973e+00,2.722910940647125244e-01,-8.706737160682678223e-01,9.841763973236083984e-01,1.445311494171619415e-02,-1.091170907020568848e-01,-1.160999417304992676e+00,-3.136054873466491699e-01,-1.168448209762573242e+00,-2.990799024701118469e-02,2.208913862705230713e-01,4.236268401145935059e-01,1.707568407058715820e+00,1.606131434440612793e+00,-3.892595171928405762e-01,1.873349547386169434e+00,-1.124920174479484558e-01,6.217966675758361816e-01,-4.087346196174621582e-01,1.209698081016540527e+00,-4.851145446300506592e-01,-9.819967150688171387e-01,2.486677885055541992e+00,-1.410670638084411621e+00,1.428397178649902344e+00,-8.531248569488525391e-01,8.305151462554931641e-01,7.943343520164489746e-01,-5.262162685394287109e-01,1.763385087251663208e-01,2.814275026321411133e-01,-1.681410551071166992e+00,3.313807249069213867e-01,-7.078428268432617188e-01,-1.779169559478759766e+00,-1.444150090217590332e+00,5.361509323120117188e-01,-7.823902964591979980e-01,-3.288418054580688477e-01,-8.593461513519287109e-01,-1.196920037269592285e+00,5.592393875122070312e-01,-1.026993036270141602e+00,-9.391638636589050293e-01,-1.174117922782897949e-01,4.433634281158447266e-01,-2.064656019210815430e+00,1.087301075458526611e-01,3.287638425827026367e-01,-4.943962991237640381e-01,-1.308151841163635254e+00,4.231693446636199951e-01,5.249445438385009766e-01,1.555248945951461792e-01,1.536927461624145508e+00,1.192743107676506042e-01,-1.251398921012878418e+00,-2.884130001068115234e+00,2.053709745407104492e+00,6.538995504379272461e-01,-1.241773739457130432e-02,-2.207966893911361694e-01,-1.583227992057800293e+00,-2.572323322296142578e+00,-2.663971185684204102e-01,-1.347989916801452637e+00,2.485180377960205078e+00,2.875562012195587158e-01,7.151497602462768555e-01,-1.876166820526123047e+00,7.137970533221960068e-04,-8.978594541549682617e-01,1.422576546669006348e+00,3.272337317466735840e-01,4.422643482685089111e-01,3.341731131076812744e-01,-7.267381548881530762e-01,-4.119907319545745850e-01,-1.950551509857177734e+00,1.629491925239562988e+00,-6.714587211608886719e-01,6.544651389122009277e-01,-1.227095365524291992e+00,-5.260179638862609863e-01,5.097820609807968140e-02
8.838526904582977295e-02,8.542057871818542480e-01,-6.891146302223205566e-01,-9.329484105110168457e-01,1.619894981384277344e+00,-8.170244097709655762e-02,5.001245737075805664e-01,2.302817255258560181e-01,-1.504694819450378418e+00,4.738371372222900391e-01,-1.098667621612548828e+00,2.174855709075927734e+00,4.645641893148422241e-02,-6.877996325492858887e-01,-8.861365914344787598e-01,-2.930061519145965576e-01,8.646808862686157227e-01,1.752853512763977051e+00,1.397205293178558350e-01,-1.149134039878845215e+00,-5.522207021713256836e-01,-4.055133759975433350e-01,1.420821309089660645e+00,3.801402151584625244e-01,-6.111656427383422852e-01,-8.562371134757995605e-01,8.746603131294250488e-01,4.048626422882080078e-01,1.774406433105468750e+00,1.522938013076782227e+00,-1.828976511955261230e+00,-2.559427261352539062e+00,-1.390624761581420898e+00,3.315367996692657471e-01,1.389851570129394531e-01,-1.123855471611022949e+00,1.057669878005981445e+00,-5.895687937736511230e-01,-5.277268290519714355e-01,1.440872788429260254e+00,-2.395206093788146973e-01,-1.018714785575866699e+00,7.504581212997436523e-01,2.551511228084564209e-01,-1.030554294586181641e+00,3.842706978321075439e-01,4.673788249492645264e-01,1.693545341491699219e+00,-1.881400108337402344e+00,2.081895351409912109e+00,-1.219134479761123657e-01,1.621383726596832275e-01,-5.256949365139007568e-02,8.692234754562377930e-01,-7.922962903976440430e-01,-1.267481446266174316e+00,-5.163296461105346680e-01,-4.190693423151969910e-02,1.140537142753601074e+00,-8.605096340179443359e-01,2.590319216251373291e-01,-2.771896839141845703e+00,2.082263529300689697e-01,-4.861939251422882080e-01,7.296734452247619629e-01,1.943340539932250977e+00,2.127479463815689087e-01,1.051332831382751465e+00,-1.187542676925659180e-01,3.672640025615692139e-01,4.828581809997558594e-01,1.851797401905059814e-01,1.013596653938293457e+00,2.473756521940231323e-01,-1.286531925201416016e+00,-1.518439531326293945e+00,-6.412355303764343262e-01,-1.753355026245117188e+00,-4.273987710475921631e-01,-1.915982127189636230e+00,1.018541574478149414e+00,9.233313798904418945e-01,3.687789738178253174e-01,1.368386447429656982e-01,-9.192246794700622559e-01,-1.013183116912841797e+00,-1.132912397384643555e+00,-7.059666514396667480e-01,-1.373954266309738159e-01,-7.019460201263427734e-01,7.777833193540573120e-02,8.592385649681091309e-01,2.233206033706665039e-01,4.943933188915252686e-01,5.175319314002990723e-01,1.203405499458312988e+00,-7.795893549919128418e-01,2.515243291854858398e-01,4.110739231109619141e-01,-6.632223725318908691e-01
-1.598325252532958984e+00,-1.156788110733032227e+00,-1.290194392204284668e+00,-8.977751135826110840e-01,-4.479017257690429688e-01,-5.552401393651962280e-02,-1.620541512966156006e-01,-1.257284730672836304e-01,2.319913953542709351e-01,1.869388937950134277e+00,1.220763325691223145e+00,-1.942570447921752930e+00,2.184648811817169189e-01,-6.303344368934631348e-01,1.687682271003723145e+00,2.355598509311676025e-01,-1.134237289428710938e+00,-1.166858792304992676e+00,6.596524715423583984e-01,-1.366618275642395020e+00,-3.054920434951782227e-01,-3.376006782054901123e-01,-9.776103496551513672e-01,1.122701525688171387e+00,-1.069970846176147461e+00,-1.975634813308715820e+00,5.684814229607582092e-02,1.750400424003601074e+00,1.237150907516479492e+00,2.163085043430328369e-01,-2.483245134353637695e-01,-6.742589473724365234e-01,-2.515293844044208527e-02,-8.326027393341064453e-01,-5.607845783233642578e-01,1.630982995033264160e+00,5.141968131065368652e-01,-1.172789812088012695e+00,-6.859563589096069336e-01,8.465456366539001465e-01,-5.166827440261840820e-01,-4.057929292321205139e-02,-1.871389627456665039e+00,-2.908703386783599854e-01,-1.797176599502563477e-01,-1.228559836745262146e-01,7.310818135738372803e-02,6.464344263076782227e-01,-1.342417716979980469e+00,1.082571372389793396e-01,-1.511742591857910156e+00,7.583470940589904785e-01,-8.713366985321044922e-01,-2.106392145156860352e+00,-1.371311902999877930e+00,8.891574144363403320e-01,-5.515659451484680176e-01,1.294001698493957520e+00,-1.787910580635070801e+00,2.138091802597045898e+00,-1.199355125427246094e+00,1.595113635063171387e+00,1.555472463369369507e-01,-4.909306764602661133e-01,-1.368931055068969727e+00,1.175123453140258789e+00,4.473703205585479736e-01,-8.960832953453063965e-01,-1.786658525466918945e+00,9.681046605110168457e-01,3.193479776382446289e-01,2.219752073287963867e-01,-6.401013731956481934e-01,6.670356988906860352e-01,-9.992256760597229004e-01,9.128011465072631836e-01,-2.401753962039947510e-01,2.299333810806274414e+00,-9.377782344818115234e-01,-4.727883338928222656e-01,-9.094181656837463379e-01,-4.467075169086456299e-01,1.315483897924423218e-01,1.645568251609802246e+00,-9.249750971794128418e-01,-5.868110060691833496e-02,2.404738068580627441e-01,-1.059146761894226074e+00,1.940292954444885254e+00,-3.204608708620071411e-02,2.499434798955917358e-01,-1.263478994369506836e+00,6.111369729042053223e-01,2.167163133621215820e+00,-9.687069654464721680e-01,1.619092941284179688e+00,5.483703613281250000e-01,3.113011121749877930e-01,1.512123465538024902e+00,9.495509266853332520e-01
-2.377620786428451538e-01,-1.495671987533569336e+00,-1.538696646690368652e+00,-2.612602412700653076e-01,-1.771356761455535889e-01,-5.137469768524169922e-01,1.193277597427368164e+00,-1.303578495979309082e+00,1.110176563262939453e+00,-1.791946887969970703e-01,2.621391534805297852e+00,5.880265831947326660e-01,-2.846440859138965607e-02,1.077687859535217285e+00,3.073728680610656738e-01,-1.134637117385864258e+00,1.552973866462707520e+00,-6.196140050888061523e-01,1.267051339149475098e+00,7.665942311286926270e-01,5.488432049751281738e-01,-1.210777997970581055e+00,-9.865304231643676758e-01,-5.047811865806579590e-01,-9.376001358032226562e-01,-3.324606418609619141e-01,6.167207360267639160e-01,-4.443986117839813232e-01,-1.451696157455444336e+00,2.326160669326782227e+00,-8.201459646224975586e-01,-3.291918039321899414e-01,-1.975102901458740234e+00,-7.636045217514038086e-01,2.489853501319885254e-01,-3.521440923213958740e-01,-9.231039285659790039e-01,1.128790140151977539e+00,-1.134412765502929688e+00,5.788825154304504395e-01,-9.718674421310424805e-01,4.180288314819335938e-01,-7.637320756912231445e-01,-1.533676505088806152e+00,5.159115195274353027e-01,1.241933107376098633e+00,9.264981746673583984e-01,9.267796874046325684e-01,-4.111962020397186279e-01,1.876381874084472656e+00,-4.134337902069091797e-01,4.485503211617469788e-02,4.724327325820922852e-01,-4.495238363742828369e-01,-6.084043383598327637e-01,1.234498262405395508e+00,9.197270870208740234e-01,3.366576135158538818e-01,-1.714522123336791992e+00,1.287444949150085449e+00,-6.899492740631103516e-01,-3.779352307319641113e-01,-7.377736568450927734e-01,-5.657523870468139648e-01,-2.576802372932434082e-01,1.167018055915832520e+00,-1.253402471542358398e+00,-5.940485000610351562e-01,1.603248357772827148e+00,-5.669619441032409668e-01,1.116712689399719238e-01,-1.239424422383308411e-01,6.057236194610595703e-01,-9.518353343009948730e-01,-9.728506207466125488e-01,-1.897493958473205566e+00,-6.280136704444885254e-01,-1.375790119171142578e+00,1.382979899644851685e-01,-1.901060223579406738e+00,1.165802121162414551e+00,1.322546362876892090e+00,1.872550994157791138e-01,-1.583708822727203369e-01,4.661302566528320312e-01,3.276934325695037842e-01,-8.320013284683227539e-01,1.124298095703125000e+00,1.764492869377136230e+00,-6.036769747734069824e-01,1.700044870376586914e-01,1.432629227638244629e+00,1.407638907432556152e+00,6.061194837093353271e-02,-7.747376710176467896e-02,-8.868127465248107910e-01,3.140294253826141357e-01,1.772686481475830078e+00,1.213199496269226074e+00,-9.103854298591613770e-01
2.888002395629882812e-01,5.811516046524047852e-01,1.238601565361022949e+00,1.674178987741470337e-02,2.216333389282226562e+00,-1.008610486984252930e+00,-1.781637787818908691e+00,-1.970635771751403809e+00,-5.740799307823181152e-01,-2.643498182296752930e-01,7.145606875419616699e-01,-6.537059545516967773e-01,-1.441776156425476074e+00,1.947807312011718750e+00,-9.774278402328491211e-01,2.653606422245502472e-02,1.947137355804443359e+00,1.303155064582824707e+00,6.152819395065307617e-01,-7.695411331951618195e-03,-1.679627001285552979e-01,-1.849701881408691406e+00,1.280758380889892578e+00,-9.765139222145080566e-02,1.650609374046325684e+00,-1.960922002792358398e+00,-1.266547560691833496e+00,-9.815764427185058594e-01,3.449754416942596436e-01,-1.279794573783874512e+00,-2.470157742500305176e-01,-4.804818034172058105e-01,6.642696261405944824e-01,-2.305861413478851318e-01,-5.036407113075256348e-01,-6.205766797065734863e-01,2.385254621505737305e+00,3.874373137950897217e-01,-6.182274818420410156e-01,2.048045098781585693e-01,1.037071466445922852e+00,1.233305931091308594e+00,1.897904515266418457e+00,-8.854962587356567383e-01,1.516227841377258301e+00,5.598443150520324707e-01,5.214722156524658203e-01,-1.287849187850952148e+00,-3.005850315093994141e-01,1.492925584316253662e-01,1.100591778755187988e+00,-1.110354289412498474e-01,9.714478999376296997e-02,4.709232747554779053e-01,-7.449492812156677246e-01,-1.011530280113220215e+00,1.758845597505569458e-01,1.900076270103454590e+00,4.970801770687103271e-01,7.772571444511413574e-01,-6.879588961601257324e-01,-3.407025039196014404e-01,7.507243752479553223e-01,-5.531818866729736328e-01,5.934106111526489258e-01,-2.621903657913208008e+00,1.266583919525146484e+00,1.151259150356054306e-02,-2.106747627258300781e-01,2.778923988342285156e+00,-7.498902082443237305e-01,1.552837900817394257e-02,1.303123235702514648e+00,-4.050926566123962402e-01,-6.150468587875366211e-01,4.305051267147064209e-01,7.059412598609924316e-01,1.135371685028076172e+00,-3.205527961254119873e-01,-1.333208084106445312e+00,1.125809073448181152e+00,-1.966553181409835815e-01,1.380101203918457031e+00,-4.320080205798149109e-02,-7.599343657493591309e-01,1.478976368904113770e+00,1.080686569213867188e+00,-8.987215757369995117e-01,-1.071945905685424805e+00,7.134330272674560547e-01,1.670329093933105469e+00,2.442261278629302979e-01,6.755495667457580566e-01,-1.587508320808410645e+00,5.005777478218078613e-01,1.629050374031066895e-01,-9.565376043319702148e-01,3.486506640911102295e-03,4.831878840923309326e-01,-9.993644952774047852e-01
-2.660104632377624512e-01,-3.540031313896179199e-01,6.822355985641479492e-01,-5.886856913566589355e-01,1.102111861109733582e-01,-1.424347281455993652e+00,2.442420959472656250e+00,-1.066921949386596680e-01,-1.607763953506946564e-02,7.274442911148071289e-01,4.058025032281875610e-02,7.369022369384765625e-01,-7.569698095321655273e-01,-7.648780941963195801e-01,-5.609561204910278320e-01,8.093954920768737793e-01,-1.105958104133605957e+00,9.429608285427093506e-02,9.265471696853637695e-01,-1.618179678916931152e+00,-2.274350970983505249e-01,-4.854056835174560547e-01,-2.536946535110473633e-01,-5.928165316581726074e-01,7.122007012367248535e-01,5.925223231315612793e-02,-3.692932128906250000e-01,1.240320563316345215e+00,7.419247627258300781e-01,-4.911859035491943359e-01,2.139740467071533203e+00,3.118899762630462646e-01,-1.435630202293395996e+00,8.594663739204406738e-01,-7.900216579437255859e-01,-2.769824564456939697e-01,1.507472157478332520e+00,-9.873304963111877441e-01,4.501973390579223633e-01,3.508962392807006836e-01,3.608961999416351318e-01,1.555646061897277832e+00,-1.161678552627563477e+00,-2.817519664764404297e+00,6.931422948837280273e-01,-1.529878854751586914e+00,-4.180454611778259277e-01,-4.864108562469482422e-01,-5.912086367607116699e-01,5.849164351820945740e-02,-9.987499117851257324e-01,7.394388914108276367e-01,4.631094336509704590e-01,-2.209502458572387695e-01,4.617954492568969727e-01,5.728138685226440430e-01,-3.118990361690521240e-01,3.431009352207183838e-01,-2.104430049657821655e-01,2.900331653654575348e-02,-8.350684642791748047e-01,1.253341913223266602e+00,3.858255445957183838e-01,9.269573688507080078e-01,-1.072611570358276367e+00,5.310583114624023438e-01,6.960093975067138672e-01,3.951179683208465576e-01,6.157980561256408691e-01,-1.133424639701843262e+00,-2.550072669982910156e-01,3.375152647495269775e-01,-4.970785230398178101e-02,6.866599917411804199e-01,2.479326874017715454e-01,-6.501365303993225098e-01,-5.961779952049255371e-01,-3.389397859573364258e-01,1.716949462890625000e+00,-7.501439005136489868e-02,-1.324764341115951538e-01,-5.226814150810241699e-01,-6.821941137313842773e-01,-9.208639264106750488e-01,3.774721026420593262e-01,-9.576137065887451172e-01,-7.711288332939147949e-01,6.960093975067138672e-01,7.269642949104309082e-01,-1.378309726715087891e+00,-1.679404824972152710e-02,7.397849559783935547e-01,1.299663633108139038e-01,1.015930652618408203e+00,1.520690202713012695e+00,2.106036245822906494e-01,2.251675426959991455e-01,-8.652349710464477539e-01,-8.784738183021545410e-01,1.408122181892395020e-01
-1.249900460243225098e-01,-1.765263080596923828e+00,5.675613284111022949e-01,6.581503748893737793e-01,3.445504903793334961e-01,-5.155055522918701172e-01,-2.736977934837341309e-01,-2.896934747695922852e-02,3.640933036804199219e-01,-6.647606492042541504e-01,-3.731993958353996277e-02,-2.257217407226562500e+00,-1.527837961912155151e-01,1.799335181713104248e-01,6.600411534309387207e-01,-1.800425499677658081e-01,7.625289559364318848e-01,-1.167331337928771973e+00,4.491569399833679199e-01,2.131019830703735352e+00,8.544695377349853516e-01,-8.922690749168395996e-01,-3.616307675838470459e-01,-5.936313867568969727e-01,-5.058172941207885742e-01,7.363256812095642090e-01,4.460893273353576660e-01,1.245170354843139648e+00,1.748000979423522949e+00,-3.816459476947784424e-01,-3.186469674110412598e-01,4.660466313362121582e-02,1.213276460766792297e-01,9.795287251472473145e-01,-2.253298312425613403e-01,-5.822569727897644043e-01,1.988462209701538086e+00,2.091202259063720703e+00,-4.775899276137351990e-02,-5.239788293838500977e-01,1.021214246749877930e+00,-2.004877805709838867e+00,-5.096938014030456543e-01,-2.474015206098556519e-01,-4.480527341365814209e-01,9.373993277549743652e-01,-9.007517695426940918e-01,5.192501544952392578e-01,1.257280468940734863e+00,-2.032677173614501953e+00,1.262815833091735840e+00,8.644478917121887207e-01,1.617106199264526367e+00,-9.671306014060974121e-01,-4.792999923229217529e-01,-5.422585010528564453e-01,6.289544105529785156e-01,-1.343540549278259277e+00,1.126588821411132812e+00,-2.470470964908599854e-01,4.479521140456199646e-02,-6.479599326848983765e-02,-1.259988665580749512e+00,9.777014255523681641e-01,-1.487624645233154297e+00,3.345310688018798828e-01,-1.498284041881561279e-01,1.311985373497009277e+00,1.859211087226867676e+00,5.116195231676101685e-02,-1.175802230834960938e+00,2.792300842702388763e-02,-4.287197589874267578e-01,-2.037580013275146484e+00,1.357809782028198242e+00,-2.017250776290893555e+00,8.060806393623352051e-01,-7.000125646591186523e-01,1.409292578697204590e+00,5.322907567024230957e-01,2.971521615982055664e-01,-8.669896125793457031e-01,-4.937109053134918213e-01,-7.420729398727416992e-01,1.177165985107421875e+00,6.770851016044616699e-01,2.582753598690032959e-01,1.210073947906494141e+00,3.052731454372406006e-01,-1.786013841629028320e-01,-5.681209564208984375e-01,-3.305845707654953003e-02,6.223635077476501465e-01,-1.882167458534240723e-01,9.609680771827697754e-01,1.067513704299926758e+00,8.878818154335021973e-01,-1.636699914932250977e+00,4.958864450454711914e-01,-4.571523070335388184e-01
-8.676818013191223145e-01,-1.805753111839294434e+00,8.313147425651550293e-01,-2.043270021677017212e-01,-2.248612046241760254e-01,2.420624494552612305e+00,-5.758625864982604980e-01,3.549237847328186035e-01,-6.048218607902526855e-01,-5.372405648231506348e-01,7.421713471412658691e-01,-1.257151246070861816e+00,7.537518143653869629e-01,-5.897138714790344238e-01,1.081222176551818848e+00,9.744299650192260742e-01,4.800023883581161499e-02,-9.359168410301208496e-01,-3.149828314781188965e-02,-8.424974679946899414e-01,-7.508988380432128906e-01,-6.616172790527343750e-01,-4.567225873470306396e-01,-1.095225691795349121e+00,1.426841855049133301e+00,-1.833154916763305664e+00,-8.314220309257507324e-01,7.439100146293640137e-01,-5.769242048263549805e-01,4.838424324989318848e-01,7.853582501411437988e-02,-2.348021604120731354e-03,1.592760086059570312e+00,-5.912411212921142578e-01,3.040713667869567871e-01,-2.880521714687347412e-01,-5.508494377136230469e-01,5.669316649436950684e-01,1.432048916816711426e+00,1.520075321197509766e+00,9.833509922027587891e-01,-1.261690855026245117e-01,-7.353883981704711914e-01,-1.532744467258453369e-01,8.212401866912841797e-01,5.611023306846618652e-01,-1.365295290946960449e+00,1.230805993080139160e+00,-2.647560536861419678e-01,-8.716790936887264252e-03,4.428676068782806396e-01,-1.362871766090393066e+00,-5.300546288490295410e-01,9.853392839431762695e-01,-1.166615128517150879e+00,-8.289275169372558594e-01,1.340112686157226562e+00,3.303331732749938965e-01,7.289385050535202026e-02,1.829460620880126953e+00,-5.997473001480102539e-01,-1.332659572362899780e-01,-3.699802756309509277e-01,-3.935332596302032471e-01,6.619081646203994751e-02,-4.601527750492095947e-01,-8.367132544517517090e-01,-4.502105712890625000e-01,-1.148069620132446289e+00,7.497956752777099609e-01,-2.302949428558349609e+00,-2.186550647020339966e-01,8.675597310066223145e-01,-3.424192368984222412e-01,2.051425874233245850e-01,-3.208031952381134033e-01,-8.252746462821960449e-01,-2.943487465381622314e-01,1.883806824684143066e+00,-5.672103166580200195e-01,6.281241774559020996e-01,1.070954918861389160e+00,5.038843750953674316e-01,-7.713969796895980835e-02,2.891402542591094971e-01,8.814255595207214355e-01,1.959394454956054688e+00,1.920199632644653320e+00,-1.894185096025466919e-01,1.049455404281616211e+00,-4.063194096088409424e-01,-2.202547490596771240e-01,6.531552076339721680e-01,7.556543350219726562e-01,-1.248436689376831055e+00,1.520572185516357422e+00,-4.838860630989074707e-01,-1.149094939231872559e+00,-8.177053183317184448e-02,-3.688977658748626709e-01
-3.894230127334594727e-01,6.203671097755432129e-01,-1.916102886199951172e+00,-5.167125463485717773e-01,-5.455535054206848145e-01,4.682807028293609619e-01,4.983009994029998779e-01,4.267782866954803467e-01,-2.292374223470687866e-01,7.231153249740600586e-01,-1.030902504920959473e+00,-8.156841397285461426e-01,-8.777949810028076172e-01,-2.829796373844146729e-01,-1.292059659957885742e+00,1.669859647750854492e+00,8.520812988281250000e-01,-8.861322999000549316e-01,2.236147671937942505e-01,1.253306865692138672e+00,2.287641912698745728e-01,1.172365069389343262e+00,-1.185493618249893188e-01,-1.260256767272949219e+00,6.252688765525817871e-01,4.360888898372650146e-01,2.091063559055328369e-01,-1.193079575896263123e-01,2.027991533279418945e+00,1.424439072608947754e+00,-7.275120019912719727e-01,3.519897758960723877e-01,9.027857780456542969e-01,4.458224773406982422e-01,2.085236757993698120e-01,3.800461888313293457e-01,3.573063910007476807e-01,-3.011243045330047607e-01,4.700211584568023682e-01,-1.019007921218872070e+00,-1.037025213241577148e+00,-8.205140829086303711e-01,3.637374937534332275e-02,4.298088848590850830e-01,-2.177024602890014648e+00,1.314935684204101562e+00,-5.257993340492248535e-01,-2.010978162288665771e-01,-6.074517965316772461e-01,-1.257904052734375000e+00,7.907232046127319336e-01,4.280511736869812012e-01,-5.060222148895263672e-01,-4.152828752994537354e-01,9.918028116226196289e-02,-1.082679033279418945e+00,-1.200536727905273438e+00,4.419669210910797119e-01,-1.039549350738525391e+00,-6.999829411506652832e-01,-1.319010496139526367e+00,9.577130079269409180e-01,7.073240876197814941e-01,-2.675462961196899414e-01,-6.487700939178466797e-01,4.604091942310333252e-01,-1.596590399742126465e+00,4.141360819339752197e-01,1.035335734486579895e-01,-2.474496215581893921e-01,-6.465426087379455566e-01,1.257236242294311523e+00,7.217749357223510742e-01,-2.121027946472167969e+00,-8.997875452041625977e-02,-1.559028625488281250e+00,8.796931505203247070e-01,-2.611160278320312500e-01,-2.519519031047821045e-01,1.847514986991882324e+00,1.612628698348999023e+00,1.124100446701049805e+00,-7.130044698715209961e-01,-7.523592114448547363e-01,8.995178937911987305e-01,-8.803080022335052490e-02,-1.278100252151489258e+00,6.615390181541442871e-01,3.910799920558929443e-01,-5.618870258331298828e-01,1.443544745445251465e+00,5.468055605888366699e-01,-5.259952545166015625e-01,-4.961574673652648926e-01,-7.667356729507446289e-01,7.500905394554138184e-01,-3.919141888618469238e-01,7.752349376678466797e-01,1.182104945182800293e+00,-8.766158223152160645e-01
1.204071998596191406e+00,-3.259816020727157593e-02,1.475139021873474121e+00,-4.762100577354431152e-01,-2.632372975349426270e-01,1.516963720321655273e+00,-6.605633497238159180e-01,1.796653985977172852e+00,-5.905670300126075745e-02,5.557482838630676270e-01,1.736410617828369141e+00,1.638519883155822754e+00,-2.465601265430450439e-01,-1.936713933944702148e+00,7.426130175590515137e-01,-1.139682531356811523e+00,3.597605228424072266e-01,2.104206323623657227e+00,-3.723677098751068115e-01,5.561512708663940430e-01,-2.654538154602050781e+00,-1.597872257232666016e+00,-1.887356303632259369e-02,2.769035696983337402e-01,1.038625717163085938e+00,-2.158863395452499390e-01,-1.507707476615905762e+00,-1.023955345153808594e+00,-1.390053153038024902e+00,4.806812405586242676e-01,-1.755520820617675781e+00,-2.116206884384155273e+00,-7.474914193153381348e-03,-1.012070655822753906e+00,6.617622971534729004e-01,1.001652240753173828e+00,-1.565683931112289429e-01,2.516659796237945557e-01,-3.209413588047027588e-02,7.998623251914978027e-01,-1.794183105230331421e-01,-9.189600348472595215e-01,6.867385935038328171e-03,1.589078426361083984e+00,-2.822856903076171875e+00,2.968883514404296875e-01,1.722360134124755859e+00,-1.479490756988525391e+00,1.974326968193054199e+00,-1.912737727165222168e+00,6.478716731071472168e-01,1.854226291179656982e-01,-3.851039409637451172e-01,1.120435357093811035e+00,1.514041870832443237e-01,1.263061881065368652e+00,-6.606699228286743164e-01,-5.950590372085571289e-01,5.502690076828002930e-01,1.181419193744659424e-01,-9.586222767829895020e-01,1.880945920944213867e+00,-1.967804193496704102e+00,-8.323730826377868652e-01,-1.307753324508666992e+00,-8.851828575134277344e-01,-4.611020386219024658e-01,-4.227267801761627197e-01,-3.380691111087799072e-01,2.345204912126064301e-02,5.553089976310729980e-01,7.742620706558227539e-01,1.452485680580139160e+00,2.158679664134979248e-01,4.983151555061340332e-01,-1.593731999397277832e+00,5.854876041412353516e-01,-1.736174970865249634e-01,1.057624101638793945e+00,-7.757182717323303223e-01,-2.828110158443450928e-01,-1.141702294349670410e+00,-2.826825082302093506e-01,-1.125051856040954590e+00,-1.033637881278991699e+00,6.727216243743896484e-01,-3.821271359920501709e-01,5.318424105644226074e-01,-7.421701550483703613e-01,-9.407622814178466797e-01,7.134369760751724243e-02,3.005046844482421875e-01,-2.051306664943695068e-01,-3.817430138587951660e-01,3.342290520668029785e-01,6.572893261909484863e-01,-8.681665658950805664e-01,-9.314387440681457520e-01,-1.231147766113281250e+00,-5.455391481518745422e-02
3.659103512763977051e-01,-5.153233557939529419e-02,-4.195903539657592773e-01,-4.119835197925567627e-01,4.641179740428924561e-01,-1.266782760620117188e+00,1.165644973516464233e-01,1.018422365188598633e+00,1.234591603279113770e-01,8.443276882171630859e-01,1.188591480255126953e+00,4.882006049156188965e-01,2.370424866676330566e-01,8.841370791196823120e-02,-8.736695051193237305e-01,6.014671325683593750e-01,1.114974141120910645e+00,7.211337685585021973e-01,5.590257048606872559e-01,-4.148423969745635986e-01,-4.391396641731262207e-01,1.735620200634002686e-01,2.449524402618408203e+00,-1.598455786705017090e+00,2.353992313146591187e-01,-1.111830115318298340e+00,-6.094371080398559570e-01,4.462764859199523926e-01,-6.672791838645935059e-01,-1.258179843425750732e-01,-6.938631534576416016e-01,5.614772439002990723e-01,-7.115292549133300781e-02,-1.992166399955749512e+00,3.973428905010223389e-01,1.925747469067573547e-02,7.160344123840332031e-01,2.259606868028640747e-01,-1.201662778854370117e+00,2.325106143951416016e+00,8.633828163146972656e-01,-5.024215579032897949e-01,1.443696737289428711e+00,5.234189629554748535e-01,6.465904712677001953e-01,2.980559468269348145e-01,-9.340268969535827637e-01,7.456404715776443481e-02,-4.909860491752624512e-01,-7.626739144325256348e-01,-9.015780091285705566e-01,-3.244028389453887939e-01,-4.246787726879119873e-01,2.487396150827407837e-01,-1.250954747200012207e+00,5.298215746879577637e-01,1.894988656044006348e+00,7.342829108238220215e-01,7.350245118141174316e-02,-9.310938715934753418e-01,-5.972370877861976624e-02,2.561513893306255341e-02,-4.922225326299667358e-02,-1.593054980039596558e-01,1.243167519569396973e+00,8.841944336891174316e-01,-5.692828893661499023e-01,-9.700318574905395508e-01,-3.153941035270690918e-01,1.097339034080505371e+00,2.279658317565917969e-01,-3.498197793960571289e-01,4.483517706394195557e-01,2.676408290863037109e-01,-2.442708164453506470e-01,8.525986671447753906e-01,2.220795899629592896e-01,1.434446275234222412e-01,-1.394733667373657227e+00,8.354593515396118164e-01,-9.943379163742065430e-01,-5.164520144462585449e-01,-2.551779150962829590e-01,5.967227220535278320e-01,-1.752105951309204102e+00,9.011710435152053833e-02,-1.679338216781616211e+00,8.886034488677978516e-01,-3.362491130828857422e-01,1.412789106369018555e+00,1.264576673507690430e+00,-7.913480699062347412e-02,-2.205528467893600464e-01,-1.520243883132934570e-01,-5.208107233047485352e-01,1.186775684356689453e+00,-3.628571629524230957e-01,5.272296071052551270e-01,9.043967723846435547e-01,1.646117806434631348e+00
-5.271297693252563477e-01,1.454743146896362305e+00,3.118393719196319580e-01,-2.621623039245605469e+00,1.121989369392395020e+00,-8.004654645919799805e-01,1.442140817642211914e+00,-2.801487684249877930e+00,1.021241664886474609e+00,1.122140645980834961e+00,7.078346610069274902e-01,2.790897190570831299e-01,-1.173788309097290039e+00,-3.785876333713531494e-01,3.959578573703765869e-01,1.097714781761169434e+00,-1.841996550559997559e+00,1.059870570898056030e-01,-7.328779697418212891e-01,1.747236847877502441e-01,1.124852776527404785e+00,-1.770501017570495605e+00,2.931963801383972168e-01,-1.764087557792663574e+00,-2.870193123817443848e-01,3.331257030367851257e-02,-7.800010442733764648e-01,1.736366868019104004e+00,-1.337741017341613770e+00,-4.158255755901336670e-01,-5.887532234191894531e-01,2.298011332750320435e-01,8.067209720611572266e-01,1.029554009437561035e+00,1.238622546195983887e+00,-4.877654612064361572e-01,1.678925395011901855e+00,-2.117387801408767700e-01,-2.064596861600875854e-01,1.283077716827392578e+00,-8.494110107421875000e-01,-1.019947528839111328e+00,-5.980450510978698730e-01,-7.820945382118225098e-01,-3.758458793163299561e-01,2.238964289426803589e-01,2.230724245309829712e-01,-2.727462053298950195e+00,3.265831172466278076e-01,4.598115980625152588e-01,-2.333759963512420654e-01,-6.306582689285278320e-01,2.679618597030639648e-01,9.278828501701354980e-01,4.839209914207458496e-01,2.507484853267669678e-01,-1.930933445692062378e-01,-4.343891143798828125e-01,-9.958989024162292480e-01,1.769767284393310547e+00,1.349865078926086426e+00,2.121042251586914062e+00,-8.767641782760620117e-01,-1.410009026527404785e+00,7.144145369529724121e-01,-2.046640157699584961e+00,2.093199253082275391e+00,2.077378779649734497e-01,-9.732905030250549316e-01,-1.640213131904602051e-01,-1.117089867591857910e+00,9.692645668983459473e-01,-5.507475137710571289e-01,4.427954554557800293e-01,1.864016294479370117e+00,6.346215605735778809e-01,6.383470296859741211e-01,-1.751109063625335693e-01,-6.373171210289001465e-01,-2.816740572452545166e-01,9.254696369171142578e-01,-6.029053330421447754e-01,1.334853917360305786e-01,-8.102486282587051392e-02,1.048316478729248047e+00,1.005333542823791504e+00,-1.561551332473754883e+00,5.062279105186462402e-01,-3.514740467071533203e-01,4.362363815307617188e-01,9.603426605463027954e-02,6.490694880485534668e-01,-8.448829650878906250e-01,1.998033523559570312e-01,9.510341286659240723e-01,-3.303205072879791260e-01,7.584363222122192383e-01,-1.264500856399536133e+00,5.121404528617858887e-01,-4.648054540157318115e-01
-1.871128320693969727e+00,-1.699593424797058105e+00,-1.064596652984619141e+00,1.284333229064941406e+00,1.739754557609558105e+00,-5.537410378456115723e-01,-6.434969604015350342e-02,4.130599200725555420e-01,-1.551119796931743622e-02,4.642306864261627197e-01,-1.452747434377670288e-01,-8.924070000648498535e-01,2.798337936401367188e-01,-1.081614613533020020e+00,-5.606247186660766602e-01,-4.757427275180816650e-01,4.638866186141967773e-01,-6.700718998908996582e-01,6.322264671325683594e-02,-2.438607931137084961e+00,-7.885548472404479980e-02,4.657658636569976807e-01,1.096426010131835938e+00,4.793094396591186523e-01,1.596305146813392639e-02,3.361880034208297729e-02,-1.383976340293884277e-01,-7.152540087699890137e-01,-6.236327290534973145e-01,-3.256187140941619873e-01,-1.764181971549987793e+00,-7.499738931655883789e-01,-1.062192201614379883e+00,-1.361215353012084961e+00,-3.481397405266761780e-02,-7.751860618591308594e-01,-2.560602128505706787e-01,-3.079473972320556641e-01,-6.168474555015563965e-01,-6.388059854507446289e-01,-6.547346115112304688e-01,4.116992950439453125e-01,1.164556622505187988e+00,6.076247096061706543e-01,-1.715579867362976074e+00,-8.715181350708007812e-01,-1.847661972045898438e+00,-5.676400065422058105e-01,6.127415299415588379e-01,-1.055317282676696777e+00,1.216708540916442871e+00,-3.909496963024139404e-01,2.096668332815170288e-01,-1.615690886974334717e-01,5.531798601150512695e-01,9.714595079421997070e-01,1.494961500167846680e+00,1.745999306440353394e-01,-9.669542908668518066e-01,1.053871154785156250e+00,-3.957175612449645996e-01,1.639406085014343262e-01,3.987797498703002930e-01,-7.189095020294189453e-02,-1.315255463123321533e-01,-4.306162893772125244e-01,-4.142339229583740234e-01,2.362212687730789185e-01,1.125640988349914551e+00,-1.690202355384826660e+00,4.205295443534851074e-02,1.476956486701965332e+00,4.046180248260498047e-01,-5.672703385353088379e-01,-9.934478998184204102e-02,5.150276422500610352e-01,8.478504419326782227e-01,9.265379905700683594e-01,-1.650246381759643555e-01,4.407551884651184082e-01,9.709995388984680176e-01,-1.724950790405273438e+00,-2.008385211229324341e-01,-1.333014130592346191e+00,-4.375686049461364746e-01,6.274482607841491699e-01,-3.670869469642639160e-01,1.408098340034484863e-01,-3.627580404281616211e-01,1.012377381324768066e+00,-4.771367609500885010e-01,-3.352193906903266907e-02,-2.887859046459197998e-01,6.732736825942993164e-01,2.593924045562744141e+00,7.542132139205932617e-01,-1.264476060867309570e+00,-1.489868879318237305e+00,-1.152532696723937988e+00,-3.636813163757324219e-01
3.521806597709655762e-01,-1.639022588729858398e+00,-6.703125834465026855e-01,-1.789463758468627930e+00,-9.436975121498107910e-01,3.617449104785919189e-01,3.803554177284240723e-01,3.149693608283996582e-01,3.754661679267883301e-01,5.727602243423461914e-01,2.167877852916717529e-01,-1.571507006883621216e-01,-7.168835997581481934e-01,-5.255958437919616699e-01,4.304332137107849121e-01,1.391502857208251953e+00,-8.634588718414306641e-01,8.730727434158325195e-01,-5.047245621681213379e-01,-7.713391780853271484e-01,1.209931015968322754e+00,1.117292642593383789e+00,-1.316472142934799194e-01,-7.997918128967285156e-01,-3.862994611263275146e-01,1.146587014198303223e+00,9.071241617202758789e-01,-1.002097845077514648e+00,-1.270657539367675781e+00,-8.508787155151367188e-01,1.781047821044921875e+00,-1.266302019357681274e-01,7.371588051319122314e-02,4.477543532848358154e-01,-8.008749485015869141e-01,-1.377411931753158569e-01,1.748406291007995605e+00,-4.649751782417297363e-01,7.069000005722045898e-01,3.472853302955627441e-01,-1.983829855918884277e+00,1.126376152038574219e+00,-1.241641044616699219e+00,1.233198165893554688e+00,9.025112390518188477e-01,1.163683295249938965e+00,-4.935238063335418701e-01,-7.820693403482437134e-02,3.570930957794189453e-01,-2.959036529064178467e-01,-3.376142084598541260e-01,-5.800359845161437988e-01,1.222746014595031738e+00,-4.511798322200775146e-01,9.054210186004638672e-01,-1.311835885047912598e+00,-3.153354525566101074e-01,-4.169061481952667236e-01,-4.666034579277038574e-01,1.361355066299438477e+00,1.471253633499145508e+00,2.303710430860519409e-01,6.152260303497314453e-01,4.164120554924011230e-01,-2.033065855503082275e-01,-1.182608008384704590e+00,1.521807909011840820e+00,1.614299297332763672e+00,1.353712797164916992e+00,-1.310040894895792007e-02,5.262728929519653320e-01,-6.711842417716979980e-01,1.433328866958618164e+00,-3.175743818283081055e-01,9.914999008178710938e-01,-3.233425617218017578e-01,-5.613549351692199707e-01,8.169309496879577637e-01,-4.818853735923767090e-01,-5.466254353523254395e-01,1.066982030868530273e+00,8.286558389663696289e-01,-1.630565524101257324e+00,-1.604153037071228027e+00,-1.232657313346862793e+00,-1.294887542724609375e+00,8.439471125602722168e-01,1.385083436965942383e+00,2.290891647338867188e+00,1.019348263740539551e+00,-1.044025346636772156e-01,5.149545669555664062e-01,-3.617866039276123047e-01,6.627632975578308105e-01,9.841850399971008301e-01,-3.903649449348449707e-01,3.067451715469360352e-01,-1.620577871799468994e-01,-5.504677295684814453e-01,7.349392771720886230e-01
-1.884199827909469604e-01,3.568857908248901367e-01,1.746202230453491211e+00,-4.277251064777374268e-01,1.955491453409194946e-01,-1.063013598322868347e-01,-1.055219531059265137e+00,2.004000842571258545e-01,-6.626033782958984375e-01,-3.679512739181518555e-01,1.291648268699645996e+00,-1.226037979125976562e+00,1.537570804357528687e-01,8.027024865150451660e-01,2.163586378097534180e+00,-4.714597016572952271e-02,1.519684910774230957e+00,7.525165379047393799e-02,9.151601791381835938e-01,1.858609914779663086e+00,-2.929659187793731689e-01,-1.044577121734619141e+00,8.774276375770568848e-01,-2.757037162780761719e+00,-2.661124616861343384e-02,1.671732306480407715e+00,2.653390765190124512e-01,1.674675703048706055e+00,8.701439499855041504e-01,-1.202320694923400879e+00,-5.147944688796997070e-01,-2.839486300945281982e-02,1.388387084007263184e-01,-1.583167314529418945e-01,-9.467542171478271484e-01,1.602014899253845215e+00,9.123563170433044434e-01,1.095344662666320801e+00,-1.933542490005493164e-01,-6.336636096239089966e-02,1.864974141120910645e+00,-1.499875664710998535e+00,1.810941457748413086e+00,-8.462123870849609375e-01,-3.272788822650909424e-01,-1.279527187347412109e+00,8.867225050926208496e-01,1.628275394439697266e+00,-1.101558089256286621e+00,-2.984165549278259277e-01,1.160838723182678223e+00,-1.212032675743103027e+00,-2.089339494705200195e+00,-8.189473152160644531e-01,2.333092987537384033e-01,7.816591858863830566e-01,-9.013990759849548340e-01,-9.455175995826721191e-01,-2.036497294902801514e-01,6.673116683959960938e-01,-7.654480338096618652e-01,-3.823998570442199707e-01,-9.247140288352966309e-01,-2.366388082504272461e+00,-1.137528300285339355e+00,-1.819507122039794922e+00,-3.673014044761657715e-02,-1.656262516975402832e+00,1.661147236824035645e+00,4.199859201908111572e-01,-8.637130260467529297e-02,8.103781342506408691e-01,3.226327598094940186e-01,2.056139409542083740e-01,-7.584439516067504883e-01,5.313059687614440918e-01,1.440388560295104980e+00,7.082847952842712402e-01,-7.574779391288757324e-01,1.907110810279846191e+00,-6.002397276461124420e-03,-3.252964913845062256e-01,1.113173842430114746e+00,-1.324968457221984863e+00,1.321018338203430176e-01,-1.196619868278503418e+00,3.407423496246337891e-01,7.179192304611206055e-01,6.171392202377319336e-01,7.662037014961242676e-01,8.262294530868530273e-01,1.599649429321289062e+00,-4.457189738750457764e-01,-1.132212877273559570e+00,-1.829749941825866699e+00,-1.395112156867980957e+00,1.078175008296966553e-01,1.127791047096252441e+00,-1.927982568740844727e+00,2.862337350845336914e+00
-2.994978129863739014e-01,-6.158066391944885254e-01,1.454501505941152573e-02,-8.112386465072631836e-01,2.157858133316040039e+00,-2.059498429298400879e-01,-1.886767387390136719e+00,6.302312016487121582e-01,6.515564918518066406e-01,-2.427548408508300781e+00,1.400061100721359253e-01,1.409155428409576416e-01,-7.228821516036987305e-01,2.978915572166442871e-01,2.384075149893760681e-02,6.554877758026123047e-01,3.279302716255187988e-01,1.758918911218643188e-01,4.825282692909240723e-01,9.772819280624389648e-01,1.475805282592773438e+00,8.017761111259460449e-01,1.069186687469482422e+00,1.426259160041809082e+00,1.232040002942085266e-01,2.818408310413360596e-01,-1.319721937179565430e+00,5.549729801714420319e-03,3.924790322780609131e-01,-5.039578080177307129e-01,-8.969765901565551758e-01,2.554134607315063477e+00,-1.545790553092956543e+00,1.034806251525878906e+00,-1.185576796531677246e+00,7.187357544898986816e-01,-1.049752473831176758e+00,1.629457324743270874e-01,-6.020705401897430420e-02,1.679646968841552734e+00,-3.111367821693420410e-01,-1.479070037603378296e-01,-2.365216761827468872e-01,-1.134744763374328613e+00,-1.476224064826965332e+00,-1.436668395996093750e+00,8.122038841247558594e-01,-1.777803182601928711e+00,1.663455843925476074e+00,1.962705850601196289e-01,3.449322879314422607e-01,-7.913786172866821289e-01,2.709466516971588135e-01,-5.310760140419006348e-01,-9.349528700113296509e-02,1.163320336490869522e-02,-4.258587658405303955e-01,1.098008871078491211e+00,1.865249991416931152e+00,-9.912092089653015137e-01,1.365347146987915039e+00,1.157485723495483398e+00,-1.638974547386169434e-01,-3.528426587581634521e-01,1.002834796905517578e+00,3.847841620445251465e-01,-7.281064987182617188e-01,-2.718151807785034180e-01,7.060720324516296387e-01,1.303828358650207520e+00,-9.474164247512817383e-01,-1.502334713935852051e+00,-5.311856269836425781e-01,-5.498018860816955566e-01,1.105142116546630859e+00,4.769736528396606445e-02,8.189103603363037109e-01,-6.921920776367187500e-01,-3.425152301788330078e-01,6.483722012490034103e-03,-1.681741595268249512e+00,1.721278786659240723e+00,1.853068917989730835e-01,1.147011160850524902e+00,3.705184459686279297e-01,1.496664732694625854e-01,3.008072674274444580e-01,-4.686374068260192871e-01,-1.363078951835632324e+00,-6.262165904045104980e-01,1.206063985824584961e+00,-9.345864653587341309e-01,-1.440025448799133301e+00,4.912889003753662109e-01,7.589897513389587402e-01,1.880655288696289062e-01,1.969517171382904053e-01,1.103045105934143066e+00,-4.062285423278808594e-01,2.251397967338562012e-01
-1.415383219718933105e-01,9.236724115908145905e-03,1.623001933097839355e+00,-1.367112874984741211e+00,-8.010249584913253784e-02,-2.815685570240020752e-01,-1.265112042427062988e+00,9.402235746383666992e-01,-1.443471312522888184e+00,8.862975239753723145e-01,8.850874751806259155e-02,1.804674267768859863e+00,6.373621225357055664e-01,5.596883893013000488e-01,2.018756866455078125e+00,-6.388010084629058838e-02,1.757082700729370117e+00,-9.581933617591857910e-01,6.715008616447448730e-01,-1.330974549055099487e-01,1.204601526260375977e+00,-1.554559588432312012e+00,-7.406143546104431152e-01,-1.572902202606201172e+00,4.877715706825256348e-01,-3.179775774478912354e-01,4.809876382350921631e-01,1.025878787040710449e+00,2.710593044757843018e-01,-1.527753323316574097e-01,-5.964971780776977539e-01,-1.898177504539489746e+00,-6.803678274154663086e-01,1.016748070716857910e+00,-5.480685234069824219e-01,1.222998574376106262e-01,-9.684509038925170898e-01,4.231519401073455811e-01,1.377714276313781738e+00,1.111766099929809570e+00,-4.497467875480651855e-01,1.529216766357421875e-01,1.534865498542785645e+00,1.521736621856689453e+00,-6.533176898956298828e-01,-7.710889577865600586e-01,-1.369528651237487793e+00,-2.731290832161903381e-02,7.641120553016662598e-01,-5.720541477203369141e-01,4.953472912311553955e-01,8.443812131881713867e-01,1.573155403137207031e+00,-7.215985059738159180e-01,-9.513447880744934082e-01,1.538396477699279785e+00,8.001043647527694702e-02,4.898870289325714111e-01,2.785648703575134277e-01,7.825684547424316406e-01,1.250171065330505371e+00,7.149714231491088867e-01,-7.721853256225585938e-01,2.416898906230926514e-01,-1.106949329376220703e+00,-6.480025053024291992e-01,1.159948348999023438e+00,4.251450300216674805e-01,2.568838298320770264e-01,-6.978622674942016602e-01,9.744258522987365723e-01,-9.868252277374267578e-01,8.493984937667846680e-01,5.800433158874511719e-01,1.640698194503784180e+00,-9.636536240577697754e-02,4.579961597919464111e-01,4.971611797809600830e-01,-6.658713817596435547e-01,-1.193257331848144531e+00,1.338824510574340820e+00,4.274166226387023926e-01,-4.394032955169677734e-01,-2.833509147167205811e-01,-9.056804701685905457e-03,-1.747723482549190521e-02,-1.368954300880432129e+00,-1.282768249511718750e+00,3.972749412059783936e-01,-7.099509835243225098e-01,-1.612054467201232910e+00,4.389675259590148926e-01,-1.134266927838325500e-01,9.156650304794311523e-01,-9.005725383758544922e-01,2.278619289398193359e+00,5.518172383308410645e-01,5.668629407882690430e-01,-7.913067340850830078e-01,-1.174194574356079102e+00
-5.121581554412841797e-01,2.166579961776733398e+00,1.020818948745727539e+00,-2.208593785762786865e-01,-5.488502979278564453e-02,-1.845002323389053345e-01,-1.047108292579650879e+00,1.883210837841033936e-01,1.456265330314636230e+00,-3.092704713344573975e-01,-1.741296499967575073e-01,1.129515051841735840e+00,-8.088306784629821777e-01,-1.359227299690246582e+00,-4.370797872543334961e-01,1.825501024723052979e-02,-8.135015368461608887e-01,-3.492076992988586426e-01,-8.755031824111938477e-01,-6.841337680816650391e-02,4.822287261486053467e-01,-2.851971685886383057e-01,1.206636071205139160e+00,-1.968692615628242493e-02,7.992153167724609375e-01,9.158085584640502930e-01,-4.920991063117980957e-01,-3.466216623783111572e-01,8.320861458778381348e-01,6.508464217185974121e-01,4.044869840145111084e-01,-2.028189182281494141e+00,-5.858668684959411621e-01,9.425364732742309570e-01,-1.127029657363891602e+00,-1.630129933357238770e+00,9.715761542320251465e-01,-6.193258762359619141e-01,-9.289655089378356934e-01,-2.186406701803207397e-01,-1.434260606765747070e+00,6.839369535446166992e-01,-5.368651151657104492e-01,-1.889003753662109375e+00,-8.047729730606079102e-01,1.472257673740386963e-01,-1.546317458152770996e+00,-2.375924587249755859e+00,1.210704088211059570e+00,1.104307174682617188e+00,-2.333305358886718750e+00,-1.228415742516517639e-01,1.337620377540588379e+00,-3.863932192325592041e-01,1.154628992080688477e+00,-6.379765272140502930e-01,-1.916728973388671875e+00,1.150329828262329102e+00,2.578620910644531250e-01,1.898763895034790039e+00,1.925827622413635254e+00,-2.839991152286529541e-01,2.567294836044311523e-01,5.984500050544738770e-01,1.889503002166748047e-01,1.753010749816894531e+00,-4.828541576862335205e-01,2.076439261436462402e-01,-5.318206548690795898e-01,6.222738325595855713e-02,-1.443595051765441895e+00,-2.274682760238647461e+00,7.796982526779174805e-01,-9.569525122642517090e-01,3.557912707328796387e-01,8.172109127044677734e-01,-3.612045943737030029e-01,-8.653872013092041016e-01,1.489063024520874023e+00,1.279754161834716797e+00,2.954488992691040039e-01,1.436726570129394531e+00,-9.021304845809936523e-01,1.400964379310607910e+00,9.580442309379577637e-01,-3.346014499664306641e+00,-2.144403159618377686e-01,-6.093729734420776367e-01,2.966011166572570801e-01,2.060954570770263672e+00,-1.612070322036743164e+00,-1.741872549057006836e+00,-7.561479210853576660e-01,1.494120359420776367e-01,9.438058137893676758e-01,7.476949691772460938e-01,-2.008383035659790039e+00,5.115418434143066406e-01,8.899092078208923340e-01,7.573352456092834473e-01
-4.088938534259796143e-01,-1.016949176788330078e+00,-1.081644058227539062e+00,2.498916350305080414e-02,-1.181706339120864868e-01,-1.147613883018493652e+00,-5.206359624862670898e-01,-1.800700426101684570e-01,1.307919502258300781e+00,-6.698111891746520996e-01,-1.302618503570556641e+00,-2.502889633178710938e+00,8.584589362144470215e-01,-6.737223863601684570e-01,-8.370219469070434570e-01,-4.356442391872406006e-01,-2.618665397167205811e-01,-4.010978043079376221e-01,-1.914150238037109375e+00,-4.551656246185302734e-01,6.689798831939697266e-01,7.847577333450317383e-01,2.224619090557098389e-01,-4.042872190475463867e-01,-1.013993382453918457e+00,1.530140638351440430e-01,7.523884773254394531e-01,-1.287160515785217285e-01,-2.651082873344421387e-01,-2.631277963519096375e-02,-1.114131212234497070e+00,7.250707149505615234e-01,-4.117367863655090332e-01,-1.922066569328308105e+00,-4.423626065254211426e-01,1.445368975400924683e-01,1.466095924377441406e+00,-1.110707759857177734e+00,-6.397144198417663574e-01,1.676542043685913086e+00,-2.447040379047393799e-01,1.358458042144775391e+00,6.201459765434265137e-01,6.141320466995239258e-01,1.557388782501220703e+00,-3.992392867803573608e-02,1.082480549812316895e+00,-3.185251951217651367e-01,-8.645114302635192871e-02,-1.090739965438842773e+00,-2.164672017097473145e-01,-7.300978899002075195e-01,1.891058325767517090e+00,-6.818782687187194824e-01,7.369780540466308594e-01,1.372789442539215088e-01,3.315481841564178467e-01,1.096800923347473145e+00,1.955879211425781250e+00,-1.374255180358886719e+00,1.398387908935546875e+00,9.247309565544128418e-01,3.818243741989135742e-02,9.785798192024230957e-02,4.766850918531417847e-02,8.626207709312438965e-01,6.338656544685363770e-01,-9.485523700714111328e-01,4.691732227802276611e-01,6.194382309913635254e-01,8.990735411643981934e-01,9.628421664237976074e-01,2.504817247390747070e-01,-8.315228857100009918e-03,1.029582858085632324e+00,1.828778237104415894e-01,-1.773125290870666504e+00,-2.471322864294052124e-01,1.032639294862747192e-01,1.409822940826416016e+00,7.219362854957580566e-01,1.541470050811767578e+00,9.769789576530456543e-01,3.712680637836456299e-01,7.955226898193359375e-01,-4.389668107032775879e-01,1.904610633850097656e+00,1.081728935241699219e+00,5.156545639038085938e-01,-1.583448529243469238e+00,-8.779666423797607422e-01,5.070679634809494019e-02,-1.348626971244812012e+00,1.855613887310028076e-01,-6.847150921821594238e-01,4.677023887634277344e-01,1.842752218246459961e+00,2.098269164562225342e-01,5.367837101221084595e-02,-3.273496329784393311e-01
-7.765589952468872070e-01,7.463409304618835449e-01,1.517003417015075684e+00,1.805017471313476562e+00,9.521579742431640625e-01,8.570657968521118164e-01,2.032728433609008789e+00,5.660812854766845703e-01,-7.986356616020202637e-01,-7.208697199821472168e-01,5.506843924522399902e-01,-1.086549878120422363e+00,-8.179816603660583496e-02,4.089548289775848389e-01,1.433961987495422363e+00,-4.655154943466186523e-01,-2.752501964569091797e-01,3.822484314441680908e-01,3.856102824211120605e-01,-1.345425009727478027e+00,-6.353666782379150391e-01,-2.031731903553009033e-01,2.130945682525634766e+00,-4.956927597522735596e-01,-2.293396890163421631e-01,-1.259342789649963379e+00,-8.716694712638854980e-01,3.046139478683471680e-01,-1.087856054306030273e+00,-1.783334374427795410e+00,-4.401938915252685547e-01,-1.603170782327651978e-01,-5.220955014228820801e-01,-5.447725057601928711e-01,-4.760248959064483643e-01,-1.417502760887145996e+00,1.089509129524230957e+00,-1.868545174598693848e+00,3.112585842609405518e-01,3.662054240703582764e-01,-3.013727022334933281e-03,-1.046154499053955078e+00,-9.746116399765014648e-02,2.072152853012084961e+00,-4.510025680065155029e-01,1.545964777469635010e-01,-2.177096605300903320e+00,6.918157935142517090e-01,-8.644420504570007324e-01,-1.019672304391860962e-02,-1.209153652191162109e+00,-2.751703560352325439e-01,1.069521903991699219e+00,1.177658438682556152e+00,-2.001670837402343750e+00,-5.340574383735656738e-01,-7.336184382438659668e-02,1.482990741729736328e+00,4.115433394908905029e-01,7.584764063358306885e-02,7.693101167678833008e-01,-1.200014233589172363e+00,1.249390482902526855e+00,4.479385614395141602e-01,1.242476224899291992e+00,-5.967739820480346680e-01,-1.498679637908935547e+00,1.011013865470886230e+00,6.598762869834899902e-01,1.352571249008178711e+00,1.663195610046386719e+00,-1.093379974365234375e+00,-6.351207494735717773e-01,-1.116073966026306152e+00,-1.836706280708312988e+00,1.135344862937927246e+00,-2.826232612133026123e-01,-8.609223961830139160e-01,1.453675150871276855e+00,-7.663502693176269531e-01,-1.065449833869934082e+00,9.091165065765380859e-01,-2.377590090036392212e-01,-2.354048639535903931e-01,-1.125346064567565918e+00,8.039842247962951660e-01,-1.276226341724395752e-01,-1.005209326744079590e+00,-2.120052576065063477e-01,1.008956670761108398e+00,-5.588650107383728027e-01,8.339741230010986328e-01,4.282782375812530518e-01,-6.419756412506103516e-01,2.474134564399719238e-01,-6.874601840972900391e-01,1.130371809005737305e+00,-1.208991885185241699e+00,8.731207847595214844e-01,-1.340957760810852051e+00
-2.289407014846801758e+00,-6.303887367248535156e-01,2.207625508308410645e-01,-1.405388563871383667e-01,-1.030554652214050293e+00,6.943241357803344727e-01,-3.089690506458282471e-01,8.625209927558898926e-01,-1.842900872230529785e+00,-7.638145685195922852e-01,1.673929333686828613e+00,-1.054484009742736816e+00,-7.143695950508117676e-01,-1.542751908302307129e+00,-1.993537664413452148e+00,-1.320927381515502930e+00,-2.377054691314697266e-01,-1.047818958759307861e-01,-7.047773003578186035e-01,2.107625007629394531e+00,-3.070546388626098633e-01,1.012079834938049316e+00,-1.461817979812622070e+00,-3.362880647182464600e-01,-5.075612664222717285e-01,6.121593713760375977e-01,-6.941264271736145020e-01,2.776726186275482178e-01,5.258166193962097168e-01,1.631186246871948242e+00,-3.370076715946197510e-01,-1.439635008573532104e-01,1.876569539308547974e-01,-4.093792140483856201e-01,-7.964426875114440918e-01,-1.286846250295639038e-01,1.288832068443298340e+00,-1.468074023723602295e-01,-3.142826557159423828e-01,3.260140419006347656e-01,5.787811055779457092e-02,4.920026659965515137e-01,1.696947067975997925e-01,8.468239903450012207e-01,-3.224750161170959473e-01,-7.736415863037109375e-01,1.882138997316360474e-01,-1.427306413650512695e+00,-1.134856581687927246e+00,4.344457685947418213e-01,-1.270414590835571289e+00,-2.981911897659301758e-01,1.176394671201705933e-01,5.659083127975463867e-01,-1.240443512797355652e-01,-1.953366279602050781e+00,1.650006175041198730e+00,1.132748246192932129e+00,-3.178490102291107178e-01,-4.813313484191894531e-01,5.292463302612304688e-01,-5.700926184654235840e-01,-1.265868782997131348e+00,2.601435184478759766e-01,-9.706364572048187256e-02,1.882226318120956421e-01,-5.881854891777038574e-01,9.515542984008789062e-01,-1.146845102310180664e+00,1.599826849997043610e-02,3.452645242214202881e-01,-1.105747342109680176e+00,1.153989553451538086e+00,1.811244487762451172e+00,1.663248658180236816e+00,2.625663392245769501e-02,-1.295655369758605957e-01,1.036365151405334473e+00,3.863796889781951904e-01,-2.592463791370391846e-01,7.628843784332275391e-01,1.159500718116760254e+00,7.796998023986816406e-01,3.455527722835540771e-01,1.994440704584121704e-01,8.911802172660827637e-01,-5.959009528160095215e-01,4.323199987411499023e-01,4.156819581985473633e-01,1.579654961824417114e-01,8.281116485595703125e-01,-1.557772010564804077e-01,1.377031207084655762e+00,2.673577144742012024e-02,1.030754327774047852e+00,-7.354138791561126709e-02,-3.968990221619606018e-02,5.544335246086120605e-01,-2.195337861776351929e-01,7.850587964057922363e-01
1.735670268535614014e-01,3.650976717472076416e-01,6.731874942779541016e-01,-1.710218310356140137e+00,1.107704043388366699e-01,-1.386156320571899414e+00,5.695230364799499512e-01,1.231903195381164551e+00,-4.549689292907714844e-01,-9.781523942947387695e-01,-1.421304941177368164e+00,1.958229541778564453e+00,1.233196333050727844e-01,3.590122759342193604e-01,-1.994111299514770508e+00,1.007603049278259277e+00,5.723160505294799805e-01,9.376341700553894043e-01,-8.315691947937011719e-01,-2.528417110443115234e-01,3.511857241392135620e-02,-4.179547131061553955e-01,5.567326545715332031e-01,1.086825728416442871e+00,1.803130269050598145e+00,2.042519301176071167e-01,1.944413036108016968e-01,1.675298810005187988e+00,-2.665355429053306580e-02,3.276008963584899902e-01,1.129430890083312988e+00,-4.815816879272460938e-01,8.835940957069396973e-01,-8.446214795112609863e-01,1.141005754470825195e+00,-1.918676346540451050e-01,8.613926172256469727e-01,2.303365170955657959e-01,-1.554637312889099121e+00,1.390237689018249512e+00,-2.734549045562744141e+00,-6.535603404045104980e-01,1.043823719024658203e+00,-1.183806419372558594e+00,8.521713614463806152e-01,-7.089810967445373535e-01,-5.724633932113647461e-01,-5.508399009704589844e-01,-3.685024976730346680e-01,-1.056649923324584961e+00,-5.701489374041557312e-02,-1.803209781646728516e+00,-1.878902316093444824e+00,-4.186387062072753906e-01,-8.774250149726867676e-01,6.189458370208740234e-01,-1.148161739110946655e-01,-1.167653918266296387e+00,1.118352055549621582e+00,1.793921351432800293e+00,-5.413563251495361328e-01,-9.365732222795486450e-02,-1.365047991275787354e-01,8.725372701883316040e-02,-4.292752444744110107e-01,4.372199773788452148e-01,-7.899926304817199707e-01,-1.118367552757263184e+00,-8.992028236389160156e-01,1.570452451705932617e-01,-1.070938229560852051e+00,-2.780382633209228516e-01,-6.437633186578750610e-02,-1.925205588340759277e+00,8.904234170913696289e-01,1.858317732810974121e+00,-7.753244638442993164e-01,-1.795681476593017578e+00,7.158001065254211426e-01,1.130440086126327515e-01,-9.474196434020996094e-01,-2.683961987495422363e-01,9.209883809089660645e-01,7.215559482574462891e-01,-8.413391709327697754e-01,1.074789315462112427e-01,1.785125136375427246e-01,-2.029013633728027344e-01,2.295532077550888062e-01,2.688669860363006592e-01,2.007317066192626953e+00,1.090323090553283691e+00,-5.379503369331359863e-01,-2.215360641479492188e+00,-1.578255295753479004e-01,5.606165528297424316e-01,6.901522278785705566e-01,2.364834070205688477e+00,1.338521540164947510e-01,1.486024558544158936e-01
-4.589433073997497559e-01,-1.520845890045166016e+00,-1.166348218917846680e+00,4.487184584140777588e-01,-4.305017888545989990e-01,-2.121588230133056641e+00,2.322086572647094727e+00,-8.219034671783447266e-01,-4.599912762641906738e-01,-4.303038716316223145e-01,-4.467689692974090576e-01,-1.295846462249755859e+00,-1.365467905998229980e-01,-5.625158548355102539e-01,-7.474953681230545044e-02,-1.068684101104736328e+00,-2.769149243831634521e-01,1.498046398162841797e+00,2.480338662862777710e-01,5.939703583717346191e-01,5.491189658641815186e-02,-2.543337643146514893e-01,-3.339369595050811768e-01,4.506244063377380371e-01,1.015300869941711426e+00,-1.868456125259399414e+00,1.749674528837203979e-01,1.837158083915710449e+00,-2.916291713714599609e+00,4.083412587642669678e-01,-2.037177324295043945e+00,4.167687613517045975e-03,7.692086696624755859e-01,-3.834934830665588379e-01,-5.440427660942077637e-01,-3.739945590496063232e-01,-1.247280955314636230e+00,-2.774055480957031250e+00,-1.084803819656372070e+00,1.445759654045104980e+00,1.019623517990112305e+00,1.904405802488327026e-01,3.217096328735351562e-01,-1.698904752731323242e+00,-8.622930645942687988e-01,-5.333389639854431152e-01,1.279151439666748047e+00,-4.725103452801704407e-02,-9.161854386329650879e-01,5.857839584350585938e-01,4.549613595008850098e-01,7.917014360427856445e-01,3.014448285102844238e-01,-3.000650554895401001e-02,8.611170053482055664e-01,-9.455721378326416016e-01,-4.230569005012512207e-01,-5.926583409309387207e-01,1.711709856986999512e+00,-1.500404596328735352e+00,-9.495109319686889648e-02,1.574805498123168945e+00,-1.665427088737487793e+00,5.991134047508239746e-01,1.275502562522888184e+00,4.321677386760711670e-01,6.955047249794006348e-01,-3.377512693405151367e-01,-1.367980241775512695e+00,-1.263501763343811035e+00,-6.501619219779968262e-01,-3.772945404052734375e-01,-1.051449537277221680e+00,2.756468057632446289e+00,-4.317563772201538086e-01,-1.662811160087585449e+00,8.454567193984985352e-01,4.821524024009704590e-01,9.516691565513610840e-01,-1.012696743011474609e+00,2.258319258689880371e-01,9.980638027191162109e-01,1.553080081939697266e-01,-8.398098945617675781e-01,-4.896316230297088623e-01,7.669765949249267578e-01,-3.114871121942996979e-02,8.195035457611083984e-01,3.066930361092090607e-02,-1.624418854713439941e+00,6.017418503761291504e-01,-9.321764111518859863e-01,-1.770346283912658691e+00,6.282796263694763184e-01,-8.120005130767822266e-01,9.028352499008178711e-01,-1.577962487936019897e-01,8.855181932449340820e-01,6.634494662284851074e-01,-2.024015903472900391e+00
6.580319404602050781e-01,1.297439694404602051e+00,-1.580122232437133789e+00,-2.298238754272460938e+00,-9.747058749198913574e-01,6.998133659362792969e-01,7.534710168838500977e-01,-4.743134081363677979e-01,-7.538398504257202148e-01,3.468116819858551025e-01,-5.343604087829589844e-01,1.123134970664978027e+00,6.247308850288391113e-01,-4.821041524410247803e-01,-3.983588814735412598e-01,-2.200490981340408325e-01,-6.589338183403015137e-02,4.182537794113159180e-01,1.506939172744750977e+00,8.924552202224731445e-01,-4.134031757712364197e-02,3.774313032627105713e-01,5.027402639389038086e-01,4.612983763217926025e-01,1.966887474060058594e+00,2.255296707153320312e+00,-8.479737043380737305e-01,-8.353638052940368652e-01,-2.402137815952301025e-01,-1.101838588714599609e+00,-1.292854547500610352e+00,1.380068659782409668e-01,-1.726308107376098633e+00,9.004414081573486328e-01,6.364404559135437012e-01,1.031337380409240723e-01,2.274144172668457031e+00,-1.085521932691335678e-02,2.417627125978469849e-01,-5.107814669609069824e-01,3.108784258365631104e-01,-4.266156256198883057e-01,-3.586625158786773682e-01,-6.428938508033752441e-01,-1.609537243843078613e+00,-8.310409784317016602e-01,8.003537654876708984e-01,2.239397287368774414e+00,-2.905701752752065659e-03,-9.696664810180664062e-01,-6.818373501300811768e-02,2.098576545715332031e+00,1.009834647178649902e+00,-4.720259606838226318e-01,5.655552744865417480e-01,2.957007288932800293e-02,-6.418325901031494141e-01,2.108442783355712891e-02,6.687941551208496094e-01,-2.609808743000030518e-02,-2.202281713485717773e+00,1.396952152252197266e+00,3.629089593887329102e-01,-1.830518126487731934e+00,1.304516196250915527e+00,4.680786654353141785e-02,-8.353026509284973145e-01,-2.395322561264038086e+00,6.217227578163146973e-01,-1.376762390136718750e-01,-1.389329552650451660e+00,-1.258256584405899048e-01,5.175290107727050781e-01,-2.065534353256225586e+00,-6.235417723655700684e-02,7.981967926025390625e-01,-4.503622949123382568e-01,8.090442419052124023e-01,1.873548388481140137e+00,1.589446663856506348e+00,-1.510969251394271851e-01,1.324290990829467773e+00,4.595636427402496338e-01,-1.358602404594421387e+00,1.614009380340576172e+00,-1.285677682608366013e-02,-8.611164689064025879e-01,5.547575950622558594e-01,1.414650082588195801e+00,-3.208175301551818848e-02,-6.391959786415100098e-01,-5.013542175292968750e-01,-5.218687057495117188e-01,-1.922331690788269043e+00,6.448828577995300293e-01,-1.210026383399963379e+00,8.194977045059204102e-01,-1.548354774713516235e-01,-4.676058888435363770e-01,-2.220757901668548584e-01
-1.537813305854797363e+00,-1.266921758651733398e+00,-8.520485460758209229e-02,-2.099021822214126587e-01,-3.637169599533081055e-01,-1.156898140907287598e+00,-9.548897743225097656e-01,-2.826944589614868164e-01,-9.005869030952453613e-01,-1.669738173484802246e+00,1.497821789234876633e-02,-4.684025347232818604e-01,-1.465335488319396973e-02,8.259553313255310059e-01,7.181771993637084961e-01,1.731966137886047363e-01,-8.945147991180419922e-01,3.075482547283172607e-01,1.339413404464721680e+00,-2.738396167755126953e+00,-6.745130419731140137e-01,5.102011561393737793e-01,4.858689010143280029e-01,6.810852885246276855e-01,5.516716837882995605e-01,-3.000805675983428955e-01,1.197192907333374023e+00,-3.893686234951019287e-01,-1.856217682361602783e-01,1.141641616821289062e+00,-5.373862981796264648e-01,-6.872017383575439453e-01,6.820621490478515625e-01,-6.107641458511352539e-01,2.412374019622802734e-01,-2.540867328643798828e-01,3.741495013236999512e-01,1.343494415283203125e+00,9.576581120491027832e-01,2.709136903285980225e-01,5.977324247360229492e-01,-6.639507412910461426e-01,-9.687299728393554688e-01,-5.815847516059875488e-01,-1.149701714515686035e+00,6.379048824310302734e-01,-9.783934354782104492e-01,-1.394225955009460449e+00,-1.449556469917297363e+00,5.038245320320129395e-01,-6.479272246360778809e-01,-2.676817178726196289e-01,-7.874890565872192383e-01,-1.961991667747497559e+00,-4.149326384067535400e-01,-1.122348070144653320e+00,-4.012576341629028320e-01,1.707277297973632812e-01,-1.029499053955078125e+00,1.358808636665344238e+00,-5.323804020881652832e-01,1.018644213676452637e+00,-1.119906663894653320e+00,8.238347172737121582e-01,-1.409781694412231445e+00,3.048952519893646240e-01,7.691878676414489746e-01,1.791521430015563965e+00,-8.414529561996459961e-01,-3.400508165359497070e-01,-6.844928264617919922e-01,1.296566009521484375e+00,-1.399913579225540161e-01,2.366822361946105957e-01,-4.912824034690856934e-01,-6.980476900935173035e-03,6.746610403060913086e-01,-7.105097174644470215e-02,-1.142364859580993652e+00,9.091801047325134277e-01,-3.677783310413360596e-01,1.226339936256408691e+00,-6.226717233657836914e-01,-1.377367496490478516e+00,-2.898402810096740723e-01,-2.258319556713104248e-01,-1.141217350959777832e+00,-1.793551802635192871e+00,4.274237751960754395e-01,5.244058966636657715e-01,-1.313538789749145508e+00,5.239986777305603027e-01,-8.372051119804382324e-01,7.360123842954635620e-02,-1.241644918918609619e-01,-9.471050500869750977e-01,6.442744135856628418e-01,5.367915630340576172e-01,-3.975154459476470947e-01,1.453022360801696777e-01
