-1.831996321678161621e+00,1.841791987419128418e+00,9.453061819076538086e-01,1.179528236389160156e+00,-1.076180219650268555e+00,-3.012907505035400391e-01,4.067462384700775146e-01,1.411574840545654297e+00,3.003155708312988281e+00,5.525411367416381836e-01,-7.161976695060729980e-01,2.127046108245849609e+00,-1.158548474311828613e+00,-1.018660426139831543e+00,-5.608988404273986816e-01,-1.681157469749450684e+00,-1.330709218978881836e+00,3.430510461330413818e-01,6.805401444435119629e-01,4.875125885009765625e-01,-7.970286607742309570e-01,1.186587929725646973e+00,3.943599760532379150e-02,1.453989148139953613e-01,-6.511629819869995117e-01,2.260314226150512695e+00,8.394634127616882324e-01,-2.317902743816375732e-01,8.617378473281860352e-01,9.109960794448852539e-01,-2.889400124549865723e-01,-7.200478911399841309e-01,5.519080162048339844e-01,-1.144117832183837891e+00,4.765734672546386719e-01,9.580296277999877930e-01,-1.113784432411193848e+00,-7.941499948501586914e-01,-7.621286511421203613e-01,-1.283044517040252686e-01,-4.049882590770721436e-01,-1.565352320671081543e+00,-3.198192596435546875e+00,3.469509482383728027e-01,2.176126837730407715e-01,4.792151451110839844e-01,1.048470020294189453e+00,-2.659682512283325195e+00,9.348765015602111816e-01,-7.310978174209594727e-01,-3.890658318996429443e-01,-6.463044881820678711e-01,1.026226520538330078e+00,-1.042056322097778320e+00,4.261022508144378662e-01,9.359589219093322754e-01,6.230795979499816895e-01,1.167188405990600586e+00,-1.029147744178771973e+00,-7.238438129425048828e-01,-6.143818497657775879e-01,-1.633035659790039062e+00,-2.877726256847381592e-01,-1.021200895309448242e+00,-8.275050520896911621e-01,-2.243339419364929199e-01,-1.192083731293678284e-01,1.089747428894042969e+00,-4.230732321739196777e-01,-9.277513623237609863e-01,5.321793556213378906e-01,1.693294942378997803e-01,9.137858152389526367e-01,7.999751567840576172e-01,9.130367636680603027e-01,-2.183899164199829102e+00,1.173642516136169434e+00,-1.247049689292907715e+00,-1.812530159950256348e-01,6.213681101799011230e-01,6.690691709518432617e-01,9.951875805854797363e-01,1.883774518966674805e+00,-5.471731349825859070e-02,-9.827930927276611328e-01,-8.289275169372558594e-01,7.593060731887817383e-01,-2.117656230926513672e+00,9.612367749214172363e-01,-7.553566098213195801e-01,-9.862075448036193848e-01,5.442148447036743164e-02,-1.034233450889587402e+00,-1.794971674680709839e-01,-5.598239898681640625e-01,-1.258646965026855469e+00,1.460300207138061523e+00,1.045392632484436035e+00,6.833518147468566895e-01,2.325270175933837891e-01
-1.223235487937927246e+00,9.096637964248657227e-01,8.741920590400695801e-01,-9.745770096778869629e-01,-6.215249300003051758e-01,-3.353790044784545898e-01,1.720140278339385986e-01,-4.576750993728637695e-01,-8.719943761825561523e-01,-1.021295428276062012e+00,-4.043092131614685059e-01,-5.673974752426147461e-01,-3.303721547126770020e-02,-6.848176121711730957e-01,-1.013509750366210938e+00,9.411913752555847168e-01,4.523964524269104004e-01,-2.103446960449218750e+00,-3.057036697864532471e-01,1.976747810840606689e-01,1.600000143051147461e+00,-3.008971214294433594e-01,4.385350644588470459e-01,-1.431406617164611816e+00,8.325502276420593262e-01,2.080731838941574097e-01,-9.918311238288879395e-01,-5.461936071515083313e-02,-5.452681183815002441e-01,2.617641925811767578e+00,4.265310466289520264e-01,4.453431442379951477e-02,4.690883457660675049e-01,5.548363924026489258e-01,-6.568042188882827759e-02,1.075001835823059082e+00,1.021543070673942566e-01,-1.282172560691833496e+00,-3.433785438537597656e-01,1.355115890502929688e+00,-1.141742229461669922e+00,1.290964841842651367e+00,-3.359274864196777344e-01,1.153754353523254395e+00,-1.731674373149871826e-01,2.676195800304412842e-01,6.627311706542968750e-01,-5.806030631065368652e-01,-6.450653672218322754e-01,7.846405357122421265e-02,-1.314088225364685059e+00,-1.074943423271179199e+00,1.262845516204833984e+00,5.146720409393310547e-01,-1.918027520179748535e+00,5.292778462171554565e-02,-7.317381501197814941e-01,-7.397930026054382324e-01,8.938402533531188965e-01,5.933327078819274902e-01,5.876704454421997070e-01,-1.091359615325927734e+00,-1.665322184562683105e-01,8.578535318374633789e-01,-3.080694377422332764e-01,5.705009698867797852e-01,-9.608048945665359497e-02,7.146049141883850098e-01,-3.348589316010475159e-02,5.087832212448120117e-01,-5.709655880928039551e-01,-8.496322482824325562e-02,4.335075616836547852e-01,-4.511007666587829590e-01,-9.917157888412475586e-01,-7.515531182289123535e-01,5.489355325698852539e-01,-2.079119920730590820e+00,-3.662039637565612793e-01,3.095801770687103271e-01,-9.932245314121246338e-02,2.726780176162719727e-01,-1.017097473144531250e+00,3.897292912006378174e-01,-1.991422623395919800e-01,-2.275432199239730835e-01,2.376780509948730469e-01,2.477001190185546875e+00,-5.624973177909851074e-01,-1.582325249910354614e-01,2.955021262168884277e-01,-3.616838157176971436e-01,5.808060169219970703e-01,-8.136989176273345947e-02,-1.949878573417663574e+00,-1.434781551361083984e+00,5.099834799766540527e-01,-7.686950564384460449e-01,2.786741852760314941e-01,-1.734977937303483486e-03
9.666553139686584473e-01,7.071083039045333862e-02,1.171789169311523438e+00,-4.358988106250762939e-01,-1.316189527511596680e+00,-5.109032243490219116e-02,-2.407058715820312500e+00,2.372746318578720093e-01,-1.897282361984252930e+00,3.972750902175903320e-01,-8.357523679733276367e-01,-2.308840990066528320e+00,4.420045018196105957e-02,1.065020918846130371e+00,-5.713686347007751465e-01,1.589862942695617676e+00,-1.859675884246826172e+00,4.778392314910888672e-01,2.921178340911865234e-01,-5.970907956361770630e-02,1.616658568382263184e+00,-1.501162528991699219e+00,1.454891264438629150e-01,4.980196431279182434e-02,5.835222005844116211e-01,5.140496492385864258e-01,9.497534483671188354e-02,3.917079269886016846e-01,-2.432947009801864624e-01,-3.596857488155364990e-01,9.060618877410888672e-01,-6.080149412155151367e-01,2.977783679962158203e-01,-1.222713947296142578e+00,-7.022996544837951660e-01,2.980062365531921387e-01,2.081548422574996948e-01,-1.688702702522277832e-01,1.016328573226928711e+00,-1.075631260871887207e+00,2.820816636085510254e-01,1.523222804069519043e+00,1.009622335433959961e+00,-1.237811684608459473e+00,4.714554548263549805e-01,-5.327063426375389099e-02,-1.061034128069877625e-01,7.172999382019042969e-01,-3.378199934959411621e-01,5.226944088935852051e-01,-3.980684280395507812e-01,8.897130191326141357e-02,7.178456187248229980e-01,1.167206019163131714e-01,1.779349327087402344e+00,7.882658243179321289e-01,-4.031355679035186768e-01,2.076537162065505981e-01,-1.594061106443405151e-01,-3.260131180286407471e-01,-5.502233281731605530e-02,6.423122286796569824e-01,2.771313905715942383e+00,-1.448367714881896973e+00,-1.708836555480957031e+00,1.358622312545776367e+00,6.467223763465881348e-01,4.106937646865844727e-01,7.842944264411926270e-01,-3.505444526672363281e-01,-1.050704479217529297e+00,-1.218449711799621582e+00,-1.889375150203704834e-01,1.933024287223815918e+00,2.264532446861267090e-01,1.626567006111145020e+00,-1.476260423660278320e-01,-5.033474564552307129e-01,4.398815333843231201e-01,-4.572312533855438232e-01,-1.577511429786682129e+00,-1.790593564510345459e-01,6.895188093185424805e-01,7.658365368843078613e-01,-2.496935725212097168e-01,1.060787513852119446e-01,-1.305734515190124512e+00,8.285984396934509277e-01,-2.288646101951599121e-01,-2.471503168344497681e-01,6.971938610076904297e-01,-6.289724111557006836e-01,1.473025321960449219e+00,-2.669656276702880859e-02,2.845658063888549805e-01,-1.136725902557373047e+00,-6.479510571807622910e-03,2.517023801803588867e+00,-3.987940847873687744e-01,2.533096373081207275e-01
-9.009161591529846191e-01,1.033757209777832031e+00,6.438169479370117188e-01,-1.124449372291564941e+00,-1.571331024169921875e+00,-9.562597274780273438e-01,8.636294603347778320e-01,2.658482074737548828e+00,-9.132300615310668945e-01,-2.503530867397785187e-02,-1.184340238571166992e+00,-1.395149111747741699e+00,-6.572145819664001465e-01,5.619457364082336426e-01,2.930078655481338501e-02,6.083691716194152832e-01,-4.252790808677673340e-01,-3.585536479949951172e+00,1.485435485839843750e+00,-6.053521633148193359e-01,1.596736609935760498e-01,5.572468042373657227e-01,2.184625625610351562e+00,-4.824589788913726807e-01,-4.649569988250732422e-01,-3.830917775630950928e-01,-6.151608005166053772e-02,-5.954699516296386719e-01,5.004943609237670898e-01,-7.022410631179809570e-01,5.308141112327575684e-01,1.410500407218933105e-01,-1.192597985267639160e+00,2.796258628368377686e-01,-8.549600839614868164e-01,8.453875184059143066e-01,-9.412205815315246582e-01,9.821255207061767578e-01,4.063046276569366455e-01,7.719056010246276855e-01,-3.420598804950714111e-01,1.680132865905761719e+00,8.664024621248245239e-02,-5.587536096572875977e-01,-1.448457594960927963e-02,1.381532311439514160e+00,3.326759934425354004e-01,-1.618361026048660278e-01,8.580668568611145020e-01,9.408327341079711914e-01,-5.986731648445129395e-01,6.261234283447265625e-01,1.177742004394531250e+00,-3.698025643825531006e-01,1.073455929756164551e+00,-5.144025087356567383e-01,7.045671343803405762e-01,7.514644265174865723e-01,3.256881237030029297e-01,-1.217952132225036621e+00,1.901395432651042938e-02,-1.224174723029136658e-01,4.148118793964385986e-01,-8.089168071746826172e-01,-1.417029976844787598e+00,7.126245647668838501e-02,-3.572942912578582764e-01,-7.116840779781341553e-02,1.774303764104843140e-01,-2.613860368728637695e-01,7.413685917854309082e-01,7.019843459129333496e-01,-1.450828194618225098e+00,-3.865253031253814697e-01,-9.856397509574890137e-01,-7.180717587471008301e-01,-1.143010973930358887e+00,6.838860511779785156e-01,7.533833384513854980e-01,-2.278100252151489258e-01,1.338132172822952271e-01,-1.250892043113708496e+00,-4.262822866439819336e-01,3.899439573287963867e-01,1.489347577095031738e+00,1.735916733741760254e-01,-2.202089428901672363e-01,-8.510342240333557129e-01,-1.563858389854431152e+00,1.334660410881042480e+00,9.217445254325866699e-01,1.053804233670234680e-01,5.607399344444274902e-01,1.522203683853149414e-01,-6.176508069038391113e-01,1.044388175010681152e+00,8.695742487907409668e-01,5.573371648788452148e-01,8.512902259826660156e-01,-1.217506647109985352e+00
-7.003137469291687012e-01,-9.515739046037197113e-03,7.335658650845289230e-03,5.218259692192077637e-01,1.561082005500793457e-01,1.557199835777282715e+00,1.485542297363281250e+00,1.864914774894714355e+00,3.610050678253173828e-02,-1.173887133598327637e+00,-8.893672227859497070e-01,2.208279132843017578e+00,9.886264801025390625e-01,-8.359303474426269531e-01,-3.834953159093856812e-02,-8.049549460411071777e-01,-1.327252507209777832e+00,1.245300054550170898e+00,1.742459893226623535e+00,7.955156564712524414e-01,6.699606180191040039e-01,-4.708454310894012451e-01,5.112113356590270996e-01,1.015752088278532028e-02,-1.539994120597839355e+00,9.891977906227111816e-01,-1.085089445114135742e+00,-1.016298532485961914e+00,1.657926440238952637e+00,5.151535868644714355e-01,8.857367634773254395e-01,1.705823466181755066e-02,-9.698762893676757812e-01,5.167583823204040527e-01,1.073747873306274414e+00,4.640760719776153564e-01,1.698398113250732422e+00,1.197341531515121460e-01,9.355280995368957520e-01,3.851743042469024658e-02,-1.224235057830810547e+00,-2.255606353282928467e-01,6.617004871368408203e-01,-4.414805769920349121e-01,-4.714391231536865234e-01,-7.313635349273681641e-01,8.924269676208496094e-01,-8.039491772651672363e-01,-2.468344122171401978e-01,5.841740369796752930e-01,-1.013467907905578613e+00,-1.787330657243728638e-01,8.280618786811828613e-01,-1.918912768363952637e+00,-1.682359278202056885e-01,7.277852892875671387e-01,1.102636098861694336e+00,-9.103760123252868652e-01,1.885653495788574219e+00,-4.344478547573089600e-01,3.742899894714355469e-01,-1.115649938583374023e+00,5.203704833984375000e-01,1.947394490242004395e+00,-1.496613770723342896e-01,-1.470149159431457520e-01,-5.068231225013732910e-01,-7.947961986064910889e-02,-7.454521059989929199e-01,1.187572106719017029e-01,-2.967684566974639893e-01,3.678151369094848633e-01,-1.491795539855957031e+00,8.535961061716079712e-02,8.145524859428405762e-01,-7.656670808792114258e-01,2.123608142137527466e-01,-1.082273364067077637e+00,1.030114650726318359e+00,2.081414222717285156e+00,-6.456196308135986328e-01,-1.312204480171203613e+00,-1.719266533851623535e+00,-1.582906246185302734e+00,1.951421052217483521e-01,-3.368132412433624268e-01,-6.644430756568908691e-02,-9.701503515243530273e-01,-1.173984885215759277e+00,-7.165578603744506836e-01,6.251752376556396484e-01,-1.209281980991363525e-01,-4.230825975537300110e-02,-1.030323386192321777e+00,-9.714616537094116211e-01,9.988376498222351074e-01,-1.250235795974731445e+00,-1.000903129577636719e+00,-1.595572233200073242e+00,7.114678025245666504e-01
5.801785364747047424e-02,-1.304877638816833496e+00,-2.972508668899536133e-01,8.114581108093261719e-01,1.354709863662719727e+00,-5.280180573463439941e-01,9.810849428176879883e-01,3.443668484687805176e-01,4.631953239440917969e-01,-3.824732899665832520e-01,2.316805273294448853e-01,-7.718496918678283691e-01,1.190884232521057129e+00,1.799337029457092285e+00,-1.444472372531890869e-01,-8.088346123695373535e-01,-3.173097968101501465e-01,-1.405164718627929688e+00,5.296232700347900391e-01,-1.144182920455932617e+00,1.202054142951965332e+00,2.072565853595733643e-01,2.046521157026290894e-01,2.433326989412307739e-01,-1.028543040156364441e-01,-8.267680406570434570e-01,1.839281320571899414e-01,7.245770096778869629e-02,3.613726139068603516e+00,-7.296882271766662598e-01,3.824609816074371338e-01,-4.311455786228179932e-01,2.810525894165039062e-01,2.006813287734985352e-01,3.535303175449371338e-01,-1.629955053329467773e+00,5.813516378402709961e-01,1.171615570783615112e-01,-1.617274045944213867e+00,-1.845546364784240723e-01,1.090870499610900879e+00,-1.416124254465103149e-01,3.636144697666168213e-01,-3.455392718315124512e-01,-3.771667480468750000e-01,-5.197119712829589844e-01,1.343847274780273438e+00,3.363327085971832275e-01,2.968611717224121094e-01,-5.420257896184921265e-02,8.044118434190750122e-02,-4.233163222670555115e-02,1.145020484924316406e+00,-2.598223447799682617e+00,2.134496688842773438e+00,9.182678461074829102e-01,-1.244215846061706543e+00,-8.860828876495361328e-01,4.615253210067749023e-01,-1.479902625083923340e+00,1.976869255304336548e-01,-9.394935965538024902e-01,1.879575401544570923e-01,-2.423339486122131348e-01,-7.151286005973815918e-01,-3.631745278835296631e-01,-7.448213100433349609e-01,1.595509409904479980e+00,1.035883948206901550e-01,-1.468996286392211914e+00,2.974036037921905518e-01,-8.238206505775451660e-01,6.786636114120483398e-01,2.882287502288818359e-01,-6.646821498870849609e-01,-1.223786115646362305e+00,-3.476732671260833740e-01,-6.628119349479675293e-01,1.959673687815666199e-02,-1.710402965545654297e+00,1.033292189240455627e-01,-1.078068256378173828e+00,-7.114698886871337891e-01,2.277092456817626953e+00,1.583924055099487305e+00,2.157139301300048828e+00,-9.623303413391113281e-01,6.182956099510192871e-01,-9.447494149208068848e-01,-1.270272493362426758e+00,6.939029693603515625e-01,-1.637220740318298340e+00,2.749970853328704834e-01,1.566445231437683105e+00,8.177614808082580566e-01,-1.209013462066650391e+00,1.086382031440734863e+00,-5.437713116407394409e-02,1.001622200012207031e+00,1.216445267200469971e-01
-8.303688764572143555e-01,2.154654264450073242e-02,4.589771330356597900e-01,-9.012567996978759766e-01,8.076561093330383301e-01,7.975528240203857422e-01,3.039056062698364258e+00,3.180341422557830811e-01,-1.782017111778259277e+00,1.072635173797607422e+00,8.960559964179992676e-01,1.045831739902496338e-01,-1.819524645805358887e+00,2.112537622451782227e-01,1.310614645481109619e-01,9.966100007295608521e-02,-9.733942151069641113e-01,-3.256240785121917725e-01,-5.812237262725830078e-01,2.862885594367980957e-01,-1.383404374122619629e+00,9.392482042312622070e-01,-4.698838591575622559e-01,3.046039938926696777e-01,1.794275045394897461e-01,5.843950510025024414e-01,2.021146535873413086e+00,1.745563626289367676e+00,7.746497988700866699e-01,8.597074151039123535e-01,-4.224705100059509277e-01,1.107772707939147949e+00,1.779057502746582031e+00,-1.500029563903808594e+00,1.685157269239425659e-01,-2.593578100204467773e-01,2.091562002897262573e-01,-7.615716755390167236e-02,-1.043189406394958496e+00,1.182376742362976074e+00,3.269461989402770996e-01,-3.653320074081420898e-01,-4.011508226394653320e-01,-1.028160929679870605e+00,6.630421280860900879e-01,-2.387460321187973022e-01,4.448920190334320068e-01,-1.102848887443542480e+00,7.831113338470458984e-01,1.099211629480123520e-03,-1.510855078697204590e+00,-1.247665807604789734e-01,1.890991926193237305e+00,3.252694308757781982e-01,-1.775619387626647949e-01,3.400573730468750000e-01,3.892986774444580078e-01,-2.248093128204345703e+00,-4.191286861896514893e-01,-9.195997714996337891e-01,6.255173683166503906e-02,4.666538536548614502e-01,-1.337589621543884277e+00,2.943192720413208008e-01,-6.230268254876136780e-02,1.285295605659484863e+00,-4.541004076600074768e-02,1.451318897306919098e-02,2.555702328681945801e-01,5.150062441825866699e-01,9.674892425537109375e-01,-1.140481352806091309e+00,7.095926254987716675e-02,7.608710527420043945e-01,2.432340234518051147e-01,-4.172210097312927246e-01,2.996694743633270264e-01,-6.974267363548278809e-01,9.210996627807617188e-01,5.528723075985908508e-02,3.878261521458625793e-02,7.531838491559028625e-03,4.885635077953338623e-01,1.149974703788757324e+00,-1.726591467857360840e+00,-3.570182621479034424e-01,1.335727095603942871e+00,-4.570803046226501465e-01,8.749256283044815063e-02,-2.424001455307006836e+00,5.582096576690673828e-01,-9.685686230659484863e-01,-7.963753938674926758e-01,-3.500000536441802979e-01,-9.191375374794006348e-01,-2.806527614593505859e-01,4.254171848297119141e-01,-1.868687748908996582e+00,-2.013693809509277344e+00,-1.673825681209564209e-01
4.057385325431823730e-01,-4.266426265239715576e-01,9.289788007736206055e-01,5.563734173774719238e-01,4.568704664707183838e-01,5.749109387397766113e-01,2.388949632644653320e+00,-1.924106836318969727e+00,9.297410845756530762e-01,1.396164178848266602e+00,-1.561316251754760742e+00,1.585159897804260254e+00,-1.205707311630249023e+00,2.327610403299331665e-01,1.613297820091247559e+00,1.434968948364257812e+00,-1.545245766639709473e+00,-5.896565914154052734e-01,-1.257145166397094727e+00,1.597956895828247070e+00,1.666642911732196808e-02,2.670279145240783691e-01,-5.547506213188171387e-01,4.928648173809051514e-01,-1.362643957138061523e+00,-9.154750108718872070e-01,4.455284774303436279e-01,8.118467926979064941e-01,9.345041513442993164e-01,-5.147022604942321777e-01,7.146087884902954102e-01,-2.072779536247253418e-01,-2.838415622711181641e+00,-1.035764932632446289e+00,1.193099498748779297e+00,-4.724417626857757568e-02,5.729948729276657104e-02,1.169718742370605469e+00,3.312988877296447754e-01,-7.084099948406219482e-02,1.019016623497009277e+00,1.439562439918518066e+00,-9.657027721405029297e-01,-4.684518091380596161e-03,-2.831425428390502930e+00,1.367985129356384277e+00,1.849491596221923828e+00,7.802591919898986816e-01,1.219056010246276855e+00,-1.379815697669982910e+00,9.344939589500427246e-01,2.045470178127288818e-01,1.535557657480239868e-01,3.950317502021789551e-01,-5.950310081243515015e-02,7.908053398132324219e-01,4.176783263683319092e-01,4.868401288986206055e-01,-2.487327575683593750e+00,-8.786377310752868652e-01,-3.701276183128356934e-01,6.838718056678771973e-01,3.031844198703765869e-01,-1.608216166496276855e+00,5.555165410041809082e-01,5.389576032757759094e-02,1.098248809576034546e-01,-1.989867687225341797e-01,-1.159545421600341797e+00,7.564725279808044434e-01,-8.760020732879638672e-01,3.616986870765686035e-01,-3.293362557888031006e-01,4.602901637554168701e-01,-1.000255107879638672e+00,5.816043540835380554e-02,3.744588792324066162e-01,4.243388772010803223e-01,1.612223744392395020e+00,1.054045677185058594e+00,-9.371426105499267578e-01,-2.229582786560058594e+00,2.220227718353271484e-01,-3.142298758029937744e-02,-1.962970644235610962e-01,-1.811881780624389648e+00,-1.109186649322509766e+00,4.289698600769042969e-01,5.195254087448120117e-01,-1.877431571483612061e-01,-1.055928349494934082e+00,7.838681936264038086e-01,-4.510384500026702881e-01,1.135641455650329590e+00,-6.782436370849609375e-01,-1.037521362304687500e+00,-1.181721091270446777e+00,5.550383925437927246e-01,1.050379037857055664e+00,-6.266953945159912109e-01
1.697697758674621582e+00,-6.617641448974609375e-01,-4.071375429630279541e-01,7.474531531333923340e-01,-8.730406761169433594e-01,4.042192101478576660e-01,4.485820233821868896e-01,-1.130629181861877441e+00,1.735357522964477539e+00,-6.327406316995620728e-02,-9.984909296035766602e-01,-3.424148857593536377e-01,-6.993327140808105469e-01,-1.419016003608703613e+00,1.321162343025207520e+00,2.054475069046020508e+00,2.593500852584838867e+00,1.262577056884765625e+00,-5.253247171640396118e-02,1.158856034278869629e+00,2.342422246932983398e+00,-7.195171713829040527e-01,1.113601684570312500e+00,1.620376825332641602e+00,1.412285447120666504e+00,1.777967095375061035e+00,8.227330446243286133e-01,-3.212367296218872070e-01,-2.712846100330352783e-01,-1.316166639328002930e+00,3.295696377754211426e-01,1.925026297569274902e+00,-5.681970119476318359e-01,-3.625664412975311279e-01,1.126564070582389832e-01,9.501914381980895996e-01,-7.018980383872985840e-01,-8.026878237724304199e-01,1.834898710250854492e+00,7.871884703636169434e-01,1.099074125289916992e+00,1.642650485038757324e+00,-1.403200864791870117e+00,-3.234331607818603516e-01,-8.359144926071166992e-01,-6.613114476203918457e-01,-2.066694200038909912e-01,-1.065140604972839355e+00,-2.441507816314697266e+00,8.184179067611694336e-01,6.658532023429870605e-01,-2.225436925888061523e+00,-1.256649196147918701e-01,-4.104835912585258484e-02,-5.465497970581054688e-01,-5.928451418876647949e-01,-1.841738224029541016e+00,-7.388714551925659180e-01,1.494960784912109375e+00,7.049383521080017090e-01,-4.859126172959804535e-03,2.434255033731460571e-01,3.271552920341491699e-01,6.822044253349304199e-01,4.258763790130615234e-01,-1.245917201042175293e+00,-2.081332169473171234e-02,-1.886522293090820312e+00,-8.523738980293273926e-01,-7.802377939224243164e-01,-5.878666639328002930e-01,-6.878570467233657837e-02,8.239597082138061523e-01,-1.260401129722595215e+00,-2.527311563491821289e+00,-1.117013573646545410e+00,-1.811708927154541016e+00,2.600756883621215820e-01,1.172829627990722656e+00,2.327469587326049805e-01,6.149817109107971191e-01,3.279882371425628662e-01,-4.507323503494262695e-01,6.099730730056762695e-01,1.069588303565979004e+00,-9.556022882461547852e-01,1.736783981323242188e-01,-2.337355315685272217e-01,3.086116909980773926e-01,-1.907096982002258301e+00,5.111156105995178223e-01,4.271967709064483643e-01,-8.145115375518798828e-01,-3.410717248916625977e-01,8.813684433698654175e-02,-1.788132071495056152e+00,7.614767551422119141e-01,3.305763006210327148e-01,7.257742285728454590e-01,2.338423579931259155e-01
-2.813773155212402344e-01,1.901836872100830078e+00,9.016775488853454590e-01,7.054871916770935059e-01,-2.940646708011627197e-01,5.713757872581481934e-01,-7.630527019500732422e-01,-3.304328024387359619e-01,6.226919889450073242e-01,6.464106440544128418e-01,-2.055317349731922150e-02,9.883110523223876953e-01,-3.343284428119659424e-01,2.932856082916259766e-01,3.372881412506103516e-01,1.347227573394775391e+00,-3.657757937908172607e-01,-5.311055779457092285e-01,-4.745282232761383057e-02,-5.434218645095825195e-01,-2.017621994018554688e+00,-1.192465901374816895e+00,-1.500703394412994385e-01,4.620437920093536377e-01,-5.102565288543701172e-01,-5.987312793731689453e-01,9.079718589782714844e-01,-1.309685856103897095e-01,9.412345886230468750e-01,1.981989860534667969e+00,-3.576001524925231934e-01,7.770216464996337891e-01,3.879718482494354248e-02,7.198264598846435547e-01,5.257099270820617676e-01,3.583202958106994629e-01,6.642133593559265137e-01,2.970591001212596893e-02,5.179288983345031738e-01,8.398283720016479492e-01,-3.615539073944091797e-01,-8.864320814609527588e-02,-1.521226167678833008e-01,6.906632333993911743e-03,4.394798725843429565e-02,-9.534271955490112305e-01,-5.222781300544738770e-01,-1.572574488818645477e-02,-2.359445691108703613e-01,4.354007542133331299e-01,4.649085104465484619e-01,6.967209577560424805e-01,-9.010303765535354614e-02,6.190549731254577637e-01,2.012049257755279541e-01,-8.542529344558715820e-01,1.137841701507568359e+00,6.134929656982421875e-01,4.704637229442596436e-01,1.282841682434082031e+00,-2.670661211013793945e+00,5.372738242149353027e-01,-4.020861908793449402e-02,-5.002697110176086426e-01,-9.545786976814270020e-01,-1.412945389747619629e-01,-1.985346317291259766e+00,-1.081413149833679199e+00,-1.611421227455139160e+00,7.469483017921447754e-01,1.424796342849731445e+00,4.069235622882843018e-01,1.615283191204071045e-01,4.135151207447052002e-01,9.208045005798339844e-01,-1.175080180168151855e+00,1.269769668579101562e+00,-1.440053135156631470e-01,4.095136225223541260e-01,-8.874586224555969238e-01,-9.519678950309753418e-01,-4.217222929000854492e-01,-4.045186340808868408e-01,6.275604367256164551e-01,-8.206759691238403320e-01,2.549270093441009521e-01,3.056880831718444824e-01,-1.553275227546691895e+00,-1.472247004508972168e+00,2.667659759521484375e+00,-4.953540265560150146e-01,2.144793033599853516e+00,1.796774387359619141e+00,-4.597249329090118408e-01,7.137624025344848633e-01,1.282658576965332031e+00,-2.092182934284210205e-01,9.183289408683776855e-01,3.713741600513458252e-01,8.844812512397766113e-01
-1.029251694679260254e+00,-1.070589184761047363e+00,8.421347141265869141e-01,-4.946235418319702148e-01,-5.827516913414001465e-01,1.628543257713317871e+00,-1.906860806047916412e-02,3.977873027324676514e-01,-3.403735458850860596e-01,-1.767309427261352539e+00,2.349429428577423096e-01,4.648140370845794678e-01,7.211515307426452637e-01,2.495401352643966675e-01,-6.647665500640869141e-01,-1.180673122406005859e+00,-1.284507751464843750e+00,-1.763524293899536133e+00,-5.486704707145690918e-01,2.126419544219970703e-01,2.388771533966064453e+00,-2.497927248477935791e-01,-4.126723408699035645e-01,-2.676807641983032227e-01,7.918422818183898926e-01,-6.763572692871093750e-01,4.435376226902008057e-01,1.281947851181030273e+00,-6.514599323272705078e-01,2.186126261949539185e-01,-4.634203016757965088e-02,-2.441040515899658203e+00,-3.993327021598815918e-01,6.648129820823669434e-01,8.090696334838867188e-01,-6.498050689697265625e-01,1.214217662811279297e+00,-2.021450519561767578e+00,-8.610445261001586914e-01,1.141626015305519104e-01,-5.475482344627380371e-02,9.772563725709915161e-02,1.019129753112792969e+00,6.607146859169006348e-01,-1.079409047961235046e-01,-1.751081347465515137e+00,5.594009757041931152e-01,1.053375676274299622e-01,6.099023222923278809e-01,1.722737401723861694e-02,4.336223304271697998e-01,-2.896272242069244385e-01,-1.144916638731956482e-01,-1.060300946235656738e+00,1.048482730984687805e-01,-4.574669599533081055e-01,2.629182934761047363e-01,-9.492732286453247070e-01,9.966882467269897461e-01,-7.535103559494018555e-01,3.914015293121337891e-01,1.529615819454193115e-01,-3.858762085437774658e-01,1.030575394630432129e+00,9.381225705146789551e-01,3.559243083000183105e-01,-5.036533996462821960e-02,-1.572891235351562500e+00,1.455235630273818970e-01,-1.178134605288505554e-01,-1.365744948387145996e+00,7.353279590606689453e-01,-4.174810051918029785e-01,-4.581914842128753662e-02,8.755070567131042480e-01,-1.711430191993713379e+00,-1.178968310356140137e+00,-1.797045588493347168e+00,-1.370139002799987793e+00,-2.740281224250793457e-01,3.034889698028564453e-01,8.435953408479690552e-02,-3.941480219364166260e-01,-1.628055453300476074e+00,-4.613769650459289551e-01,-8.391813635826110840e-01,-5.399756431579589844e-01,-8.371238112449645996e-01,1.361441493034362793e+00,-3.382688164710998535e-01,-2.990453541278839111e-01,-4.504723846912384033e-01,-5.997565984725952148e-01,9.087968468666076660e-01,1.025928139686584473e+00,-5.676810741424560547e-01,1.150871291756629944e-01,-1.986200451850891113e+00,-7.106577754020690918e-01,9.323409795761108398e-01
1.202946782112121582e+00,-2.017098963260650635e-01,3.222278654575347900e-01,-1.135299444198608398e+00,-6.281276792287826538e-02,1.373203516006469727e+00,5.238837003707885742e-01,2.884953320026397705e-01,3.325957357883453369e-01,-5.453817248344421387e-01,-2.417469471693038940e-01,1.109189987182617188e+00,1.651641488075256348e+00,7.966748476028442383e-01,-7.723067402839660645e-01,7.052969932556152344e-01,1.207071900367736816e+00,-7.717368602752685547e-01,9.006642103195190430e-01,-1.437006115913391113e+00,1.329219937324523926e+00,1.312198996543884277e+00,3.867634832859039307e-01,1.122611999511718750e+00,1.373253166675567627e-01,1.503670096397399902e+00,-2.878656685352325439e-01,-2.960292816162109375e+00,-6.897161006927490234e-01,-1.192738533020019531e+00,4.077701866626739502e-01,-1.713149994611740112e-01,1.346069127321243286e-01,-1.553456544876098633e+00,1.052275657653808594e+00,-1.859714508056640625e+00,-3.896329104900360107e-01,7.085987329483032227e-01,2.663148641586303711e+00,1.020654559135437012e+00,1.281196236610412598e+00,3.800589442253112793e-01,2.683484554290771484e-01,-8.056619167327880859e-01,8.521972894668579102e-01,1.605668425559997559e+00,1.253736257553100586e+00,1.018283605575561523e+00,1.145409226417541504e+00,1.887441635131835938e+00,1.272061228752136230e+00,7.870494127273559570e-01,-6.788334846496582031e-01,-3.182888496667146683e-03,-1.231750488281250000e+00,-2.335781812667846680e+00,-3.658156096935272217e-02,-5.087042450904846191e-01,8.670238852500915527e-01,-1.227915644645690918e+00,-7.758558392524719238e-01,1.589779615402221680e+00,5.050955414772033691e-01,-3.751751407980918884e-02,1.025666236877441406e+00,6.432244181632995605e-01,6.993349194526672363e-01,-1.702556014060974121e+00,7.815353870391845703e-01,-1.398866057395935059e+00,8.739020824432373047e-01,7.920193076133728027e-01,1.869684815406799316e+00,-1.233289480209350586e+00,1.422258734703063965e+00,-2.422515630722045898e+00,-1.282255053520202637e+00,-3.111418724060058594e+00,-1.176021918654441833e-01,-5.373757481575012207e-01,2.181730508804321289e+00,8.525436371564865112e-02,-1.403116822242736816e+00,-1.828682869672775269e-01,1.420576572418212891e+00,-5.929571017622947693e-02,2.348154932260513306e-01,3.486408591270446777e-01,-7.669836282730102539e-01,1.858122348785400391e+00,-2.568860530853271484e+00,-1.034758567810058594e+00,7.985154390335083008e-01,2.867278754711151123e-01,7.854434251785278320e-01,-5.670812726020812988e-01,1.531127333641052246e+00,-1.029191091656684875e-01,-6.376139521598815918e-01,2.271148204803466797e+00
-5.599359869956970215e-01,1.415548175573348999e-01,6.079874634742736816e-01,1.155318737030029297e+00,-1.541451930999755859e+00,1.738802492618560791e-01,-2.775666117668151855e-01,5.393069982528686523e-01,1.810075640678405762e+00,-1.232383623719215393e-01,4.722832739353179932e-01,1.435839533805847168e-01,-2.952869832515716553e-01,6.084521412849426270e-01,9.643918275833129883e-02,-5.630052685737609863e-01,-7.064777612686157227e-01,-2.491130590438842773e+00,2.133683264255523682e-01,-1.252896428108215332e+00,2.344040393829345703e+00,1.395932734012603760e-01,6.133198738098144531e-01,-8.953514695167541504e-01,-4.279042482376098633e-01,-2.033617496490478516e+00,-1.795462965965270996e-01,-2.478398829698562622e-01,6.402075886726379395e-01,2.048818320035934448e-01,3.087452948093414307e-01,-3.182150721549987793e-01,-5.605503916740417480e-01,-1.166526436805725098e+00,-1.309086203575134277e+00,5.988962650299072266e-01,-4.508839845657348633e-01,7.804782390594482422e-01,3.404896259307861328e-01,-4.395055174827575684e-01,-1.316371083259582520e+00,1.039671897888183594e+00,4.763368368148803711e-01,-4.499851763248443604e-01,1.694038391113281250e+00,7.035049796104431152e-01,-1.520214676856994629e-01,1.937453985214233398e+00,-6.906576752662658691e-01,1.416537463665008545e-01,-3.914498388767242432e-01,8.752298355102539062e-01,-3.165796995162963867e-01,-6.127008795738220215e-01,-1.764251142740249634e-01,-1.222001791000366211e+00,-1.597399711608886719e+00,2.407786607742309570e+00,4.136545117944478989e-03,-1.062020540237426758e+00,-4.250041246414184570e-01,3.976671490818262100e-03,1.386257886886596680e+00,-4.914442896842956543e-01,2.736530601978302002e-01,1.558203548192977905e-01,-2.258066534996032715e-01,-9.447779655456542969e-01,-1.565559267997741699e+00,6.669031381607055664e-01,4.817952215671539307e-01,-8.371441960334777832e-01,-6.735458970069885254e-01,1.931623697280883789e+00,4.901907444000244141e-01,-3.392816185951232910e-01,-7.222768664360046387e-01,4.128729403018951416e-01,4.692722856998443604e-01,-7.329603433609008789e-01,-7.933707237243652344e-01,-6.611052155494689941e-01,-1.616565585136413574e-01,-3.654188811779022217e-01,-8.443409800529479980e-01,1.062859177589416504e+00,1.454792916774749756e-01,-9.587000608444213867e-01,-1.539595127105712891e-01,1.158780977129936218e-01,-2.079633176326751709e-01,1.537800550460815430e+00,1.130981802940368652e+00,-1.428712487220764160e+00,1.063573837280273438e+00,5.186401605606079102e-01,9.292966127395629883e-01,3.869324624538421631e-01,3.772271275520324707e-01,-1.734692811965942383e+00
4.668136239051818848e-01,-1.002429842948913574e+00,1.649100184440612793e+00,-6.440789103507995605e-01,2.994400560855865479e-01,-3.303548395633697510e-01,6.578022241592407227e-01,-1.380912780761718750e+00,-6.101521849632263184e-01,-3.538322448730468750e-01,5.196067318320274353e-02,1.926803350448608398e+00,-6.488688588142395020e-01,7.557542324066162109e-01,2.485144585371017456e-01,-1.189504265785217285e+00,2.169520378112792969e+00,-1.372185945510864258e+00,-1.076218206435441971e-02,-4.624892473220825195e-01,1.088567018508911133e+00,-1.640201568603515625e+00,3.381697833538055420e-01,2.684051692485809326e-01,-1.772117465734481812e-01,-1.622732043266296387e+00,7.994214445352554321e-02,-1.272683739662170410e+00,-1.016375899314880371e+00,-8.042456209659576416e-02,-1.379717826843261719e+00,2.908117294311523438e+00,4.513746500015258789e-01,1.660173177719116211e+00,1.047966480255126953e+00,4.537813365459442139e-01,6.203965544700622559e-01,-5.138570666313171387e-01,-1.041796684265136719e+00,-1.169970154762268066e+00,3.903925120830535889e-01,5.282863378524780273e-01,-2.779505252838134766e-01,-2.115298062562942505e-01,7.730425596237182617e-01,-1.132326602935791016e+00,7.804615050554275513e-02,2.017741352319717407e-01,-4.955978095531463623e-01,-1.555087447166442871e+00,-1.093925356864929199e+00,-4.966480731964111328e-01,-5.120527744293212891e-02,-4.571880698204040527e-01,-6.095207333564758301e-01,8.126952499151229858e-02,-1.418885439634323120e-01,-6.530970335006713867e-01,9.779944419860839844e-01,2.340847551822662354e-01,1.856012821197509766e+00,8.743385672569274902e-01,3.823881745338439941e-01,5.428812503814697266e-01,-3.446980118751525879e-01,-1.285214304924011230e+00,1.304604411125183105e-01,-1.610487401485443115e-01,-9.905075281858444214e-02,1.055330395698547363e+00,-1.311898589134216309e+00,1.018565654754638672e+00,-7.076707482337951660e-01,1.299889981746673584e-01,1.341282725334167480e+00,8.712608814239501953e-01,1.041153311729431152e+00,1.361322164535522461e+00,3.544981479644775391e-01,-1.647196151316165924e-02,-5.833153724670410156e-01,4.359050393104553223e-01,1.751098483800888062e-01,-4.112023711204528809e-01,9.181172251701354980e-01,-4.245201125741004944e-02,5.707665681838989258e-01,4.806653559207916260e-01,-1.229479074478149414e+00,1.150288462638854980e+00,-5.452836751937866211e-01,9.407430887222290039e-01,-1.619189977645874023e+00,1.818233251571655273e+00,3.166401684284210205e-01,-1.391456127166748047e+00,-5.080024600028991699e-01,9.978448152542114258e-01,7.369316816329956055e-01,5.645076632499694824e-01
-6.394735574722290039e-01,-1.080747246742248535e+00,-1.046534895896911621e+00,-1.493376046419143677e-01,1.226821422576904297e+00,-6.734020709991455078e-01,-3.739568293094635010e-01,-1.062601208686828613e+00,1.364648580551147461e+00,-7.471507191658020020e-01,2.148151397705078125e+00,9.247370362281799316e-01,6.908857822418212891e-02,-6.433327198028564453e-01,2.246524333953857422e+00,-1.514302253723144531e+00,-3.525245487689971924e-01,-6.336901187896728516e-01,1.426035642623901367e+00,-3.520473241806030273e-01,-9.867195487022399902e-01,-1.349589467048645020e+00,6.105815172195434570e-01,9.963167905807495117e-01,1.849666535854339600e-01,-3.118166327476501465e-01,-1.198017876595258713e-02,9.301446676254272461e-01,2.684239149093627930e-01,5.056577175855636597e-02,-4.471237957477569580e-01,-2.279320061206817627e-01,-2.456210374832153320e+00,-2.338426351547241211e+00,-3.295015692710876465e-01,-9.508852362632751465e-01,1.918720826506614685e-02,-1.907080054283142090e+00,1.310730457305908203e+00,7.461407184600830078e-01,-1.364749908447265625e+00,-8.069925904273986816e-01,5.954988002777099609e-01,-1.124266266822814941e+00,-1.090978980064392090e+00,-4.397711530327796936e-02,-1.370038628578186035e+00,2.359843999147415161e-01,1.214283108711242676e+00,-9.415546059608459473e-02,-1.274290680885314941e+00,-5.446316003799438477e-01,-2.625237405300140381e-01,-7.857238650321960449e-01,-1.103785753250122070e+00,1.177924156188964844e+00,6.613034009933471680e-01,-1.591477751731872559e+00,3.314617276191711426e-01,-5.207189917564392090e-01,-3.826203290373086929e-03,4.383549392223358154e-01,-9.283679723739624023e-01,8.272377848625183105e-01,-1.829061746597290039e+00,6.972306966781616211e-01,5.194970965385437012e-01,-7.720800638198852539e-01,-7.990857958793640137e-01,-2.744055092334747314e-01,-6.225165128707885742e-01,-4.228064715862274170e-01,2.902462184429168701e-01,4.570708572864532471e-01,-6.018078699707984924e-02,-5.807535648345947266e-01,-3.328122496604919434e-01,-3.285436928272247314e-01,8.515462875366210938e-01,-8.935889601707458496e-01,-4.794928133487701416e-01,4.422451555728912354e-01,3.200849890708923340e-02,4.660430550575256348e-01,-2.225754261016845703e-01,-8.018957972526550293e-01,1.057103514671325684e+00,8.979545235633850098e-01,-3.606810271739959717e-01,-1.865912377834320068e-01,-2.870596349239349365e-01,1.246928930282592773e+00,-7.392278313636779785e-01,5.862033963203430176e-01,-5.167378187179565430e-01,-6.546995043754577637e-02,1.368824601173400879e+00,7.267727851867675781e-01,1.000471591949462891e+00,4.911810159683227539e-01
2.702260017395019531e-01,-1.846897751092910767e-01,8.025199770927429199e-01,1.620194792747497559e+00,7.305266261100769043e-01,1.123235672712326050e-01,-2.578787505626678467e-01,-6.051029562950134277e-01,2.003390640020370483e-01,-1.095626592636108398e+00,-8.799164295196533203e-01,4.996388256549835205e-01,-1.537874341011047363e-01,-4.467496275901794434e-01,6.944864392280578613e-01,5.055706501007080078e-01,-4.338309168815612793e-01,-1.429157853126525879e+00,-1.039845705032348633e+00,2.618693828582763672e+00,2.690011739730834961e+00,2.095603346824645996e-01,-6.528379917144775391e-01,1.925599098205566406e+00,-4.717478156089782715e-01,2.063515663146972656e+00,-1.071368813514709473e+00,-1.862864196300506592e-02,-5.636820793151855469e-01,5.898116230964660645e-01,-1.282298445701599121e+00,6.740392446517944336e-01,1.865201950073242188e+00,2.236869096755981445e+00,5.784358978271484375e-01,-2.815747559070587158e-01,-8.598061650991439819e-02,1.482620954513549805e+00,-2.447901219129562378e-01,1.526367068290710449e+00,4.149344563484191895e-01,-2.020663172006607056e-01,4.492204785346984863e-01,2.619843184947967529e-01,-2.341803908348083496e-01,7.008883357048034668e-02,6.781376600265502930e-01,2.606018073856830597e-02,-5.902524590492248535e-01,1.583217144012451172e+00,3.839248120784759521e-01,-1.157030820846557617e+00,1.098172664642333984e+00,4.607695043087005615e-01,-3.602117896080017090e-01,-5.354912281036376953e-01,-1.497146487236022949e+00,-1.720744609832763672e+00,3.051063418388366699e-01,3.675297647714614868e-02,-1.374036073684692383e-01,5.131499767303466797e-01,1.012398079037666321e-01,-7.954014539718627930e-01,-9.640102982521057129e-01,5.795233845710754395e-01,3.033342063426971436e-01,-9.842769503593444824e-01,-1.711822867393493652e+00,4.776411950588226318e-01,-1.611519813537597656e+00,4.387145638465881348e-01,-2.712300539016723633e+00,1.697390556335449219e+00,-2.122984409332275391e+00,1.369466543197631836e+00,-1.246895670890808105e+00,-7.046756744384765625e-01,-1.022778265178203583e-02,-3.861024677753448486e-01,-1.242736935615539551e+00,-8.735990151762962341e-03,8.425601720809936523e-01,-2.382877111434936523e+00,3.089969456195831299e-01,1.076064109802246094e+00,-1.679960131645202637e+00,7.900854349136352539e-01,-6.708084940910339355e-01,-1.061299681663513184e+00,-1.285350769758224487e-01,4.697097241878509521e-01,1.330540776252746582e+00,6.759964227676391602e-01,1.568051695823669434e+00,1.351048469543457031e+00,-7.201316952705383301e-01,-6.328665018081665039e-01,1.777756690979003906e+00,-1.715906411409378052e-01
-1.676606535911560059e+00,7.859722971916198730e-01,1.286777257919311523e+00,-8.456753492355346680e-01,-1.818859219551086426e+00,-7.608482241630554199e-01,1.344379633665084839e-01,7.495364546775817871e-01,5.005623698234558105e-01,1.977972626686096191e+00,-4.470628201961517334e-01,-1.223243474960327148e+00,4.904161393642425537e-01,-1.755297422409057617e+00,7.792819291353225708e-02,4.823415577411651611e-01,1.915957093238830566e+00,1.540706276893615723e+00,8.729444742202758789e-01,9.846956133842468262e-01,-2.575352489948272705e-01,-7.175865173339843750e-01,2.774854302406311035e-01,-8.373440802097320557e-02,-1.343614459037780762e-01,-3.347952365875244141e-01,-1.094695329666137695e+00,5.266531109809875488e-01,-7.904068231582641602e-01,-1.623750329017639160e-01,3.962046802043914795e-01,-2.045991182327270508e+00,9.682451188564300537e-02,-1.885569572448730469e+00,1.558486938476562500e+00,-8.973967432975769043e-01,-1.689094901084899902e+00,9.414042830467224121e-01,1.374515742063522339e-01,1.658984869718551636e-01,-5.039970278739929199e-01,1.452411055564880371e+00,3.093415498733520508e-01,-9.000024795532226562e-01,2.032354593276977539e+00,6.870610266923904419e-02,9.941180348396301270e-01,-6.930802464485168457e-01,9.866593480110168457e-01,-4.643014073371887207e-01,3.679891824722290039e-01,-1.591208875179290771e-01,6.247943639755249023e-01,-1.657012939453125000e+00,-1.387961030006408691e+00,-1.678424358367919922e+00,1.483374714851379395e+00,1.561771392822265625e+00,-2.377427816390991211e+00,-3.299514353275299072e-01,-8.507346510887145996e-01,1.177657991647720337e-01,1.931708574295043945e+00,3.898001015186309814e-01,4.343303143978118896e-01,1.039781570434570312e+00,4.603784978389739990e-01,-1.902314662933349609e+00,8.638429641723632812e-01,1.682080388069152832e+00,1.294741868972778320e+00,-1.911093294620513916e-01,-4.307138621807098389e-01,7.369302511215209961e-01,-6.339848637580871582e-01,-7.959840297698974609e-01,7.204263806343078613e-01,1.547265052795410156e+00,-7.201565504074096680e-01,-1.167515873908996582e+00,-1.225218027830123901e-01,4.592660665512084961e-01,1.199536681175231934e+00,-4.021884202957153320e-01,-1.424403786659240723e-01,-1.880337856709957123e-02,-4.226346611976623535e-01,-1.052656304091215134e-02,1.584837436676025391e+00,2.081751585006713867e+00,9.127851724624633789e-01,-3.110840320587158203e-01,3.844588994979858398e-01,-1.434398889541625977e-01,8.591744303703308105e-01,-1.404190778732299805e+00,-4.507171735167503357e-02,8.345349133014678955e-02,-1.291859801858663559e-02,3.952418863773345947e-01
-1.643370509147644043e+00,1.816829144954681396e-01,2.120750188827514648e+00,-1.288061738014221191e+00,3.914805594831705093e-03,-1.117076724767684937e-01,4.033550322055816650e-01,-9.202374219894409180e-01,-8.201131224632263184e-01,3.733560442924499512e-01,1.360032439231872559e+00,-8.592501282691955566e-01,-5.083654075860977173e-02,1.028299853205680847e-01,-1.349522471427917480e+00,-1.440661191940307617e+00,2.170118838548660278e-01,9.812866896390914917e-02,-9.190192222595214844e-01,-2.019995927810668945e+00,-2.397219896316528320e+00,-1.665205210447311401e-01,4.736757278442382812e-02,-4.500920176506042480e-01,-3.084307610988616943e-01,-3.485244214534759521e-01,-5.355267524719238281e-01,6.099969148635864258e-01,1.303518056869506836e+00,-4.109284281730651855e-01,-9.753123521804809570e-01,4.786193668842315674e-01,-9.927898645401000977e-01,1.178075790405273438e+00,-1.149357914924621582e+00,-7.918884158134460449e-01,1.003256916999816895e+00,-8.802998065948486328e-01,4.342363774776458740e-02,1.018996164202690125e-01,4.549160301685333252e-01,-1.194783300161361694e-01,2.954374849796295166e-01,6.229254007339477539e-01,-6.666626334190368652e-01,-2.059966772794723511e-01,6.985162496566772461e-01,-4.695023894309997559e-01,5.874727368354797363e-01,-1.292805522680282593e-01,3.559311479330062866e-02,-2.795692980289459229e-01,-8.084229826927185059e-01,-1.924003720283508301e+00,-6.357711553573608398e-01,9.448626637458801270e-01,2.381750941276550293e-02,-1.330789089202880859e+00,-1.775347739458084106e-01,1.479915618896484375e+00,2.672380805015563965e-01,-4.275264143943786621e-01,-1.250273585319519043e-01,-7.044209241867065430e-01,-3.364064693450927734e-01,2.559602856636047363e-01,6.145067811012268066e-01,-6.556651592254638672e-01,-1.724269032478332520e+00,2.134124994277954102e+00,-1.646198749542236328e+00,4.313793182373046875e-01,-1.024407982826232910e+00,1.670333266258239746e+00,-2.344647347927093506e-01,1.637035161256790161e-01,-9.155283868312835693e-02,-8.645571470260620117e-01,1.113096237182617188e+00,-5.380261540412902832e-01,-8.646048903465270996e-01,9.226693511009216309e-01,7.206217646598815918e-01,1.297705173492431641e-01,-1.083178758621215820e+00,6.887091398239135742e-01,-1.950003206729888916e-01,1.011164069175720215e+00,1.090054392814636230e+00,1.316902041435241699e-01,3.201128840446472168e-01,-1.724067181348800659e-01,-5.254880189895629883e-01,2.023802548646926880e-01,5.572405457496643066e-01,-5.977204442024230957e-01,4.375119805335998535e-01,5.143067836761474609e-01,1.220239877700805664e+00,-7.409189939498901367e-01
-1.168888211250305176e+00,-1.723354816436767578e+00,-1.059476852416992188e+00,-1.716753989458084106e-01,1.532592177391052246e+00,1.228615880012512207e+00,-1.801559090614318848e+00,3.553234338760375977e-01,-2.087393522262573242e+00,2.744120955467224121e-01,-3.894693255424499512e-01,2.049895524978637695e+00,7.118223309516906738e-01,3.248647153377532959e-01,7.682339549064636230e-01,-1.435995846986770630e-01,-8.609129190444946289e-01,-2.359988987445831299e-01,1.110240221023559570e+00,-2.589192427694797516e-02,-2.376835346221923828e+00,6.391382813453674316e-01,-1.370565056800842285e+00,5.540304183959960938e-01,3.068737126886844635e-02,-9.250241518020629883e-01,-5.016845464706420898e-01,6.708607673645019531e-01,-5.907663106918334961e-01,8.162645697593688965e-01,2.659966051578521729e-01,-1.656772494316101074e-01,-2.098086522892117500e-03,-2.373655319213867188e+00,1.047150254249572754e+00,1.938978552818298340e+00,-5.333714485168457031e-01,1.503312945365905762e+00,2.480254471302032471e-01,4.309346377849578857e-01,1.191578507423400879e+00,1.735644787549972534e-01,1.086101412773132324e+00,-6.576690673828125000e-01,1.064911961555480957e+00,6.539013981819152832e-01,1.242303475737571716e-01,4.823635220527648926e-01,-8.570926636457443237e-02,1.314312338829040527e+00,8.156071901321411133e-01,1.308821439743041992e+00,1.069420456886291504e+00,5.089296102523803711e-01,-4.560727477073669434e-01,-5.875316262245178223e-01,-2.714815139770507812e-01,-2.294154644012451172e+00,4.954001680016517639e-02,1.914768666028976440e-01,1.123147249221801758e+00,4.617641866207122803e-01,-8.273323178291320801e-01,-1.157296895980834961e+00,-1.028712511062622070e+00,-1.012250185012817383e-01,6.025248169898986816e-01,1.088319182395935059e+00,4.938570559024810791e-01,1.078433036804199219e+00,-2.336225509643554688e+00,-7.152310609817504883e-01,-2.544303417205810547e+00,-8.241347670555114746e-01,-1.639975666999816895e+00,-7.888444662094116211e-01,2.359554171562194824e-01,-8.007108569145202637e-01,-7.620872855186462402e-01,5.208902359008789062e-01,3.437709510326385498e-01,1.057857394218444824e+00,-1.475682973861694336e+00,1.151776686310768127e-02,9.711877107620239258e-01,4.131173789501190186e-01,6.585530638694763184e-01,9.380956292152404785e-01,-6.345167160034179688e-01,-7.178784608840942383e-01,2.987883090972900391e-01,-3.351338952779769897e-02,3.854326903820037842e-01,-1.011779427528381348e+00,-4.792430996894836426e-01,7.694739103317260742e-01,1.239275097846984863e+00,-1.236843168735504150e-01,-8.163443803787231445e-01,-3.308838605880737305e-01
-7.525365948677062988e-01,-7.459838986396789551e-01,2.060925066471099854e-01,-3.888917565345764160e-01,-9.866381287574768066e-01,1.164949312806129456e-01,1.084498167037963867e+00,-1.993923336267471313e-01,-3.356853425502777100e-01,3.111763000488281250e-01,-1.940760314464569092e-01,9.747853279113769531e-01,6.808346509933471680e-01,-1.437022209167480469e+00,-2.848750352859497070e-01,4.640434384346008301e-01,-2.417906075716018677e-01,9.448148608207702637e-01,-7.566991448402404785e-01,-2.693844586610794067e-02,5.037834122776985168e-02,3.060560822486877441e-01,1.228832602500915527e+00,8.549186587333679199e-01,-6.235781311988830566e-01,-2.005254030227661133e+00,2.413271665573120117e+00,-8.401500582695007324e-01,-1.374493360519409180e+00,-5.330932736396789551e-01,4.517604112625122070e-01,-1.280384302139282227e+00,-9.263411760330200195e-01,7.195847630500793457e-01,5.522201657295227051e-01,-7.927171587944030762e-01,3.655425608158111572e-01,-4.365426599979400635e-01,-7.769903540611267090e-01,-5.519278645515441895e-01,-1.717806696891784668e+00,1.448805928230285645e+00,3.155212700366973877e-01,2.031077623367309570e+00,-1.019313573837280273e+00,-3.167706131935119629e-01,7.483254075050354004e-01,-3.375990986824035645e-01,-2.665645360946655273e+00,-1.967785656452178955e-01,1.905470490455627441e+00,-3.722535073757171631e-02,-1.451912999153137207e+00,3.685698509216308594e-01,-7.952801138162612915e-02,-1.017230823636054993e-01,4.311266839504241943e-01,-2.107307501137256622e-02,-3.140418529510498047e-01,-2.465358823537826538e-01,2.497689723968505859e-01,7.082307934761047363e-01,1.428983807563781738e+00,-2.451592534780502319e-01,2.547336816787719727e-01,3.753319978713989258e-01,-3.859429955482482910e-01,4.960852265357971191e-01,-1.256556510925292969e-01,1.415142774581909180e+00,-1.446423292160034180e+00,7.097832560539245605e-01,2.106068372726440430e+00,-3.996777832508087158e-01,-1.278721809387207031e+00,-5.448344945907592773e-01,-8.342541456222534180e-01,-7.077677547931671143e-02,1.398317098617553711e+00,2.174524515867233276e-01,5.501086264848709106e-02,-5.634496808052062988e-01,-1.124497890472412109e+00,9.222550988197326660e-01,1.524633526802062988e+00,-8.615295290946960449e-01,5.624440312385559082e-01,-9.538869261741638184e-01,4.618612527847290039e-01,4.388411995023488998e-03,2.113585323095321655e-01,1.301874637603759766e+00,9.933292269706726074e-01,-7.200525403022766113e-01,-3.125020861625671387e-01,-9.076890349388122559e-01,-5.218997001647949219e-01,-3.078931272029876709e-01,-1.433261275291442871e+00,4.496271908283233643e-01
-3.277542889118194580e-01,-5.751240253448486328e-01,-6.146789193153381348e-01,-5.125375986099243164e-01,-1.378076434135437012e+00,1.871260881423950195e+00,2.162762582302093506e-01,-1.169467329978942871e+00,-4.914509356021881104e-01,-1.215138912200927734e+00,-2.278557062149047852e+00,1.152097463607788086e+00,1.597952842712402344e-01,-2.013185620307922363e-02,-1.533989459276199341e-01,1.452574491500854492e+00,-7.451001405715942383e-01,3.871353268623352051e-01,2.141836881637573242e+00,1.244624480605125427e-01,5.741411447525024414e-01,9.866347908973693848e-01,1.657395839691162109e+00,-3.745024204254150391e-01,5.012286901473999023e-01,-3.116276860237121582e-01,-8.838336467742919922e-01,-1.150228500366210938e+00,-2.510277986526489258e+00,-1.360684037208557129e-01,9.334788322448730469e-01,1.091056108474731445e+00,3.759516477584838867e-01,-1.323519110679626465e+00,-5.425968021154403687e-02,3.156036883592605591e-02,1.668765187263488770e+00,7.297760248184204102e-01,-8.238361477851867676e-01,4.985024631023406982e-01,-3.737978935241699219e-01,-2.522061986383050680e-04,-8.003555536270141602e-01,1.214738011360168457e+00,2.190050840377807617e+00,5.522553920745849609e-01,-2.893024384975433350e-01,-2.264539480209350586e+00,1.704051643610000610e-01,-2.155349493026733398e+00,-2.766780257225036621e-01,5.549427866935729980e-01,-8.595589995384216309e-01,-7.377573102712631226e-02,8.551729917526245117e-01,-5.373919010162353516e-01,-7.726600170135498047e-01,9.712786674499511719e-01,-5.947586297988891602e-01,1.284832358360290527e+00,1.188065171241760254e+00,-2.166254997253417969e+00,-2.432364523410797119e-01,4.657915830612182617e-01,-4.639938771724700928e-01,-1.109461069107055664e+00,-9.549558758735656738e-01,-1.226716041564941406e+00,2.156080484390258789e+00,-1.007499620318412781e-01,1.012200593948364258e+00,-7.343502044677734375e-01,-1.783637762069702148e+00,-6.213282942771911621e-01,-7.065956592559814453e-01,-9.211108088493347168e-01,7.374041676521301270e-01,4.892316162586212158e-01,-2.395256757736206055e+00,1.364080786705017090e+00,1.291968345642089844e+00,-1.186838507652282715e+00,-1.398133277893066406e+00,-1.204977154731750488e+00,-3.307002484798431396e-01,1.574182510375976562e+00,3.102233260869979858e-02,-1.592188477516174316e-01,2.070266723632812500e+00,-3.691417276859283447e-01,-7.956950068473815918e-01,2.015277743339538574e-01,-1.656561613082885742e+00,9.971498250961303711e-01,2.538307189941406250e+00,-1.033479332923889160e+00,-3.833815753459930420e-01,-2.389717817306518555e+00,-8.638200759887695312e-01,2.815624237060546875e+00
-1.399660855531692505e-01,8.119445443153381348e-01,-5.692529678344726562e-01,2.567305326461791992e+00,1.457237601280212402e+00,-7.117506265640258789e-01,-9.383485913276672363e-01,2.644394040107727051e-01,-1.296594589948654175e-01,-1.839695334434509277e+00,-8.316787481307983398e-01,9.149339795112609863e-01,-3.324352204799652100e-01,9.268243312835693359e-01,6.282061934471130371e-01,9.993373155593872070e-01,-2.036799907684326172e+00,8.669556379318237305e-01,-2.877119779586791992e-01,8.025027513504028320e-01,-1.045699596405029297e+00,3.625382423400878906e+00,-1.391502171754837036e-01,2.055517882108688354e-01,-1.769331395626068115e-01,2.389438077807426453e-02,5.381823778152465820e-01,1.323882102966308594e+00,2.910759449005126953e-01,8.031272292137145996e-01,3.139387369155883789e-01,2.247683763504028320e+00,7.003436684608459473e-01,7.466269731521606445e-01,-7.978030294179916382e-02,3.245218396186828613e-01,1.142014980316162109e+00,-6.522886157035827637e-01,-8.663295507431030273e-01,-1.627832651138305664e+00,-1.108183741569519043e+00,-3.627765476703643799e-01,1.417875766754150391e+00,3.306025862693786621e-01,-6.705484986305236816e-01,1.644714474678039551e+00,1.339338541030883789e+00,5.377861857414245605e-01,4.593542218208312988e-01,-2.714859843254089355e-01,-1.170786619186401367e+00,1.274988412857055664e+00,1.724156141281127930e+00,1.348491430282592773e+00,9.788637757301330566e-01,-7.150235772132873535e-01,-7.135718464851379395e-01,3.895941376686096191e-01,-4.216187596321105957e-01,1.776204466819763184e+00,-5.454598069190979004e-01,1.247390151023864746e+00,1.260170042514801025e-01,-8.327777385711669922e-01,-9.981361627578735352e-01,1.575151234865188599e-01,1.460715681314468384e-01,-1.404386609792709351e-01,8.022114038467407227e-01,-2.126097828149795532e-01,1.958776354789733887e+00,-3.206826448440551758e-01,7.681474089622497559e-01,-5.559743642807006836e-01,8.727250099182128906e-01,8.404791951179504395e-01,1.393539190292358398e+00,-2.320936918258666992e+00,3.961896002292633057e-01,-1.559564352035522461e+00,-1.018725156784057617e+00,1.932804472744464874e-02,-2.452278733253479004e-01,4.854736030101776123e-01,1.716435074806213379e+00,2.178359031677246094e-02,-2.120244950056076050e-01,-5.680574178695678711e-01,-6.141730546951293945e-01,-4.656631350517272949e-01,8.669843077659606934e-01,-1.324557185173034668e+00,6.512088179588317871e-01,8.142545819282531738e-01,-4.323020279407501221e-01,-3.185308277606964111e-01,-1.338479995727539062e+00,6.432272791862487793e-01,1.353588819503784180e+00,-4.242364466190338135e-01
5.143386125564575195e-01,3.016356527805328369e-01,9.363559484481811523e-01,8.333831429481506348e-01,-8.888654708862304688e-01,1.413521170616149902e+00,6.312844753265380859e-01,7.507925480604171753e-02,-3.280931711196899414e-01,8.179789781570434570e-01,9.811488389968872070e-01,3.845876157283782959e-01,1.266544342041015625e+00,-2.667876780033111572e-01,-8.540208339691162109e-01,1.504258155822753906e+00,-1.207274436950683594e+00,1.258021354675292969e+00,-3.723358511924743652e-01,8.033295869827270508e-01,-2.486655265092849731e-01,-9.914994239807128906e-01,-3.829662799835205078e-01,-9.883511066436767578e-01,2.873308360576629639e-01,2.798374891281127930e-01,-9.325200915336608887e-01,-6.747450679540634155e-02,-6.457831859588623047e-01,4.704592525959014893e-01,1.225410223007202148e+00,4.854561090469360352e-01,-1.272484362125396729e-01,1.220758318901062012e+00,4.802295565605163574e-01,-8.305640816688537598e-01,-1.553462505340576172e+00,1.216107130050659180e+00,2.097305506467819214e-01,1.231112360954284668e+00,4.670946002006530762e-01,-9.317200779914855957e-01,7.057687640190124512e-01,9.846619367599487305e-01,1.425932407379150391e+00,-4.214227572083473206e-02,-4.068892598152160645e-01,2.461914062500000000e+00,1.224588155746459961e+00,3.065873682498931885e-01,-3.623769283294677734e-01,1.476850986480712891e+00,-1.244655847549438477e+00,1.611322999000549316e+00,-8.954779505729675293e-01,1.877145171165466309e+00,3.356062248349189758e-02,1.367149949073791504e+00,7.854139208793640137e-01,4.903795421123504639e-01,9.548481702804565430e-01,-9.845097064971923828e-01,-4.574752748012542725e-01,9.508628845214843750e-01,-1.069175720214843750e+00,-6.324694156646728516e-01,5.985717177391052246e-01,-9.338480234146118164e-01,1.810215353965759277e+00,1.362356066703796387e+00,-3.463734686374664307e-02,5.960503816604614258e-01,-2.035001277923583984e+00,-2.335033714771270752e-01,5.916686654090881348e-01,4.685253798961639404e-01,-1.181226134300231934e+00,-1.280891299247741699e+00,-2.963599920272827148e+00,-5.245467647910118103e-02,1.356248497962951660e+00,2.397466152906417847e-01,1.895914673805236816e+00,4.447647929191589355e-01,-1.405277568846940994e-02,-7.080814242362976074e-01,-6.129435300827026367e-01,-8.031697869300842285e-01,-4.363206326961517334e-01,-8.849081993103027344e-01,-1.691441237926483154e-01,-2.639507949352264404e-01,3.634157478809356689e-01,-1.224425554275512695e+00,3.216828405857086182e-02,-1.654551625251770020e+00,-5.507801175117492676e-01,-6.657669437117874622e-04,-1.547382354736328125e+00,7.995101213455200195e-01
-1.347002983093261719e+00,9.547066688537597656e-01,-3.853337168693542480e-01,-9.616663455963134766e-01,1.966504566371440887e-02,2.209211438894271851e-01,-1.223737478256225586e+00,7.666810750961303711e-01,8.327487707138061523e-01,1.441544413566589355e+00,-8.200590610504150391e-01,3.612466454505920410e-01,-3.668238222599029541e-01,9.225406646728515625e-01,1.358526945114135742e+00,7.319236993789672852e-01,-6.111364960670471191e-01,-1.211517930030822754e+00,-7.353916764259338379e-01,-1.699664354324340820e+00,-1.430328369140625000e+00,-3.455577790737152100e-01,-2.960826456546783447e-01,-1.310188770294189453e-01,2.464603073894977570e-02,-2.421412318944931030e-01,-6.717079281806945801e-01,-9.159606695175170898e-01,-2.413954883813858032e-01,5.021740794181823730e-01,-1.666499227285385132e-01,9.853808283805847168e-01,-1.191302016377449036e-01,-1.809873819351196289e+00,1.195394843816757202e-01,5.300709605216979980e-01,-5.614168047904968262e-01,-2.221621423959732056e-01,5.932142734527587891e-01,-1.444841384887695312e+00,2.683167457580566406e-01,-1.163973212242126465e+00,-5.816517472267150879e-01,-1.771467804908752441e+00,-1.093888282775878906e+00,1.956217527389526367e+00,1.219728708267211914e+00,-3.329143822193145752e-01,7.202157378196716309e-01,2.526674568653106689e-01,-1.727846264839172363e+00,1.001367926597595215e+00,2.696689963340759277e-01,1.978536695241928101e-02,-1.394502520561218262e-01,2.226304858922958374e-01,-1.366294622421264648e+00,1.056980133056640625e+00,7.475724071264266968e-02,-3.697642683982849121e-01,-4.697184860706329346e-01,4.651606082916259766e-01,-4.346384108066558838e-02,1.710336306132376194e-03,8.803017139434814453e-01,4.635778069496154785e-01,-5.488805770874023438e-01,6.910422444343566895e-01,2.336205244064331055e+00,-1.358244657516479492e+00,9.271447062492370605e-01,-5.265538096427917480e-01,3.954966366291046143e-01,-1.322061300277709961e+00,-7.227549552917480469e-01,1.155889153480529785e+00,-5.925825834274291992e-01,8.599241375923156738e-01,-1.334897279739379883e+00,1.045823693275451660e+00,3.216325342655181885e-01,3.416100442409515381e-01,-2.064898796379566193e-02,2.095807343721389771e-01,1.918123513460159302e-01,4.249199926853179932e-01,-2.805743813514709473e-01,3.207512199878692627e-01,1.559576764702796936e-02,-2.677283883094787598e-01,-9.344188123941421509e-02,-4.438420534133911133e-01,-3.100011348724365234e-01,-1.791096925735473633e+00,-8.154601454734802246e-01,1.038935899734497070e+00,3.341220319271087646e-01,-9.734081029891967773e-01,8.349168896675109863e-01,-2.335886001586914062e+00
-1.829416394233703613e+00,-8.999437093734741211e-02,5.266029834747314453e-01,-4.566945433616638184e-01,-7.365582138299942017e-02,5.579772219061851501e-02,1.522427916526794434e+00,1.441670507192611694e-01,1.557699799537658691e+00,5.862537622451782227e-01,6.095348596572875977e-01,-7.555791735649108887e-01,8.879569172859191895e-01,-7.872285246849060059e-01,2.763827797025442123e-03,9.818905591964721680e-01,3.824416697025299072e-01,5.650805830955505371e-01,7.206207513809204102e-01,9.616421461105346680e-01,-5.374268293380737305e-01,8.471294045448303223e-01,5.801952481269836426e-01,-8.787854760885238647e-02,7.844648361206054688e-01,-5.071234703063964844e-01,1.004300951957702637e+00,1.046991109848022461e+00,-4.162687659263610840e-01,1.100352287292480469e+00,1.023558020591735840e+00,2.575353145599365234e+00,1.985925883054733276e-01,3.989912569522857666e-01,1.264779567718505859e-01,-2.094199359416961670e-01,1.451760768890380859e+00,2.029930591583251953e+00,2.861365675926208496e-01,-2.199584841728210449e-01,8.001241683959960938e-01,-6.727907657623291016e-01,-1.004028558731079102e+00,-1.643105268478393555e+00,-2.186875343322753906e-01,9.234742522239685059e-01,4.351114630699157715e-01,7.498683929443359375e-01,1.271720767021179199e+00,1.875724911689758301e+00,2.489903122186660767e-01,-9.309574961662292480e-01,8.529849648475646973e-01,7.161470651626586914e-01,1.716597437858581543e+00,-7.104910612106323242e-01,-6.453712936490774155e-03,5.496262907981872559e-01,1.295003294944763184e+00,-7.785531282424926758e-01,-1.449126243591308594e+00,-1.287660300731658936e-01,-1.124249219894409180e+00,1.867611408233642578e+00,1.252462267875671387e+00,1.175747737288475037e-01,-1.484624981880187988e+00,5.252743959426879883e-01,1.317637681961059570e+00,-2.024565488100051880e-01,1.560042977333068848e+00,-1.272403717041015625e+00,1.753272265195846558e-01,2.614693880081176758e+00,3.499484062194824219e-01,-1.299781560897827148e+00,6.224454641342163086e-01,-1.303667187690734863e+00,1.903208494186401367e-01,1.994837403297424316e+00,-5.507682636380195618e-02,-3.857854604721069336e-01,2.383448839187622070e+00,1.631230115890502930e-01,-5.944591164588928223e-01,-1.737818360328674316e+00,-8.385224342346191406e-01,7.357474416494369507e-02,-4.042487442493438721e-01,-1.062923669815063477e+00,-6.360941529273986816e-01,2.115571685135364532e-02,-1.127621233463287354e-01,-5.156013369560241699e-01,1.504259467124938965e+00,-1.819618791341781616e-02,-1.128189340233802795e-01,-3.877076804637908936e-01,4.342881441116333008e-01,-1.658835113048553467e-01
8.544657826423645020e-01,1.654494047164916992e+00,5.914775729179382324e-01,-4.642164707183837891e-02,1.544524580240249634e-01,-7.251040339469909668e-01,1.350109279155731201e-02,6.213191896677017212e-02,1.492162887006998062e-02,-5.405536293983459473e-01,-1.813142895698547363e+00,3.097078502178192139e-01,1.831311285495758057e-01,5.590502619743347168e-01,9.568414092063903809e-01,2.892195880413055420e-01,-1.356442272663116455e-02,-1.614718556404113770e+00,3.813465535640716553e-01,-6.164403632283210754e-02,1.232835292816162109e+00,7.523596882820129395e-01,-8.743504285812377930e-01,6.534318923950195312e-01,-6.664559245109558105e-01,-6.633760929107666016e-01,4.121867567300796509e-02,1.154158592224121094e+00,-1.054027795791625977e+00,3.212978541851043701e-01,-7.021228671073913574e-01,1.651573061943054199e+00,1.624615192413330078e+00,-2.698549926280975342e-01,-5.104539394378662109e-01,7.023006081581115723e-01,9.663971662521362305e-01,3.179512321949005127e-01,5.491648316383361816e-01,1.044688463211059570e+00,1.781089603900909424e-01,-3.512444496154785156e-01,1.825673103332519531e+00,-7.376006245613098145e-01,2.087862938642501831e-01,4.661795198917388916e-01,1.137873291969299316e+00,4.701806604862213135e-01,-1.015105843544006348e+00,-1.046382427215576172e+00,-2.180113792419433594e+00,2.817200720310211182e-01,-6.133335232734680176e-01,-9.096055477857589722e-02,4.208904504776000977e-01,-1.440361022949218750e+00,1.860813021659851074e+00,-8.540389537811279297e-01,4.199572503566741943e-01,-1.136137723922729492e+00,-1.630802989006042480e+00,-1.856119371950626373e-02,1.979422420263290405e-01,1.909234374761581421e-01,2.725888788700103760e-01,-1.881063938140869141e+00,-2.483945846557617188e+00,7.214070856571197510e-02,1.090090751647949219e+00,8.638837933540344238e-01,2.549558877944946289e+00,-1.681188941001892090e+00,2.587944567203521729e-01,-1.203668594360351562e+00,-1.493072152137756348e+00,5.826207995414733887e-01,-9.540862441062927246e-01,1.056499719619750977e+00,2.055412977933883667e-01,3.982063233852386475e-01,-1.772246956825256348e-01,-7.809391617774963379e-01,4.853233397006988525e-01,-2.753635644912719727e-01,-1.039439797401428223e+00,-2.005698680877685547e+00,6.115501523017883301e-01,6.924448162317276001e-02,-2.827163040637969971e-02,-1.155615448951721191e+00,-8.020285964012145996e-01,7.937736511230468750e-01,9.583368897438049316e-03,-2.356383204460144043e-01,-1.048091411590576172e+00,-4.873925447463989258e-01,3.362440168857574463e-01,-6.522805690765380859e-01,9.641044735908508301e-01,2.416252493858337402e-01
3.712653815746307373e-01,-8.992387652397155762e-01,-1.809586733579635620e-01,3.920374214649200439e-01,-1.664299517869949341e-01,-5.973837152123451233e-02,1.001123189926147461e+00,-1.084575355052947998e-01,-1.014137938618659973e-01,6.127726435661315918e-01,-6.071485280990600586e-01,3.568862378597259521e-01,6.516299843788146973e-01,8.211587071418762207e-01,4.382710158824920654e-01,8.417319506406784058e-02,6.607286632061004639e-02,5.482990741729736328e-01,5.619769170880317688e-02,1.223238781094551086e-01,-2.027226686477661133e-01,4.924136698246002197e-01,2.233424186706542969e-01,-1.949326246976852417e-01,3.038008928298950195e+00,-1.671334624290466309e+00,8.975511193275451660e-01,8.374141454696655273e-01,-4.468590319156646729e-01,-1.322025060653686523e+00,-2.939401566982269287e-01,-1.207446098327636719e+00,1.461540818214416504e+00,1.138348221778869629e+00,8.071618527173995972e-02,-1.746033668518066406e+00,-2.747187614440917969e-01,-1.320100665092468262e+00,-9.347480535507202148e-01,8.828310966491699219e-01,-6.252430081367492676e-01,9.130738675594329834e-02,8.726964592933654785e-01,-7.263746261596679688e-01,-8.717655539512634277e-01,-5.798912644386291504e-01,2.042159080505371094e+00,1.380962133407592773e-01,-4.646668955683708191e-02,9.022604823112487793e-01,8.179217576980590820e-01,-4.467680156230926514e-01,4.726075232028961182e-01,8.261449337005615234e-01,-8.824389576911926270e-01,1.384114742279052734e+00,4.649042189121246338e-01,-3.808050751686096191e-01,-3.807510714977979660e-03,-6.573408246040344238e-01,3.808037042617797852e-01,3.209068998694419861e-02,9.601186513900756836e-01,1.246131807565689087e-01,9.493722915649414062e-01,-2.218130826950073242e+00,1.307974576950073242e+00,3.602003753185272217e-01,5.158931612968444824e-01,-7.618734836578369141e-01,-1.931846290826797485e-01,1.490693818777799606e-02,1.444618225097656250e+00,-6.417875885963439941e-01,-4.532457590103149414e-01,-1.088478639721870422e-01,-4.501805901527404785e-01,-3.201221227645874023e-01,7.609200477600097656e-01,-2.498880773782730103e-01,7.991790771484375000e-01,1.017640352249145508e+00,-1.572932600975036621e+00,-8.486070632934570312e-01,4.870329201221466064e-01,8.524528741836547852e-01,1.519883036613464355e+00,1.461125373840332031e+00,6.058402061462402344e-01,-5.439270734786987305e-01,-1.060500264167785645e+00,-1.619902253150939941e+00,3.472468256950378418e-01,-8.936471343040466309e-01,1.447190195322036743e-01,5.225225090980529785e-01,-2.772785127162933350e-01,1.829076111316680908e-01,1.128250837326049805e+00,7.472234219312667847e-02
-3.944200873374938965e-01,1.696991324424743652e+00,-1.133883118629455566e+00,1.199068546295166016e+00,5.651392340660095215e-01,3.427520096302032471e-01,-7.709121704101562500e-01,3.270979821681976318e-01,-1.626545339822769165e-01,2.595618665218353271e-01,1.473458290100097656e+00,1.211026668548583984e+00,-6.316295266151428223e-01,1.178918838500976562e+00,-1.071408763527870178e-01,-6.659842133522033691e-01,-1.163021195679903030e-02,6.817108988761901855e-01,1.384449958801269531e+00,-1.645907163619995117e+00,-1.392417788505554199e+00,6.907336115837097168e-01,1.289095163345336914e+00,1.533329188823699951e-01,-9.701333642005920410e-01,5.680288188159465790e-03,7.029945850372314453e-01,9.383164346218109131e-03,-5.776517391204833984e-01,4.910721257328987122e-02,-1.591784954071044922e+00,1.659441947937011719e+00,-4.139606356620788574e-01,1.314904689788818359e+00,6.644809246063232422e-01,-1.882593780755996704e-01,-7.275260686874389648e-01,7.283186316490173340e-01,-1.767156600952148438e+00,4.764327406883239746e-01,7.435540556907653809e-01,1.760351896286010742e+00,4.964438080787658691e-01,4.031729996204376221e-01,4.408088326454162598e-01,-9.218819141387939453e-01,-8.518052101135253906e-01,-1.730233788490295410e+00,7.587160468101501465e-01,-1.567284941673278809e+00,9.888721108436584473e-01,5.608839392662048340e-01,6.520210504531860352e-01,1.113854497671127319e-01,-1.553601503372192383e+00,-7.765083760023117065e-02,-8.897631168365478516e-01,-8.267772793769836426e-01,-3.345059156417846680e-01,4.408338069915771484e-01,4.671633541584014893e-01,1.003554105758666992e+00,7.352690100669860840e-01,-7.178685069084167480e-01,2.633406519889831543e-01,3.082931637763977051e-01,-1.007887005805969238e+00,1.799005270004272461e+00,1.081208705902099609e+00,-6.784639954566955566e-01,5.967161059379577637e-01,-6.205969452857971191e-01,1.540470123291015625e+00,-2.868130207061767578e-01,-1.362611889839172363e+00,-2.605995833873748779e-01,-4.958662986755371094e-01,8.505876362323760986e-02,9.312788955867290497e-03,1.109207272529602051e+00,-2.389298379421234131e-01,-5.527480840682983398e-01,1.842278361320495605e+00,5.674086213111877441e-01,5.703030228614807129e-01,4.200150966644287109e-01,6.581219434738159180e-01,-3.867934644222259521e-02,1.008158802986145020e+00,1.168292045593261719e+00,1.360427774488925934e-02,-9.931467771530151367e-01,2.533068656921386719e-01,1.380921006202697754e+00,-9.837757945060729980e-01,-1.965534240007400513e-01,-4.626112580299377441e-01,4.206490218639373779e-01,2.590395212173461914e-01,-9.566281437873840332e-01
-5.548937320709228516e-01,9.775952249765396118e-02,-5.572733879089355469e-01,1.011258244514465332e+00,-9.910537004470825195e-01,-1.334546208381652832e+00,2.393539398908615112e-01,-2.423615217208862305e+00,6.390654444694519043e-01,2.173231363296508789e+00,-8.780839443206787109e-01,1.194861888885498047e+00,-9.433566033840179443e-02,5.598865151405334473e-01,5.557553768157958984e-01,7.775993347167968750e-01,-3.503177762031555176e-01,1.253990530967712402e+00,4.582952857017517090e-01,2.140442848205566406e+00,-1.579196929931640625e+00,1.708656996488571167e-01,-9.852591753005981445e-01,6.667833924293518066e-01,-9.125245213508605957e-01,-9.995052963495254517e-02,-1.018102169036865234e+00,-1.784992218017578125e+00,1.201417446136474609e+00,2.476092129945755005e-01,1.230263471603393555e+00,-5.786777734756469727e-01,1.929759085178375244e-01,3.546514734625816345e-02,-1.737536191940307617e-01,-1.369834065437316895e+00,-6.834431290626525879e-01,1.400318264961242676e+00,-9.414725303649902344e-01,-9.319711327552795410e-01,8.146724104881286621e-01,-2.196212291717529297e+00,-1.242685079574584961e+00,9.234513044357299805e-01,7.159047760069370270e-03,8.397970795631408691e-01,8.769519925117492676e-01,-1.539086271077394485e-02,5.898191928863525391e-01,-1.294102430343627930e+00,-4.065616726875305176e-01,7.907369732856750488e-01,-1.626930594444274902e+00,-1.732955574989318848e-01,-2.550894737243652344e+00,4.898770898580551147e-02,4.955925345420837402e-01,-2.353952378034591675e-01,-1.389552354812622070e-01,9.497504234313964844e-01,-1.582905650138854980e-02,-1.639442205429077148e+00,8.943136930465698242e-01,-1.587525486946105957e+00,5.445193871855735779e-02,3.087255954742431641e-01,-2.331904172897338867e-01,2.435474634170532227e+00,3.056479990482330322e-01,6.593414545059204102e-01,5.726030841469764709e-02,2.106068581342697144e-01,1.789935231208801270e+00,-1.570844769477844238e+00,1.381174683570861816e+00,-8.201878517866134644e-02,1.063297629356384277e+00,-6.240468621253967285e-01,-4.183132946491241455e-01,2.512417435646057129e-01,-1.302700489759445190e-01,-2.211424112319946289e-01,4.826097190380096436e-01,7.528824266046285629e-03,3.987812697887420654e-01,-9.300013184547424316e-01,6.138593554496765137e-01,1.273372530937194824e+00,1.542618393898010254e+00,-7.766221761703491211e-01,1.795529484748840332e+00,-5.930658578872680664e-01,6.416148543357849121e-01,-1.106770753860473633e+00,1.198726415634155273e+00,-1.657301902770996094e+00,-8.564872294664382935e-02,2.589379847049713135e-01,-9.157274961471557617e-01,-4.219975173473358154e-01
-3.464081585407257080e-01,-6.857611238956451416e-02,-2.924691140651702881e-01,1.216435551643371582e+00,9.540901780128479004e-01,-2.728669166564941406e+00,-4.197067022323608398e-01,-2.809478044509887695e-01,-5.121213793754577637e-01,6.938731670379638672e-01,1.473377346992492676e+00,2.012321233749389648e+00,-5.109438300132751465e-01,2.251838207244873047e+00,-1.143626213073730469e+00,-2.145733833312988281e-01,-1.856574654579162598e+00,-1.325878947973251343e-01,3.294050991535186768e-01,-4.815033078193664551e-01,1.740671247243881226e-01,1.133409500122070312e+00,-7.219718098640441895e-01,-1.306079983711242676e+00,-4.390725791454315186e-01,7.275530952028930187e-04,1.235550403594970703e+00,8.926407098770141602e-01,9.986159801483154297e-01,1.078253746032714844e+00,-1.512607280164957047e-02,1.578107625246047974e-01,1.381782144308090210e-01,1.361300587654113770e+00,2.109127521514892578e+00,1.103432774543762207e+00,-2.849687933921813965e-01,-1.378296613693237305e+00,-2.500551223754882812e+00,2.298362702131271362e-01,2.088652849197387695e+00,-1.893702864646911621e+00,-6.701229214668273926e-01,3.066152036190032959e-01,4.654190242290496826e-01,-4.901127219200134277e-01,-1.734677076339721680e+00,-1.019185900688171387e+00,5.179108977317810059e-01,-3.850731253623962402e-01,1.450294703245162964e-01,9.320988059043884277e-01,-1.624530911445617676e+00,2.544858455657958984e+00,-3.461268246173858643e-01,-1.143620133399963379e+00,-2.903489589691162109e+00,9.071450829505920410e-01,1.569514513015747070e+00,1.769927859306335449e+00,1.079622507095336914e+00,-2.988483905792236328e-01,2.175922393798828125e-01,8.811096660792827606e-03,-1.541105628013610840e+00,8.701934814453125000e-01,-1.303448319435119629e+00,5.754056572914123535e-01,8.734461069107055664e-01,9.493073821067810059e-01,1.449091792106628418e+00,-3.521799743175506592e-01,-2.726249456405639648e+00,-2.531293630599975586e+00,7.110442519187927246e-01,9.561641812324523926e-01,5.979777574539184570e-01,2.511630356311798096e-01,-1.183328270912170410e+00,-1.927303075790405273e-01,1.020906329154968262e+00,-5.120489001274108887e-01,-4.389170408248901367e-01,-1.152335405349731445e-01,-5.603856965899467468e-02,3.933095633983612061e-01,-4.400081038475036621e-01,3.475885689258575439e-01,8.506703376770019531e-02,-8.172542452812194824e-01,-8.230364918708801270e-01,5.305467247962951660e-01,-7.432905435562133789e-01,-1.943841427564620972e-01,-4.088179469108581543e-01,7.678508758544921875e-01,-6.619096994400024414e-01,8.951148986816406250e-01,-1.902433633804321289e-01,9.228114783763885498e-02
-9.008836746215820312e-01,3.009658098220825195e+00,1.122750714421272278e-01,7.055990397930145264e-02,1.624691128730773926e+00,1.068046331405639648e+00,1.077394843101501465e+00,-8.632259964942932129e-01,-1.410876631736755371e+00,-1.177404895424842834e-01,7.296804189682006836e-01,7.672377228736877441e-01,-5.019794106483459473e-01,9.538472294807434082e-01,-1.087236925959587097e-01,-5.652035474777221680e-01,1.571924448013305664e+00,7.936530709266662598e-01,-5.680799484252929688e-01,-1.101685091853141785e-01,8.813913166522979736e-02,8.076465129852294922e-01,-4.486865177750587463e-02,-6.978267431259155273e-01,4.644460082054138184e-01,-6.128412485122680664e-01,-5.173843502998352051e-01,2.887142181396484375e+00,1.844705581665039062e+00,1.166380286216735840e+00,-2.013770788908004761e-01,1.208839178085327148e+00,-2.913395762443542480e-01,-3.570506870746612549e-01,2.093173503875732422e+00,6.754999160766601562e-01,-1.064029410481452942e-01,-3.570419177412986755e-02,2.778120636940002441e-01,2.728925466537475586e+00,-3.102914057672023773e-02,1.546250224113464355e+00,1.402406930923461914e+00,5.480492115020751953e-01,-7.808865904808044434e-01,-5.332929491996765137e-01,1.317569494247436523e+00,-1.164598464965820312e+00,8.636928200721740723e-01,-2.116924375295639038e-01,9.592171311378479004e-01,-1.333445161581039429e-01,1.301926374435424805e+00,-8.403373956680297852e-01,2.361240386962890625e+00,3.438535332679748535e-01,-5.842636227607727051e-01,-1.648768931627273560e-01,-1.621567085385322571e-02,-6.881120800971984863e-01,8.207799792289733887e-01,-2.603245735168457031e+00,-3.718705773353576660e-01,8.781030774116516113e-01,2.443495750427246094e+00,1.399645447731018066e+00,1.099256396293640137e+00,9.839352220296859741e-02,6.785181164741516113e-01,-2.377474159002304077e-01,1.865047335624694824e+00,4.699606597423553467e-01,1.262109994888305664e+00,2.693772912025451660e-01,6.333210468292236328e-01,-4.060944616794586182e-01,1.877906173467636108e-01,-1.222975015640258789e+00,-8.964378237724304199e-01,7.889161109924316406e-01,-1.514230608940124512e+00,1.056075692176818848e+00,-1.140716552734375000e+00,7.588925957679748535e-01,1.175174564123153687e-01,-5.870532989501953125e-01,-1.358514547348022461e+00,-5.641138553619384766e-01,-7.286614924669265747e-02,-3.178196847438812256e-01,1.974191963672637939e-01,1.071757435798645020e+00,-1.710162870585918427e-02,1.237120389938354492e+00,-1.322017788887023926e+00,-2.767174541950225830e-01,-1.276590585708618164e+00,-7.984604239463806152e-01,1.199934959411621094e+00,-4.225568771362304688e-01
-3.647595643997192383e-01,3.497361838817596436e-01,-2.731034457683563232e-01,-5.429742932319641113e-01,1.163026928901672363e+00,1.910746335983276367e+00,2.947549521923065186e-01,5.017442107200622559e-01,8.514938950538635254e-01,1.440638750791549683e-01,5.141615271568298340e-01,1.533315896987915039e+00,-4.266417622566223145e-01,-3.767582476139068604e-01,7.760116457939147949e-01,-1.998328447341918945e+00,1.453315734863281250e+00,-4.099343121051788330e-01,5.039880871772766113e-01,7.335500717163085938e-01,8.674694299697875977e-01,1.055385470390319824e+00,4.743459448218345642e-02,1.398760527372360229e-01,1.845447659492492676e+00,4.147837162017822266e-01,3.305929303169250488e-01,-1.101210191845893860e-01,-9.869971871376037598e-01,-2.471538782119750977e+00,-1.764102458953857422e+00,-6.036154031753540039e-01,-6.767412275075912476e-02,-6.255622506141662598e-01,1.535522192716598511e-02,-9.903650498017668724e-04,-3.759316802024841309e-01,-1.563282370567321777e+00,-1.041412353515625000e+00,-2.327968776226043701e-01,-2.513182878494262695e+00,6.100735068321228027e-01,4.215639829635620117e-01,3.645029962062835693e-01,1.795451641082763672e+00,-1.180968403816223145e+00,-1.304144740104675293e+00,8.936555385589599609e-01,-4.155286848545074463e-01,-2.701039612293243408e-01,2.247930131852626801e-02,9.757592082023620605e-01,1.105302214622497559e+00,-1.081717252731323242e+00,-7.589405179023742676e-01,1.398135721683502197e-01,2.222908437252044678e-01,-2.196391224861145020e-01,-6.042833924293518066e-01,-6.847040653228759766e-01,-2.606296241283416748e-01,6.345769166946411133e-01,1.225790858268737793e+00,-8.384848237037658691e-01,2.834833145141601562e+00,8.404901027679443359e-01,1.022072196006774902e+00,-2.626248598098754883e-01,-7.157805562019348145e-01,-1.881049513816833496e+00,8.179363608360290527e-01,6.110177040100097656e-01,1.158379673957824707e+00,2.146107107400894165e-01,-3.106270916759967804e-02,2.601792573928833008e+00,-1.279062271118164062e+00,-1.042488694190979004e+00,-1.059189438819885254e+00,3.532232046127319336e-01,-1.274607181549072266e+00,3.776798546314239502e-01,1.777484655380249023e+00,9.652935862541198730e-01,9.559867978096008301e-01,6.783117651939392090e-01,-9.254333972930908203e-01,-4.425675868988037109e-01,-5.427067875862121582e-01,9.545773863792419434e-01,2.085023559629917145e-02,9.041345715522766113e-01,5.948042869567871094e-01,1.369427800178527832e+00,-5.813680887222290039e-01,-7.241113185882568359e-01,-6.767806410789489746e-01,-1.995223045349121094e+00,-4.749859571456909180e-01,1.355820417404174805e+00
-1.025946736335754395e+00,-1.271372567862272263e-02,1.950770057737827301e-02,2.450965166091918945e+00,1.102555394172668457e+00,-7.570488452911376953e-01,1.167954564094543457e+00,6.593567132949829102e-01,-1.124500870704650879e+00,-4.293107241392135620e-02,2.139691352844238281e+00,-9.201246500015258789e-01,6.276444196701049805e-01,2.266054153442382812e+00,-4.682548344135284424e-01,-3.029448390007019043e-01,2.281025171279907227e+00,-1.470858812332153320e+00,-1.469644904136657715e+00,2.432493716478347778e-01,-9.529985189437866211e-01,-3.067673742771148682e-01,-2.315531015396118164e+00,-8.876441121101379395e-01,1.206246376037597656e+00,2.038594931364059448e-01,3.296796381473541260e-01,4.733632504940032959e-01,-2.614990063011646271e-02,-9.024139046669006348e-01,8.976736664772033691e-02,1.873085975646972656e+00,-3.334439098834991455e-01,7.548347115516662598e-01,-1.116463184356689453e+00,5.856655538082122803e-02,-2.594566941261291504e-01,2.139217406511306763e-01,2.479152381420135498e-01,-4.706384241580963135e-01,-9.841106086969375610e-02,3.849309310317039490e-02,-9.933992028236389160e-01,-2.862588167190551758e+00,-2.519351243972778320e-01,-3.207792997360229492e+00,6.712272167205810547e-01,-2.237396478652954102e+00,-1.629073739051818848e+00,-5.962528586387634277e-01,1.215372920036315918e+00,1.920234918594360352e+00,-1.382814764976501465e+00,8.524760603904724121e-01,6.850057244300842285e-01,-1.902276396751403809e+00,1.158617660403251648e-01,-2.772281169891357422e-01,-1.003515362739562988e+00,-2.193560898303985596e-01,-5.056789517402648926e-01,-8.744191527366638184e-01,-1.437311410903930664e+00,4.041781723499298096e-01,-8.566435575485229492e-01,3.223443776369094849e-02,1.592093229293823242e+00,2.268313169479370117e+00,-1.198321104049682617e+00,5.923765152692794800e-02,2.403198480606079102e-01,6.834556460380554199e-01,5.267286300659179688e-01,-1.392416238784790039e+00,3.278120756149291992e-01,-1.091188430786132812e+00,-1.092523336410522461e+00,-7.363372445106506348e-01,1.498552411794662476e-01,-1.762111634016036987e-01,-9.229819178581237793e-01,-9.528427720069885254e-01,-5.806734561920166016e-01,6.761041283607482910e-01,1.230137705802917480e+00,1.401463150978088379e+00,1.137557923793792725e-01,-1.130947947502136230e+00,8.319917917251586914e-01,-8.913531899452209473e-02,3.235639929771423340e-01,-5.847437977790832520e-01,2.006971597671508789e+00,-2.053450495004653931e-01,3.129928708076477051e-01,1.613001376390457153e-01,-1.115554928779602051e+00,-5.787053704261779785e-01,5.647048950195312500e-01,7.334552407264709473e-01
1.078090310096740723e+00,2.327777147293090820e+00,1.067630410194396973e+00,-2.311800718307495117e-01,-1.888030916452407837e-01,2.524015307426452637e-01,4.224646091461181641e-01,-1.554133147001266479e-01,4.410445988178253174e-01,1.453419685363769531e+00,-8.812492489814758301e-01,-3.428084552288055420e-01,-5.423966646194458008e-01,-1.312115073204040527e+00,-3.441542088985443115e-01,4.498188495635986328e-01,-1.169981732964515686e-01,-1.246712803840637207e+00,-1.520950675010681152e+00,-4.097807705402374268e-01,-8.094629049301147461e-01,-1.556729674339294434e+00,2.617320537567138672e+00,-2.116604298353195190e-01,-4.567800164222717285e-01,5.554212331771850586e-01,5.025670528411865234e-01,-1.743512630462646484e+00,1.881339028477668762e-02,1.301606059074401855e+00,-8.090961724519729614e-03,2.709230482578277588e-01,-2.016188949346542358e-01,-4.595985263586044312e-02,9.910793304443359375e-01,4.312110841274261475e-01,3.917512893676757812e-01,-1.415141582489013672e+00,-1.995907783508300781e+00,-4.852450788021087646e-01,-2.378532171249389648e+00,4.450358748435974121e-01,5.642521977424621582e-01,1.577377796173095703e+00,-2.109634876251220703e-01,1.027462840080261230e+00,1.556131482124328613e+00,8.464028686285018921e-02,-7.990099787712097168e-01,2.708337903022766113e-01,8.364709615707397461e-01,1.267164707183837891e+00,1.238029599189758301e+00,-1.041567444801330566e+00,7.026731967926025391e-01,2.295906543731689453e-01,-1.251199960708618164e+00,-7.019354104995727539e-01,8.143527060747146606e-02,2.826136589050292969e+00,1.514889121055603027e+00,-1.850177347660064697e-02,-1.705276012420654297e+00,-6.917694211006164551e-01,-1.162578821182250977e+00,-6.192234158515930176e-01,1.508455753326416016e+00,-9.238248318433761597e-02,-9.606763720512390137e-02,-9.483166933059692383e-01,1.569381356239318848e+00,3.341102302074432373e-01,-1.168872952461242676e+00,-1.969634652137756348e+00,2.147497892379760742e+00,-7.041747570037841797e-01,1.040987491607666016e+00,-1.449975967407226562e+00,-8.994943499565124512e-01,3.818841874599456787e-01,4.038832485675811768e-01,-1.626464128494262695e+00,-8.688816428184509277e-01,-3.791408240795135498e-01,-5.148085951805114746e-02,-2.675946056842803955e-01,3.171572685241699219e-01,-1.457629203796386719e+00,-9.855680167675018311e-02,-5.903316736221313477e-01,-8.076426982879638672e-01,1.170840710401535034e-01,-2.246066331863403320e+00,-2.662500739097595215e-01,-7.113645672798156738e-01,-3.024601638317108154e-01,-4.347974658012390137e-01,5.259156227111816406e-01,-2.399871826171875000e+00,1.334015965461730957e+00
-7.115994095802307129e-01,-1.275421828031539917e-01,-1.130484819412231445e+00,-1.417124629020690918e+00,-2.657023668289184570e-01,-5.487698316574096680e-01,-7.955179810523986816e-01,8.959379196166992188e-01,-4.171271920204162598e-01,6.277940869331359863e-01,-5.167456269264221191e-01,-9.756256341934204102e-01,-1.078808903694152832e+00,-6.098371744155883789e-01,-1.508175253868103027e+00,1.349793553352355957e+00,8.913134336471557617e-01,8.955816626548767090e-01,-7.625157237052917480e-01,-1.073161005973815918e+00,-1.091220498085021973e+00,1.501974016427993774e-01,9.328897595405578613e-01,1.002320170402526855e+00,-1.090024784207344055e-01,-9.608415365219116211e-01,6.190372109413146973e-01,5.111335515975952148e-01,-1.491514593362808228e-01,9.157273769378662109e-01,-3.320641219615936279e-01,1.628576397895812988e+00,1.455349326133728027e+00,1.550043106079101562e+00,-1.564686298370361328e-01,-3.262736499309539795e-01,-4.141321480274200439e-01,-1.226505279541015625e+00,-5.601148605346679688e-01,1.744198322296142578e+00,-1.018164157867431641e+00,7.985330820083618164e-01,5.273537039756774902e-01,-5.051903724670410156e-01,2.560977697372436523e+00,5.745931863784790039e-01,1.652365922927856445e+00,-7.644315063953399658e-02,-1.999637126922607422e+00,3.816994130611419678e-01,1.092130780220031738e+00,8.292790502309799194e-02,1.672544628381729126e-01,7.274410128593444824e-01,5.775318741798400879e-01,5.225114226341247559e-01,-2.356960475444793701e-01,-5.552302002906799316e-01,-2.569464206695556641e+00,1.443706870079040527e+00,8.541236519813537598e-01,6.617356538772583008e-01,-7.581862807273864746e-01,3.015919821336865425e-03,1.782577514648437500e+00,3.006143271923065186e-01,3.256664276123046875e-01,-2.619338631629943848e-01,-7.790523767471313477e-01,-4.075612127780914307e-01,9.074550867080688477e-01,7.850942611694335938e-01,7.042878866195678711e-01,-2.015578746795654297e-02,3.845999836921691895e-01,-1.667303323745727539e+00,3.329226732254028320e+00,-8.011603951454162598e-01,-1.130307078361511230e+00,1.216753244400024414e+00,2.408718347549438477e+00,7.203475832939147949e-01,3.175128698348999023e-01,-1.626096248626708984e+00,-7.023704051971435547e-02,3.861860334873199463e-01,2.019754648208618164e+00,-6.532514691352844238e-01,4.267121553421020508e-01,-1.230052113533020020e+00,7.211192250251770020e-01,-3.656094670295715332e-01,1.543838381767272949e+00,-8.695493340492248535e-01,1.061930894851684570e+00,8.857043460011482239e-03,1.147356033325195312e+00,3.521856665611267090e-01,6.898632645606994629e-01,-2.264154702425003052e-01
7.676592469215393066e-01,-2.012479007244110107e-01,-4.401169121265411377e-01,5.773188471794128418e-01,-2.737081348896026611e-01,7.952187210321426392e-02,7.995069026947021484e-02,-9.138039946556091309e-01,-7.120975852012634277e-01,-1.413200497627258301e+00,-4.119202196598052979e-01,-8.431954979896545410e-01,-1.477231502532958984e+00,-1.762056946754455566e+00,-1.824962377548217773e+00,-2.298117876052856445e-01,-5.860539078712463379e-01,-1.009141325950622559e+00,8.352632522583007812e-01,-1.499238461256027222e-01,-1.342013955116271973e+00,2.680991776287555695e-02,5.585780143737792969e-01,8.674201369285583496e-01,4.877654910087585449e-01,7.508972287178039551e-02,4.136144220829010010e-01,1.218057274818420410e+00,8.979151397943496704e-02,-5.659310817718505859e-01,-1.790095329284667969e+00,-1.127911448478698730e+00,-1.341968029737472534e-01,-4.596757590770721436e-01,4.917488396167755127e-01,1.716282516717910767e-01,-1.193900629878044128e-01,8.493135571479797363e-01,4.019838571548461914e-01,4.182169139385223389e-01,-1.673530578613281250e+00,9.479095935821533203e-01,4.182604849338531494e-01,-6.333321928977966309e-01,1.422287225723266602e+00,-7.940443605184555054e-02,-8.317286372184753418e-01,1.322713732719421387e+00,6.716555356979370117e-01,-1.262532234191894531e+00,-9.282332062721252441e-01,1.723898798227310181e-01,-9.285252690315246582e-01,6.394217610359191895e-01,1.261211872100830078e+00,-7.491981983184814453e-01,-5.216199159622192383e-01,3.280544877052307129e-01,-2.832125663757324219e+00,4.107128679752349854e-01,-9.269978404045104980e-01,4.538894891738891602e-01,-3.098208010196685791e-01,-2.349207401275634766e-01,-7.892860770225524902e-01,5.532227158546447754e-01,-8.977555632591247559e-01,-9.706280231475830078e-01,2.180237054824829102e+00,-2.408729195594787598e-01,-1.676917076110839844e+00,-1.298651814460754395e+00,-4.734659790992736816e-01,9.117497801780700684e-01,2.311849035322666168e-02,-4.494229257106781006e-01,-6.164597272872924805e-01,1.442866474390029907e-01,-3.121395707130432129e-01,3.145783245563507080e-01,9.060453176498413086e-01,1.319155454635620117e+00,3.005709350109100342e-01,-1.888098418712615967e-01,3.554291129112243652e-01,-2.023021876811981201e-01,1.362036466598510742e+00,1.397829651832580566e+00,1.909169435501098633e+00,-3.180963993072509766e-01,-1.067736268043518066e+00,6.979624629020690918e-01,-4.240657389163970947e-01,-1.357671976089477539e+00,1.196144700050354004e+00,-4.891010224819183350e-01,-3.127320110797882080e-01,1.103266119956970215e+00,5.197702050209045410e-01,1.469657063484191895e+00
1.781413912773132324e+00,-1.360351443290710449e+00,8.226954340934753418e-01,2.091892063617706299e-01,-4.152291715145111084e-01,-2.811163105070590973e-02,4.427549839019775391e-01,-1.302433311939239502e-01,-2.342075109481811523e-01,-3.980392217636108398e-01,-2.060729861259460449e-01,-7.422333359718322754e-01,9.423089623451232910e-01,-7.410538196563720703e-01,8.028204441070556641e-01,6.731560230255126953e-01,1.499715149402618408e-01,-5.341251492500305176e-01,-9.449725598096847534e-02,1.383898615837097168e+00,-7.232202887535095215e-01,6.300635635852813721e-02,-1.594268798828125000e+00,-8.570505380630493164e-01,5.611950159072875977e-01,4.932782948017120361e-01,2.312186406925320625e-03,1.103590503334999084e-01,1.925724558532238007e-02,-7.262465953826904297e-01,6.686258912086486816e-01,1.278751194477081299e-01,4.539357721805572510e-01,1.858647108078002930e+00,6.379542946815490723e-01,-9.519605040550231934e-01,-3.830090463161468506e-01,8.499031662940979004e-01,9.022423624992370605e-01,-5.170068740844726562e-01,-1.132413864135742188e+00,6.432153582572937012e-01,2.423027455806732178e-01,1.854569315910339355e-01,-7.719679176807403564e-02,-7.890267372131347656e-01,-8.082534074783325195e-01,-1.973552823066711426e+00,-1.183831244707107544e-01,2.969202399253845215e-01,4.105868637561798096e-01,-5.162259340286254883e-01,-7.552912235260009766e-01,-2.810452580451965332e-01,1.109231412410736084e-01,-8.595317006111145020e-01,9.330977201461791992e-01,1.597847938537597656e-01,1.042749658226966858e-01,1.238430023193359375e+00,1.647933483123779297e+00,6.249969005584716797e-01,-1.257831603288650513e-01,8.941801190376281738e-01,-5.369381308555603027e-01,2.001885175704956055e+00,-2.399642705917358398e+00,-5.118426084518432617e-01,-3.657156229019165039e-01,-1.144092202186584473e+00,7.009825706481933594e-01,1.278002977371215820e+00,-1.054161548614501953e+00,2.018716186285018921e-01,1.212806940078735352e+00,1.126787185668945312e+00,2.880602702498435974e-02,1.215410456061363220e-01,1.147228002548217773e+00,-2.017033338546752930e+00,1.674585603177547455e-02,1.169535398483276367e+00,1.552079200744628906e+00,2.792387902736663818e-01,-4.932925105094909668e-01,1.841310113668441772e-01,2.077120542526245117e+00,-2.681600093841552734e+00,8.199926614761352539e-01,-5.497282147407531738e-01,-4.122601747512817383e-01,-4.919151365756988525e-01,-1.157094240188598633e+00,-8.703384548425674438e-03,1.217722296714782715e+00,4.192535579204559326e-01,-6.979832053184509277e-01,1.295659393072128296e-01,-1.541197001934051514e-01,-1.068455219268798828e+00
9.773679971694946289e-01,-6.796123981475830078e-01,-9.032865762710571289e-01,-1.684190183877944946e-01,-1.117852330207824707e-01,-2.479084879159927368e-01,-5.053920745849609375e-01,-3.230718374252319336e-01,-2.367551326751708984e+00,9.864903688430786133e-01,1.738474011421203613e+00,1.876544594764709473e+00,1.125030636787414551e+00,-1.586642742156982422e+00,-1.460849404335021973e+00,2.184516638517379761e-01,1.619512796401977539e+00,-1.262136220932006836e+00,1.358215212821960449e+00,-1.458143949508666992e+00,-3.590653538703918457e-01,-2.834083139896392822e-01,1.892356991767883301e+00,2.926187813282012939e-01,-1.339639663696289062e+00,-1.044785737991333008e+00,9.720258712768554688e-01,-5.346246957778930664e-01,8.631767034530639648e-01,-8.122076392173767090e-01,2.160583883523941040e-01,4.761930704116821289e-01,-1.410516738891601562e+00,-2.198215425014495850e-01,-4.422048851847648621e-02,1.582898855209350586e+00,-1.251145839691162109e+00,-9.196348190307617188e-01,5.228955745697021484e-01,-4.978849887847900391e-01,2.431261688470840454e-01,7.195468246936798096e-02,-1.321377873420715332e+00,-1.175498008728027344e+00,1.253877431154251099e-01,-1.504676043987274170e-01,-5.203192830085754395e-01,-4.587994515895843506e-01,-3.461766839027404785e-01,-2.129097580909729004e-01,1.164149761199951172e+00,-1.059748411178588867e+00,2.773704379796981812e-02,7.754657417535781860e-02,-7.334046959877014160e-01,5.849025249481201172e-01,4.393033981323242188e-01,-4.084157049655914307e-01,-3.000590205192565918e-01,-9.132239222526550293e-01,-1.814652681350708008e+00,3.290027081966400146e-01,7.722664475440979004e-01,-1.128084301948547363e+00,1.024459674954414368e-01,6.456207484006881714e-02,-3.020848989486694336e+00,-1.713105142116546631e-01,7.814047336578369141e-01,-2.068280279636383057e-01,-8.152894973754882812e-01,-1.183504104614257812e+00,-9.025643467903137207e-01,4.477593898773193359e-01,-6.673728823661804199e-01,4.140235185623168945e-01,-3.234738409519195557e-01,-6.318254470825195312e-01,-2.871524572372436523e+00,4.070624709129333496e-01,-5.140977501869201660e-01,-2.517889440059661865e-01,1.170077472925186157e-01,5.542602539062500000e-01,4.938837289810180664e-01,-1.099229335784912109e+00,-3.919316530227661133e-01,1.250506639480590820e+00,4.304698705673217773e-01,8.937605023384094238e-01,-8.024183511734008789e-01,-1.067810058593750000e+00,-1.555543661117553711e+00,9.350764155387878418e-01,1.076336622238159180e+00,6.344445943832397461e-01,-2.403512746095657349e-01,1.123797416687011719e+00,-2.113481611013412476e-02,5.918289422988891602e-01
-3.161007165908813477e-01,1.156568527221679688e+00,1.920479774475097656e+00,-4.074200242757797241e-02,-6.083771586418151855e-01,6.778717041015625000e-01,2.982557117938995361e-01,3.415200114250183105e-01,1.404893040657043457e+00,-2.314601182937622070e+00,-2.752859115600585938e+00,1.570254206657409668e+00,-8.751102089881896973e-01,1.702716797590255737e-01,-5.059150457382202148e-01,8.283401131629943848e-01,-7.803015112876892090e-01,3.042487427592277527e-02,5.940799787640571594e-02,1.050300955772399902e+00,-7.600697278976440430e-01,-5.661270618438720703e-01,-1.982784718275070190e-01,1.708017140626907349e-01,-8.856119513511657715e-01,1.683007031679153442e-01,1.361399531364440918e+00,1.273680478334426880e-01,1.433281660079956055e+00,2.269001245498657227e+00,2.537814974784851074e-01,-9.303454160690307617e-01,5.644243359565734863e-01,-4.393836259841918945e-01,-1.412365674972534180e+00,-2.312786340713500977e+00,8.262875080108642578e-01,1.265857219696044922e+00,2.729134261608123779e-01,-1.120940923690795898e+00,-1.829580366611480713e-01,-1.142534762620925903e-01,3.194585084915161133e+00,1.155274510383605957e+00,-1.134451150894165039e+00,-1.355450034141540527e+00,7.273476123809814453e-01,-7.771868705749511719e-01,1.541512489318847656e+00,-2.028303295373916626e-01,-6.170533895492553711e-01,-6.939263343811035156e-01,5.108368024230003357e-02,2.282429218292236328e+00,1.845726132392883301e+00,-1.451898336410522461e+00,1.216957926750183105e+00,2.670591473579406738e-01,-4.883785247802734375e-01,-7.077469229698181152e-01,1.068504929542541504e+00,7.407697439193725586e-01,-4.384179413318634033e-02,1.808348059654235840e+00,-1.682930588722229004e-01,-3.946583569049835205e-01,1.653308868408203125e+00,7.374176979064941406e-01,9.420674443244934082e-01,1.143194362521171570e-01,-3.566815555095672607e-01,5.220175385475158691e-01,7.144836187362670898e-01,4.111137688159942627e-01,9.023471474647521973e-01,-8.644691705703735352e-01,1.592731177806854248e-01,-9.753004312515258789e-01,-1.880750417709350586e+00,-5.414271950721740723e-01,2.199963569641113281e+00,-1.526550889015197754e+00,2.521244287490844727e-01,1.028136610984802246e+00,-1.426152735948562622e-01,8.277529478073120117e-02,-5.241877436637878418e-01,3.214800655841827393e-01,-9.404280036687850952e-02,1.571639657020568848e+00,-9.004461169242858887e-01,1.611652731895446777e+00,-3.808419108390808105e-01,4.378412850201129913e-04,-8.900188207626342773e-01,4.112171828746795654e-01,-1.900311231613159180e+00,3.852127492427825928e-01,-1.408882379531860352e+00,-3.964541852474212646e-01
4.938812553882598877e-01,7.268304824829101562e-01,-1.029634594917297363e+00,2.023640632629394531e+00,-1.935512542724609375e+00,-1.416952490806579590e+00,-1.204956024885177612e-01,-1.176342725753784180e+00,-1.628981351852416992e+00,9.349185824394226074e-01,-5.486728549003601074e-01,2.440205574035644531e+00,-1.341005086898803711e+00,-1.071582555770874023e+00,4.582881331443786621e-01,2.904588580131530762e-01,9.674003720283508301e-01,-3.399753868579864502e-01,-1.026224613189697266e+00,-1.244763135910034180e+00,-1.170603871345520020e+00,-1.701420098543167114e-01,-9.656686782836914062e-01,-1.713362336158752441e+00,-6.349383592605590820e-01,9.441750496625900269e-02,1.692441105842590332e+00,-7.541224956512451172e-01,9.909516572952270508e-01,-1.097206950187683105e+00,2.377986013889312744e-01,7.554289102554321289e-01,-1.892390370368957520e+00,8.572843074798583984e-01,-1.632716417312622070e+00,-7.720226049423217773e-01,1.550635248422622681e-01,-7.562120556831359863e-01,-3.002957403659820557e-01,-6.058298349380493164e-01,5.635001659393310547e-01,1.534179300069808960e-01,3.304423689842224121e-01,9.782873392105102539e-01,3.601644635200500488e-01,8.384860157966613770e-01,-8.741067647933959961e-01,-2.258576393127441406e+00,-1.244742274284362793e+00,-1.861622035503387451e-01,-2.932621240615844727e-01,-3.445536643266677856e-02,1.575467467308044434e+00,-3.624515235424041748e-01,-4.065004736185073853e-02,-4.126416146755218506e-01,-3.749303817749023438e-01,4.139864146709442139e-01,5.273036360740661621e-01,-3.273929357528686523e-01,4.245937764644622803e-01,-1.549904346466064453e+00,1.213959455490112305e+00,2.780819237232208252e-01,-2.770785093307495117e-01,1.029338955879211426e+00,-2.105010509490966797e+00,1.241402029991149902e+00,-1.448513865470886230e+00,-2.136335475370287895e-03,8.399086594581604004e-01,2.871406674385070801e-01,-5.165343284606933594e-01,-7.772227525711059570e-01,1.098864078521728516e+00,-4.292050600051879883e-01,1.302204966545104980e+00,-1.054790854454040527e+00,-5.185951590538024902e-01,-2.155327349901199341e-01,-5.834990143775939941e-01,1.409225344657897949e+00,1.806772708892822266e+00,-9.175224304199218750e-01,-1.601248741149902344e+00,-8.401668667793273926e-01,-3.900128304958343506e-01,1.627923130989074707e+00,7.502310276031494141e-01,-1.105305075645446777e+00,2.079794168472290039e+00,-1.663255691528320312e+00,1.459485888481140137e+00,-1.193076491355895996e+00,-3.787702918052673340e-01,-2.969707548618316650e-01,1.053405284881591797e+00,-3.917602300643920898e-01,-7.230707257986068726e-02,5.379498004913330078e-01
5.029093027114868164e-01,-1.272856593132019043e-01,1.344306707382202148e+00,2.135752677917480469e+00,-3.832196891307830811e-01,1.086955785751342773e+00,1.143032431602478027e+00,-1.170466661453247070e+00,-6.119771003723144531e-01,3.584103882312774658e-01,6.929999589920043945e-01,2.078425437211990356e-01,-8.865163922309875488e-01,-9.707614034414291382e-02,5.169238448143005371e-01,-2.294562906026840210e-01,8.615397661924362183e-02,-2.222238063812255859e+00,3.513984382152557373e-01,-1.252460241317749023e+00,-1.248732209205627441e+00,-6.387345958501100540e-03,-8.712656497955322266e-01,5.370497703552246094e-01,-2.707241177558898926e-01,-1.561201959848403931e-01,-7.775295972824096680e-01,-1.593447208404541016e+00,-1.977440953254699707e+00,2.311997860670089722e-01,-1.323982119560241699e+00,1.700407028198242188e+00,-5.827957987785339355e-01,-8.182533383369445801e-01,1.355470657348632812e+00,5.653812289237976074e-01,-8.674253821372985840e-01,3.524587154388427734e-01,9.482114911079406738e-01,-1.057982444763183594e+00,-8.951542973518371582e-01,2.419079095125198364e-01,1.592026591300964355e+00,1.341795623302459717e-01,-2.898977994918823242e-01,1.705208063125610352e+00,-3.614239692687988281e-01,1.009298861026763916e-01,7.510509490966796875e-01,2.865952849388122559e-01,-1.654819011688232422e+00,3.311809003353118896e-01,9.667312502861022949e-01,1.751100867986679077e-01,2.224899232387542725e-01,-1.884346365928649902e+00,-1.082960605621337891e+00,1.169310808181762695e+00,1.475929498672485352e+00,7.198726534843444824e-01,-7.789456248283386230e-01,-1.321501255035400391e+00,3.746474981307983398e+00,-3.077236413955688477e+00,-2.592559099197387695e+00,7.045028209686279297e-01,-1.108983635902404785e+00,9.297205209732055664e-01,-1.528494805097579956e-01,-1.047899499535560608e-01,2.280588895082473755e-01,-1.392527937889099121e+00,2.127655744552612305e-01,7.359997630119323730e-01,-5.225892663002014160e-01,-1.012665554881095886e-01,-1.694125413894653320e+00,1.709716469049453735e-01,1.713672757148742676e+00,1.137583494186401367e+00,4.328145980834960938e-01,-1.368807256221771240e-02,6.584405153989791870e-02,4.781351983547210693e-01,-3.464390933513641357e-01,-5.836230516433715820e-01,2.419412136077880859e-01,-1.138567447662353516e+00,-2.631112933158874512e-01,-1.793333441019058228e-01,-1.369802117347717285e+00,-4.764631390571594238e-01,-6.383497714996337891e-01,-2.925324738025665283e-01,-4.479513466358184814e-01,-1.580110549926757812e+00,-2.230459153652191162e-01,9.778710603713989258e-01,5.343044996261596680e-01,2.347108274698257446e-01
1.418521404266357422e-01,-1.392967104911804199e+00,8.524219989776611328e-01,-1.817770451307296753e-01,-7.461360692977905273e-01,-5.519356727600097656e-01,5.872747898101806641e-01,1.379244923591613770e+00,4.344628155231475830e-01,-2.151289135217666626e-01,-4.225801229476928711e-01,-1.814605951309204102e+00,7.332422733306884766e-01,1.533530592918395996e+00,-6.205443143844604492e-01,9.246033430099487305e-02,-5.693066120147705078e-01,7.236376404762268066e-01,2.178551703691482544e-01,-1.237029790878295898e+00,6.916314959526062012e-01,-8.310291171073913574e-01,-1.719814836978912354e-01,-4.278284013271331787e-01,-6.523039340972900391e-01,6.630012989044189453e-01,1.183768272399902344e+00,3.645271956920623779e-01,-8.457236289978027344e-01,2.208642214536666870e-01,-3.988914191722869873e-01,-1.287326216697692871e+00,-2.130270004272460938e-01,5.384213328361511230e-01,1.266623735427856445e+00,7.625237107276916504e-01,-9.040700197219848633e-01,-8.632894158363342285e-01,-1.526158571243286133e+00,2.869308888912200928e-01,4.284640550613403320e-01,7.179272174835205078e-01,1.829593420028686523e+00,-7.000275850296020508e-01,9.622995853424072266e-01,3.759905993938446045e-01,-8.405469059944152832e-01,1.226387262344360352e+00,-4.451950788497924805e-01,7.230917811393737793e-01,-4.063585400581359863e-01,2.614804208278656006e-01,2.598340809345245361e-01,9.583901613950729370e-02,-2.175291627645492554e-01,-1.049734711647033691e+00,1.836337596178054810e-01,-1.042931318283081055e+00,2.803466320037841797e-01,7.009451985359191895e-01,-1.563046455383300781e+00,-1.755968332290649414e-01,1.070528745651245117e+00,2.033235549926757812e+00,-2.390718609094619751e-01,1.404299378395080566e+00,3.546220660209655762e-01,-1.090656876564025879e+00,-4.702495932579040527e-01,1.105055689811706543e+00,-9.060949087142944336e-01,-6.840837001800537109e-01,-4.881308078765869141e-01,-9.803951978683471680e-01,1.063880324363708496e+00,-6.480289101600646973e-01,-2.904261350631713867e-01,-1.378187298774719238e+00,-1.190796270966529846e-01,-6.220272928476333618e-02,-8.257152140140533447e-02,9.681081771850585938e-01,-1.295274943113327026e-01,-1.978611499071121216e-01,2.086149692535400391e+00,5.866253376007080078e-01,2.913494706153869629e-01,2.052214890718460083e-01,-1.073852896690368652e+00,4.747553765773773193e-01,9.559751749038696289e-01,5.395375490188598633e-01,1.257217884063720703e+00,-3.103521168231964111e-01,-5.710689425468444824e-01,-4.715656042098999023e-01,-1.348151117563247681e-01,1.707827210426330566e+00,-8.869687914848327637e-01,-4.152666330337524414e-01
8.183089494705200195e-01,2.817664861679077148e+00,-4.636066854000091553e-01,2.502974271774291992e-01,-2.127787172794342041e-01,5.341093242168426514e-02,5.196668505668640137e-01,2.898307144641876221e-02,2.067004203796386719e+00,9.133315086364746094e-01,6.330407857894897461e-01,-3.832248225808143616e-02,-1.929534196853637695e+00,4.085386693477630615e-01,-1.230260848999023438e+00,-3.568547070026397705e-01,-2.819878756999969482e-01,-5.384491682052612305e-01,-2.504042983055114746e-01,-8.211530447006225586e-01,2.103296756744384766e+00,-4.432262107729911804e-02,3.014856278896331787e-01,6.218827366828918457e-01,3.792594671249389648e-01,-1.640033572912216187e-01,-9.935908317565917969e-01,-2.789603471755981445e-01,-1.921160101890563965e+00,-1.226691380143165588e-01,2.376178205013275146e-01,1.873356819152832031e+00,3.622156381607055664e-01,-7.198672294616699219e-01,-1.600685596466064453e+00,4.208691418170928955e-01,1.257323861122131348e+00,1.174064874649047852e+00,-4.923069775104522705e-01,-6.734923124313354492e-01,-2.088561654090881348e-01,-6.015250692144036293e-04,-8.509545922279357910e-01,7.965679764747619629e-01,-1.034389495849609375e+00,-5.897180438041687012e-01,3.465249240398406982e-01,2.326344490051269531e+00,-5.948561057448387146e-02,-3.737640678882598877e-01,1.123509168624877930e+00,5.412647724151611328e-01,-1.450804352760314941e+00,-1.563481688499450684e-01,5.740059614181518555e-01,-1.027583360671997070e+00,-1.952215284109115601e-01,1.694965243339538574e+00,1.555071473121643066e-01,1.101810812950134277e+00,8.756843209266662598e-01,1.000789046287536621e+00,-6.190814375877380371e-01,-1.470446705818176270e+00,-3.169310688972473145e-01,5.418364405632019043e-01,-2.656753063201904297e-01,-9.370781779289245605e-01,4.906496107578277588e-01,-1.715544939041137695e+00,2.353999167680740356e-01,9.537958353757858276e-02,-1.097318410873413086e+00,7.882114648818969727e-01,-4.885631799697875977e-01,1.462142318487167358e-01,-1.244526982307434082e+00,-5.485243201255798340e-01,5.508801341056823730e-01,-7.525347471237182617e-01,-5.742730498313903809e-01,2.071050405502319336e-01,-3.995938003063201904e-01,2.817198932170867920e-01,1.031557440757751465e+00,-2.225120179355144501e-02,1.069212436676025391e+00,9.624130725860595703e-01,9.081289768218994141e-01,-5.476667284965515137e-01,-4.256851971149444580e-01,-1.606529712677001953e+00,-1.560176610946655273e+00,-7.377616167068481445e-01,6.639921069145202637e-01,-3.184472024440765381e-01,7.615033388137817383e-01,8.034332394599914551e-01,9.420675039291381836e-01,-2.157534658908843994e-01
7.353767752647399902e-01,-1.311337575316429138e-02,3.921016752719879150e-01,-1.632315754890441895e+00,-6.960147023200988770e-01,1.091987609863281250e+00,-1.353021264076232910e+00,5.676578283309936523e-01,1.963608860969543457e+00,-7.656080126762390137e-01,-2.154390573501586914e+00,-4.123467803001403809e-01,-9.978967905044555664e-01,2.174612283706665039e+00,-1.299816250801086426e+00,-8.369364738464355469e-01,2.645916491746902466e-02,-6.755957603454589844e-01,-5.611162781715393066e-01,-5.220314860343933105e-01,-1.447187662124633789e-01,-6.124567389488220215e-01,-1.514796853065490723e+00,-1.481437325477600098e+00,-1.279578089714050293e+00,-2.533082664012908936e-01,9.316030144691467285e-01,1.663416385650634766e+00,-8.276121616363525391e-01,6.401727199554443359e-01,1.788666605949401855e+00,1.969261407852172852e+00,-1.569069266319274902e+00,3.524770438671112061e-01,5.064449906349182129e-01,3.990014195442199707e-01,-4.094324409961700439e-01,-1.898466587066650391e+00,2.940057516098022461e+00,-6.043205857276916504e-01,-1.192004323005676270e+00,-1.415156722068786621e+00,8.949233889579772949e-01,2.401113808155059814e-01,-2.648741602897644043e-01,8.710116147994995117e-01,1.004481673240661621e+00,-1.330022573471069336e+00,-1.521750926971435547e+00,-1.235907673835754395e+00,-5.384016633033752441e-01,7.338536977767944336e-01,-4.389601349830627441e-01,2.083180665969848633e+00,-1.930796623229980469e+00,-5.214101076126098633e-01,-7.086507678031921387e-01,-3.070366978645324707e-01,1.759108781814575195e+00,7.090250849723815918e-01,-9.259035587310791016e-01,1.188435316085815430e+00,2.409191370010375977e+00,1.219072103500366211e+00,3.557419404387474060e-02,1.262688398361206055e+00,-4.599573463201522827e-02,-4.650652781128883362e-02,7.907236814498901367e-01,-5.388953685760498047e-01,-8.402089588344097137e-03,-1.492082238197326660e+00,9.614974260330200195e-01,-6.528231501579284668e-02,-1.656227946281433105e+00,3.865745291113853455e-02,-1.479252457618713379e+00,-9.196075797080993652e-01,6.538248062133789062e-01,-6.055520176887512207e-01,1.370857119560241699e+00,-3.476189374923706055e-01,2.080494403839111328e+00,-8.367878198623657227e-01,-1.115997433662414551e+00,9.792293608188629150e-02,8.537315726280212402e-01,-1.054149031639099121e+00,7.267583608627319336e-01,3.267151415348052979e-01,2.796539545059204102e+00,-1.286348849534988403e-01,3.128219544887542725e-01,2.177685052156448364e-01,-3.163081705570220947e-01,-4.103749096393585205e-01,-1.433479934930801392e-01,6.395316123962402344e-01,1.251814246177673340e+00,5.843229293823242188e-01
-1.131510376930236816e+00,-1.909398794174194336e+00,3.415746390819549561e-01,-8.482272922992706299e-02,1.310761332511901855e+00,-2.704763412475585938e-01,3.509580790996551514e-01,2.418912053108215332e-01,3.778654932975769043e-01,-4.358081147074699402e-02,2.089944839477539062e+00,-9.607025980949401855e-01,1.029816031455993652e+00,3.151427507400512695e-01,-1.194023013114929199e+00,-7.617521882057189941e-01,-4.309047460556030273e-01,-1.626685500144958496e+00,-5.925350189208984375e-01,-1.341648548841476440e-01,7.569461464881896973e-01,4.948568716645240784e-02,-8.108742237091064453e-01,-9.555433392524719238e-01,-9.587162733078002930e-01,9.001801162958145142e-02,-1.267116665840148926e+00,-1.134697437286376953e+00,6.914874315261840820e-01,-2.073770016431808472e-01,-8.216655254364013672e-01,6.401208043098449707e-01,-8.266743421554565430e-01,1.217884868383407593e-01,-8.277758359909057617e-01,-1.592575430870056152e+00,1.799259483814239502e-01,8.086724877357482910e-01,-2.158496618270874023e+00,-2.880763709545135498e-01,1.449083328247070312e+00,1.280130028724670410e+00,2.431683540344238281e+00,-4.060274958610534668e-01,1.265508234500885010e-01,-3.132729828357696533e-01,-9.269962906837463379e-01,-7.988689541816711426e-01,-3.673936426639556885e-01,1.569785952568054199e+00,-9.384342432022094727e-01,1.905042886734008789e+00,-1.414185285568237305e+00,-5.276186466217041016e-01,4.245083779096603394e-02,8.727498650550842285e-01,-1.065597534179687500e+00,8.978016376495361328e-01,-6.304160952568054199e-01,1.059844344854354858e-01,-7.334169149398803711e-01,6.277511715888977051e-01,3.944009542465209961e-01,2.988408803939819336e-01,-1.797432780265808105e+00,7.966194748878479004e-01,2.280583858489990234e+00,6.998078525066375732e-02,3.674558103084564209e-01,-9.589385390281677246e-01,-8.764334321022033691e-01,2.976149559020996094e+00,1.781619489192962646e-01,6.978262066841125488e-01,-7.979090809822082520e-01,-9.721423387527465820e-01,-3.899903893470764160e-01,-3.340172171592712402e-01,-7.611206173896789551e-02,-9.827593564987182617e-01,1.264486551284790039e+00,6.178375482559204102e-01,-8.608705401420593262e-01,1.379644751548767090e+00,-8.301181793212890625e-01,-1.339645266532897949e+00,-6.899211406707763672e-01,8.702815771102905273e-01,2.960194051265716553e-01,1.359537094831466675e-01,-3.319420516490936279e-01,-1.747732043266296387e+00,-1.334643661975860596e-01,5.240577459335327148e-01,-5.337958931922912598e-01,-1.241149157285690308e-01,-2.482465356588363647e-01,-1.875078380107879639e-01,3.156619966030120850e-01,-5.851363539695739746e-01
-3.976799845695495605e-01,-2.021938085556030273e+00,6.852508187294006348e-01,-4.097220301628112793e-02,6.662012934684753418e-01,-1.065874934196472168e+00,1.163597702980041504e+00,2.737181186676025391e+00,3.750735521316528320e-01,9.318728446960449219e-01,6.000382900238037109e-01,-5.961954593658447266e-01,-2.380251407623291016e+00,9.767609238624572754e-01,1.489009112119674683e-01,-1.367588162422180176e+00,2.469781413674354553e-02,-1.924230098724365234e+00,-1.148553192615509033e-01,5.123573541641235352e-01,1.184097051620483398e+00,1.628504633903503418e+00,6.150492429733276367e-01,3.575737774372100830e-01,-1.559627354145050049e-01,-2.565729856491088867e+00,-1.606034398078918457e+00,-6.621629744768142700e-02,-1.893076181411743164e+00,1.408162117004394531e+00,-6.766601204872131348e-01,5.872247219085693359e-01,2.880901098251342773e-01,8.186570405960083008e-01,1.260854005813598633e+00,-1.636050343513488770e-01,-4.614702463150024414e-01,-8.048975467681884766e-01,2.453921139240264893e-01,-1.038431286811828613e+00,-8.267759531736373901e-02,8.462765216827392578e-01,-2.016997098922729492e+00,2.879380062222480774e-02,2.452509701251983643e-01,-6.503677964210510254e-01,5.596125125885009766e-01,7.693552970886230469e-01,-2.457650899887084961e+00,-1.153789043426513672e+00,-1.549902081489562988e+00,-4.093827009201049805e-01,-1.237199902534484863e+00,1.939542651176452637e+00,-1.399756669998168945e+00,4.865650832653045654e-01,2.328013032674789429e-01,-6.492484807968139648e-01,-2.676502056419849396e-02,1.243841171264648438e+00,1.367489099502563477e+00,-4.438763856887817383e-01,-2.300263404846191406e+00,1.380174636840820312e+00,-4.787629544734954834e-01,-4.072167277336120605e-01,-2.008717060089111328e+00,-1.808556079864501953e+00,9.043985605239868164e-01,7.637607455253601074e-01,-2.656641900539398193e-01,-2.950029075145721436e-01,1.340444386005401611e-01,6.909044384956359863e-01,-1.556412875652313232e-01,1.010765507817268372e-01,1.803978443145751953e+00,-6.434352397918701172e-01,2.938768863677978516e-01,-2.510538399219512939e-01,-3.581904172897338867e-01,9.154030084609985352e-01,-8.763378858566284180e-02,1.082890748977661133e+00,2.012474060058593750e+00,1.979907006025314331e-01,5.566993355751037598e-01,1.159831881523132324e+00,-2.918072044849395752e-01,-2.581575214862823486e-01,-4.086820036172866821e-02,-8.322477936744689941e-01,-4.783853888511657715e-01,1.049867510795593262e+00,-5.801311731338500977e-01,-3.124796450138092041e-01,1.312100529670715332e+00,-8.395112156867980957e-01,-4.718889594078063965e-01,8.794404268264770508e-01
1.622751593589782715e+00,1.798662096261978149e-01,-6.495336890220642090e-01,-8.741872906684875488e-01,-1.067231297492980957e+00,-1.434873104095458984e+00,-1.011694781482219696e-02,-1.562024116516113281e+00,-5.676237940788269043e-01,8.592401742935180664e-01,9.782150387763977051e-02,2.409494966268539429e-01,5.621935725212097168e-01,-6.996176242828369141e-01,-1.429288625717163086e+00,-4.320720136165618896e-01,-1.170848011970520020e-01,-2.920365426689386368e-03,-2.715157568454742432e-01,6.929410099983215332e-01,2.816251814365386963e-01,-6.053319573402404785e-01,1.120745539665222168e+00,3.707956075668334961e+00,-1.407507777214050293e+00,-1.079833507537841797e-01,5.068103075027465820e-01,2.441954761743545532e-01,1.067021965980529785e+00,1.216144084930419922e+00,4.433788657188415527e-01,4.261947572231292725e-01,4.969085454940795898e-01,1.914754152297973633e+00,-1.120624840259552002e-01,-6.051375269889831543e-01,2.582025527954101562e-01,8.893739581108093262e-01,1.485972285270690918e+00,2.673637866973876953e-01,-3.887631297111511230e-01,3.352172672748565674e-01,5.215178132057189941e-01,2.117798663675785065e-02,-1.009266972541809082e+00,-2.038272619247436523e+00,1.583003997802734375e+00,3.094727396965026855e-01,-4.387122392654418945e-01,-2.510471343994140625e-01,-1.406089782714843750e+00,7.174424529075622559e-01,-7.459976077079772949e-01,1.294551730155944824e+00,-2.208659499883651733e-01,-1.196044445037841797e+00,6.435108780860900879e-01,-5.776697993278503418e-01,-6.108764410018920898e-01,1.282753944396972656e+00,1.056967616081237793e+00,3.800298273563385010e-01,2.201142907142639160e-01,7.601185441017150879e-01,-3.832860887050628662e-01,2.756596803665161133e-01,-6.813535094261169434e-01,5.264587402343750000e-01,-6.206539273262023926e-01,6.594240665435791016e-01,-7.814500927925109863e-01,-8.986879587173461914e-01,-8.051500320434570312e-01,-6.374662518501281738e-01,-5.653427243232727051e-01,-1.386712193489074707e+00,4.712170958518981934e-01,-1.913165211677551270e+00,2.901138961315155029e-01,-4.206939637660980225e-01,1.636291265487670898e+00,-1.011163711547851562e+00,3.516833186149597168e-01,-7.215740531682968140e-02,-1.486842334270477295e-01,8.812423348426818848e-01,9.135429263114929199e-01,-9.337337017059326172e-01,-9.241159558296203613e-01,1.906392425298690796e-01,-5.199161767959594727e-01,-1.247117519378662109e+00,-1.668213248252868652e+00,-1.349581003189086914e+00,-1.891637593507766724e-01,-8.588198423385620117e-01,-2.161128044128417969e+00,1.437717676162719727e+00,-5.289297178387641907e-02,-4.117156863212585449e-01
-7.311795949935913086e-01,6.099671721458435059e-01,-1.666299700736999512e+00,-2.289005041122436523e+00,-1.228344440460205078e-01,1.843305379152297974e-01,2.434278964996337891e+00,-3.713818192481994629e-01,2.182179242372512817e-01,-2.581012845039367676e-01,9.194281101226806641e-01,1.844941377639770508e+00,5.217088460922241211e-01,1.327271819114685059e+00,-1.604033470153808594e+00,-4.984538555145263672e-01,2.349837064743041992e+00,-7.143117487430572510e-02,7.567581534385681152e-01,-1.028697848320007324e+00,-5.996326804161071777e-01,2.056360483169555664e+00,7.469822764396667480e-01,-6.153111457824707031e-01,-2.879358828067779541e-01,-5.971283316612243652e-01,3.790626823902130127e-01,-1.772928237915039062e+00,-4.977215826511383057e-01,2.349282652139663696e-01,2.390009313821792603e-01,-9.571193456649780273e-01,1.608867198228836060e-01,-2.166579723358154297e+00,-1.325839281082153320e+00,1.458221673965454102e+00,4.346730709075927734e-01,-1.032631278038024902e+00,-2.002020627260208130e-01,1.315746545791625977e+00,9.418947696685791016e-01,6.889553070068359375e-01,4.728486239910125732e-01,-1.300686120986938477e+00,-1.343029260635375977e+00,1.310407519340515137e+00,1.114943146705627441e+00,9.712692699395120144e-04,-1.472247600555419922e+00,-1.615514755249023438e-01,2.918218076229095459e-01,-1.674557477235794067e-01,-2.418179959058761597e-01,-3.149368762969970703e-01,1.063620924949645996e+00,-3.227718114852905273e+00,1.332669496536254883e+00,-1.438078284263610840e+00,-5.831895470619201660e-01,3.306924700736999512e-01,-5.983875393867492676e-01,2.590468227863311768e-01,-1.390337586402893066e+00,-5.917641520500183105e-01,2.207482457160949707e-01,-1.806460022926330566e+00,-9.073025584220886230e-01,1.341964900493621826e-01,-5.071824789047241211e-01,-1.646607816219329834e-01,-1.027609780430793762e-01,3.384209573268890381e-01,1.649137616157531738e+00,-6.193853020668029785e-01,7.707333564758300781e-01,-1.111746653914451599e-01,-2.453037261962890625e+00,-3.069799207150936127e-02,1.854868054389953613e+00,-1.392862051725387573e-01,4.054872393608093262e-01,-1.282177925109863281e+00,-8.929552435874938965e-01,-3.332833051681518555e-01,-5.042411759495735168e-02,1.485401839017868042e-01,-1.208975240588188171e-01,-7.686731219291687012e-02,1.353486061096191406e+00,3.463176190853118896e-01,-4.597101807594299316e-01,-1.718542873859405518e-01,1.501673579216003418e+00,1.464820623397827148e+00,-6.622491031885147095e-02,-3.222173452377319336e-02,3.808492720127105713e-01,-1.433804750442504883e+00,5.572036504745483398e-01,-2.124867439270019531e+00
2.782279551029205322e-01,-1.148689627647399902e+00,4.056338220834732056e-02,-5.628202557563781738e-01,4.358735978603363037e-01,-2.185244560241699219e+00,6.223784089088439941e-01,3.218978047370910645e-01,3.117671012878417969e-01,5.134915709495544434e-01,-5.908562541007995605e-01,-8.140577077865600586e-01,-3.087645530700683594e+00,-1.110118031501770020e+00,-6.548821181058883667e-02,5.356894731521606445e-01,6.092491745948791504e-01,7.992271780967712402e-01,4.224532842636108398e-01,1.927643179893493652e+00,7.472774386405944824e-01,1.692571043968200684e+00,3.520532846450805664e-01,2.218823432922363281e-01,-4.309005737304687500e-01,1.101729631423950195e+00,-1.648854494094848633e+00,-1.051577448844909668e+00,2.642950117588043213e-01,-9.176604151725769043e-01,-3.985383808612823486e-01,1.586258769035339355e+00,1.578357100486755371e+00,6.370841264724731445e-01,5.218721032142639160e-01,-6.806069612503051758e-01,8.288652896881103516e-01,1.674426436424255371e+00,6.063627600669860840e-01,1.191773772239685059e+00,1.567121863365173340e+00,6.521326303482055664e-01,-4.573667645454406738e-01,-7.161273956298828125e-01,4.906422644853591919e-02,-2.026622533798217773e+00,-2.868079841136932373e-01,1.293105959892272949e+00,8.297175168991088867e-01,1.287165522575378418e+00,4.803127050399780273e-01,-4.002253413200378418e-01,-2.925940752029418945e-01,-7.722995877265930176e-01,4.689863026142120361e-01,-3.326663374900817871e-01,-2.196489810943603516e+00,1.237148046493530273e+00,-8.345888257026672363e-01,-6.447771191596984863e-01,1.298712253570556641e+00,-2.080780267715454102e+00,2.117005586624145508e-01,3.762762248516082764e-01,-9.372841119766235352e-01,-3.264372646808624268e-01,-1.467725038528442383e+00,2.696620702743530273e+00,4.572735428810119629e-01,-4.916420280933380127e-01,-4.045107960700988770e-02,-7.398075461387634277e-01,-1.669192075729370117e+00,-1.778416633605957031e+00,-1.332303881645202637e+00,2.296600103378295898e+00,8.868473768234252930e-01,1.637190103530883789e+00,-6.226474046707153320e-01,1.288862377405166626e-01,8.849580883979797363e-01,-1.366615891456604004e+00,-3.010293245315551758e+00,1.044177412986755371e+00,7.311097532510757446e-02,-1.803153455257415771e-01,-2.012614607810974121e-01,3.709990084171295166e-01,4.618930106516927481e-04,2.389256954193115234e-01,2.077753543853759766e+00,-3.127480745315551758e-01,1.091797351837158203e+00,-3.623162806034088135e-01,-6.811676621437072754e-01,3.415553569793701172e-01,-3.362606465816497803e-01,-4.615379273891448975e-01,-8.476378917694091797e-01,-4.503099322319030762e-01
8.918404579162597656e-02,1.905381381511688232e-01,5.318701863288879395e-01,-1.191544532775878906e+00,3.237210810184478760e-01,-5.875735729932785034e-02,1.672920346260070801e+00,1.149607062339782715e+00,-7.682630419731140137e-01,-1.046823620796203613e+00,-1.717381328344345093e-01,4.214017465710639954e-02,-2.890954017639160156e-01,-3.268650770187377930e-01,1.938441276550292969e+00,-1.035144448280334473e+00,-5.843877196311950684e-01,3.437135219573974609e-01,-1.848063617944717407e-01,-4.386813938617706299e-01,3.574714064598083496e-01,1.244121789932250977e+00,1.627371758222579956e-01,1.178790554404258728e-01,-1.223440885543823242e+00,6.597943305969238281e-01,1.389946699142456055e+00,-1.638620495796203613e+00,4.507215023040771484e-01,-8.907184600830078125e-01,-5.013962462544441223e-02,-3.170291483402252197e-01,-1.603122472763061523e+00,-1.574494481086730957e+00,7.589468359947204590e-02,4.923592507839202881e-01,-1.266613245010375977e+00,-7.369353175163269043e-01,8.027348518371582031e-01,-1.221178293228149414e+00,-1.085984230041503906e+00,7.025241851806640625e-01,1.516113519668579102e+00,-1.170810937881469727e+00,-1.267026662826538086e+00,-1.127919077873229980e+00,-4.962880015373229980e-01,-1.300933957099914551e+00,5.448937416076660156e-01,9.796854257583618164e-01,6.516536474227905273e-01,-2.383073329925537109e+00,-2.902831137180328369e-01,1.841428726911544800e-01,-2.321847438812255859e+00,-1.559024810791015625e+00,-2.516652345657348633e-01,8.602448105812072754e-01,-1.715852379798889160e+00,-1.186668276786804199e+00,-1.505830645561218262e+00,-8.642817735671997070e-01,3.363343775272369385e-01,3.838618099689483643e-01,-1.465991735458374023e+00,1.562974691390991211e+00,3.672750592231750488e-01,-1.070495009422302246e+00,-5.626962780952453613e-01,-1.775124192237854004e+00,9.263768196105957031e-01,1.996542215347290039e+00,1.841454952955245972e-01,-2.390046417713165283e-01,-1.770604014396667480e+00,1.161030307412147522e-01,5.301287025213241577e-02,4.308875799179077148e-01,-9.650603681802749634e-02,7.638237625360488892e-02,-2.371510267257690430e+00,-4.708506762981414795e-01,-1.529001832008361816e+00,-5.517408251762390137e-02,1.955386757850646973e+00,1.065862059593200684e+00,-8.323717713356018066e-01,7.037783861160278320e-01,2.822093069553375244e-01,-1.023309111595153809e+00,-1.072910904884338379e+00,-2.714324593544006348e-01,-3.437573909759521484e-01,3.377720117568969727e-01,1.537624299526214600e-01,1.591565459966659546e-01,-1.371067047119140625e+00,1.263517022132873535e+00,-1.147616072557866573e-03,-2.018754005432128906e+00
-1.500109732151031494e-01,-4.063498079776763916e-01,6.348422169685363770e-01,-2.008904695510864258e+00,-5.595899820327758789e-01,1.786856412887573242e+00,-9.448721259832382202e-02,4.963765740394592285e-01,-4.986369609832763672e-01,-1.380840778350830078e+00,-7.375994920730590820e-01,6.148928999900817871e-01,-1.485602736473083496e+00,3.964810669422149658e-01,-9.873755276203155518e-02,-1.213836312294006348e+00,-1.708600044250488281e+00,-2.961446046829223633e-01,1.287962645292282104e-01,2.174834311008453369e-01,1.216147467494010925e-01,6.248729228973388672e-01,1.338074088096618652e+00,3.737997412681579590e-01,-4.597755372524261475e-01,-1.908431172370910645e+00,-3.836818933486938477e-01,1.252663373947143555e+00,8.466627001762390137e-01,-2.736186265945434570e+00,1.713574379682540894e-01,-1.386551022529602051e+00,7.911898493766784668e-01,1.627299189567565918e+00,-2.475266605615615845e-01,1.577566623687744141e+00,-3.582404255867004395e-01,-1.458380371332168579e-02,-6.231023073196411133e-01,1.112716317176818848e+00,3.455300629138946533e-01,-1.150813579559326172e+00,-1.589959025382995605e+00,-8.677954673767089844e-01,8.826457262039184570e-01,1.603641510009765625e+00,4.930967390537261963e-01,8.259842991828918457e-01,7.109011709690093994e-02,2.259450778365135193e-02,-5.044661760330200195e-01,7.187854051589965820e-01,-3.889872729778289795e-01,2.582116238772869110e-02,-4.248843789100646973e-01,3.232998773455619812e-02,-1.588916540145874023e+00,-4.984043538570404053e-02,9.271585941314697266e-02,-1.215295051224529743e-03,-3.465687036514282227e-01,2.095641613006591797e+00,1.437152743339538574e+00,-1.589867711067199707e+00,1.487823486328125000e+00,1.530759811401367188e+00,-1.150484561920166016e+00,-1.271655678749084473e+00,6.986452937126159668e-01,-1.360017657279968262e+00,2.549937725067138672e+00,1.844925403594970703e+00,-1.083112359046936035e+00,1.401463150978088379e+00,1.136621475219726562e+00,8.083143085241317749e-02,1.232369303703308105e+00,3.233239352703094482e-01,2.204536050558090210e-01,1.176433205604553223e+00,-1.205794334411621094e+00,-3.904361724853515625e-01,4.555630683898925781e-01,4.868148863315582275e-01,-4.155809991061687469e-03,-1.585276007652282715e+00,1.625492721796035767e-01,2.285643219947814941e-01,-5.820667147636413574e-01,-8.519762158393859863e-01,4.873485267162322998e-01,-7.166517972946166992e-01,-1.562744021415710449e+00,5.650928020477294922e-01,1.771460175514221191e+00,7.533892989158630371e-01,1.504816055297851562e+00,-1.129653692245483398e+00,-1.194141387939453125e+00,-4.659948647022247314e-01
-1.717750191688537598e+00,1.890230774879455566e+00,-4.509084820747375488e-01,4.784193038940429688e-01,9.200795888900756836e-01,5.529986619949340820e-01,1.148130297660827637e+00,1.580073595046997070e+00,-4.428752511739730835e-02,-3.042946457862854004e-01,-7.697246670722961426e-01,-3.574120700359344482e-01,-8.411284685134887695e-01,-3.399468660354614258e-01,-6.667908430099487305e-01,1.902458906173706055e+00,3.628827631473541260e-01,-1.563677936792373657e-02,-1.481756806373596191e+00,-1.237195014953613281e+00,-1.267852544784545898e+00,1.659400343894958496e+00,-2.061417102813720703e+00,1.430072426795959473e+00,-1.634021639823913574e+00,3.871909081935882568e-01,2.500851154327392578e-01,3.247901797294616699e-01,-1.511404961347579956e-01,-1.780515789985656738e+00,8.358359932899475098e-01,-1.757924675941467285e+00,9.254235029220581055e-01,-3.447108268737792969e-01,3.298351168632507324e-01,8.153508901596069336e-01,-2.324215769767761230e-01,7.282424569129943848e-01,2.468971014022827148e-01,4.396189749240875244e-02,-3.116901218891143799e-01,7.115905284881591797e-01,-9.879865646362304688e-01,6.266699433326721191e-01,-1.967103928327560425e-01,9.400328993797302246e-01,2.622884273529052734e+00,3.038241863250732422e-01,-1.472373753786087036e-01,-1.070672750473022461e+00,1.769096374511718750e+00,4.830089509487152100e-01,9.950580000877380371e-01,4.473151564598083496e-01,-2.002468585968017578e+00,1.708697676658630371e+00,3.312841355800628662e-01,5.507814288139343262e-01,-5.160584449768066406e-01,4.402646422386169434e-02,-2.491341114044189453e+00,1.242701336741447449e-01,-4.632532596588134766e-01,3.794648451730608940e-03,-1.398955702781677246e+00,-1.819243580102920532e-01,1.453278660774230957e-01,-1.052237987518310547e+00,1.767208933830261230e+00,1.978170573711395264e-01,1.100466728210449219e+00,-2.571426704525947571e-02,-5.139005184173583984e-01,2.063293457031250000e+00,-1.166812539100646973e+00,-8.486501574516296387e-01,1.394541740417480469e+00,-3.430924415588378906e-01,-4.809440970420837402e-01,1.170969605445861816e+00,-2.188033461570739746e-01,-1.166472673416137695e+00,-1.944158822298049927e-01,2.700556218624114990e-01,2.918442338705062866e-02,-2.644735872745513916e-01,-9.497855305671691895e-01,1.044961437582969666e-01,-7.106513977050781250e-01,-1.109518885612487793e+00,4.371573030948638916e-02,7.343933731317520142e-02,4.103739857673645020e-01,6.118577718734741211e-01,-7.899456620216369629e-01,3.161474764347076416e-01,-1.341999411582946777e+00,-2.884302139282226562e-01,-5.777894854545593262e-01,1.924636960029602051e-01
5.021412372589111328e-01,-8.274174332618713379e-01,4.785951673984527588e-01,4.876274168491363525e-01,-3.755770623683929443e-01,6.854062080383300781e-01,3.471626639366149902e-01,-3.195827826857566833e-02,-1.676491379737854004e+00,-1.959443569183349609e+00,5.462530851364135742e-01,1.253903388977050781e+00,-4.058558344841003418e-01,8.317077159881591797e-02,-4.362344443798065186e-01,-3.401072323322296143e-02,1.749581545591354370e-01,4.098356962203979492e-01,-1.397475838661193848e+00,-2.867915868759155273e+00,3.189774602651596069e-02,-6.490843892097473145e-01,3.642203807830810547e-01,-5.448946952819824219e-01,-5.434671640396118164e-01,2.095179796218872070e+00,1.085792541503906250e+00,-4.020090401172637939e-01,-5.710355043411254883e-01,2.307071089744567871e-01,-3.142574131488800049e-01,-1.423111677169799805e+00,2.412095546722412109e+00,8.757327198982238770e-01,-2.653894424438476562e-01,4.200207889080047607e-01,1.473677754402160645e+00,6.300347447395324707e-01,-6.583935022354125977e-01,-7.050698399543762207e-01,-1.945936977863311768e-01,-3.732821941375732422e-01,6.855328083038330078e-01,3.298105895519256592e-01,-7.203572243452072144e-02,3.997156322002410889e-01,5.546927452087402344e-01,-9.127633571624755859e-01,-1.502581596374511719e+00,6.131052970886230469e-01,7.045937180519104004e-01,2.159340858459472656e+00,2.500369846820831299e-01,-4.186626374721527100e-01,-1.875480175018310547e+00,8.217946887016296387e-01,-2.771765887737274170e-01,1.017415761947631836e+00,-1.509732365608215332e+00,-7.052111625671386719e-01,8.426499962806701660e-01,5.140314623713493347e-02,-1.176416873931884766e+00,-2.670746147632598877e-01,-2.966664433479309082e-01,-5.815970301628112793e-01,1.968841552734375000e+00,8.337509036064147949e-01,-1.088911533355712891e+00,6.586787700653076172e-01,-1.425664424896240234e+00,9.585350155830383301e-01,-7.184059619903564453e-01,-4.903772473335266113e-01,3.465191721916198730e-01,-6.130166053771972656e-01,-1.591022014617919922e+00,2.554987370967864990e-01,3.892240822315216064e-01,-1.210391044616699219e+00,-4.696144461631774902e-01,5.975087285041809082e-01,1.422730088233947754e-01,-8.724800944328308105e-01,4.877270758152008057e-01,1.667994260787963867e-01,5.101127177476882935e-02,9.668827652931213379e-01,1.372311115264892578e-01,-1.290300011634826660e+00,-9.784316420555114746e-01,-8.719088882207870483e-02,1.875638663768768311e-01,2.786707878112792969e-01,-1.355769991874694824e+00,2.215681225061416626e-01,4.836696088314056396e-01,6.622267365455627441e-01,9.750516414642333984e-01,5.611464977264404297e-01
-6.160472035408020020e-01,1.247215509414672852e+00,-1.355610370635986328e+00,1.381514191627502441e+00,2.059092044830322266e+00,1.536220788955688477e+00,-9.615775346755981445e-01,1.555586457252502441e+00,1.003331303596496582e+00,-2.202681750059127808e-01,5.286504626274108887e-01,6.686836481094360352e-01,-1.095144510269165039e+00,-1.572226136922836304e-01,1.130570173263549805e+00,-2.146269381046295166e-01,-7.012508511543273926e-01,3.038475990295410156e+00,1.292829155921936035e+00,-1.444545030593872070e+00,-7.179607152938842773e-01,-8.055545091629028320e-01,5.352954566478729248e-02,-1.420959591865539551e+00,1.560909628868103027e+00,8.015232682228088379e-01,1.063217282295227051e+00,2.771006822586059570e-01,-2.359440326690673828e-01,7.773543596267700195e-01,2.751177847385406494e-01,9.673259258270263672e-01,8.183730840682983398e-01,-3.290087878704071045e-01,3.020788170397281647e-02,1.269282937049865723e+00,-3.758749067783355713e-01,1.144141077995300293e+00,-3.871866762638092041e-01,3.432487249374389648e-01,-2.548962831497192383e-01,-2.233508080244064331e-01,9.947759509086608887e-01,5.775747895240783691e-01,1.515403836965560913e-01,-1.059813022613525391e+00,1.125909090042114258e+00,3.611540496349334717e-01,1.629176259040832520e+00,-1.795778572559356689e-01,1.069859743118286133e+00,2.155991315841674805e+00,-8.545112609863281250e-02,1.093346357345581055e+00,1.187759160995483398e+00,1.262987256050109863e+00,1.470674276351928711e+00,3.293195962905883789e-01,-7.451086640357971191e-01,1.542420506477355957e+00,-3.608208000659942627e-01,5.012270212173461914e-01,4.453184455633163452e-02,-2.597739398479461670e-01,4.403556287288665771e-01,-9.707186222076416016e-01,7.547762393951416016e-01,-1.639476537704467773e+00,1.788502484560012817e-01,8.254297971725463867e-01,3.119269609451293945e-01,-8.472744375467300415e-02,-4.894090294837951660e-01,-4.051049947738647461e-01,-1.141545534133911133e+00,2.495117187500000000e+00,4.542735219001770020e-02,-5.966230630874633789e-01,1.503118038177490234e+00,-2.551619708538055420e-01,6.654719114303588867e-01,-5.280554890632629395e-01,-5.441751480102539062e-01,-1.432138204574584961e+00,1.023352146148681641e+00,-1.412392735481262207e+00,-1.922321200370788574e+00,-3.567028939723968506e-01,-6.649668216705322266e-01,6.252681463956832886e-02,-1.298080801963806152e+00,3.791171312332153320e-01,-5.808216333389282227e-02,3.970461785793304443e-01,6.982775926589965820e-01,6.570040583610534668e-01,-6.552280783653259277e-01,-6.938626170158386230e-01,5.679547190666198730e-01,5.188037753105163574e-01
6.141841411590576172e-01,3.665768504142761230e-01,8.493191599845886230e-01,-1.882124066352844238e+00,-2.154470682144165039e+00,-2.372683435678482056e-01,-2.416196614503860474e-01,1.120282933115959167e-01,-1.347845435142517090e+00,1.919875741004943848e-01,1.705664098262786865e-01,3.451177775859832764e-01,3.741100132465362549e-01,8.500995486974716187e-02,-1.455615282058715820e+00,2.189109325408935547e-01,5.335907936096191406e-01,-1.961575031280517578e+00,-1.010405421257019043e+00,-1.061727046966552734e+00,4.126320779323577881e-02,6.098247170448303223e-01,-1.736938357353210449e+00,2.654376253485679626e-02,-1.739140868186950684e+00,-5.297411084175109863e-01,-8.381916880607604980e-01,9.375031292438507080e-02,5.811937451362609863e-01,3.984735310077667236e-01,6.730387806892395020e-01,5.225237607955932617e-01,-1.717684149742126465e+00,-8.863862752914428711e-01,4.005968272686004639e-01,-9.541322290897369385e-02,-1.250772953033447266e+00,1.194594502449035645e+00,6.197945475578308105e-01,-2.828102409839630127e-01,8.143871426582336426e-01,-5.645083189010620117e-01,1.522117614746093750e+00,7.736175656318664551e-01,-5.616060271859169006e-02,2.500976085662841797e+00,1.650064468383789062e+00,5.519825220108032227e-01,-8.175305724143981934e-01,2.337658256292343140e-01,6.937430500984191895e-01,2.256760299205780029e-01,-3.604108393192291260e-01,1.089748144149780273e+00,1.193836331367492676e+00,-2.635722160339355469e+00,-6.455618143081665039e-01,-7.536396384239196777e-01,1.707106471061706543e+00,-7.611753344535827637e-01,1.493267774581909180e+00,1.212999701499938965e+00,2.106549501419067383e+00,8.952539563179016113e-01,1.397956460714340210e-01,-6.530058383941650391e-01,-7.217812538146972656e-01,1.676165938377380371e+00,-1.341204762458801270e+00,-8.345661163330078125e-01,6.147691607475280762e-01,-3.014481067657470703e-01,-5.751954913139343262e-01,4.405235946178436279e-01,1.005879163742065430e+00,4.806594848632812500e-01,2.141699343919754028e-01,-1.443310499191284180e+00,-5.732681751251220703e-01,-8.438915610313415527e-01,4.192502498626708984e-01,-7.639798521995544434e-01,-4.910398423671722412e-01,-4.320555552840232849e-02,-1.766073942184448242e+00,-1.248027086257934570e-01,-8.771240711212158203e-01,1.758616805076599121e+00,-7.940315604209899902e-01,7.893938422203063965e-01,-1.504096090793609619e-01,-5.859240293502807617e-01,-1.926859766244888306e-01,-4.219842255115509033e-01,-2.253776311874389648e+00,-5.479789972305297852e-01,7.597882151603698730e-01,2.058756113052368164e+00,9.870116114616394043e-01,1.142506718635559082e+00
9.078427553176879883e-01,2.719699442386627197e-01,1.462439298629760742e-01,2.422727346420288086e-01,2.466818839311599731e-01,7.346609234809875488e-01,-3.979463279247283936e-01,-7.173956632614135742e-01,-1.629355907440185547e+00,1.348833560943603516e+00,1.112443447113037109e+00,-8.886793851852416992e-01,-5.281746387481689453e-01,-3.448943495750427246e-01,-1.203248858451843262e+00,3.175280094146728516e-01,-1.979467391967773438e+00,-1.391556143760681152e+00,-1.009093523025512695e+00,8.958946466445922852e-01,1.244729042053222656e+00,1.156377434730529785e+00,-1.411611437797546387e+00,1.070487022399902344e+00,-6.694881319999694824e-01,9.329535365104675293e-01,1.348422020673751831e-01,3.798311352729797363e-01,-3.390786945819854736e-01,-8.742646574974060059e-01,4.584321081638336182e-01,5.466586351394653320e-01,-6.911985278129577637e-01,1.468382716178894043e+00,5.696579813957214355e-01,2.881324887275695801e-01,4.100418984889984131e-01,5.293896421790122986e-02,2.889479994773864746e-01,-1.425708293914794922e+00,5.865375995635986328e-01,2.330424785614013672e-01,1.068399548530578613e+00,1.340518236160278320e+00,-2.991972267627716064e-01,1.593634247779846191e+00,7.590225432068109512e-03,-1.026058316230773926e+00,1.078232601284980774e-01,1.081271052360534668e+00,1.620351552963256836e+00,5.525057315826416016e-01,1.546249628067016602e+00,6.160095334053039551e-01,1.148384213447570801e+00,4.209308922290802002e-01,-5.945209264755249023e-01,1.965745389461517334e-01,2.597692489624023438e+00,9.485847949981689453e-01,-2.443838119506835938e-01,1.095759868621826172e+00,2.054527997970581055e+00,-6.748519539833068848e-01,5.162793397903442383e-01,1.123149156570434570e+00,-9.565609693527221680e-02,-7.566409707069396973e-01,-6.059787273406982422e-01,-8.843986392021179199e-01,-2.963241338729858398e-01,-1.208541870117187500e+00,5.452284216880798340e-02,8.176155686378479004e-01,-1.750810623168945312e+00,6.331352144479751587e-02,-4.068135842680931091e-02,2.947404384613037109e-01,2.955778241157531738e-01,-1.090385913848876953e-01,-5.361156165599822998e-02,-6.274809688329696655e-02,-3.021015822887420654e-01,1.079150557518005371e+00,-9.125775694847106934e-01,5.902305841445922852e-01,-4.181652665138244629e-01,-9.758223295211791992e-01,-2.012055665254592896e-01,-1.311695668846368790e-02,1.385883212089538574e+00,-8.779773116111755371e-02,1.188130736351013184e+00,-8.773835301399230957e-01,1.356203436851501465e+00,-6.190031170845031738e-01,-1.017541527748107910e+00,-1.368888169527053833e-01,2.140858650207519531e+00,8.956869840621948242e-01
4.440743923187255859e-01,1.776399314403533936e-01,2.671600282192230225e-01,-3.310974836349487305e-01,4.368000328540802002e-01,8.658822774887084961e-01,8.253203034400939941e-01,7.863757759332656860e-02,1.341244220733642578e+00,6.336201429367065430e-01,-4.858006536960601807e-01,-2.773203849792480469e-01,5.992976427078247070e-01,4.302788972854614258e-01,-1.208017706871032715e+00,-1.091335296630859375e+00,-1.068794608116149902e+00,-8.556188941001892090e-01,-1.685606390237808228e-01,-1.624485850334167480e+00,-1.464435100555419922e+00,-8.213797211647033691e-01,1.439087152481079102e+00,6.559894084930419922e-01,-1.541730910539627075e-01,-1.638500213623046875e+00,-1.963953971862792969e-01,9.058347344398498535e-01,-4.308491349220275879e-01,-2.419737130403518677e-01,1.297138929367065430e+00,-1.844462275505065918e+00,1.361888200044631958e-01,2.058030128479003906e+00,1.175082087516784668e+00,2.488845437765121460e-01,-2.328240275382995605e-01,-8.831957578659057617e-01,6.496317386627197266e-01,-2.105737447738647461e+00,7.593560814857482910e-01,-1.250055313110351562e+00,1.150577664375305176e+00,1.350327372550964355e+00,-1.585878729820251465e+00,-1.136999353766441345e-01,-1.097458526492118835e-01,1.569524593651294708e-02,-2.321666002273559570e+00,7.622772455215454102e-01,-4.091552793979644775e-01,-1.198391914367675781e+00,-1.449071884155273438e+00,1.289392352104187012e+00,1.269032359123229980e+00,1.330296158790588379e+00,1.616795510053634644e-01,2.478139162063598633e+00,1.470091938972473145e+00,4.138509631156921387e-01,-9.291725158691406250e-01,1.482341289520263672e+00,-5.025572180747985840e-01,-1.093687862157821655e-02,-5.472682118415832520e-01,1.334126949310302734e+00,-1.870091557502746582e-01,2.697293758392333984e-01,4.843816757202148438e-01,-7.729395627975463867e-01,-4.311338961124420166e-01,2.982185184955596924e-01,7.464361190795898438e-01,4.524440169334411621e-01,4.392295777797698975e-01,-3.107568740844726562e+00,3.387796282768249512e-01,1.098152041435241699e+00,2.162640728056430817e-02,-9.262655377388000488e-01,-5.262593626976013184e-01,-1.865507125854492188e+00,8.710269331932067871e-01,-1.620569825172424316e+00,1.172161459922790527e+00,-8.317390680313110352e-01,4.098339080810546875e-01,4.222845286130905151e-02,-1.758906692266464233e-01,3.510444462299346924e-01,1.881212890148162842e-01,5.966313481330871582e-01,1.198224902153015137e+00,2.012346684932708740e-01,-1.001363277435302734e+00,-5.487379431724548340e-01,5.920494794845581055e-01,-9.220844507217407227e-01,1.454399347305297852e+00,-1.088456153869628906e+00
-2.570689678192138672e+00,6.236659884452819824e-01,6.615952849388122559e-01,-7.088845223188400269e-02,2.432549238204956055e+00,-8.816203474998474121e-01,-2.082202285528182983e-01,-1.182403266429901123e-01,-1.376848459243774414e+00,1.612322032451629639e-01,-7.061943411827087402e-01,-4.574397802352905273e-01,6.864806413650512695e-01,5.145946741104125977e-01,-2.628064870834350586e+00,1.710152983665466309e+00,3.633857369422912598e-01,-8.972687125205993652e-01,5.667921900749206543e-01,4.377775192260742188e-01,-3.631140887737274170e-01,-3.105342864990234375e+00,1.123349785804748535e+00,5.681322813034057617e-01,-5.085383057594299316e-01,1.156842112541198730e+00,6.618644595146179199e-01,-1.092584729194641113e+00,-9.282001852989196777e-01,-6.471161842346191406e-01,1.284085154533386230e+00,9.833719134330749512e-01,4.267680346965789795e-01,1.327187895774841309e+00,-1.044562816619873047e+00,5.942494869232177734e-01,-5.030987262725830078e-01,1.632262319326400757e-01,-5.567427277565002441e-01,3.657395541667938232e-01,6.306143105030059814e-02,6.888058185577392578e-01,1.221800565719604492e+00,-7.951174974441528320e-01,-6.766563653945922852e-01,-5.959290266036987305e-01,2.073053359985351562e+00,-3.573356270790100098e-01,1.376927375793457031e+00,3.241685330867767334e-01,2.370003223419189453e+00,1.918192148208618164e+00,-3.665752410888671875e-01,5.223823189735412598e-01,8.655494451522827148e-01,1.066665410995483398e+00,1.444327712059020996e+00,-7.166122198104858398e-01,2.676967680454254150e-01,8.797302246093750000e-01,1.486647248268127441e+00,-3.729052543640136719e-01,-1.603783011436462402e+00,2.365498244762420654e-01,5.337857604026794434e-01,4.447360634803771973e-01,3.161378502845764160e-01,-1.889541149139404297e-01,-2.216217964887619019e-01,-5.516662821173667908e-02,1.085979223251342773e+00,-4.518995583057403564e-01,-1.232239976525306702e-01,2.152769327163696289e+00,5.742418169975280762e-01,3.032202720642089844e-01,-5.732713937759399414e-01,5.803449079394340515e-02,-9.409813284873962402e-01,8.712535351514816284e-02,1.638919860124588013e-01,1.809983372688293457e+00,-1.248853355646133423e-01,1.138644933700561523e+00,-1.713107228279113770e-01,-4.675110280513763428e-01,-1.612530469894409180e+00,-1.906630039215087891e+00,-6.520163416862487793e-01,7.641540765762329102e-01,-4.284518063068389893e-01,-7.472744584083557129e-01,-3.848594427108764648e-01,8.957406878471374512e-01,-2.912119626998901367e-01,1.900887727737426758e+00,5.905972793698310852e-03,7.767553925514221191e-01,-1.100183129310607910e+00,-9.468309283256530762e-01
1.458087682723999023e+00,-6.117049455642700195e-01,1.171038508415222168e+00,1.094799399375915527e+00,-6.064405441284179688e-01,-2.645462989807128906e+00,1.578813195228576660e-01,8.401502370834350586e-01,-1.519564688205718994e-01,1.462261080741882324e-01,2.872924804687500000e-01,-6.623203158378601074e-01,2.534946203231811523e+00,-5.684154629707336426e-01,5.348480939865112305e-01,3.495023250579833984e-01,-8.305422663688659668e-01,-7.537289261817932129e-01,2.634966671466827393e-01,-2.783959507942199707e-01,-2.289651632308959961e+00,1.919908225536346436e-01,4.257473349571228027e-01,-1.463444232940673828e+00,-5.632860660552978516e-01,8.184383511543273926e-01,-3.133022487163543701e-01,-1.775502800941467285e+00,8.212503790855407715e-01,2.185486704111099243e-01,-1.122094869613647461e+00,-1.605614870786666870e-01,-1.722426295280456543e+00,-1.361905336380004883e+00,1.294715523719787598e+00,-2.342009067535400391e+00,-1.485122680664062500e+00,-1.982826925814151764e-02,1.288488954305648804e-01,2.831480838358402252e-02,-6.282159686088562012e-01,-2.735765278339385986e-01,-1.253655552864074707e+00,-2.315394431352615356e-01,1.511183261871337891e+00,3.238128423690795898e-01,-1.075948715209960938e+00,-8.264812231063842773e-01,-9.401705861091613770e-01,-1.462328791618347168e+00,3.242569863796234131e-01,-9.165665507316589355e-02,1.065238952636718750e+00,5.757024288177490234e-01,5.054633617401123047e-01,-1.514318864792585373e-02,3.414090573787689209e-01,3.874660134315490723e-01,1.642434239387512207e+00,8.419919610023498535e-01,-2.675508856773376465e-01,-3.834871947765350342e-01,-3.143297731876373291e-01,-1.543744921684265137e+00,4.586787521839141846e-01,8.582636117935180664e-01,-9.826332330703735352e-01,-3.865849077701568604e-01,-3.582752645015716553e-01,-3.522127270698547363e-01,-5.316796302795410156e-01,-1.516380429267883301e+00,-9.723249822854995728e-02,6.303875446319580078e-01,1.077350497245788574e+00,-3.728842139244079590e-01,-2.175829857587814331e-01,4.872482419013977051e-01,-3.506116271018981934e-01,-5.222637653350830078e-01,1.561147928237915039e+00,-5.784403681755065918e-01,3.702457845211029053e-01,2.262089967727661133e+00,-7.296178340911865234e-01,-9.569082260131835938e-01,-4.043481349945068359e-01,1.095113754272460938e+00,1.870700597763061523e+00,2.541289329528808594e+00,-1.183355674147605896e-01,6.011294126510620117e-01,5.752335190773010254e-01,-1.417618989944458008e-01,-2.645738422870635986e-01,1.435539603233337402e+00,-9.391857385635375977e-01,-8.196579813957214355e-01,1.448770880699157715e+00,-1.025728821754455566e+00
-5.755727291107177734e-01,-1.636128306388854980e+00,-5.945841073989868164e-01,1.475374817848205566e+00,-1.124518364667892456e-01,-4.572780430316925049e-01,5.254580378532409668e-01,-1.222171425819396973e+00,-8.223002552986145020e-01,1.821383275091648102e-02,1.039312720298767090e+00,-8.140902519226074219e-01,7.562026977539062500e-01,9.089677929878234863e-01,-2.189997732639312744e-01,-1.391357660293579102e+00,-9.783428311347961426e-01,-1.326974391937255859e+00,-1.584014892578125000e+00,1.040256381034851074e+00,-8.901336193084716797e-01,-1.263546705245971680e+00,-1.757618546485900879e+00,-4.213350713253021240e-01,1.056966423988342285e+00,-1.018786191940307617e+00,-2.354782104492187500e+00,-2.172758877277374268e-01,4.478390216827392578e-01,-3.465546369552612305e-01,7.922568321228027344e-01,-2.015082985162734985e-01,9.027669439092278481e-04,9.445715546607971191e-01,-3.154741525650024414e-01,8.925002217292785645e-01,-5.194532275199890137e-01,6.114130020141601562e-01,1.034853339195251465e+00,1.015242114663124084e-01,4.697507023811340332e-01,-1.474978208541870117e+00,1.447617769241333008e+00,-8.055701851844787598e-01,-5.269830226898193359e-01,6.975775361061096191e-01,-3.273122906684875488e-01,-9.730597138404846191e-01,-1.655748724937438965e+00,4.927279651165008545e-01,1.312654495239257812e+00,-3.149999380111694336e+00,7.282731682062149048e-02,7.406679391860961914e-01,-8.985243439674377441e-01,-1.454139709472656250e+00,1.062277913093566895e+00,2.212963104248046875e-01,-3.975348770618438721e-01,1.236295700073242188e+00,2.371824681758880615e-01,-6.171495914459228516e-01,2.724487520754337311e-02,-1.789138436317443848e+00,-6.475005745887756348e-01,-7.225586175918579102e-01,1.572274208068847656e+00,3.021014332771301270e-01,-1.619782328605651855e+00,2.656171321868896484e-01,-1.229990720748901367e+00,2.110212087631225586e+00,-6.184456869959831238e-02,1.972459912300109863e+00,-4.591383337974548340e-01,7.040022015571594238e-01,1.283508181571960449e+00,-1.311787486076354980e+00,-1.040204167366027832e+00,8.476369827985763550e-02,-6.883092522621154785e-01,-6.154689788818359375e-01,-1.281825453042984009e-01,-2.554739952087402344e+00,6.869184970855712891e-01,1.663835763931274414e+00,-1.927368342876434326e-02,-4.131258130073547363e-01,4.018760025501251221e-01,-1.647045850753784180e+00,-7.873586416244506836e-01,-6.352501362562179565e-02,-3.217530548572540283e-01,2.132508754730224609e+00,-1.256695747375488281e+00,1.027364492416381836e+00,-5.154935717582702637e-01,1.685375928878784180e+00,4.328424930572509766e-01,1.432373166084289551e+00
1.976405620574951172e+00,-1.277799129486083984e+00,7.150793075561523438e-01,-1.098984718322753906e+00,-1.906387954950332642e-01,1.487366557121276855e+00,1.002321124076843262e+00,-1.534251689910888672e+00,6.507514715194702148e-01,3.815430700778961182e-01,2.297210507094860077e-02,6.467255204916000366e-02,1.309414863586425781e+00,-5.729082226753234863e-01,5.299815535545349121e-01,-1.045736312866210938e+00,-1.958089470863342285e-01,1.433911025524139404e-01,3.099438190460205078e+00,-5.515859723091125488e-01,2.476475536823272705e-01,9.457014203071594238e-01,-2.693040072917938232e-01,-7.654125988483428955e-02,-3.179942071437835693e-01,-9.179798364639282227e-01,-5.229833722114562988e-01,1.555540800094604492e+00,6.316916346549987793e-01,-2.414969950914382935e-01,1.353822827339172363e+00,-7.895530462265014648e-01,2.761199176311492920e-01,6.530391573905944824e-01,3.164498805999755859e-01,2.215601503849029541e-02,-7.390633225440979004e-01,1.477735400199890137e+00,-2.383548021316528320e+00,3.911828994750976562e-01,1.681783646345138550e-01,2.088221073150634766e+00,-8.356012105941772461e-01,1.842956393957138062e-01,-1.215095892548561096e-01,1.210802078247070312e+00,8.240619897842407227e-01,1.388361454010009766e+00,1.158252432942390442e-01,-1.365977644920349121e+00,3.109098412096500397e-02,4.982327520847320557e-01,3.301188722252845764e-02,-6.836008429527282715e-01,1.604366064071655273e+00,-9.245042204856872559e-01,-2.600853443145751953e-01,2.870243191719055176e-01,9.389527887105941772e-02,-1.734591126441955566e-01,1.076006293296813965e+00,-6.026883721351623535e-01,-8.077843189239501953e-01,1.266618251800537109e+00,2.732955813407897949e-01,-1.807582259178161621e+00,-3.020655214786529541e-01,1.112022519111633301e+00,-7.867370843887329102e-01,-6.879574060440063477e-01,7.539036273956298828e-01,4.065751731395721436e-01,-9.160753488540649414e-01,1.872191876173019409e-01,2.262208163738250732e-01,1.373709440231323242e+00,-5.091689229011535645e-01,7.116590738296508789e-01,-7.337419390678405762e-01,-7.543623447418212891e-02,-6.745437979698181152e-01,1.569976568222045898e+00,2.375916481018066406e+00,-3.752551972866058350e-01,1.315766215324401855e+00,2.402165234088897705e-01,1.139305472373962402e+00,-3.596378490328788757e-02,5.396557450294494629e-01,-1.142877459526062012e+00,1.689827442169189453e+00,-1.613839983940124512e+00,6.570608615875244141e-01,1.022886395454406738e+00,1.412339568138122559e+00,5.881979465484619141e-01,1.410743355751037598e+00,1.858134269714355469e+00,7.569611668586730957e-01,2.732176482677459717e-01
-6.882614493370056152e-01,-3.911465406417846680e-01,-3.609786555171012878e-02,1.412461638450622559e+00,4.923306107521057129e-01,-1.052284121513366699e+00,1.594573736190795898e+00,1.254785418510437012e+00,7.433443069458007812e-01,-8.471565246582031250e-01,-7.997340559959411621e-01,9.574196487665176392e-02,-1.382475644350051880e-01,-1.066267713904380798e-01,-2.138512581586837769e-01,-9.670238494873046875e-01,-8.037205934524536133e-01,-4.770543277263641357e-01,1.201794520020484924e-01,8.956763744354248047e-01,-7.833701372146606445e-02,7.378953695297241211e-01,1.216520428657531738e+00,-7.338228821754455566e-01,1.969718217849731445e+00,4.326623082160949707e-01,-1.994900703430175781e-01,-4.350093379616737366e-02,-1.506883203983306885e-01,1.067269325256347656e+00,-1.130049154162406921e-01,-3.072348594665527344e+00,1.295227050781250000e+00,-1.648217588663101196e-01,-8.978273272514343262e-01,1.665569394826889038e-01,4.015431702136993408e-01,7.242098450660705566e-01,-6.476632356643676758e-01,1.017856821417808533e-01,4.527722001075744629e-01,2.727696299552917480e-01,7.358074188232421875e-01,7.538989782333374023e-01,1.280058383941650391e+00,-5.289341136813163757e-02,5.145704746246337891e-01,2.230473607778549194e-01,-3.285159766674041748e-01,1.298567801713943481e-01,-1.047052621841430664e+00,2.631906270980834961e+00,1.384979486465454102e+00,-1.450998425483703613e+00,-3.599800541996955872e-02,2.703373730182647705e-01,-1.508825302124023438e+00,-1.897063970565795898e+00,-2.294270992279052734e-01,-2.129282236099243164e+00,-2.210566401481628418e-01,-7.460895180702209473e-01,9.547615051269531250e-01,9.001199603080749512e-01,1.277397513389587402e+00,6.766434311866760254e-01,-1.569259762763977051e-01,-1.719188094139099121e+00,-7.052040696144104004e-01,4.799809679388999939e-02,4.518663883209228516e-01,-4.132029414176940918e-01,-9.440195560455322266e-01,1.424916148185729980e+00,1.297495812177658081e-01,5.738730430603027344e-01,2.750623226165771484e-01,-4.813363850116729736e-01,3.301756083965301514e-01,1.135441303253173828e+00,3.278975784778594971e-01,3.049487173557281494e-01,-2.599625885486602783e-01,1.102517247200012207e+00,-3.713972866535186768e-01,1.533720850944519043e+00,5.917698144912719727e-01,1.456434577703475952e-01,-1.073105931282043457e+00,3.471059203147888184e-01,6.081588268280029297e-01,-7.260773777961730957e-01,-4.549283683300018311e-01,-3.206413388252258301e-01,-2.031698226928710938e+00,-5.420987606048583984e-01,4.452193379402160645e-01,-8.822963237762451172e-01,-1.281101822853088379e+00,-2.081268578767776489e-01
3.909181952476501465e-01,-5.841037631034851074e-01,-4.673532247543334961e-01,-6.800055503845214844e-01,1.091311097145080566e+00,8.423039317131042480e-01,-4.311108291149139404e-01,5.008551478385925293e-01,-5.252631306648254395e-01,-6.457550525665283203e-01,4.627728462219238281e-02,-3.826257074251770973e-03,2.143478870391845703e+00,-1.034767150878906250e+00,-1.098828792572021484e+00,-1.351833462715148926e+00,-2.625379562377929688e-01,9.787888079881668091e-02,4.391259253025054932e-01,-6.344571113586425781e-01,1.627674579620361328e+00,3.132353544235229492e+00,-4.192636013031005859e-01,-2.710318803787231445e+00,3.455410301685333252e-01,1.294459581375122070e+00,-9.195752739906311035e-01,-9.847439527511596680e-01,-3.734919726848602295e-01,8.293240666389465332e-01,-7.343109250068664551e-01,3.465912044048309326e-01,-6.235166192054748535e-01,5.150685086846351624e-02,1.456393837928771973e+00,1.159536838531494141e+00,1.595967076718807220e-02,-1.021123409271240234e+00,-8.819139599800109863e-01,-4.110997915267944336e-01,1.003560543060302734e+00,-1.563685536384582520e+00,-4.812699556350708008e-01,4.292204678058624268e-01,-8.626635670661926270e-01,-5.524292588233947754e-01,-7.959466576576232910e-01,-1.727398395538330078e+00,-8.212745189666748047e-01,-1.447223573923110962e-01,-1.912118643522262573e-01,9.577283263206481934e-01,-3.611166477203369141e-01,-2.606662511825561523e-01,-2.261448502540588379e-01,1.074127852916717529e-01,1.167314052581787109e+00,9.468740224838256836e-02,6.172366738319396973e-01,-8.602786064147949219e-02,5.388922616839408875e-02,-9.374986290931701660e-01,1.462722301483154297e+00,-4.915722012519836426e-01,-1.555940389633178711e+00,-5.979483574628829956e-02,1.404600977897644043e+00,-1.681378602981567383e+00,4.775578081607818604e-01,7.476629316806793213e-02,-2.193300485610961914e+00,4.860174655914306641e-01,5.176312923431396484e-01,-2.849426567554473877e-01,1.181346699595451355e-01,1.189883708953857422e+00,1.254073828458786011e-01,6.390389204025268555e-01,-1.045496106147766113e+00,6.121819466352462769e-02,2.050039321184158325e-01,1.470541357994079590e+00,7.398656606674194336e-01,1.271339178085327148e+00,-2.311173826456069946e-01,1.218243315815925598e-01,2.086762666702270508e+00,8.038867712020874023e-01,-4.683778584003448486e-01,4.835100769996643066e-01,7.825397253036499023e-01,4.909416139125823975e-01,-1.336942911148071289e+00,3.800959587097167969e-01,-9.348515272140502930e-01,1.109605669975280762e+00,-9.578834474086761475e-02,9.402143955230712891e-01,1.226841688156127930e+00,-6.424697041511535645e-01
-2.739866673946380615e-01,-7.405635118484497070e-01,4.808985292911529541e-01,3.412881791591644287e-01,-1.020580768585205078e+00,-2.873545885086059570e-01,1.514416933059692383e+00,-8.242608904838562012e-01,-7.550143599510192871e-01,-2.266117483377456665e-01,-5.487352013587951660e-01,4.541236162185668945e-01,-2.330256849527359009e-01,4.062724411487579346e-01,3.840782344341278076e-01,-5.821364372968673706e-02,4.650536179542541504e-02,2.513962090015411377e-01,-6.241706609725952148e-01,1.156089678406715393e-01,7.088088989257812500e-01,1.868532896041870117e+00,4.358177632093429565e-02,-1.160725593566894531e+00,-9.802647233009338379e-01,-1.152054309844970703e+00,5.455363392829895020e-01,-8.525826930999755859e-01,-1.269627660512924194e-01,1.012196689844131470e-01,1.013189077377319336e+00,1.566691040992736816e+00,-1.697136878967285156e+00,-2.082296848297119141e+00,-6.822311878204345703e-01,1.150026731193065643e-02,-1.317613482475280762e+00,-4.125945866107940674e-01,1.456777930259704590e+00,-5.266187191009521484e-01,1.434624671936035156e+00,6.314051151275634766e-01,-3.791283816099166870e-02,1.174793481826782227e+00,-8.676047921180725098e-01,1.570208787918090820e+00,5.307407379150390625e-01,-6.538715362548828125e-01,-2.138876765966415405e-01,6.053313016891479492e-01,1.279515147209167480e+00,3.891865611076354980e-01,-1.424445807933807373e-01,-8.142075538635253906e-01,-1.193648338317871094e+00,-2.609001100063323975e-01,1.571778655052185059e+00,4.791179299354553223e-01,8.063607662916183472e-02,1.240654513239860535e-01,-5.717464163899421692e-02,-6.751578301191329956e-02,4.356043040752410889e-01,4.569739997386932373e-01,1.410395056009292603e-01,-9.805407524108886719e-01,3.524360358715057373e-01,1.561799645423889160e-01,3.666349053382873535e-01,1.698053956031799316e+00,-7.383669614791870117e-01,2.862301170825958252e-01,9.509544968605041504e-01,-3.681317269802093506e-01,-3.834133744239807129e-01,6.224379539489746094e-01,-1.337530493736267090e+00,-9.765767455101013184e-01,-8.490213751792907715e-02,1.546733975410461426e-01,-1.320916652679443359e+00,-6.211426854133605957e-01,2.750702798366546631e-01,1.903595924377441406e-01,-8.288655281066894531e-01,3.224442303180694580e-01,7.781789302825927734e-01,3.264617919921875000e-01,1.116460680961608887e+00,1.411011338233947754e+00,-6.448831558227539062e-01,-1.087839841842651367e+00,4.631564319133758545e-01,-1.360100984573364258e+00,-4.303968250751495361e-01,-1.068909186869859695e-02,-8.061426877975463867e-01,-7.425410747528076172e-01,4.905077069997787476e-02,-4.316431283950805664e-01
1.905745118856430054e-01,-1.168408751487731934e+00,8.382011055946350098e-01,2.305768966674804688e+00,5.899009108543395996e-01,-5.102801918983459473e-01,-7.332974076271057129e-01,1.246705651283264160e+00,1.735609889030456543e+00,1.422340750694274902e+00,9.196508526802062988e-01,7.387076318264007568e-02,-2.275483369827270508e+00,-1.109053254127502441e+00,9.108037948608398438e-01,-6.218252182006835938e-01,-5.074895620346069336e-01,2.130348682403564453e+00,1.152278661727905273e+00,1.001882910728454590e+00,1.007448434829711914e+00,-1.737667173147201538e-01,1.030433773994445801e+00,-1.288008213043212891e+00,-3.492413759231567383e-01,5.151242613792419434e-01,5.002564787864685059e-01,1.221104979515075684e+00,9.133012890815734863e-01,1.142755985260009766e+00,6.022929549217224121e-01,1.257237672805786133e+00,1.656596422195434570e+00,2.830762624740600586e+00,1.392804980278015137e+00,4.885222911834716797e-01,7.936387062072753906e-01,6.708154082298278809e-01,-2.876044511795043945e-01,-1.245986223220825195e+00,-2.083625316619873047e+00,3.027999699115753174e-01,-2.194410413503646851e-01,-1.095487833023071289e+00,6.424030661582946777e-01,2.268903404474258423e-01,-1.637900948524475098e+00,-1.146492004394531250e+00,2.191563606262207031e+00,5.764677524566650391e-01,-3.604749143123626709e-01,-2.038754224777221680e+00,-1.429990887641906738e+00,-4.318974018096923828e-01,9.663950651884078979e-02,1.219682097434997559e+00,6.484233140945434570e-01,2.953308448195457458e-02,5.352552533149719238e-01,-2.871269285678863525e-01,9.171489477157592773e-01,2.274297364056110382e-02,-1.354304313659667969e+00,1.685651242733001709e-01,1.204563140869140625e+00,-6.997602581977844238e-01,7.724127173423767090e-01,-6.984173059463500977e-01,9.348036348819732666e-02,5.623629093170166016e-01,-5.377867221832275391e-01,1.910288929939270020e-01,-1.371444225311279297e+00,-7.019488215446472168e-01,-2.677060961723327637e-01,6.024519801139831543e-01,-5.004383325576782227e-01,9.882856011390686035e-01,-4.687704145908355713e-01,-6.372060775756835938e-01,-1.185245871543884277e+00,7.846841216087341309e-01,6.319860816001892090e-01,1.779893785715103149e-01,-3.469173312187194824e-01,-3.282647132873535156e-01,-8.400527238845825195e-01,1.149100065231323242e-01,-1.093066483736038208e-01,-1.131747722625732422e+00,-4.767492413520812988e-01,-1.718833565711975098e+00,-1.268863797187805176e+00,-6.646396964788436890e-02,-2.847226858139038086e-01,6.667135357856750488e-01,-1.100319549441337585e-01,-1.380396008491516113e+00,2.811622858047485352e+00,1.262677550315856934e+00
7.648084759712219238e-01,1.046316504478454590e+00,-1.217139482498168945e+00,-1.431333184242248535e+00,-9.247116744518280029e-02,1.006962060928344727e+00,-1.299572885036468506e-01,7.802353501319885254e-01,-4.957239925861358643e-01,-1.749528884887695312e+00,-1.007967665791511536e-01,7.080807089805603027e-01,-1.589614748954772949e-01,-1.883718609809875488e+00,1.485468626022338867e+00,6.907165646553039551e-01,-1.171536371111869812e-01,-3.169134557247161865e-01,-1.019965708255767822e-01,7.962333559989929199e-01,5.914952158927917480e-01,1.470696568489074707e+00,1.874831020832061768e-01,2.990987002849578857e-01,-3.766600787639617920e-01,7.794692516326904297e-01,-8.161388337612152100e-02,4.215836226940155029e-01,6.176083087921142578e-01,-1.471142411231994629e+00,6.947649121284484863e-01,1.525794714689254761e-01,4.224408790469169617e-02,-1.134290248155593872e-01,-3.117259740829467773e-01,4.493164122104644775e-01,1.620788872241973877e-01,7.226511240005493164e-01,2.614316344261169434e-01,-6.382170319557189941e-01,2.562726736068725586e-01,-9.814680088311433792e-04,-5.267976969480514526e-02,5.352244973182678223e-01,3.066961886361241341e-03,-1.402252316474914551e+00,-8.708841800689697266e-01,1.190112709999084473e+00,8.420028686523437500e-01,-6.415843218564987183e-02,6.317532062530517578e-01,-5.309085845947265625e-01,-4.162108302116394043e-01,-1.296513080596923828e-01,1.085518121719360352e+00,4.777042865753173828e-01,-9.700583294034004211e-03,-1.638071238994598389e-02,-1.851000547409057617e+00,5.772833153605461121e-02,-8.403260111808776855e-01,8.571975827217102051e-01,7.536617517471313477e-01,-9.785774946212768555e-01,-1.515945196151733398e+00,5.444957017898559570e-01,6.905357837677001953e-01,1.108934402465820312e+00,4.370237290859222412e-01,5.504992008209228516e-01,-5.701299309730529785e-01,2.430477380752563477e+00,1.987924575805664062e+00,-1.360296487808227539e+00,-6.409673690795898438e-01,-9.447075724601745605e-01,6.051062345504760742e-01,2.630609571933746338e-01,-3.796302676200866699e-01,-5.980517864227294922e-01,-1.806616932153701782e-01,1.887616038322448730e+00,8.176357746124267578e-01,-7.390831708908081055e-01,6.231324076652526855e-01,-5.701001882553100586e-01,4.091960787773132324e-01,-2.484197139739990234e+00,-4.461302459239959717e-01,2.435123443603515625e+00,-2.143245339393615723e-01,9.587451815605163574e-01,1.676481723785400391e+00,1.034619212150573730e+00,-4.667911529541015625e-01,-2.070238888263702393e-01,1.875796437263488770e+00,-1.023347735404968262e+00,1.644119143486022949e+00,1.368001461029052734e+00
1.292917490005493164e+00,1.392598271369934082e+00,-2.153289794921875000e+00,-3.324306905269622803e-01,1.028242349624633789e+00,8.535227179527282715e-01,-1.165248751640319824e+00,2.204099446535110474e-01,-6.297500133514404297e-01,7.094885706901550293e-01,-3.283228278160095215e-01,9.654467105865478516e-01,-8.064783215522766113e-01,-2.051786631345748901e-01,-1.016927361488342285e+00,1.801247954368591309e+00,1.842689275741577148e+00,-7.756476849317550659e-02,-2.437198311090469360e-01,-7.569686770439147949e-01,8.734299242496490479e-02,-9.712777137756347656e-01,6.742588430643081665e-02,3.704739212989807129e-01,-8.001073002815246582e-01,-1.088686347007751465e+00,-1.288691401481628418e+00,-1.194447278976440430e+00,1.035073995590209961e+00,-9.363446831703186035e-01,-7.930703163146972656e-01,7.532866001129150391e-01,1.515961140394210815e-01,-8.153137564659118652e-02,-1.706635713577270508e+00,1.211773753166198730e+00,2.615270614624023438e-01,4.794005453586578369e-01,6.251704096794128418e-01,-4.849275648593902588e-01,6.585016846656799316e-02,1.812816262245178223e-01,9.764530658721923828e-01,3.514486253261566162e-01,-1.172529935836791992e+00,2.918209135532379150e-01,8.190175294876098633e-01,1.178937077522277832e+00,-1.295467853546142578e+00,-1.141001939773559570e+00,2.571343481540679932e-01,8.243154287338256836e-01,2.153841108083724976e-01,6.992817521095275879e-01,8.970873951911926270e-01,4.316939115524291992e-01,-1.256946802139282227e+00,-4.576106071472167969e-01,-1.453295469284057617e+00,-5.534569025039672852e-01,-6.252717226743698120e-02,-2.612604200839996338e-01,-4.111923743039369583e-03,1.491500139236450195e+00,7.566625475883483887e-01,4.948578476905822754e-01,1.057797074317932129e+00,-8.441101312637329102e-01,1.639157384634017944e-01,-1.307220935821533203e+00,-1.640837073326110840e+00,-1.174074769020080566e+00,3.586575090885162354e-01,2.238933593034744263e-01,-1.660238146781921387e+00,-7.662850618362426758e-01,-1.348427653312683105e+00,4.952210932970046997e-02,3.402931392192840576e-01,6.180745363235473633e-01,-2.513685464859008789e+00,1.495571970939636230e+00,5.255253911018371582e-01,1.659985035657882690e-01,-4.379544854164123535e-01,1.251171588897705078e+00,5.017458796501159668e-01,8.220499753952026367e-01,6.231632828712463379e-01,1.719581186771392822e-01,-1.121624827384948730e+00,-5.479063391685485840e-01,-1.508082032203674316e+00,5.099196434020996094e-01,-1.454368472099304199e+00,-2.877667844295501709e-01,-4.976176321506500244e-01,-3.160958886146545410e-01,-2.106803804636001587e-01,-8.022822141647338867e-01
9.022549986839294434e-01,1.038375720381736755e-01,3.761495649814605713e-01,6.439997553825378418e-01,9.025899171829223633e-01,5.683870315551757812e-01,-1.059809207916259766e+00,-6.284482777118682861e-02,6.750147342681884766e-01,7.196748852729797363e-01,-8.321093916893005371e-01,5.068683028221130371e-01,8.340788483619689941e-01,1.379096031188964844e+00,-1.800028204917907715e+00,7.473970055580139160e-01,6.152318716049194336e-01,-9.972312301397323608e-02,-4.201736152172088623e-01,1.139404058456420898e+00,-3.562133312225341797e-01,-2.642231285572052002e-01,1.066017270088195801e+00,-1.343673348426818848e+00,4.275438189506530762e-01,1.878894209861755371e+00,-5.390487145632505417e-03,-6.182603240013122559e-01,1.206777334213256836e+00,5.632289052009582520e-01,-7.936804890632629395e-01,6.983301043510437012e-01,1.453521847724914551e+00,2.501065731048583984e-01,1.570850133895874023e+00,-9.162575006484985352e-02,-9.147714972496032715e-01,-1.986447215080261230e+00,1.716820836067199707e+00,3.409448862075805664e-01,-1.664798736572265625e+00,-1.658041238784790039e+00,-1.162961363792419434e+00,-1.118463158607482910e+00,2.489477023482322693e-02,5.101186782121658325e-02,1.282279014587402344e+00,-1.445639491081237793e+00,1.313114643096923828e+00,6.750595569610595703e-01,2.503123283386230469e-01,3.679093718528747559e-01,8.210445046424865723e-01,-4.987339377403259277e-01,-1.734717376530170441e-02,-6.419452428817749023e-01,7.225107550621032715e-01,-7.426531910896301270e-01,-1.275732636451721191e+00,-4.000820815563201904e-01,-8.917192220687866211e-01,-8.150975108146667480e-01,-8.416645526885986328e-01,1.185450106859207153e-01,7.512898743152618408e-02,4.047434031963348389e-01,9.825579524040222168e-01,-1.337973237037658691e+00,1.361433982849121094e+00,-1.762224793434143066e+00,-4.805935323238372803e-01,-2.578220367431640625e-01,8.420041203498840332e-01,-1.915008306503295898e+00,-4.895466566085815430e-01,5.199508741497993469e-02,-7.787480950355529785e-01,1.169933438301086426e+00,1.639845371246337891e+00,-4.278275370597839355e-01,7.179563492536544800e-02,-1.097510337829589844e+00,1.206272721290588379e+00,-2.344926595687866211e+00,7.822081446647644043e-01,3.162601292133331299e-01,3.251016139984130859e-01,1.859185695648193359e+00,1.789420127868652344e+00,6.535921096801757812e-01,-3.231841325759887695e+00,7.842385172843933105e-01,-8.914856314659118652e-01,2.808484315872192383e+00,-5.746216326951980591e-02,-6.881190538406372070e-01,-7.781223952770233154e-02,-2.588018894195556641e+00,-2.263395786285400391e-01,-1.165658354759216309e+00
4.003110527992248535e-01,-8.275902867317199707e-01,4.588251933455467224e-02,6.370425820350646973e-01,-2.447762250900268555e+00,1.460466146469116211e+00,6.138868331909179688e-01,8.675174713134765625e-01,-1.461619973182678223e+00,-5.534237027168273926e-01,-1.358311623334884644e-01,4.556874036788940430e-01,-6.504249572753906250e-01,-9.594513177871704102e-01,6.820134520530700684e-01,-1.526684165000915527e-01,1.463528871536254883e-01,-8.743608593940734863e-01,4.515467584133148193e-01,-2.265705466270446777e-01,1.838912963867187500e-01,-1.776890158653259277e-01,1.491429924964904785e+00,-4.935556948184967041e-01,-1.493577212095260620e-01,1.804374337196350098e+00,1.198760271072387695e+00,-6.864860057830810547e-01,3.392322361469268799e-02,6.118214875459671021e-02,2.494835853576660156e-01,5.413218736648559570e-01,7.508057951927185059e-01,-5.634692683815956116e-02,1.195524096488952637e+00,-5.819860696792602539e-01,-4.568129479885101318e-01,1.985879421234130859e+00,1.091372728347778320e+00,-1.475715756416320801e+00,2.091876417398452759e-01,2.898606657981872559e-01,1.407149136066436768e-01,2.465750217437744141e+00,1.150769233703613281e+00,4.102298915386199951e-01,1.963859796524047852e-01,-7.730123400688171387e-01,7.186881303787231445e-01,6.818699836730957031e-01,-1.033658720552921295e-02,-1.257056117057800293e+00,-1.302118539810180664e+00,9.528437256813049316e-02,8.514435887336730957e-01,-1.947678029537200928e-01,8.901903778314590454e-02,-4.986966401338577271e-02,-1.644970297813415527e+00,-1.114102676510810852e-01,6.791170239448547363e-01,3.591454625129699707e-01,-1.483163595199584961e+00,-4.202996492385864258e-01,4.238898456096649170e-01,-1.439787507057189941e+00,1.151071429252624512e+00,6.092157363891601562e-01,1.599733382463455200e-01,-1.029211208224296570e-01,1.423257470130920410e+00,2.282211184501647949e-01,4.219680130481719971e-01,-1.556434154510498047e+00,5.906830430030822754e-01,-3.144230246543884277e-01,1.572403460741043091e-01,1.414238214492797852e+00,8.643329143524169922e-02,1.068844437599182129e+00,1.148691866546869278e-02,5.683666467666625977e-01,-1.641488075256347656e-01,-1.967378139495849609e+00,-6.628134250640869141e-01,1.097512125968933105e+00,3.236046731472015381e-01,1.658266067504882812e+00,4.945042431354522705e-01,7.793878316879272461e-01,-6.298727393150329590e-01,-1.717197418212890625e+00,1.625904083251953125e+00,-3.310629352927207947e-02,4.763270318508148193e-01,9.307967424392700195e-01,3.354081213474273682e-01,6.243804693222045898e-01,-5.507824569940567017e-02,1.363198161125183105e+00
-1.515527009963989258e+00,-1.132539629936218262e+00,1.161345958709716797e+00,-7.756708860397338867e-01,-3.594457507133483887e-01,-2.631816864013671875e-01,8.536754846572875977e-01,1.386802494525909424e-01,-1.067982196807861328e+00,-9.858359098434448242e-01,-3.592346310615539551e-01,5.376725196838378906e-01,-3.893447816371917725e-01,-1.021582007408142090e+00,1.498194336891174316e+00,-2.031758546829223633e+00,8.957616090774536133e-01,-1.032197237014770508e+00,-1.877949953079223633e+00,1.463700056076049805e+00,-2.733528017997741699e-01,1.270126819610595703e+00,-2.454097270965576172e+00,1.360046863555908203e+00,-4.901482760906219482e-01,7.901113629341125488e-01,-1.432766556739807129e+00,8.997346758842468262e-01,-1.190219283103942871e+00,-9.839255213737487793e-01,-3.804827034473419189e-01,8.479213714599609375e-01,-1.587238535284996033e-02,6.378688812255859375e-01,2.881205677986145020e-01,-1.293962836265563965e+00,5.591521859169006348e-01,2.246395796537399292e-01,2.790594696998596191e-01,-1.917916238307952881e-01,-2.257229238748550415e-01,1.311209559440612793e+00,6.304070949554443359e-01,9.301189780235290527e-01,7.187190055847167969e-01,1.544399261474609375e+00,1.612297296524047852e-01,7.387771010398864746e-01,2.099297381937503815e-02,-1.351845264434814453e+00,-1.141613721847534180e-01,-7.733120322227478027e-01,-9.020186662673950195e-01,-6.716831326484680176e-01,-6.699414253234863281e-01,7.197044491767883301e-01,-1.190443158149719238e+00,-1.886134892702102661e-01,4.677241444587707520e-01,-1.193255066871643066e+00,-4.585607051849365234e-01,-9.372472167015075684e-01,5.190294235944747925e-02,-2.476004883646965027e-02,-5.758386850357055664e-01,2.343422323465347290e-01,-9.271203875541687012e-01,7.191352844238281250e-01,-6.948218345642089844e-01,-3.635778427124023438e-01,2.893047407269477844e-02,-3.412196636199951172e-01,-3.994888961315155029e-01,1.018237233161926270e+00,2.194701582193374634e-01,5.294075980782508850e-02,8.056555390357971191e-01,-5.291611328721046448e-02,1.982661932706832886e-01,8.588024228811264038e-02,-2.545286417007446289e-01,1.204178094863891602e+00,-1.566493034362792969e+00,-4.877384901046752930e-01,9.845991730690002441e-01,2.986149862408638000e-02,1.650110006332397461e+00,-3.186514973640441895e-01,-4.122157096862792969e-01,-1.947658777236938477e+00,-2.010980248451232910e-01,1.123324871063232422e+00,-1.978830814361572266e+00,-3.972712159156799316e-01,-1.198250770568847656e+00,4.351119101047515869e-01,1.712131947278976440e-01,-7.842015027999877930e-01,5.356166958808898926e-01,1.789238095283508301e+00
-2.497037947177886963e-01,-1.357525587081909180e+00,1.587374210357666016e+00,-4.707477092742919922e-01,-5.693246722221374512e-01,-5.781274437904357910e-01,3.850773274898529053e-01,4.942912235856056213e-02,1.227043032646179199e+00,-1.669610142707824707e+00,-2.342337965965270996e-01,6.404876708984375000e-02,2.066667556762695312e+00,-3.014197349548339844e-01,1.576201438903808594e+00,4.450463354587554932e-01,-6.554595232009887695e-01,1.326133131980895996e+00,6.773002743721008301e-01,-3.860172331333160400e-01,-1.731178641319274902e+00,1.039179921150207520e+00,-8.048031330108642578e-01,-1.309754490852355957e+00,-4.537721574306488037e-01,4.059410095214843750e-01,1.144231796264648438e+00,-1.181180834770202637e+00,-3.853833377361297607e-01,-9.147310256958007812e-01,2.249401092529296875e+00,1.182153344154357910e+00,1.069654226303100586e+00,3.459250032901763916e-01,-6.930467486381530762e-01,5.771661996841430664e-01,1.361132740974426270e+00,8.818112015724182129e-01,-4.886481463909149170e-01,1.370964884757995605e+00,1.062877297401428223e+00,6.645125746726989746e-01,-3.654348850250244141e-01,4.004825353622436523e-01,-3.873093724250793457e-01,3.250656425952911377e-01,-8.167307376861572266e-01,1.131527647376060486e-01,2.275359630584716797e-01,1.079174995422363281e+00,8.892611414194107056e-02,-1.016724586486816406e+00,-2.244224399328231812e-01,2.625601887702941895e-01,1.054591655731201172e+00,1.858014106750488281e+00,7.082505822181701660e-01,-2.207305431365966797e+00,4.509363323450088501e-02,-1.766624808311462402e+00,1.338109523057937622e-01,9.518360719084739685e-03,1.354949593544006348e+00,-2.232691287994384766e+00,9.989581108093261719e-01,7.878128290176391602e-01,8.031075000762939453e-01,4.054037630558013916e-01,-9.347202777862548828e-01,8.986117243766784668e-01,-1.086674444377422333e-02,-1.024026393890380859e+00,-9.080298542976379395e-01,5.509997904300689697e-02,-5.403049588203430176e-01,-7.498881220817565918e-01,-1.696882724761962891e+00,5.898037552833557129e-01,-8.952995538711547852e-01,-3.869297206401824951e-01,3.887315988540649414e-01,-2.971837520599365234e-01,-1.224220156669616699e+00,-1.617438197135925293e-01,-2.183223724365234375e+00,7.524057626724243164e-01,6.343664228916168213e-02,2.457380890846252441e-01,4.844260811805725098e-01,1.156980156898498535e+00,3.837880790233612061e-01,1.671700358390808105e+00,3.509804606437683105e-01,-6.511961221694946289e-01,-8.486626744270324707e-01,-5.185419321060180664e-01,5.263515710830688477e-01,-1.394300818443298340e+00,-2.030233740806579590e-01,4.424684215337038040e-03
-1.905852556228637695e-01,-7.177217006683349609e-01,5.373378098011016846e-02,8.926929831504821777e-01,3.400069847702980042e-02,-4.118391871452331543e-01,2.752099633216857910e-01,1.690176725387573242e+00,1.729975789785385132e-01,3.572326004505157471e-01,-7.240291237831115723e-01,-1.068365108221769333e-02,1.012207269668579102e+00,2.229162216186523438e+00,-1.228685021400451660e+00,2.310350351035594940e-02,1.780503094196319580e-01,-4.870314002037048340e-01,2.164900302886962891e-01,5.938404798507690430e-01,8.565486669540405273e-01,1.799329221248626709e-01,3.724698722362518311e-01,-1.025308966636657715e+00,6.543615460395812988e-01,6.768212467432022095e-02,-2.880146205425262451e-01,5.171442031860351562e-01,4.256914258003234863e-01,-3.734676539897918701e-01,1.420794606208801270e+00,-3.946411311626434326e-01,-1.645514816045761108e-01,-9.701286256313323975e-02,-1.004036903381347656e+00,-2.524144053459167480e-01,9.906448125839233398e-01,-3.428426980972290039e-01,1.381888866424560547e+00,7.971085608005523682e-02,-7.630064338445663452e-02,1.640532016754150391e-01,-1.141316890716552734e+00,1.221804022789001465e+00,-1.026458501815795898e+00,1.425725102424621582e+00,-1.224043369293212891e+00,-9.950395673513412476e-02,-1.147801756858825684e+00,5.559653639793395996e-01,5.532751679420471191e-01,7.369454503059387207e-01,1.326332092285156250e+00,1.113045811653137207e+00,-2.062781006097793579e-01,1.589907646179199219e+00,-6.380364298820495605e-01,2.345770746469497681e-01,1.041742920875549316e+00,8.672638535499572754e-01,3.852223157882690430e-01,3.393264412879943848e-01,-9.911313652992248535e-01,-1.212443351745605469e+00,2.450750470161437988e-01,3.679381906986236572e-01,-1.145819425582885742e+00,-8.906485438346862793e-01,-4.010695517063140869e-01,1.981181383132934570e+00,-1.371556997299194336e+00,-6.152693629264831543e-01,-1.125005722045898438e+00,-1.221993446350097656e+00,1.342019796371459961e+00,3.710915446281433105e-01,-7.819096446037292480e-01,4.825114607810974121e-01,3.950639665126800537e-01,8.042247295379638672e-01,1.470450639724731445e+00,1.249278068542480469e+00,-6.332997977733612061e-02,-8.326957821846008301e-01,-3.870742321014404297e-01,-2.025658041238784790e-01,1.685372710227966309e+00,-8.158227801322937012e-01,3.050028085708618164e-01,6.511019170284271240e-02,1.154840230941772461e+00,1.243498325347900391e+00,-9.606915712356567383e-01,7.844857126474380493e-02,1.298429369926452637e+00,-7.219349145889282227e-01,2.364418953657150269e-01,-8.260141015052795410e-01,5.856276750564575195e-01,-6.599371433258056641e-01
-1.053593993186950684e+00,-9.180593490600585938e-02,-1.669990897178649902e+00,-4.246598780155181885e-01,-1.062690496444702148e+00,7.204908877611160278e-02,9.987470507621765137e-01,-6.669629216194152832e-01,-8.951269388198852539e-01,-1.968093812465667725e-01,-1.441355347633361816e+00,6.236801669001579285e-02,-8.944325149059295654e-02,-3.710378408432006836e-01,4.520580470561981201e-01,-1.084712371230125427e-01,6.162149831652641296e-02,-1.356888175010681152e+00,7.249357104301452637e-01,3.540797531604766846e-01,-9.203356504440307617e-01,2.193931818008422852e+00,-6.424936931580305099e-03,-3.596741914749145508e+00,-6.544480323791503906e-01,1.155390515923500061e-01,-6.298310160636901855e-01,-1.585996031761169434e+00,-1.916463851928710938e+00,1.912056326866149902e+00,6.965313553810119629e-01,-9.034160375595092773e-01,-3.427226841449737549e-01,-6.046763062477111816e-01,6.538888812065124512e-01,2.873298227787017822e-01,1.488529443740844727e+00,-7.561368346214294434e-01,1.579941034317016602e+00,-1.342542767524719238e+00,1.883035540580749512e+00,1.611673951148986816e+00,-2.190885305404663086e+00,6.735604256391525269e-02,-1.137575387954711914e+00,7.247560620307922363e-01,-6.356824040412902832e-01,1.110446810722351074e+00,-2.139540612697601318e-01,-5.081554129719734192e-02,2.863506674766540527e-01,-8.756570219993591309e-01,4.680251702666282654e-02,-3.382606059312820435e-02,-1.671034812927246094e+00,-2.448583487421274185e-03,2.926210761070251465e-01,1.235226988792419434e+00,-1.372195482254028320e+00,1.451466679573059082e+00,-1.013574123382568359e+00,5.232779383659362793e-01,-7.656707763671875000e-01,6.992160677909851074e-01,6.037153601646423340e-01,-8.151268959045410156e-02,-8.460955023765563965e-01,-6.309884786605834961e-01,9.058824181556701660e-01,-1.916867792606353760e-01,2.591156065464019775e-01,6.781745553016662598e-01,-1.773685455322265625e+00,1.011830687522888184e+00,-1.838928580284118652e+00,-8.351776003837585449e-01,-2.038785219192504883e+00,7.744686007499694824e-01,-8.816364407539367676e-01,-1.217740416526794434e+00,-3.302259147167205811e-01,-3.029187619686126709e-01,8.715953826904296875e-01,7.333204746246337891e-01,-1.350918263196945190e-01,3.393423259258270264e-01,-1.932134509086608887e+00,1.565968036651611328e+00,8.284197747707366943e-02,-1.072558283805847168e+00,3.991732373833656311e-02,1.118894577026367188e+00,-1.345752716064453125e+00,-3.920208215713500977e-01,-2.329091072082519531e+00,8.590922355651855469e-01,-2.031991720199584961e+00,2.722255289554595947e-01,-1.316988747566938400e-02,-9.322749376296997070e-01
-2.279968261718750000e-01,1.701725602149963379e+00,-1.376667976379394531e+00,1.448495149612426758e+00,7.896633148193359375e-01,-1.722324967384338379e+00,-9.415645152330398560e-02,-5.943945050239562988e-01,-2.459643185138702393e-01,1.444355398416519165e-01,5.963140726089477539e-01,1.432063341140747070e+00,1.484754681587219238e-01,-1.573298871517181396e-01,-1.096182584762573242e+00,1.119678840041160583e-01,-8.449188470840454102e-01,5.126001834869384766e-01,-1.497671842575073242e+00,-1.014362215995788574e+00,-4.487912654876708984e-01,3.437686562538146973e-01,-3.035867810249328613e-01,-3.235826967284083366e-03,6.604130864143371582e-01,1.615599274635314941e+00,8.002460002899169922e-01,9.878383874893188477e-01,-1.622502505779266357e-01,-3.491075932979583740e-01,-1.720221340656280518e-01,-3.196682631969451904e-01,-1.432396888732910156e+00,7.233532667160034180e-01,-7.687765955924987793e-01,-1.061555385589599609e+00,6.350477337837219238e-01,1.211857914924621582e+00,-8.362888097763061523e-01,-7.194663286209106445e-01,-9.499412178993225098e-01,-2.163498401641845703e+00,-1.428507089614868164e+00,8.639946579933166504e-01,-1.227694898843765259e-01,2.919265270233154297e+00,-1.368883967399597168e+00,2.856392383575439453e+00,-7.952596545219421387e-01,6.587475538253784180e-01,-8.329190015792846680e-01,9.053994417190551758e-01,-1.682864904403686523e+00,6.563739776611328125e-01,4.015608429908752441e-01,-9.288676381111145020e-01,-1.359749317169189453e+00,2.193176597356796265e-01,1.865402221679687500e+00,2.319025695323944092e-01,-1.993740439414978027e+00,5.795683860778808594e-01,1.407498866319656372e-01,-6.373915076255798340e-01,-1.183993220329284668e-01,-4.235091805458068848e-01,-1.186083555221557617e+00,-3.722673058509826660e-01,-3.146596848964691162e-01,4.055932462215423584e-01,6.417017579078674316e-01,5.534234046936035156e-01,1.277715325355529785e+00,-1.869781464338302612e-01,-7.954531908035278320e-01,2.258593440055847168e-01,-1.140292406082153320e+00,1.666942685842514038e-01,-9.793412089347839355e-01,-1.203420519828796387e+00,1.802835464477539062e-01,4.412671923637390137e-01,-1.314931511878967285e+00,1.097666859626770020e+00,5.324135422706604004e-01,-1.213763475418090820e+00,-2.770668566226959229e-01,1.073046207427978516e+00,1.410371422767639160e+00,-4.500291049480438232e-01,-8.230935931205749512e-01,1.638451665639877319e-01,1.241944074630737305e+00,1.659161686897277832e+00,4.032424390316009521e-01,-3.831088542938232422e-01,4.422925114631652832e-01,-3.194381892681121826e-01,1.724438220262527466e-01,-1.255257606506347656e+00
7.912613749504089355e-01,4.248747229576110840e-01,-2.383484840393066406e-01,-1.445617675781250000e+00,-1.784117102622985840e+00,-6.470271944999694824e-01,-1.490950286388397217e-01,-1.458626389503479004e+00,2.008675098419189453e+00,-3.059236705303192139e-01,-1.610177457332611084e-01,1.394572108983993530e-01,-6.721835136413574219e-01,9.842879772186279297e-01,-5.809035301208496094e-01,-6.196819543838500977e-01,-1.732506275177001953e+00,3.421701490879058838e-01,7.821827530860900879e-01,5.020537376403808594e-01,-8.209863305091857910e-01,-4.740075170993804932e-01,2.045681029558181763e-01,6.847916841506958008e-01,1.522322177886962891e+00,-4.614789187908172607e-01,-9.926966577768325806e-02,-9.979694485664367676e-01,1.445782184600830078e-01,7.195289731025695801e-01,1.111218929290771484e+00,6.711503863334655762e-01,4.877339899539947510e-01,2.163025856018066406e+00,-1.075842499732971191e+00,1.086426019668579102e+00,-1.350160717964172363e+00,1.171820402145385742e+00,-2.147736847400665283e-01,-1.744403481483459473e+00,-1.837679147720336914e+00,3.936227262020111084e-01,-1.832680702209472656e-01,-1.676053255796432495e-01,-1.584179997444152832e+00,2.298053205013275146e-01,1.683698445558547974e-01,2.218780517578125000e+00,-6.725899577140808105e-01,-4.671674668788909912e-01,-8.837940692901611328e-01,-1.182973027229309082e+00,-6.525723636150360107e-02,-1.032901644706726074e+00,-2.506893277168273926e-01,-1.147476434707641602e+00,-2.278958857059478760e-01,4.468325078487396240e-01,1.953199744224548340e+00,-7.105141878128051758e-02,3.753596246242523193e-01,2.089881181716918945e+00,2.099555253982543945e+00,-1.239100769162178040e-01,1.927319914102554321e-02,-8.236571401357650757e-02,-8.748171925544738770e-01,-1.354237318038940430e+00,1.119797706604003906e+00,6.566518545150756836e-01,-6.479985117912292480e-01,-8.946014046669006348e-01,8.370069861412048340e-01,5.003533363342285156e-01,1.496652007102966309e+00,-5.711711049079895020e-01,-1.781888961791992188e+00,-7.968733906745910645e-01,-1.609173059463500977e+00,4.279288649559020996e-01,5.087226629257202148e-01,1.447266101837158203e+00,-7.976468801498413086e-01,-6.434206664562225342e-02,8.381660580635070801e-01,-9.858120232820510864e-03,1.984355747699737549e-01,8.734950423240661621e-01,-1.361856460571289062e+00,-1.050834894180297852e+00,8.568753600120544434e-01,3.268064558506011963e-01,-5.850077867507934570e-01,-4.303801655769348145e-01,1.061219334602355957e+00,9.178650975227355957e-01,-1.154874444007873535e+00,2.311974167823791504e-01,-8.918225765228271484e-01,6.806892156600952148e-01
-8.020005226135253906e-01,-2.491220980882644653e-01,-1.324538230895996094e+00,8.935905694961547852e-01,-1.103152394294738770e+00,-3.747834563255310059e-01,5.086563229560852051e-01,2.657581806182861328e+00,-6.887853741645812988e-01,8.940807729959487915e-02,-8.581073284149169922e-01,-6.177893280982971191e-01,-1.060867682099342346e-01,1.926116831600666046e-02,-1.160002589225769043e+00,6.007567644119262695e-01,-5.430060029029846191e-01,-1.422335028648376465e+00,-8.217586874961853027e-01,-1.125711202621459961e+00,-8.833882808685302734e-01,6.330596655607223511e-02,-1.468581199645996094e+00,2.430725991725921631e-01,9.417773485183715820e-01,9.482923746109008789e-01,-8.418797254562377930e-01,1.619260460138320923e-01,-4.111072421073913574e-02,-6.200211048126220703e-01,-4.329338371753692627e-01,3.471897542476654053e-01,-4.030425548553466797e-01,2.198498696088790894e-01,1.179588794708251953e+00,1.280760407447814941e+00,8.517130613327026367e-01,-4.782524108886718750e-01,-9.695904254913330078e-01,-3.227598071098327637e-01,9.587035179138183594e-01,3.467383384704589844e-01,5.711882710456848145e-01,-3.194987535476684570e+00,-2.945038676261901855e-01,1.007471323013305664e+00,-4.266636073589324951e-01,-2.495099008083343506e-01,3.860620781779289246e-02,1.684657692909240723e+00,-1.761762261390686035e+00,-1.959700107574462891e+00,-1.231266379356384277e+00,-5.922512412071228027e-01,9.258837103843688965e-01,3.008399009704589844e-01,6.224236488342285156e-01,9.026657938957214355e-01,-1.872370004653930664e+00,-2.347233146429061890e-01,-4.394452273845672607e-01,8.767884373664855957e-01,-1.998185396194458008e+00,6.039780974388122559e-01,9.712620973587036133e-01,-1.323162317276000977e-01,-7.953597307205200195e-01,-1.199948906898498535e+00,1.103266954421997070e+00,-2.499819278717041016e+00,-1.019228696823120117e+00,1.021778345108032227e+00,4.158375263214111328e-01,-7.737051248550415039e-01,2.572748064994812012e-01,-1.420629382133483887e+00,-5.953863263130187988e-01,2.054862499237060547e+00,-1.128482341766357422e+00,-6.889907717704772949e-01,-2.730560302734375000e-01,-2.342249304056167603e-01,1.052070617675781250e+00,-1.166181802749633789e+00,-4.780821204185485840e-01,-2.640825748443603516e+00,1.336179822683334351e-01,1.354046821594238281e+00,-1.350948333740234375e+00,1.044554635882377625e-01,-1.503109097480773926e+00,-8.184553980827331543e-01,-1.517704248428344727e+00,-2.444849908351898193e-01,-1.308748722076416016e+00,-1.462281942367553711e+00,-5.841501802206039429e-02,-2.834242284297943115e-01,1.934386968612670898e+00,2.498194873332977295e-01
7.705756425857543945e-01,-1.170208930969238281e+00,8.336673378944396973e-01,9.216731190681457520e-01,7.126817703247070312e-01,4.837141931056976318e-01,-1.697324663400650024e-01,-1.480374932289123535e+00,-7.506973743438720703e-01,-1.637780189514160156e+00,9.575834870338439941e-01,-3.152772486209869385e-01,9.145931601524353027e-01,1.103121519088745117e+00,-9.530977010726928711e-01,1.156385317444801331e-01,1.074870899319648743e-01,1.069059491157531738e+00,-2.655121803283691406e+00,5.981606245040893555e-01,5.333149433135986328e-01,-5.798683166503906250e-01,-1.564944863319396973e+00,3.921850323677062988e-01,-5.838038921356201172e-01,-1.190951585769653320e+00,-8.942617774009704590e-01,5.245317816734313965e-01,-1.602039337158203125e+00,-3.170291483402252197e-01,-8.110806345939636230e-01,9.174481034278869629e-01,2.872970402240753174e-01,-4.451620876789093018e-01,-5.556705594062805176e-01,2.829658985137939453e-01,1.611938476562500000e+00,9.115625023841857910e-01,2.343780547380447388e-01,-7.949798703193664551e-01,1.383187651634216309e+00,1.385506391525268555e-01,2.538789510726928711e-01,7.572124898433685303e-02,-6.047575473785400391e-01,-1.656609535217285156e+00,2.902616746723651886e-02,2.867459058761596680e-01,6.730849146842956543e-01,8.721650838851928711e-01,-1.531612221151590347e-02,9.048967957496643066e-01,5.284088253974914551e-01,1.916413545608520508e+00,1.052009224891662598e+00,8.476853966712951660e-01,2.133713215589523315e-01,-1.059244751930236816e+00,-8.519390821456909180e-01,-4.781576395034790039e-01,-4.903475344181060791e-01,-6.876858472824096680e-01,9.602562785148620605e-01,4.116974174976348877e-01,8.015148639678955078e-01,-1.153689265251159668e+00,-1.087483048439025879e+00,1.562248915433883667e-01,-9.235356003046035767e-02,-5.103013515472412109e-01,8.549728393554687500e-01,9.144066572189331055e-01,4.058449566364288330e-01,3.472365140914916992e-01,-1.816333532333374023e+00,-5.003631114959716797e-01,-3.760763108730316162e-01,-8.249217271804809570e-01,-1.449763178825378418e-01,7.470853924751281738e-01,1.039738655090332031e+00,-4.937347173690795898e-01,-1.292558789253234863e+00,-1.204343438148498535e+00,-5.206447243690490723e-01,-5.407835841178894043e-01,-1.518884897232055664e-01,2.340233922004699707e-01,1.670073032379150391e+00,1.357817292213439941e+00,4.132485091686248779e-01,-4.092029929161071777e-01,5.610324442386627197e-02,-6.918248534202575684e-01,4.246252477169036865e-01,-1.347924232482910156e+00,-8.523474931716918945e-01,1.428455829620361328e+00,1.015635848045349121e+00,7.394754886627197266e-01
1.002876400947570801e+00,2.120929956436157227e+00,-2.298053056001663208e-01,4.561940431594848633e-01,3.176856786012649536e-02,9.992826581001281738e-01,1.848901748657226562e+00,4.234378337860107422e-01,1.723780870437622070e+00,9.268769621849060059e-01,1.144499704241752625e-01,5.914273858070373535e-01,1.693232059478759766e-01,-5.428194403648376465e-01,-2.076356410980224609e+00,-7.933711409568786621e-01,-1.335949420928955078e+00,8.553522229194641113e-01,2.437081933021545410e-01,-4.658764600753784180e-01,-7.940824627876281738e-01,6.331412494182586670e-02,-9.265094995498657227e-03,2.669995725154876709e-01,9.136336445808410645e-01,7.307959794998168945e-01,-7.878491878509521484e-01,1.155036985874176025e-01,1.213511452078819275e-01,2.380996942520141602e+00,-1.311522960662841797e+00,1.016919374465942383e+00,-4.559657871723175049e-01,6.516240239143371582e-01,-7.122718691825866699e-01,-2.998443245887756348e-01,-1.828423589468002319e-01,-8.277618288993835449e-01,5.249050259590148926e-01,6.301902532577514648e-01,-7.766807675361633301e-01,-2.192510515451431274e-01,3.961983621120452881e-01,1.058886647224426270e+00,-8.395725488662719727e-01,-2.240154743194580078e+00,-1.347518444061279297e+00,-1.749903798103332520e+00,1.234192132949829102e+00,-1.079768657684326172e+00,-5.090966820716857910e-01,5.183754116296768188e-02,-2.699712276458740234e+00,-7.352396249771118164e-01,-1.276121437549591064e-01,-3.550106287002563477e-02,4.146811962127685547e-01,1.923385381698608398e+00,1.895493507385253906e+00,1.764410436153411865e-01,4.616478383541107178e-01,5.928047895431518555e-01,-6.533451676368713379e-01,1.413550972938537598e+00,-1.401350021362304688e+00,1.036102294921875000e+00,1.596027910709381104e-01,1.275416612625122070e+00,-1.065727710723876953e+00,4.333595037460327148e-01,7.461098432540893555e-01,7.480235099792480469e-01,5.151553153991699219e-01,1.040903210639953613e+00,1.390205860137939453e+00,-9.355431795120239258e-01,2.910879552364349365e-01,5.570118427276611328e-01,2.228852987289428711e+00,-1.418624639511108398e+00,-3.859179317951202393e-01,7.575298845767974854e-02,-1.209748625755310059e+00,-3.864518404006958008e-01,-2.139647006988525391e-01,1.061688899993896484e+00,9.242721796035766602e-01,-1.146235108375549316e+00,-1.361601948738098145e+00,-2.483312368392944336e+00,1.287588000297546387e+00,6.274281144142150879e-01,2.071624398231506348e-01,3.478006720542907715e-01,-4.750925302505493164e-01,-5.340639948844909668e-01,4.840948879718780518e-01,-6.250149011611938477e-01,1.175115108489990234e+00,-7.345136404037475586e-01
5.408267378807067871e-01,1.210603713989257812e+00,-9.726045131683349609e-01,1.170209527015686035e+00,2.430363178253173828e+00,-9.383667111396789551e-01,-7.103806138038635254e-01,-9.681206941604614258e-01,-1.005280494689941406e+00,4.476015567779541016e-01,-9.768744558095932007e-02,-2.030493021011352539e+00,5.016649961471557617e-01,-3.919114768505096436e-01,5.412248969078063965e-01,6.687563061714172363e-01,3.218013346195220947e-01,-4.082342982292175293e-01,6.430715322494506836e-01,-7.641549110412597656e-01,2.151710391044616699e-01,-1.035474300384521484e+00,1.051220148801803589e-01,-7.322892546653747559e-01,2.492196708917617798e-01,-4.919569492340087891e-01,5.280585289001464844e-01,4.604720771312713623e-01,-2.351660251617431641e+00,5.527375340461730957e-01,3.379747867584228516e-01,7.473135832697153091e-03,-3.211878538131713867e-01,-1.190278455615043640e-01,-1.968815565109252930e+00,-5.500984787940979004e-01,-9.893153905868530273e-01,-1.228195548057556152e+00,-2.000068426132202148e-01,3.198341429233551025e-01,-9.751877188682556152e-01,-2.200770854949951172e+00,-5.275134444236755371e-01,-1.409915089607238770e+00,6.463886052370071411e-02,3.086440563201904297e-01,-9.291873574256896973e-01,-1.416383385658264160e+00,-8.241324424743652344e-01,-2.869296550750732422e+00,8.845242112874984741e-02,-1.548199295997619629e+00,-1.170858979225158691e+00,1.790693998336791992e+00,2.887495234608650208e-02,-3.827033340930938721e-01,1.757707834243774414e+00,-3.776415586471557617e-01,-1.417376041412353516e+00,3.069506585597991943e-01,-1.003436923027038574e+00,1.264208436012268066e+00,-1.038898348808288574e+00,-2.423405200242996216e-01,-1.081861972808837891e+00,-5.115062594413757324e-01,1.224268436431884766e+00,-1.048928260803222656e+00,-1.408347845077514648e+00,1.010081529617309570e+00,5.980403423309326172e-01,3.183870613574981689e-01,-1.569535613059997559e+00,1.536208391189575195e+00,3.378974497318267822e-01,-5.514848232269287109e-01,-1.247009038925170898e+00,1.609608903527259827e-02,3.192044496536254883e-01,-1.060805797576904297e+00,3.071826994419097900e-01,-8.791548609733581543e-01,-3.535497784614562988e-01,-1.157428383827209473e+00,-6.392092704772949219e-01,-1.631296634674072266e+00,-2.129980087280273438e+00,6.238101795315742493e-02,2.115265429019927979e-01,1.103526234626770020e+00,-1.614663004875183105e+00,4.293731153011322021e-01,6.692341566085815430e-01,-1.475569367408752441e+00,4.889892637729644775e-01,-8.509643673896789551e-01,-1.023769080638885498e-01,2.653287351131439209e-01,-1.274113416671752930e+00,4.670865833759307861e-01
-3.533040881156921387e-01,-1.398966759443283081e-01,1.197888612747192383e+00,6.969594955444335938e-01,-1.548807621002197266e+00,-2.371699959039688110e-01,-1.707274794578552246e+00,-8.812611699104309082e-01,1.064691305160522461e+00,-9.579669237136840820e-01,-2.060920238494873047e+00,-1.307080268859863281e+00,-5.132849812507629395e-01,7.917426526546478271e-03,-2.999568223953247070e+00,-2.390692085027694702e-01,-6.223353743553161621e-01,2.329394817352294922e+00,1.656607687473297119e-01,-4.645830392837524414e-01,1.183876991271972656e+00,-1.710891127586364746e-01,-2.006746232509613037e-01,-2.025785207748413086e+00,-3.042796552181243896e-01,-4.080999493598937988e-01,-6.973229050636291504e-01,1.972611248493194580e-01,1.938846349716186523e+00,-1.951072812080383301e-01,-4.952403903007507324e-02,-5.104754120111465454e-02,-9.274687170982360840e-01,1.230383634567260742e+00,-1.445980668067932129e+00,4.086672663688659668e-01,1.029670476913452148e+00,6.942374259233474731e-02,-8.005655556917190552e-02,1.195018053054809570e+00,7.008875161409378052e-02,-1.809258818626403809e+00,-7.871289253234863281e-01,-2.525641024112701416e-01,6.989474296569824219e-01,8.241330385208129883e-01,9.283916950225830078e-01,2.318579912185668945e+00,-1.510602116584777832e+00,8.804795145988464355e-01,8.310253024101257324e-01,1.443189978599548340e-01,-2.058519840240478516e+00,-1.836298108100891113e+00,-1.201516270637512207e+00,5.401167869567871094e-01,-1.165357232093811035e+00,1.114908099174499512e+00,7.426201105117797852e-01,-1.875075697898864746e+00,-1.212973833084106445e+00,1.216317772865295410e+00,4.506169259548187256e-02,-7.984811067581176758e-01,-1.015179753303527832e+00,-2.052080444991588593e-02,-1.119454741477966309e+00,1.874323934316635132e-01,-8.170648217201232910e-01,4.293224513530731201e-01,6.775352954864501953e-01,9.164582490921020508e-01,8.500204682350158691e-01,-4.877618551254272461e-01,-1.466684460639953613e+00,1.089294314384460449e+00,-3.227998688817024231e-02,1.116958141326904297e+00,-1.352203845977783203e+00,1.539059132337570190e-01,-3.911685049533843994e-01,1.308553814888000488e+00,2.794827520847320557e-01,-1.761442720890045166e-01,5.505030155181884766e-01,9.105988740921020508e-01,-7.719202041625976562e-01,1.363191008567810059e+00,6.560572385787963867e-01,1.016762495040893555e+00,8.519334197044372559e-01,-1.373363018035888672e+00,6.516021490097045898e-01,7.915126085281372070e-01,-9.512810111045837402e-01,-1.168482422828674316e+00,-2.088426649570465088e-01,6.421546936035156250e-01,-1.207764297723770142e-01,-5.139324665069580078e-01
2.703815102577209473e-01,1.629620194435119629e+00,4.587812423706054688e-01,1.015477418899536133e+00,-2.436243742704391479e-01,1.852756261825561523e+00,-1.271192312240600586e+00,2.568834066390991211e+00,3.682768344879150391e-01,-4.344167113304138184e-01,-1.299340575933456421e-01,-6.684512495994567871e-01,1.522780209779739380e-01,2.656277120113372803e-01,9.308528304100036621e-01,-7.929993867874145508e-01,-3.243309259414672852e-01,5.215614438056945801e-01,-3.398899793624877930e+00,-1.234527349472045898e+00,-1.625370234251022339e-01,-9.029557108879089355e-01,-1.245631098747253418e+00,-8.675930649042129517e-02,-6.902058124542236328e-01,-2.445213645696640015e-01,1.728246659040451050e-01,-1.593263596296310425e-01,4.301069304347038269e-02,5.264563560485839844e-01,-7.134525179862976074e-01,-2.198200821876525879e-01,9.422057867050170898e-01,6.601634621620178223e-01,-7.022241950035095215e-01,-7.705114781856536865e-02,1.552721619606018066e+00,1.226579785346984863e+00,-5.251289010047912598e-01,-1.566029787063598633e+00,-1.713395118713378906e+00,3.417738080024719238e-01,-9.240869432687759399e-03,-9.950842261314392090e-01,1.100490838289260864e-01,-1.533830523490905762e+00,-2.683167159557342529e-01,-1.855147274909541011e-04,9.956431984901428223e-01,-6.621329784393310547e-01,5.887838006019592285e-01,3.959252536296844482e-01,3.458771407604217529e-01,8.099073171615600586e-01,-1.512907028198242188e+00,5.441025495529174805e-01,1.636228084564208984e+00,-1.531815648078918457e+00,-4.912500977516174316e-01,-2.573579847812652588e-01,-1.204587340354919434e+00,7.264423370361328125e-01,-2.042274475097656250e-01,3.189029693603515625e-01,6.370136737823486328e-01,-3.466630280017852783e-01,-1.084981799125671387e+00,3.109123408794403076e-01,6.913932561874389648e-01,-3.106903135776519775e-01,2.482990771532058716e-01,-1.564659118652343750e+00,-5.006362795829772949e-01,7.381923198699951172e-01,-1.363903880119323730e+00,-4.051640331745147705e-01,-1.068414330482482910e+00,8.264271169900894165e-02,1.686540126800537109e+00,4.869491755962371826e-01,1.913167685270309448e-01,2.303847312927246094e+00,6.942857503890991211e-01,-7.308945655822753906e-01,-1.005350351333618164e+00,-4.632208645343780518e-01,-4.071434214711189270e-02,6.414461731910705566e-01,-1.209457159042358398e+00,9.727137684822082520e-01,9.174587577581405640e-02,2.364891767501831055e-01,2.976632714271545410e-01,1.130377277731895447e-01,3.572708964347839355e-01,3.256165385246276855e-01,-7.740307450294494629e-01,-1.409210681915283203e+00,-1.300402522087097168e+00,8.367316722869873047e-01
1.759153246879577637e+00,1.876751184463500977e-01,-8.495969772338867188e-01,4.406958520412445068e-01,-2.592131614685058594e+00,1.429239392280578613e+00,-2.526330575346946716e-02,1.273639947175979614e-01,2.089995861053466797e+00,-1.497057080268859863e+00,-1.366592049598693848e-01,-6.608165502548217773e-01,6.365499496459960938e-01,-1.920872479677200317e-01,1.978615075349807739e-01,-3.670541942119598389e-01,-1.435879945755004883e+00,4.812947213649749756e-01,-1.447645068168640137e+00,1.973518371582031250e+00,-3.098556399345397949e-01,5.373900532722473145e-01,6.322554945945739746e-01,-8.618723750114440918e-01,2.887986898422241211e-01,5.684421062469482422e-01,6.990353465080261230e-01,2.102466583251953125e+00,7.104476690292358398e-01,1.861359179019927979e-02,1.427914142608642578e+00,2.217010498046875000e+00,7.528233528137207031e-02,-5.679524540901184082e-01,2.506757378578186035e-01,-7.344463467597961426e-01,-1.465575337409973145e+00,-2.691300511360168457e-01,1.033208221197128296e-01,-1.118143320083618164e+00,-8.058427572250366211e-01,1.834004163742065430e+00,-5.753673911094665527e-01,-3.947361186146736145e-02,-3.356934070587158203e+00,-4.595373868942260742e-01,-3.446722328662872314e-01,-1.392011404037475586e+00,1.257530927658081055e+00,3.066428564488887787e-02,2.000766992568969727e-01,-8.300004899501800537e-02,4.549317061901092529e-01,-3.647408187389373779e-01,7.061021924018859863e-01,-1.507926583290100098e+00,6.339922547340393066e-01,1.593574762344360352e+00,-1.211035609245300293e+00,-8.888394832611083984e-01,1.020193696022033691e+00,-1.057295426726341248e-01,-1.593497991561889648e+00,-1.342154383659362793e+00,-1.076062440872192383e+00,3.042351603507995605e-01,2.724771499633789062e-01,7.791475057601928711e-01,4.291215837001800537e-01,-1.157918453216552734e+00,9.160696268081665039e-01,-9.309724569320678711e-01,-3.799005150794982910e-01,-6.588632464408874512e-01,3.320169746875762939e-01,2.638977169990539551e-01,1.066316723823547363e+00,-8.950642496347427368e-02,-6.583734154701232910e-01,-1.261889100074768066e+00,-1.168166637420654297e+00,-3.205337226390838623e-01,4.435908198356628418e-01,-1.076888680458068848e+00,-1.354983329772949219e+00,-1.258578300476074219e-01,-3.131977915763854980e-01,2.582379877567291260e-01,-7.327064871788024902e-01,-1.222565412521362305e+00,2.186907291412353516e+00,1.947722733020782471e-01,-6.947339773178100586e-01,8.317202925682067871e-01,-2.073653221130371094e+00,-3.228194713592529297e-01,1.190359830856323242e+00,-8.407691717147827148e-01,1.404824376106262207e+00,-1.002643823623657227e+00
9.845633506774902344e-01,-4.740214049816131592e-01,1.716484129428863525e-01,-1.324646115303039551e+00,-7.809676527976989746e-01,-3.613600134849548340e-01,1.384948730468750000e+00,1.858402848243713379e+00,-5.787802934646606445e-01,8.992348313331604004e-01,-9.829367995262145996e-01,-8.662431836128234863e-01,-1.213662847876548767e-01,-4.293617010116577148e-01,-6.025051474571228027e-01,-1.499498844146728516e+00,9.072253108024597168e-01,-2.090892314910888672e+00,-2.416532486677169800e-01,3.509840071201324463e-01,-1.386672556400299072e-01,4.744010269641876221e-01,-1.258376121520996094e+00,1.021982908248901367e+00,-1.732517182826995850e-01,1.534076631069183350e-01,-8.324119448661804199e-01,1.076863050460815430e+00,9.049884676933288574e-01,1.817906737327575684e+00,7.019572257995605469e-01,-9.831241965293884277e-01,6.860443949699401855e-01,-1.630002856254577637e-01,8.068072795867919922e-01,-1.476336479187011719e+00,6.932321786880493164e-01,1.787960380315780640e-01,-4.296238422393798828e-01,-4.573190510272979736e-01,-1.034470438957214355e+00,3.503942251205444336e+00,2.394499331712722778e-01,6.677777171134948730e-01,-3.408032655715942383e-01,-3.040972352027893066e-01,-5.923351645469665527e-01,1.137350320816040039e+00,2.423031181097030640e-01,-1.572981595993041992e+00,1.060035705566406250e+00,1.176516056060791016e+00,-1.757331371307373047e+00,3.756124675273895264e-01,6.939974427223205566e-01,-1.224895119667053223e+00,-8.672527074813842773e-01,2.690746188163757324e-01,-9.756720066070556641e-02,7.870029807090759277e-01,2.831472754478454590e-01,-1.267521921545267105e-02,-4.145287275314331055e-01,2.536684036254882812e+00,-6.397657394409179688e-01,-1.078675031661987305e+00,1.000246763229370117e+00,-5.873787775635719299e-02,1.853007823228836060e-01,2.941438853740692139e-01,-5.919938087463378906e-01,-1.247961163520812988e+00,-1.848887085914611816e+00,4.905879497528076172e-01,-1.671036839485168457e+00,7.589107155799865723e-01,-1.881639286875724792e-02,-1.621775329113006592e-01,-5.800094008445739746e-01,2.403882265090942383e+00,-1.305263757705688477e+00,3.942378163337707520e-01,1.081369757652282715e+00,-5.518584251403808594e-01,1.442202925682067871e-01,4.082087576389312744e-01,-1.331592321395874023e+00,1.624901145696640015e-01,-1.985826790332794189e-01,-8.428587913513183594e-01,9.754869341850280762e-01,1.949008345603942871e+00,1.034728884696960449e+00,1.028095781803131104e-01,8.972815275192260742e-01,-8.961048722267150879e-01,-2.014783322811126709e-01,6.741743683815002441e-01,-8.595575690269470215e-01,-1.325918793678283691e+00
4.458109140396118164e-01,7.092844843864440918e-01,-4.495659172534942627e-01,-2.558634579181671143e-01,2.951870262622833252e-01,-6.183347105979919434e-01,-1.812098026275634766e-01,-1.196372032165527344e+00,6.757442951202392578e-01,-9.320122599601745605e-01,-8.229959011077880859e-01,-1.211050033569335938e+00,3.741746544837951660e-01,-1.060808420181274414e+00,9.800167679786682129e-01,-1.432613134384155273e+00,1.053505465388298035e-01,-3.361645042896270752e-01,2.876198887825012207e-01,-8.681115508079528809e-01,-1.046276330947875977e+00,-5.268174409866333008e-01,-6.446256637573242188e-01,-9.752217531204223633e-01,-2.650266587734222412e-01,2.777457535266876221e-01,1.039016366004943848e+00,5.775130391120910645e-01,-1.262548327445983887e+00,-1.960012018680572510e-01,-5.827148556709289551e-01,4.415150582790374756e-01,1.558595776557922363e+00,1.289403736591339111e-01,1.285347700119018555e+00,1.228756010532379150e-01,5.555297732353210449e-01,-1.293172597885131836e+00,1.060130000114440918e+00,-1.016807794570922852e+00,-4.063477516174316406e-01,7.331378459930419922e-01,1.116855621337890625e+00,1.089998602867126465e+00,1.423942446708679199e+00,-7.768965959548950195e-01,-2.600187994539737701e-02,-1.341571927070617676e+00,-6.396785974502563477e-01,-9.688937067985534668e-01,-1.827773451805114746e-01,5.431302785873413086e-01,4.690867364406585693e-01,-1.591238975524902344e-01,4.102093577384948730e-01,1.190045952796936035e+00,-1.497299432754516602e+00,-2.680229842662811279e-01,8.679122328758239746e-01,-6.775493025779724121e-01,-6.050377488136291504e-01,-2.686856389045715332e-01,-1.082028627395629883e+00,9.724634289741516113e-01,1.224194407463073730e+00,1.044168710708618164e+00,6.642135977745056152e-01,-5.182989239692687988e-01,-1.025823354721069336e+00,4.929788708686828613e-01,-1.198425292968750000e+00,6.971203088760375977e-01,1.265808224678039551e+00,2.231621980667114258e+00,-6.513950824737548828e-01,-1.140516519546508789e+00,3.080833554267883301e-01,-6.607735157012939453e-01,5.725494027137756348e-02,-1.445640563964843750e+00,-6.443352103233337402e-01,4.816184639930725098e-01,-4.950459003448486328e-01,1.550800651311874390e-01,2.042527683079242706e-02,-2.617627084255218506e-01,-1.226091459393501282e-01,7.596067339181900024e-02,-4.137299656867980957e-01,3.058109283447265625e-01,-2.768536508083343506e-01,6.813815832138061523e-01,-4.571577012538909912e-01,-3.732029497623443604e-01,1.522295475006103516e+00,6.023138761520385742e-01,-1.460462957620620728e-01,-2.296720296144485474e-01,7.200817018747329712e-02,1.612457513809204102e+00
7.877019792795181274e-02,4.683435857295989990e-01,4.911071956157684326e-01,-8.294187486171722412e-02,-1.058245420455932617e+00,9.790948629379272461e-01,4.824259281158447266e-01,-8.672283291816711426e-01,5.762084722518920898e-01,-9.813187271356582642e-02,8.620911240577697754e-01,9.134477376937866211e-01,-1.840278267860412598e+00,-1.079969048500061035e+00,5.679385662078857422e-01,2.260010719299316406e+00,1.084231019020080566e+00,1.668703794479370117e+00,-4.973621070384979248e-01,3.061577975749969482e-01,-4.564802944660186768e-01,-1.365251779556274414e+00,-7.885056138038635254e-01,-9.602690339088439941e-01,-9.071426987648010254e-01,-6.158655136823654175e-02,2.734547257423400879e-01,1.991831779479980469e+00,-5.583355948328971863e-02,-6.288931965827941895e-01,1.692997217178344727e+00,-1.731647014617919922e+00,8.740933537483215332e-01,-1.089725255966186523e+00,-8.972896933555603027e-01,-7.829861044883728027e-01,7.798237204551696777e-01,-8.201341629028320312e-01,-4.539754986763000488e-01,-8.067892789840698242e-01,2.182819694280624390e-01,-1.181032061576843262e-01,4.445925652980804443e-01,-7.771919369697570801e-01,9.800176620483398438e-01,5.559500455856323242e-01,-2.222203649580478668e-02,-5.025091767311096191e-01,3.259093165397644043e-01,4.716665297746658325e-02,1.429152488708496094e+00,1.469937205314636230e+00,7.349451184272766113e-01,-5.845794081687927246e-01,8.424579501152038574e-01,1.570001363754272461e+00,2.561717033386230469e-01,8.618828654289245605e-01,-1.028655886650085449e+00,2.454525381326675415e-01,3.763261437416076660e-01,5.595571994781494141e-01,-5.785152316093444824e-01,-7.023445963859558105e-01,8.475314378738403320e-01,8.209600448608398438e-01,1.313401818275451660e+00,-2.104208916425704956e-01,-3.719291090965270996e-01,1.444916278123855591e-01,1.968815922737121582e+00,-1.574006199836730957e+00,-1.994434446096420288e-01,-1.386476397514343262e+00,8.518885970115661621e-01,-4.516720473766326904e-01,1.513259768486022949e+00,8.277438879013061523e-01,1.353067994117736816e+00,2.111553192138671875e+00,-8.569011688232421875e-01,-1.776208043098449707e+00,1.496130943298339844e+00,-4.133861958980560303e-01,-8.989264965057373047e-01,-7.811694145202636719e-01,1.029180049896240234e+00,4.413607418537139893e-01,-2.582715749740600586e-01,2.287621945142745972e-01,1.574034690856933594e+00,-1.023600816726684570e+00,-3.309869766235351562e-01,5.048044398427009583e-02,-1.135738492012023926e+00,-1.108691573143005371e+00,-5.618693232536315918e-01,-8.164861798286437988e-01,4.000628739595413208e-02,1.680648475885391235e-01
9.235625863075256348e-01,-1.354638393968343735e-02,1.213690757751464844e+00,-7.468984462320804596e-03,-1.898406744003295898e-01,1.798319965600967407e-01,-1.244119524955749512e+00,-5.793480873107910156e-01,-5.806137323379516602e-01,2.951523363590240479e-01,1.338768482208251953e+00,-9.920008480548858643e-02,-8.815904855728149414e-01,-1.334624052047729492e+00,9.767975807189941406e-01,-4.353485405445098877e-01,3.382661640644073486e-01,-3.615636527538299561e-01,-6.294428110122680664e-01,-2.671185731887817383e-01,-2.154865115880966187e-01,9.700396060943603516e-01,-5.931824818253517151e-02,2.733550369739532471e-01,-2.299212515354156494e-01,4.042424261569976807e-01,5.881959199905395508e-01,6.247670203447341919e-02,1.291607022285461426e+00,8.329599499702453613e-01,-2.256927937269210815e-01,1.699885725975036621e+00,-1.126255035400390625e+00,-7.831234484910964966e-03,-1.553535580635070801e+00,-6.380245089530944824e-01,1.615058898925781250e+00,-1.006051301956176758e+00,2.854092121124267578e-01,1.087194681167602539e+00,-1.140500545501708984e+00,1.925642371177673340e+00,5.352150201797485352e-01,1.615229547023773193e-01,-1.382151961326599121e+00,4.746233820915222168e-01,1.227509975433349609e+00,4.919026494026184082e-01,6.516988873481750488e-01,-6.850513219833374023e-01,7.904821634292602539e-01,-1.749841123819351196e-01,-6.135820150375366211e-01,-3.985663652420043945e-01,-1.141419187188148499e-01,-6.995125412940979004e-01,3.616525828838348389e-01,-2.177608966827392578e+00,5.036724209785461426e-01,1.540364772081375122e-01,4.956899583339691162e-01,8.931325674057006836e-01,-1.224999666213989258e+00,8.913784027099609375e-01,7.373692989349365234e-01,-8.233137130737304688e-01,9.764741063117980957e-01,-1.898173093795776367e+00,2.589945197105407715e-01,8.594697713851928711e-01,-1.224660754203796387e+00,-1.488151550292968750e-01,1.986881494522094727e+00,2.355349510908126831e-01,-3.087800145149230957e-01,5.340934991836547852e-01,-1.584813952445983887e+00,-1.086919531226158142e-01,4.762087464332580566e-01,1.094397306442260742e+00,-1.096488356590270996e+00,3.320119678974151611e-01,1.096144556999206543e+00,-8.038826584815979004e-01,-1.288868188858032227e+00,1.426047384738922119e-01,1.084773063659667969e+00,-1.029467582702636719e+00,7.518881559371948242e-01,-2.920589148998260498e-01,-9.179890155792236328e-01,6.277735829353332520e-01,-2.769905626773834229e-01,7.049620747566223145e-01,-4.620755836367607117e-02,-1.377350687980651855e+00,-4.626984298229217529e-01,-7.807721495628356934e-01,8.102093935012817383e-01,1.275156021118164062e+00
-8.738036751747131348e-01,1.044684290885925293e+00,-5.133726596832275391e-01,4.376535117626190186e-01,-2.801549434661865234e-01,-1.892663538455963135e-01,-6.177549958229064941e-01,2.805145978927612305e-01,1.165562748908996582e+00,-8.932030946016311646e-02,1.290221691131591797e+00,6.481657624244689941e-01,1.141083359718322754e+00,6.732428669929504395e-01,-1.470523357391357422e+00,-7.866557240486145020e-01,-1.000226974487304688e+00,-1.138114690780639648e+00,-6.000550985336303711e-01,-3.211869001388549805e-01,-8.523270487785339355e-01,-1.248988270759582520e+00,2.101312875747680664e+00,6.702781915664672852e-01,3.443194329738616943e-01,8.325144052505493164e-01,-1.618936061859130859e+00,-7.659591436386108398e-01,-1.773788809776306152e+00,4.794640839099884033e-01,8.691676855087280273e-01,3.250978887081146240e-01,-3.694710135459899902e-02,-5.722891166806221008e-02,1.242749094963073730e+00,8.890916705131530762e-01,-8.903883099555969238e-01,-1.619025945663452148e+00,-2.013115584850311279e-01,2.190387248992919922e+00,-8.419979214668273926e-01,1.464855968952178955e-01,5.280716717243194580e-02,1.082624912261962891e+00,5.486845374107360840e-01,8.387933373451232910e-01,-1.370911449193954468e-01,5.471456646919250488e-01,2.666620016098022461e-01,-1.488904833793640137e+00,9.964328259229660034e-02,5.553482770919799805e-01,-4.857308566570281982e-01,-5.269381403923034668e-01,-1.521741032600402832e+00,-8.064511418342590332e-01,1.930946409702301025e-01,1.551890969276428223e-01,6.683439612388610840e-01,1.128732919692993164e+00,-1.292537212371826172e+00,4.175901114940643311e-01,-1.799226284027099609e+00,6.776005625724792480e-01,-1.015085056424140930e-01,1.903823852539062500e+00,2.783560752868652344e+00,1.328970313072204590e+00,2.245232343673706055e+00,5.654336214065551758e-01,9.567092657089233398e-01,1.159290313720703125e+00,-7.024970650672912598e-02,1.037443399429321289e+00,1.961025446653366089e-01,-5.260330438613891602e-01,1.530281424522399902e+00,2.564264833927154541e-01,8.010211586952209473e-01,4.783424139022827148e-01,5.362585186958312988e-01,1.365909695625305176e+00,2.571723461151123047e-01,8.349789381027221680e-01,1.011879801750183105e+00,-1.490673422813415527e-01,-4.362218081951141357e-01,1.190026879310607910e+00,4.132800996303558350e-01,-4.325092211365699768e-02,-2.736877277493476868e-02,2.206284999847412109e-01,-4.180524870753288269e-02,1.663392305374145508e+00,-1.150889039039611816e+00,2.839278578758239746e-01,-9.870465397834777832e-01,-8.437393307685852051e-01,4.233057200908660889e-01,1.859448999166488647e-01
-4.935606122016906738e-01,-1.045713663101196289e+00,-9.016864895820617676e-01,-4.589478075504302979e-01,1.868056654930114746e-01,-9.358339905738830566e-01,9.014601707458496094e-01,-7.997874617576599121e-01,-1.046969890594482422e+00,2.375939846038818359e+00,-3.699890971183776855e-01,-2.212748765945434570e+00,-3.951182067394256592e-01,-2.781881392002105713e-01,-9.930897951126098633e-01,-1.604074537754058838e-01,5.090759396553039551e-01,6.231076717376708984e-01,-4.466379880905151367e-01,-3.102544844150543213e-01,-1.774518013000488281e+00,3.742648959159851074e-01,2.403600692749023438e+00,1.542564988136291504e+00,1.383791565895080566e-01,-7.742864489555358887e-01,-1.208651542663574219e+00,-3.102332353591918945e-01,1.727901399135589600e-01,-9.797387123107910156e-01,-1.357668191194534302e-01,7.448516488075256348e-01,-8.917362093925476074e-01,2.768247723579406738e-01,1.488618612289428711e+00,1.877083182334899902e-01,1.024208426475524902e+00,-4.808406829833984375e-01,1.578585505485534668e+00,1.191906452178955078e+00,1.283865213394165039e+00,-9.121396541595458984e-01,-1.474175095558166504e+00,-1.230250597000122070e+00,1.935146331787109375e+00,-1.201958298683166504e+00,1.408554434776306152e+00,5.018240213394165039e-01,-1.284898996353149414e+00,-1.546718120574951172e+00,-6.175588965415954590e-01,3.985301852226257324e-01,-5.621759891510009766e-01,-1.715455651283264160e+00,-1.145363599061965942e-02,1.776582449674606323e-01,4.421654343605041504e-01,1.889010220766067505e-01,-1.074521780014038086e+00,2.503705024719238281e-01,1.373279690742492676e-01,-1.208393573760986328e+00,3.483859300613403320e-01,-3.130013346672058105e-01,3.442249298095703125e-01,1.005582809448242188e+00,-1.366328954696655273e+00,-1.223755106329917908e-01,2.387337833642959595e-01,-2.174555659294128418e-01,5.691033601760864258e-01,-1.119238063693046570e-01,1.518315196037292480e+00,-5.308490395545959473e-01,1.630942463874816895e+00,-5.520494580268859863e-01,-1.298416495323181152e+00,6.855039000511169434e-01,-1.745440959930419922e-01,-3.175084888935089111e-01,3.400054275989532471e-01,-2.700502276420593262e-01,-4.161900579929351807e-01,-2.014167457818984985e-01,4.469786584377288818e-01,-1.470445036888122559e+00,-5.095685720443725586e-01,-6.304812431335449219e-01,3.569364547729492188e-01,1.330925941467285156e+00,1.593714594841003418e+00,2.238968387246131897e-02,-9.713208675384521484e-01,7.539327740669250488e-01,1.196030974388122559e+00,1.998973041772842407e-01,5.668585300445556641e-01,-7.055420875549316406e-01,2.044679522514343262e-01,6.979885697364807129e-01
-7.466775923967361450e-02,1.029609680175781250e+00,3.243460655212402344e-01,-1.593300551176071167e-01,-3.397705554962158203e-01,7.502675652503967285e-01,-1.972014784812927246e+00,-8.676560968160629272e-02,6.719449758529663086e-01,-9.569131135940551758e-01,1.155626997351646423e-01,1.381885886192321777e+00,-2.837457418441772461e+00,1.098324179649353027e+00,-2.048596143722534180e-01,2.279833078384399414e+00,-2.275705188512802124e-01,2.760370969772338867e-01,-6.204420328140258789e-01,-1.546995788812637329e-01,3.670993745326995850e-01,-1.040416717529296875e+00,-1.176827549934387207e+00,-5.899124741554260254e-01,8.853308558464050293e-01,8.490743041038513184e-01,2.606909871101379395e-01,-6.065932512283325195e-01,-1.331778168678283691e+00,-1.099743604660034180e+00,8.402254581451416016e-01,-2.856591343879699707e-01,6.035506129264831543e-01,-4.588786363601684570e-01,1.216389060020446777e+00,-7.616523504257202148e-01,-1.154239058494567871e+00,4.169275462627410889e-01,-7.134430408477783203e-01,-1.075365915894508362e-01,7.125256955623626709e-02,-1.402055501937866211e+00,2.027687281370162964e-01,-1.148987054824829102e+00,5.428633689880371094e-01,1.296072125434875488e+00,-4.943624734878540039e-01,-7.171079516410827637e-01,2.261367291212081909e-01,-1.515639424324035645e-01,-9.744434058666229248e-02,-4.177811145782470703e-01,-1.433756113052368164e+00,-4.481721520423889160e-01,1.797088831663131714e-01,-2.051453590393066406e+00,1.462620139122009277e+00,-7.102862000465393066e-01,-8.328689932823181152e-01,9.999421834945678711e-01,2.300046831369400024e-01,-2.564350664615631104e-01,5.559049844741821289e-01,9.323805570602416992e-01,5.296861529350280762e-01,-1.074138760566711426e+00,-8.705175518989562988e-01,-1.244963884353637695e+00,-1.238211035728454590e+00,-7.144711613655090332e-01,-4.010207951068878174e-01,-3.943216502666473389e-01,-9.035429358482360840e-01,-7.192396521568298340e-01,-2.211898088455200195e+00,-5.261420011520385742e-01,6.454259753227233887e-01,-2.030338525772094727e+00,2.709071040153503418e-01,2.468152716755867004e-02,-1.685865372419357300e-01,1.215984582901000977e+00,-4.563851058483123779e-01,3.958667814731597900e-02,8.568682074546813965e-01,1.430625915527343750e+00,2.425677627325057983e-01,-1.920232474803924561e-01,-2.463482618331909180e+00,1.237372398376464844e+00,9.073903560638427734e-01,1.614460468292236328e+00,-3.297770917415618896e-01,9.121640324592590332e-01,-1.096998929977416992e+00,-7.560192346572875977e-01,-2.492801994085311890e-01,-2.557222247123718262e-01,-1.043493390083312988e+00,-1.746521145105361938e-01
-4.802912101149559021e-02,-1.107209622859954834e-01,-6.087809205055236816e-01,2.953024804592132568e-01,-5.648483633995056152e-01,4.371454417705535889e-01,-4.856442809104919434e-01,-1.277346849441528320e+00,-1.247458457946777344e+00,-1.542338252067565918e+00,1.036035180091857910e+00,-1.336466312408447266e+00,3.457556664943695068e-01,-1.450933694839477539e+00,4.664500653743743896e-01,-8.353122472763061523e-01,1.744623482227325439e-01,2.170990854501724243e-01,1.555856466293334961e+00,1.258155051618814468e-02,1.150658279657363892e-01,-1.372611075639724731e-01,-1.258274435997009277e+00,-9.720334410667419434e-01,-6.564139127731323242e-01,-4.620931446552276611e-01,-1.066033244132995605e+00,-3.960549831390380859e-01,-1.032840758562088013e-01,4.334742128849029541e-01,2.247001230716705322e-01,6.584009528160095215e-01,2.636211395263671875e+00,6.476070731878280640e-02,-6.114853918552398682e-02,9.602898955345153809e-01,1.404716253280639648e+00,-1.716180443763732910e-01,-1.895993351936340332e+00,-3.552462160587310791e-01,-4.174228608608245850e-01,1.780300498008728027e+00,-1.089905016124248505e-02,-9.156388044357299805e-01,1.804574251174926758e+00,-1.493648409843444824e+00,-2.163549959659576416e-01,-7.882566452026367188e-01,1.138469204306602478e-01,1.032961964607238770e+00,1.055706977844238281e+00,1.032460808753967285e+00,-1.870397627353668213e-01,-8.572204411029815674e-02,-2.236969023942947388e-01,-1.017468214035034180e+00,-3.105444014072418213e-01,-1.030216217041015625e+00,7.155700325965881348e-01,-4.742334187030792236e-01,-1.218798995018005371e+00,-2.188107013702392578e+00,-2.106359153985977173e-01,-1.295222993940114975e-02,-1.581328213214874268e-01,-1.208108216524124146e-01,-7.879843115806579590e-01,1.077988743782043457e+00,-3.879623115062713623e-01,-5.582723021507263184e-01,5.452129989862442017e-02,-6.069147586822509766e-02,-7.918253540992736816e-01,3.783177435398101807e-01,-8.838453888893127441e-01,4.718985855579376221e-01,-3.782668411731719971e-01,-9.652917385101318359e-01,-2.853227853775024414e-01,-1.258159160614013672e+00,3.628874123096466064e-01,1.227013707160949707e+00,-3.311238288879394531e-01,1.035758137702941895e+00,-1.504758238792419434e+00,-2.394749671220779419e-01,8.470673561096191406e-01,1.157749295234680176e+00,-5.164133906364440918e-01,-1.384372115135192871e+00,-1.006064295768737793e+00,2.340699881315231323e-01,1.986877918243408203e-01,-5.656194090843200684e-01,-3.616951704025268555e-01,1.178623959422111511e-01,3.257394790649414062e+00,1.216559171676635742e+00,1.048335134983062744e-01,-8.475788235664367676e-01
3.576762676239013672e-01,1.587736129760742188e+00,3.010236322879791260e-01,-3.830588757991790771e-01,1.663652777671813965e+00,7.852836847305297852e-01,3.850072920322418213e-01,-7.976384758949279785e-01,-1.516021788120269775e-01,1.105721354484558105e+00,-2.873439192771911621e-01,-5.895973443984985352e-01,-4.334284961223602295e-01,-1.296643167734146118e-01,4.221641123294830322e-01,7.106693387031555176e-01,6.006020307540893555e-01,7.462007999420166016e-01,-6.057711243629455566e-01,1.290621638298034668e+00,-3.900307714939117432e-01,3.953056335449218750e-01,1.148639559745788574e+00,1.448646038770675659e-01,1.574283719062805176e+00,-2.577351331710815430e-01,-5.612953752279281616e-02,-9.665150046348571777e-01,2.918927967548370361e-01,6.524475812911987305e-01,2.409187555313110352e-01,-2.015440940856933594e+00,2.366843074560165405e-01,3.895657062530517578e-01,-1.068000197410583496e+00,1.678498536348342896e-01,-6.171051263809204102e-01,-4.856113493442535400e-01,-1.282872080802917480e+00,-9.278138279914855957e-01,2.112012915313243866e-02,-4.960439801216125488e-01,1.921202898025512695e+00,7.171019911766052246e-01,-1.067630290985107422e+00,4.282597899436950684e-01,-5.081732943654060364e-02,1.110485434532165527e+00,-2.499299496412277222e-01,-1.074962496757507324e+00,4.619976505637168884e-03,7.691736221313476562e-01,5.723094940185546875e-02,7.702070474624633789e-01,9.088078737258911133e-01,6.254482865333557129e-01,-9.711382985115051270e-01,-9.703474044799804688e-01,8.506163358688354492e-01,1.438991665840148926e+00,2.614814341068267822e-01,7.803359627723693848e-01,2.045675516128540039e+00,8.300714492797851562e-01,1.024995684623718262e+00,6.089012622833251953e-01,-1.310774326324462891e+00,1.644490659236907959e-01,-1.408955812454223633e+00,9.351125955581665039e-01,-2.108707189559936523e+00,-1.040625691413879395e+00,5.721688270568847656e-01,4.162868261337280273e-01,2.486561059951782227e+00,2.219840586185455322e-01,-4.541988074779510498e-01,7.019655704498291016e-01,8.400272727012634277e-01,1.557049989700317383e+00,7.312644124031066895e-01,-1.216073393821716309e+00,-1.973572969436645508e+00,2.593064010143280029e-01,1.080645799636840820e+00,2.493179142475128174e-01,-9.823050498962402344e-01,6.263435482978820801e-01,-2.775349840521812439e-02,-3.695063292980194092e-01,-1.134193897247314453e+00,1.081328630447387695e+00,8.678759932518005371e-01,-1.682342439889907837e-01,1.718557000160217285e+00,-1.326201438903808594e+00,-9.597953557968139648e-01,5.166864991188049316e-01,-6.449888944625854492e-01,8.474481105804443359e-01
-5.519843697547912598e-01,1.198762655258178711e+00,-1.076675653457641602e+00,1.120923519134521484e+00,2.081045389175415039e+00,-1.712761044502258301e+00,1.063129782676696777e+00,-6.133019924163818359e-01,-1.865476489067077637e+00,1.326423883438110352e+00,-4.786268472671508789e-01,-3.845991194248199463e-01,1.428110618144273758e-02,-6.435809135437011719e-01,-2.885920405387878418e-01,-7.319408655166625977e-01,2.653008699417114258e+00,2.629677392542362213e-02,1.335414528846740723e+00,-1.994078755378723145e-01,-1.339156150817871094e+00,-4.588489830493927002e-01,1.259846538305282593e-01,7.522870302200317383e-01,1.479418277740478516e-01,2.909025907516479492e+00,4.251825511455535889e-01,1.241719841957092285e+00,3.522562086582183838e-01,9.076601862907409668e-01,-1.631296724081039429e-01,1.001761436462402344e+00,2.640297710895538330e-01,1.857753694057464600e-01,3.498857021331787109e-01,-1.385383367538452148e+00,8.013493418693542480e-01,-1.345203638076782227e+00,-7.247994542121887207e-01,4.957521334290504456e-02,6.670983433723449707e-01,-1.257748603820800781e+00,1.228743910789489746e+00,1.754662245512008667e-01,9.108928963541984558e-03,2.559708118438720703e+00,2.560276091098785400e-01,-8.995151519775390625e-01,-7.226952910423278809e-01,-2.084510087966918945e+00,1.352801173925399780e-01,5.949746072292327881e-02,-6.397761106491088867e-01,-2.285481095314025879e-01,9.337837249040603638e-02,-2.552453577518463135e-01,7.655666023492813110e-02,-5.033632740378379822e-02,-1.124031066894531250e+00,-3.338282108306884766e-01,1.113843798637390137e+00,1.614899516105651855e+00,-6.346327066421508789e-01,1.640874266624450684e+00,-4.178541004657745361e-01,2.918412983417510986e-01,-6.372162103652954102e-01,-5.268689393997192383e-01,1.251390129327774048e-01,-2.254530191421508789e+00,1.225078582763671875e+00,-5.100327134132385254e-01,1.057087898254394531e+00,-1.167532086372375488e+00,-8.625192046165466309e-01,1.140916347503662109e+00,1.052797213196754456e-01,5.445665121078491211e-01,-1.109581708908081055e+00,-3.783209025859832764e-01,7.393234968185424805e-01,-2.970101311802864075e-02,2.592562139034271240e-01,7.229878902435302734e-01,9.345806837081909180e-01,-8.873569965362548828e-01,1.868425905704498291e-01,7.387659698724746704e-02,2.217088490724563599e-01,6.721277236938476562e-01,-1.230288371443748474e-01,-5.898483395576477051e-01,8.066417574882507324e-01,-4.700810313224792480e-01,1.204109936952590942e-01,-2.257711738348007202e-01,-1.005686283111572266e+00,-5.362902879714965820e-01,1.208957880735397339e-01,-1.149842739105224609e+00
6.776185631752014160e-01,6.152355074882507324e-01,-3.758771717548370361e-02,-3.093275129795074463e-01,1.904893636703491211e+00,1.333796419203281403e-02,4.529729187488555908e-01,1.181596517562866211e+00,-1.042810201644897461e+00,-8.530730009078979492e-01,-1.095682501792907715e+00,-6.913283467292785645e-01,1.125849783420562744e-02,2.167761027812957764e-01,3.678771257400512695e-01,1.150167465209960938e+00,-1.231760382652282715e+00,2.535742521286010742e+00,-7.242764234542846680e-01,-6.690344810485839844e-01,5.309979319572448730e-01,-5.359895825386047363e-01,-1.940358728170394897e-01,-2.241975665092468262e-01,1.293169856071472168e+00,1.441530585289001465e-01,7.152857184410095215e-01,4.954137653112411499e-02,-1.014774680137634277e+00,3.025018274784088135e-01,-6.327766776084899902e-01,1.821819543838500977e-01,-1.368123054504394531e+00,-1.008163571357727051e+00,8.137239813804626465e-01,1.535652995109558105e+00,1.293072700500488281e+00,-1.639836788177490234e+00,7.459790706634521484e-01,9.076382517814636230e-01,8.265019208192825317e-02,-6.182289719581604004e-01,9.510679244995117188e-01,1.950248479843139648e+00,-2.891007959842681885e-01,1.542366981506347656e+00,1.901569962501525879e+00,-4.786996170878410339e-03,4.488425850868225098e-01,1.324798583984375000e+00,-1.220069408416748047e+00,2.381735891103744507e-01,1.062283158302307129e+00,2.619172036647796631e-01,-9.925533831119537354e-02,-1.008709192276000977e+00,1.963645577430725098e+00,-1.788664579391479492e+00,-2.478194981813430786e-02,1.340679883956909180e+00,5.812660455703735352e-01,7.915156483650207520e-01,-1.400355696678161621e+00,1.595860481262207031e+00,-1.042967200279235840e+00,-8.078989386558532715e-01,-2.184705734252929688e-01,-1.379344105720520020e+00,-1.279035687446594238e+00,-9.249733686447143555e-01,-8.105370402336120605e-02,-1.890832036733627319e-01,-1.164078116416931152e+00,-5.163121819496154785e-01,9.694088101387023926e-01,-6.632785797119140625e-01,-5.320035815238952637e-01,-8.095282316207885742e-01,4.241850674152374268e-01,-1.880681961774826050e-01,-1.518034934997558594e-01,-7.766296267509460449e-01,-1.715936660766601562e+00,-8.730691671371459961e-01,1.304840892553329468e-01,-1.009160637855529785e+00,-7.086854577064514160e-01,-1.441147327423095703e+00,4.643239825963973999e-02,7.631489038467407227e-01,2.211630821228027344e+00,1.541899800300598145e+00,1.385483860969543457e+00,-1.537870466709136963e-01,-1.046123623847961426e+00,-1.858838051557540894e-01,7.400797605514526367e-01,-1.297543406486511230e+00,1.578582525253295898e+00,1.145231962203979492e+00
-1.517329096794128418e+00,-1.534291267395019531e+00,-9.601673483848571777e-01,-2.407520055770874023e+00,-1.625947117805480957e+00,3.186338543891906738e-01,-1.014528274536132812e+00,1.088159680366516113e-01,4.157448709011077881e-01,2.525536537170410156e+00,-7.441251873970031738e-01,3.176794052124023438e-01,2.873376905918121338e-01,3.024496138095855713e-01,6.921938061714172363e-01,-9.516162276268005371e-01,3.816685974597930908e-01,-8.739171028137207031e-01,-4.972968399524688721e-01,1.015691280364990234e+00,4.981464147567749023e-01,1.661729693412780762e+00,-2.698318660259246826e-01,1.780628263950347900e-01,-1.800053954124450684e+00,9.717689752578735352e-01,1.174737215042114258e+00,-2.471984550356864929e-02,-3.121002018451690674e-01,3.463938236236572266e-01,1.488195657730102539e+00,1.313654303550720215e+00,1.798040151596069336e+00,1.987868696451187134e-01,-1.629921078681945801e+00,-1.475010037422180176e+00,-4.840443730354309082e-01,-6.851035952568054199e-01,3.595520555973052979e-01,7.767081260681152344e-01,1.510828733444213867e+00,-4.640906453132629395e-01,-1.018746852874755859e+00,-1.871906161308288574e+00,1.698183082044124603e-02,-7.645334601402282715e-01,-4.608066082000732422e-01,-2.053768336772918701e-01,1.066197976469993591e-01,-8.465945720672607422e-01,4.031021893024444580e-01,2.136055529117584229e-01,-4.637553095817565918e-01,-6.749916076660156250e-01,-7.362279891967773438e-01,-5.570870041847229004e-01,-1.765587329864501953e+00,1.045213788747787476e-01,-5.607823133468627930e-01,-2.358714491128921509e-01,8.116180300712585449e-01,6.422054171562194824e-01,1.224302221089601517e-02,-1.355097293853759766e+00,6.790484786033630371e-01,6.546972990036010742e-01,-2.815178930759429932e-01,-3.401970267295837402e-01,-4.328981339931488037e-01,-1.901634931564331055e+00,2.720689773559570312e-01,2.840092182159423828e-01,-6.006153225898742676e-01,-2.772689461708068848e-01,4.134991206228733063e-03,1.466285347938537598e+00,4.958786666393280029e-01,-1.204456210136413574e+00,-6.762647628784179688e-01,-2.121491432189941406e+00,-4.007860124111175537e-01,7.298759222030639648e-01,9.611767530441284180e-01,2.159741878509521484e+00,-6.989414691925048828e-01,1.119977593421936035e+00,1.305201649665832520e+00,-7.173720002174377441e-01,2.044605016708374023e+00,8.216074705123901367e-01,-2.021949529647827148e+00,7.923563122749328613e-01,1.785139679908752441e+00,5.272661447525024414e-01,-3.275860846042633057e-01,-5.453646183013916016e-01,2.164153158664703369e-01,-2.310837954282760620e-01,-1.975114226341247559e+00,-6.029041409492492676e-01
-8.667061924934387207e-01,7.551465630531311035e-01,-1.159643411636352539e+00,7.366834878921508789e-01,-1.584888577461242676e+00,9.098817110061645508e-01,5.540110468864440918e-01,-3.746454045176506042e-02,-1.963960528373718262e+00,1.374946087598800659e-01,1.532449364662170410e+00,3.681916594505310059e-01,1.598168492317199707e+00,-1.707442283630371094e+00,-2.431934922933578491e-01,-4.396968185901641846e-01,-7.584657073020935059e-01,1.407517045736312866e-01,9.475541710853576660e-01,1.520273536443710327e-01,3.767160773277282715e-01,2.696044147014617920e-01,4.569593369960784912e-01,3.163980692625045776e-02,-1.438655734062194824e+00,4.414548277854919434e-01,1.415361557155847549e-02,1.737874865531921387e+00,-6.795301437377929688e-01,4.947575926780700684e-01,-8.728100061416625977e-01,1.010261297225952148e+00,-5.141301155090332031e-01,1.247227266430854797e-01,8.806201070547103882e-02,-9.640284180641174316e-01,2.049342840909957886e-01,8.545877337455749512e-01,1.475291967391967773e+00,-4.707077145576477051e-01,3.812403976917266846e-01,-4.919102787971496582e-01,-1.614765048027038574e+00,8.348535895347595215e-01,-3.397082090377807617e-01,7.371540069580078125e-01,-8.474286794662475586e-01,-2.316105365753173828e+00,-1.236239075660705566e+00,3.628182709217071533e-01,-1.569033980369567871e+00,1.510674953460693359e+00,3.943375945091247559e-01,-3.400820732116699219e+00,-1.488623023033142090e-01,-3.241400420665740967e-01,2.718494832515716553e-01,-9.389623999595642090e-01,-1.098274230957031250e+00,9.753671288490295410e-01,6.615083813667297363e-01,-1.195127487182617188e+00,1.312935233116149902e+00,-1.546149998903274536e-01,-8.387310504913330078e-01,-2.301711559295654297e+00,4.403710067272186279e-01,-2.540202066302299500e-02,2.282181680202484131e-01,-1.485987454652786255e-01,4.187415540218353271e-01,4.003556966781616211e-01,1.443644016981124878e-01,8.930047154426574707e-01,-2.250775396823883057e-01,9.824556112289428711e-01,-4.591819047927856445e-01,1.302453041076660156e+00,1.320008397102355957e+00,1.223001956939697266e+00,7.466215491294860840e-01,-2.275899171829223633e+00,1.105553388595581055e+00,1.020337566733360291e-01,1.138390779495239258e+00,7.355528473854064941e-01,1.639930009841918945e+00,-4.221737384796142578e-01,-8.252907544374465942e-03,-2.525382936000823975e-01,-9.333971738815307617e-01,7.573169469833374023e-01,-5.133912563323974609e-01,-4.497867822647094727e-01,3.615159392356872559e-01,-9.888252019882202148e-01,-6.754206418991088867e-01,-4.757531285285949707e-01,3.199391067028045654e-01,2.064940452575683594e+00
-2.334383130073547363e-01,9.828999042510986328e-01,-9.041095972061157227e-01,1.001849770545959473e+00,8.745024800300598145e-01,2.559865415096282959e-01,-8.587178587913513184e-01,-1.629052042961120605e+00,7.924849390983581543e-01,-7.280965447425842285e-01,4.288512468338012695e-01,-1.260270595550537109e+00,-1.640159130096435547e+00,5.920457188040018082e-03,-1.332653522491455078e+00,1.328807324171066284e-01,3.605841398239135742e-01,1.611625671386718750e+00,-1.819024443626403809e+00,-2.349620908498764038e-01,1.362399220466613770e+00,-1.049412131309509277e+00,2.110260248184204102e+00,1.059612035751342773e+00,1.047079920768737793e+00,8.232780098915100098e-01,-8.480549454689025879e-01,-3.357608569785952568e-03,1.875336050987243652e+00,-6.722611784934997559e-01,-3.649173676967620850e-02,7.334932684898376465e-01,-1.717186808586120605e+00,-1.527868032455444336e+00,-5.631923079490661621e-01,-1.167932510375976562e+00,2.763351798057556152e-01,-4.718468710780143738e-02,-1.418286442756652832e+00,1.085493326187133789e+00,3.466483056545257568e-01,4.513801932334899902e-01,-2.651206254959106445e-01,-1.571978330612182617e-01,1.894360333681106567e-01,1.319494128227233887e+00,-6.245925426483154297e-01,1.707088947296142578e+00,-7.373070716857910156e-01,-5.674108862876892090e-01,-1.231445521116256714e-01,2.655424736440181732e-02,-2.406889200210571289e+00,4.658901691436767578e-01,6.998707652091979980e-01,1.278766393661499023e+00,7.345191240310668945e-01,-9.440521001815795898e-01,-1.643197387456893921e-01,5.398159623146057129e-01,-6.479806900024414062e-01,7.393314242362976074e-01,-8.243941068649291992e-01,3.269352912902832031e-01,1.198853969573974609e+00,-4.132966399192810059e-01,-4.386942386627197266e-01,-2.103448659181594849e-01,-1.567402839660644531e+00,-9.437117576599121094e-01,4.178487062454223633e-01,-4.253819584846496582e-01,5.360537767410278320e-01,-1.371797561645507812e+00,1.534293740987777710e-01,9.231860637664794922e-01,-3.447189629077911377e-01,3.702438771724700928e-01,3.707895576953887939e-01,-8.124918490648269653e-02,2.161816358566284180e+00,1.429250687360763550e-01,-3.937165439128875732e-01,4.427664577960968018e-01,2.146331548690795898e+00,-8.845226764678955078e-01,-4.295451343059539795e-01,1.309529423713684082e+00,-3.551360964775085449e-01,-6.390988826751708984e-01,-1.762085437774658203e+00,-7.896046638488769531e-01,1.767165660858154297e+00,1.167449712753295898e+00,2.280852012336254120e-02,-8.106743693351745605e-01,1.061390757560729980e+00,8.981024026870727539e-01,1.106821775436401367e+00,2.363333940505981445e+00
1.281843185424804688e+00,-6.206145286560058594e-01,-6.687830090522766113e-01,-1.259489178657531738e+00,-4.023410007357597351e-02,-8.499345183372497559e-01,2.435133934020996094e+00,-3.567882180213928223e-01,-8.506537973880767822e-02,-2.388721466064453125e+00,-2.378046959638595581e-01,-8.307700157165527344e-01,-9.599289298057556152e-01,-1.595738768577575684e+00,3.917199969291687012e-01,1.265809834003448486e-01,-6.800503730773925781e-01,-3.287996053695678711e-01,-4.475615620613098145e-01,2.984265089035034180e-01,-5.362511873245239258e-01,-3.973032236099243164e-01,2.271452903747558594e+00,1.890243887901306152e+00,-1.017766714096069336e+00,2.765645682811737061e-01,1.666375994682312012e+00,7.132048606872558594e-01,1.388291239738464355e+00,7.661542892456054688e-01,2.288716435432434082e-01,-1.557002514600753784e-01,1.443075656890869141e+00,-1.687146902084350586e+00,1.446542739868164062e+00,6.850113719701766968e-02,2.600677497684955597e-02,2.930801510810852051e-01,-7.539018392562866211e-01,3.705783560872077942e-02,-3.274137973785400391e-01,-8.126904368400573730e-01,2.688591182231903076e-01,5.121807381510734558e-02,9.294057488441467285e-01,-5.343508720397949219e-01,-4.830678105354309082e-01,-6.082471609115600586e-01,-5.260168015956878662e-02,-1.528519093990325928e-01,6.711019873619079590e-01,-1.256209611892700195e-01,6.689498424530029297e-01,-1.006233334541320801e+00,5.204271674156188965e-01,-7.004004716873168945e-01,-3.213081359863281250e-01,-1.984923362731933594e+00,-4.459966123104095459e-01,2.212602138519287109e+00,-1.351239562034606934e+00,1.069029569625854492e+00,7.047577500343322754e-01,1.060279965400695801e+00,7.554242610931396484e-01,1.305659890174865723e+00,-1.477511048316955566e+00,4.658809900283813477e-01,-1.334967732429504395e+00,-1.804357022047042847e-01,2.396551817655563354e-01,5.425455570220947266e-01,-6.762992143630981445e-01,3.320161998271942139e-01,-1.099635601043701172e+00,5.652048587799072266e-01,1.020693778991699219e+00,1.140283107757568359e+00,8.579274415969848633e-01,4.094249308109283447e-01,1.660791754722595215e+00,4.571532011032104492e-01,-3.612057268619537354e-01,4.630142357200384140e-03,6.709444522857666016e-01,-2.414035946130752563e-01,-2.233783006668090820e-01,-1.724492907524108887e+00,-1.755453228950500488e+00,6.533417105674743652e-01,2.156650871038436890e-01,7.626384496688842773e-01,4.012240767478942871e-01,2.877183854579925537e-01,-9.482429027557373047e-01,7.492166757583618164e-01,1.918956160545349121e+00,1.454487740993499756e-01,-6.278552412986755371e-01,-7.957382798194885254e-01
1.731008052825927734e+00,-1.064090132713317871e+00,-4.365669190883636475e-01,-1.250925779342651367e+00,3.645454719662666321e-02,-1.058936119079589844e-01,-1.625785231590270996e-01,-1.427684903144836426e+00,2.072940021753311157e-01,1.363920092582702637e+00,6.836454868316650391e-01,-3.861731886863708496e-01,-5.779789686203002930e-01,-1.464101076126098633e+00,6.310293078422546387e-02,3.675978481769561768e-01,1.016270890831947327e-01,1.030041694641113281e+00,-9.704587459564208984e-01,1.496074438095092773e+00,-8.116950392723083496e-01,6.314637064933776855e-01,-1.307613134384155273e+00,8.911121487617492676e-01,-7.736839056015014648e-01,-4.883855581283569336e-01,1.893160790205001831e-01,6.893219351768493652e-01,6.138983368873596191e-01,-5.773080587387084961e-01,-3.207946717739105225e-01,-3.384999334812164307e-01,-8.965162634849548340e-01,1.303813934326171875e+00,1.164195656776428223e+00,8.830710053443908691e-01,-2.576857089996337891e+00,-3.591059744358062744e-01,2.049737691879272461e+00,-4.388436377048492432e-01,2.037046551704406738e-01,4.065407514572143555e-01,8.446850776672363281e-01,3.711440265178680420e-01,-2.424910664558410645e-01,8.302648067474365234e-01,-6.453185807913541794e-03,8.845356106758117676e-01,-1.808011651039123535e+00,2.544048801064491272e-02,-4.441462159156799316e-01,-2.926329970359802246e-01,-1.748677253723144531e+00,-8.922410011291503906e-01,-1.774368584156036377e-01,-1.773477077484130859e+00,-4.554279446601867676e-01,-1.498906612396240234e+00,6.114541292190551758e-01,1.691294550895690918e+00,1.410681247711181641e+00,-1.103618979454040527e+00,-1.877417862415313721e-01,2.542326450347900391e+00,-6.987977027893066406e-01,-8.232049345970153809e-01,4.728003144264221191e-01,1.018121957778930664e+00,-4.605495631694793701e-01,9.406957030296325684e-01,-5.223360657691955566e-01,8.324865698814392090e-01,3.131140768527984619e-01,-2.862017750740051270e-01,-1.366544008255004883e+00,5.542717408388853073e-03,-8.751310706138610840e-01,1.903202682733535767e-01,1.947802424430847168e+00,-5.431798696517944336e-01,-5.168774724006652832e-01,-8.255357742309570312e-01,1.327539324760437012e+00,9.399835467338562012e-01,2.982068061828613281e-01,-3.474769368767738342e-02,-1.324649453163146973e+00,-2.881539985537528992e-03,3.229467153549194336e+00,-1.589856445789337158e-01,2.745992243289947510e-01,-3.998799622058868408e-01,-9.757524728775024414e-01,1.136259198188781738e+00,-6.339830756187438965e-01,1.513370275497436523e+00,6.822777986526489258e-01,-1.041151642799377441e+00,1.181481480598449707e+00,-7.707543373107910156e-01
-8.106775283813476562e-01,-7.403377890586853027e-01,-1.405585408210754395e+00,1.056477308273315430e+00,-1.479086399078369141e+00,-4.922799170017242432e-01,-4.621606469154357910e-01,1.313326120376586914e+00,1.061585843563079834e-01,-1.100636005401611328e+00,-9.032549709081649780e-02,1.415268797427415848e-02,-2.267858982086181641e-01,6.258282661437988281e-01,1.564607143402099609e+00,-1.449506044387817383e+00,1.775136113166809082e+00,-1.231072306632995605e+00,-3.695451617240905762e-01,-1.180196523666381836e+00,8.170396834611892700e-02,1.040754437446594238e+00,5.313293933868408203e-01,-1.739590167999267578e+00,5.456897243857383728e-02,1.250097632408142090e+00,1.027131438255310059e+00,7.646551728248596191e-01,-8.426961302757263184e-01,-3.413632139563560486e-02,6.890541911125183105e-01,-1.019821166992187500e+00,3.789147734642028809e-01,-9.934611916542053223e-01,-3.777884244918823242e-01,5.599191784858703613e-02,4.348624646663665771e-01,6.131801605224609375e-01,1.762574076652526855e+00,-1.397833347320556641e+00,-3.149673223495483398e+00,6.992654800415039062e-01,-6.710576415061950684e-01,9.248612821102142334e-02,4.639794528484344482e-01,-4.225883483886718750e-01,1.290605783462524414e+00,-6.287887692451477051e-01,-6.269821524620056152e-01,4.937154352664947510e-01,6.930585503578186035e-01,-1.126158237457275391e+00,1.850627660751342773e+00,-4.102668762207031250e-01,-2.552546977996826172e+00,-1.738970130681991577e-01,-2.141156643629074097e-01,-9.842325448989868164e-01,-5.248235464096069336e-01,1.997931599617004395e-01,-8.917452096939086914e-01,-1.158196091651916504e+00,-1.217230916023254395e+00,2.081682085990905762e-01,1.286860227584838867e+00,-8.956831693649291992e-01,-1.757875561714172363e+00,1.291693210601806641e+00,-2.539119958877563477e+00,2.497191578149795532e-01,6.439542770385742188e-01,-2.116189301013946533e-01,-1.933707594871520996e-01,8.850706219673156738e-01,-1.716584116220474243e-01,1.391931533813476562e+00,-1.544180750846862793e+00,1.511133670806884766e+00,9.247577190399169922e-01,1.517482280731201172e+00,-1.177711963653564453e+00,1.394212484359741211e+00,-2.491174459457397461e+00,-1.336245059967041016e+00,1.815955519676208496e+00,-1.185107827186584473e+00,-2.475534915924072266e+00,1.811584115028381348e+00,7.671870589256286621e-01,3.794189393520355225e-01,-3.477657437324523926e-01,-3.044548630714416504e-01,2.078133821487426758e+00,-2.069583892822265625e+00,2.264783829450607300e-01,6.654388308525085449e-01,7.755706310272216797e-01,2.071385383605957031e+00,2.611015141010284424e-01,-8.207933306694030762e-01
1.143943816423416138e-01,-1.388677716255187988e+00,1.006788462400436401e-01,-1.412135958671569824e+00,-4.992479383945465088e-01,-1.796121448278427124e-01,7.903652191162109375e-01,-5.050650835037231445e-01,2.405443638563156128e-01,-2.637785077095031738e-01,-7.804310917854309082e-01,2.124342769384384155e-01,5.398961901664733887e-02,-9.844669103622436523e-01,1.227863430976867676e+00,7.081423699855804443e-02,-2.195439577102661133e+00,-1.365655779838562012e+00,1.600429415702819824e+00,-1.242280960083007812e+00,1.664083600044250488e-01,-4.243884384632110596e-01,4.463903307914733887e-01,-3.239066004753112793e-01,4.853965342044830322e-02,1.460547558963298798e-02,4.487242102622985840e-01,-2.806660830974578857e-01,3.293145895004272461e-01,3.315428256988525391e+00,2.365242004394531250e+00,5.652310326695442200e-02,-3.217950165271759033e-01,2.677824199199676514e-01,2.757548689842224121e-01,9.659873843193054199e-01,-2.014900185167789459e-02,1.016220673918724060e-01,-9.597557187080383301e-01,8.831074833869934082e-01,5.883315205574035645e-01,8.643432259559631348e-01,1.596553683280944824e+00,9.725685119628906250e-01,-7.354881763458251953e-01,1.725705862045288086e+00,5.777808427810668945e-01,6.799680590629577637e-01,3.438673317432403564e-01,8.692848086357116699e-01,-1.572214126586914062e+00,3.524118065834045410e-01,-7.546940445899963379e-01,-3.217367231845855713e-01,-8.553227782249450684e-01,6.289609074592590332e-01,7.771355509757995605e-01,5.283460021018981934e-01,-1.248213171958923340e+00,-4.504559040069580078e-01,1.717732846736907959e-01,6.211631894111633301e-01,-5.207698941230773926e-01,1.033479690551757812e+00,-6.447488665580749512e-01,-1.730896472930908203e+00,6.247316598892211914e-01,-1.049528241157531738e+00,-2.364274263381958008e+00,-7.018134593963623047e-01,2.143263369798660278e-01,1.261771321296691895e+00,-1.743386387825012207e+00,-9.182440638542175293e-01,-1.084383249282836914e+00,-6.296735405921936035e-01,1.025406599044799805e+00,4.989232495427131653e-02,-1.380356431007385254e+00,-9.912682771682739258e-01,4.463878273963928223e-01,-1.709701061248779297e+00,1.323411166667938232e-01,-2.019338309764862061e-03,1.352446675300598145e+00,-3.741251826286315918e-01,-7.142963409423828125e-01,-9.721085429191589355e-01,8.093898296356201172e-01,-4.433261454105377197e-01,3.277941048145294189e-01,-8.652151823043823242e-01,6.584241986274719238e-01,1.673441410064697266e+00,-2.670723944902420044e-02,-1.476535081863403320e+00,3.924416899681091309e-01,2.705463171005249023e-01,-4.292406141757965088e-01,-2.247326612472534180e+00
