-1.299987792968750000e+00,-6.804848909378051758e-01,1.021194010972976685e-01,1.574672579765319824e+00,1.226682186126708984e+00,5.078349709510803223e-01,-1.389915108680725098e+00,-1.184234261512756348e+00,3.678065538406372070e-02,5.931620597839355469e-01,-4.381733834743499756e-01,-2.176230698823928833e-01,-1.318658471107482910e+00,-3.872195482254028320e-01,7.335988432168960571e-02,4.425692260265350342e-01,5.935414433479309082e-01,-1.148203313350677490e-01,-1.316615819931030273e+00,1.383874863386154175e-01,1.253287196159362793e+00,-1.317751526832580566e+00,1.034523010253906250e+00,-1.411126852035522461e+00,-1.542449951171875000e+00,-1.958357542753219604e-01,-5.816603899002075195e-01,5.691943764686584473e-01,-3.432616293430328369e-01,-8.099475502967834473e-02,8.054600954055786133e-01,2.692326903343200684e-01,6.278292536735534668e-01,-1.037854552268981934e+00,1.772982001304626465e+00,-7.586418390274047852e-01,-5.022277832031250000e-01,3.948427736759185791e-02,-1.169784307479858398e+00,-7.973862290382385254e-01,2.230827510356903076e-01,3.157493770122528076e-01,-5.181945562362670898e-01,-6.497575342655181885e-02,9.082328677177429199e-01,1.221375942230224609e+00,-1.587549924850463867e+00,5.661838650703430176e-01,2.018752098083496094e-01,1.570387780666351318e-01,-7.090581059455871582e-01,-5.935341119766235352e-01,-1.468252182006835938e+00,-3.957958519458770752e-01,2.435063384473323822e-02,5.488897860050201416e-02,-1.286760091781616211e+00,3.481364250183105469e-01,7.061111927032470703e-01,5.533610656857490540e-02,6.712512671947479248e-02,-6.006829142570495605e-01,1.171602606773376465e+00,1.600782275199890137e-01,9.862680435180664062e-01,3.200795352458953857e-01,-9.556195884943008423e-02,-1.066292047500610352e+00,3.654362261295318604e-01,-1.308861494064331055e+00,4.615967273712158203e-01,3.594148755073547363e-01,8.011800050735473633e-01,3.159084022045135498e-01,2.390731126070022583e-01,-2.895813465118408203e+00,7.610821127891540527e-01,3.083149790763854980e-01,1.327138900756835938e+00,-9.570904821157455444e-02,-1.029561042785644531e+00,3.141466081142425537e-01,1.711167395114898682e-01,-1.210829377174377441e+00,2.235022187232971191e-01,-3.395902812480926514e-01,-1.671583414077758789e+00,1.234207823872566223e-01,-1.079563140869140625e+00,-8.215695270337164402e-04,4.887703359127044678e-01,1.247960209846496582e+00,-7.401711940765380859e-01,-6.103058457374572754e-01,1.242964863777160645e+00,1.102470010519027710e-01,1.102458477020263672e+00,-1.238790035247802734e+00,-5.579739809036254883e-01,-8.470238447189331055e-01
7.326422929763793945e-01,-4.329896271228790283e-01,3.749540567398071289e+00,-7.502570152282714844e-01,-7.724506855010986328e-01,-1.217211008071899414e+00,-4.158290624618530273e-01,-1.974445223808288574e+00,-2.286014556884765625e-01,-1.789835214614868164e+00,-1.465819239616394043e+00,-1.463176608085632324e-01,-4.272468686103820801e-01,-3.200979828834533691e-01,4.318955242633819580e-01,5.522717256098985672e-03,2.854566574096679688e-01,-5.782343745231628418e-01,-5.285673141479492188e-01,-2.243738412857055664e+00,-6.302256584167480469e-01,1.369216084480285645e+00,4.291749000549316406e-02,-1.070243343710899353e-01,-6.752563118934631348e-01,9.894458055496215820e-01,1.075087070465087891e+00,-1.223114967346191406e+00,2.724875509738922119e-01,1.915468215942382812e+00,-1.282560467720031738e+00,4.941292703151702881e-01,1.477192401885986328e+00,9.334125518798828125e-01,-9.976302385330200195e-01,7.893003821372985840e-01,4.874378442764282227e-01,3.204240202903747559e-01,1.854604296386241913e-02,-5.937595292925834656e-02,-5.497581958770751953e-01,-1.829517483711242676e+00,-9.980852603912353516e-01,-1.859266281127929688e+00,-3.912790715694427490e-01,-1.433158874511718750e+00,1.257515251636505127e-01,1.179364442825317383e+00,8.538445830345153809e-01,-3.304240703582763672e-01,-1.330439299345016479e-01,9.939723461866378784e-02,4.353356063365936279e-01,-1.654572337865829468e-01,-3.780367374420166016e-01,-2.258029729127883911e-01,1.569247484207153320e+00,7.007320523262023926e-01,1.303982496261596680e+00,-7.529501318931579590e-01,-6.395636796951293945e-01,-9.170389771461486816e-01,2.512654066085815430e+00,2.560935616493225098e-01,-2.291386425495147705e-01,1.027200594544410706e-01,-5.166844129562377930e-01,3.222191035747528076e-01,8.055434226989746094e-01,3.281159400939941406e-01,4.399566054344177246e-01,1.025200009346008301e+00,4.653358757495880127e-01,4.903444051742553711e-01,1.367779850959777832e+00,-1.128047332167625427e-01,4.683595895767211914e-01,-7.720137834548950195e-01,-1.055217981338500977e+00,-5.036947727203369141e-01,-1.033586040139198303e-01,-4.914877191185951233e-02,-5.943855643272399902e-01,-1.218725964426994324e-01,-1.181839033961296082e-01,4.789606481790542603e-02,-1.329262971878051758e+00,6.297758221626281738e-01,-1.307024121284484863e+00,1.479866743087768555e+00,8.686445951461791992e-01,7.470539808273315430e-01,7.552844882011413574e-01,-5.893679857254028320e-01,-1.677391976118087769e-01,1.102270465344190598e-02,-1.285074830055236816e+00,-5.533081293106079102e-01,-1.623477101325988770e+00,1.049214363098144531e+00
-1.005833864212036133e+00,-6.834136247634887695e-01,-1.497767120599746704e-01,2.023078799247741699e-01,-5.052331686019897461e-01,3.266956508159637451e-01,-8.110876083374023438e-01,-1.108688473701477051e+00,2.675570547580718994e-02,-9.324395060539245605e-01,5.689365267753601074e-01,-7.513545155525207520e-01,7.168041467666625977e-01,-1.531422972679138184e+00,-9.674085974693298340e-01,-2.349330663681030273e+00,-1.135969720780849457e-02,-8.259546160697937012e-01,-9.525296092033386230e-01,-1.953067779541015625e+00,-7.988483309745788574e-01,-6.990900039672851562e-01,9.127635955810546875e-01,-9.144194126129150391e-01,6.488606929779052734e-01,1.087451457977294922e+00,1.472226977348327637e+00,2.580712080001831055e+00,-3.494957461953163147e-02,-9.543928503990173340e-02,1.949660032987594604e-01,1.175993204116821289e+00,3.390897214412689209e-01,7.797071933746337891e-01,1.314670681953430176e+00,-4.294667243957519531e-01,2.327215373516082764e-01,1.785944849252700806e-01,-1.080090761184692383e+00,-5.745952129364013672e-01,-1.443652272224426270e+00,9.912947425618767738e-04,7.520562410354614258e-01,-1.319030046463012695e+00,-1.671833395957946777e+00,4.355087280273437500e-01,2.579786300659179688e+00,3.970319330692291260e-01,1.261665672063827515e-01,-2.495700418949127197e-01,-6.284621953964233398e-01,-1.424294430762529373e-02,-1.737364053726196289e+00,3.530381917953491211e-01,1.010602831840515137e+00,-5.784071609377861023e-02,-4.546789452433586121e-02,-7.060161828994750977e-01,2.712115287780761719e+00,1.279979348182678223e+00,1.926499903202056885e-01,6.842202544212341309e-01,-2.430962920188903809e-01,4.247828722000122070e-01,2.308220624923706055e+00,-4.652727842330932617e-01,-9.655172228813171387e-01,5.742254853248596191e-01,4.804495871067047119e-01,3.859777450561523438e-01,1.671336770057678223e+00,1.425676703453063965e+00,2.509720996022224426e-02,8.268138170242309570e-01,1.074711799621582031e+00,-9.753146767616271973e-01,3.260388076305389404e-01,-2.567897140979766846e-01,-9.907132387161254883e-01,-1.670379877090454102e+00,-1.149696469306945801e+00,1.058662056922912598e+00,-4.597035348415374756e-01,7.245585322380065918e-01,6.315715312957763672e-01,-7.689976692199707031e-01,-1.639126658439636230e+00,4.278918802738189697e-01,2.069201916456222534e-01,-1.101456046104431152e+00,-1.284970760345458984e+00,-1.877581477165222168e+00,4.927656054496765137e-01,1.192199230194091797e+00,3.074014902114868164e+00,-1.180741116404533386e-01,-1.138341307640075684e+00,-1.659979104995727539e+00,1.199561715126037598e+00,8.585339188575744629e-01
1.553292155265808105e+00,-7.131739854812622070e-01,4.434490203857421875e-01,3.414220511913299561e-01,1.891261488199234009e-01,-6.432566642761230469e-01,3.382780849933624268e-01,-3.213509619235992432e-01,1.546542346477508545e-02,3.079252243041992188e-01,-7.412989735603332520e-01,1.053986907005310059e+00,1.574790358543395996e+00,2.392341613769531250e+00,-1.740976333618164062e+00,3.299793601036071777e-02,-3.613302409648895264e-01,9.074969291687011719e-01,-1.059161663055419922e+00,-1.036168336868286133e+00,2.114471197128295898e+00,7.332227826118469238e-01,-2.988809347152709961e-01,-1.165609806776046753e-01,6.544466018676757812e-01,4.968850314617156982e-01,-4.218246638774871826e-01,9.641316533088684082e-01,3.555693924427032471e-01,-7.708457112312316895e-01,1.968263030052185059e+00,7.685523629188537598e-01,-1.027580499649047852e+00,-5.024725794792175293e-01,3.506149863824248314e-03,8.185614645481109619e-02,5.347214341163635254e-01,-5.020133778452873230e-02,6.618418097496032715e-01,-9.123846292495727539e-01,-5.359825491905212402e-01,7.815216779708862305e-01,-1.108115673065185547e+00,6.454957723617553711e-01,7.087022662162780762e-01,-1.087293997406959534e-01,-7.605152130126953125e-01,9.144787788391113281e-01,2.557507753372192383e-01,-6.997910141944885254e-02,-1.051771044731140137e+00,-8.442463278770446777e-01,-1.875469446182250977e+00,4.210815727710723877e-01,-2.626145482063293457e-01,-1.825835704803466797e-01,5.112108588218688965e-01,-8.441190719604492188e-01,1.163344502449035645e+00,-8.986857533454895020e-01,3.709763288497924805e-01,-2.706648036837577820e-02,6.306223869323730469e-01,1.373283743858337402e+00,7.199900150299072266e-01,-2.170851528644561768e-01,-6.747152805328369141e-01,1.567797735333442688e-03,-1.133518576622009277e+00,-1.196402907371520996e+00,1.046183109283447266e-01,5.192509889602661133e-01,1.557770371437072754e+00,-4.667072296142578125e-01,-2.280633747577667236e-01,-2.646012008190155029e-01,-6.239169836044311523e-01,-1.909289956092834473e-01,-5.765955448150634766e-01,2.083494514226913452e-01,3.856091201305389404e-01,-1.041196227073669434e+00,-7.421058416366577148e-01,-2.633164525032043457e-01,2.051249980926513672e+00,3.739636242389678955e-01,3.332364261150360107e-01,-6.291689872741699219e-01,-5.402611494064331055e-01,-1.160647869110107422e+00,-1.046684980392456055e+00,-8.852638602256774902e-01,1.231616258621215820e+00,4.315600693225860596e-01,-3.573668897151947021e-01,1.854610323905944824e+00,4.342176616191864014e-01,-1.082682609558105469e+00,9.047185778617858887e-01,1.362372279167175293e+00
1.016660213470458984e+00,6.962772011756896973e-01,-3.920017480850219727e-01,5.248910784721374512e-01,8.294222950935363770e-01,-6.448398828506469727e-01,2.868836224079132080e-01,-2.484045267105102539e+00,2.674777209758758545e-01,1.563767910003662109e+00,-1.353160381317138672e+00,6.347352266311645508e-01,4.414455592632293701e-01,-1.787549972534179688e+00,3.451751545071601868e-02,1.098811864852905273e+00,5.332710742950439453e-01,-7.598395943641662598e-01,-1.734102129936218262e+00,-1.852537319064140320e-02,-1.043845534324645996e+00,-7.324076890945434570e-01,-5.425926446914672852e-01,-7.149671912193298340e-01,-9.073019623756408691e-01,7.053772807121276855e-01,1.611918091773986816e+00,-3.247830867767333984e-01,8.230239152908325195e-01,2.094322204589843750e+00,-1.907355427742004395e+00,-1.614503860473632812e+00,-8.985042572021484375e-01,-2.711163759231567383e-01,1.253039598464965820e+00,-1.141999244689941406e+00,1.304389238357543945e-01,-9.258446097373962402e-01,-2.606034576892852783e-01,1.899533420801162720e-01,-1.140215873718261719e+00,6.652560830116271973e-01,4.043805301189422607e-01,3.999398648738861084e-01,-2.446107625961303711e+00,-3.159237280488014221e-02,5.736534595489501953e-01,-2.144059896469116211e+00,-2.314182743430137634e-02,-9.631571769714355469e-01,-1.043013572692871094e+00,4.836836159229278564e-01,-8.934561014175415039e-01,-2.008623838424682617e+00,1.147588491439819336e+00,7.206786274909973145e-01,-9.952936172485351562e-01,-1.689759641885757446e-02,1.515803337097167969e-01,1.850955247879028320e+00,-6.520579755306243896e-02,-1.549633443355560303e-01,1.424324035644531250e+00,-2.580596804618835449e-01,-7.056623697280883789e-01,7.854586243629455566e-01,2.573626995086669922e+00,-2.220430523157119751e-01,1.333029866218566895e+00,8.915811032056808472e-02,1.005492508411407471e-01,1.774214625358581543e+00,1.063933014869689941e+00,1.175619959831237793e+00,-6.039357185363769531e-01,-5.122500658035278320e-01,5.664414912462234497e-02,-7.280491292476654053e-02,-6.316494941711425781e-01,6.890362501144409180e-01,-1.285372823476791382e-01,-9.734727740287780762e-01,-7.188563942909240723e-01,-7.149591445922851562e-01,1.203261494636535645e+00,1.290980577468872070e+00,-1.357034087181091309e+00,-6.451269388198852539e-01,-3.288466036319732666e-01,1.592862963676452637e+00,9.198434948921203613e-01,1.790428161621093750e-01,-3.789403140544891357e-01,-1.756039857864379883e+00,-1.140059977769851685e-01,-1.885628104209899902e+00,-4.125401675701141357e-01,-2.287633657455444336e+00,2.088629454374313354e-02,-1.027915835380554199e+00
2.778111100196838379e-01,4.524721801280975342e-01,2.409648597240447998e-01,-1.584089279174804688e+00,1.115183353424072266e+00,-7.645762562751770020e-01,-7.053337693214416504e-01,-7.548730969429016113e-01,5.503771826624870300e-03,-6.932626962661743164e-01,1.270318031311035156e+00,5.944474935531616211e-01,7.405981421470642090e-02,-1.060438156127929688e+00,-4.612176120281219482e-02,-8.162767887115478516e-01,-1.665294051170349121e+00,-6.456164121627807617e-01,1.180931210517883301e+00,-1.604509949684143066e-01,8.933055400848388672e-01,4.392257034778594971e-01,7.120559811592102051e-01,8.064187169075012207e-01,-2.244978249073028564e-01,9.075713157653808594e-01,3.023162186145782471e-01,2.041572928428649902e-01,-2.980209328234195709e-02,-3.591296672821044922e-01,6.393253207206726074e-01,-7.328386604785919189e-02,1.065958499908447266e+00,4.205985665321350098e-01,-1.038676381111145020e+00,-8.786687850952148438e-01,-1.943014860153198242e+00,1.536365151405334473e-01,1.085470318794250488e+00,6.649532318115234375e-01,-9.894955903291702271e-02,-5.307425558567047119e-02,2.084441900253295898e+00,-5.943228602409362793e-01,4.094235599040985107e-01,-1.140013262629508972e-01,-5.810442566871643066e-01,8.042259812355041504e-01,-1.069144248962402344e+00,-1.708166122436523438e+00,1.534374594688415527e+00,3.356738090515136719e-01,3.984423577785491943e-01,-1.400407850742340088e-01,2.108690261840820312e+00,9.508098959922790527e-01,-6.187480092048645020e-01,-3.072178602218627930e+00,-8.086944818496704102e-01,3.821172416210174561e-01,4.865464270114898682e-01,1.399548172950744629e+00,1.504113823175430298e-01,5.465335249900817871e-01,5.725656747817993164e-01,-3.273193538188934326e-01,-8.518510311841964722e-02,6.512390375137329102e-01,-3.604540824890136719e-01,-6.250042915344238281e-01,-2.542007863521575928e-01,1.265155076980590820e+00,2.373098731040954590e-01,8.544992208480834961e-01,1.891539692878723145e-01,-2.123984694480895996e-02,1.720870971679687500e+00,3.106843493878841400e-02,1.090231537818908691e-01,1.363337486982345581e-01,-1.324944138526916504e+00,-2.200235426425933838e-01,-5.810479521751403809e-01,-1.620311379432678223e+00,7.263404130935668945e-02,-5.494129061698913574e-01,2.280497252941131592e-01,-6.996306777000427246e-01,-4.240558147430419922e-01,-8.442989587783813477e-01,9.475425481796264648e-01,-1.153306126594543457e+00,1.881284117698669434e-01,-7.682176828384399414e-01,-6.037039756774902344e-01,-2.077970266342163086e+00,8.264416456222534180e-02,1.405655264854431152e+00,-8.814640343189239502e-02,4.262725710868835449e-01
-6.027907878160476685e-02,-5.665003657341003418e-01,2.251329421997070312e-01,7.388157844543457031e-01,-4.788858890533447266e-01,7.914927005767822266e-01,-4.429301917552947998e-01,-9.323433637619018555e-01,1.193285346031188965e+00,-1.078802943229675293e-01,9.402654170989990234e-01,-9.378121495246887207e-01,-2.393695592880249023e+00,-4.364742636680603027e-01,-2.180670797824859619e-01,1.090351223945617676e+00,4.965435862541198730e-01,-1.308580279350280762e+00,-5.687805414199829102e-01,6.176281347870826721e-02,-1.780712485313415527e+00,1.143203750252723694e-01,-4.006315767765045166e-01,-1.089305281639099121e+00,-3.805347979068756104e-01,-1.281071305274963379e-01,3.253993093967437744e-01,-1.331668853759765625e+00,2.777007520198822021e-01,-5.016986727714538574e-01,4.639106094837188721e-01,-1.977109789848327637e+00,5.254973173141479492e-01,4.109793007373809814e-01,-6.261274814605712891e-01,7.651955634355545044e-02,2.105247378349304199e-01,-1.081557750701904297e+00,8.473618626594543457e-01,-1.443352937698364258e+00,5.538053512573242188e-01,9.416411519050598145e-01,9.468454867601394653e-02,-3.039010763168334961e-01,-8.528947234153747559e-01,-2.040863633155822754e-01,8.532900214195251465e-01,-5.923131704330444336e-01,8.836075067520141602e-01,-1.049573868513107300e-01,-2.054571628570556641e+00,3.620158135890960693e-02,1.125666379928588867e+00,1.855798244476318359e+00,-2.532028913497924805e+00,1.539980530738830566e+00,2.946413457393646240e-01,-5.606739521026611328e-01,1.964479088783264160e-01,5.234967470169067383e-01,-1.913126826286315918e+00,3.626139163970947266e-01,6.904004812240600586e-01,-1.926110148429870605e+00,1.000879645347595215e+00,-9.775174260139465332e-01,-5.120043754577636719e-01,2.082368850708007812e+00,-8.870918750762939453e-01,-6.257543563842773438e-01,9.509122371673583984e-01,-2.414644658565521240e-01,-3.849478363990783691e-01,-4.872225522994995117e-01,1.252408623695373535e+00,1.219734922051429749e-01,-1.073325514793395996e+00,1.484687447547912598e+00,7.705770134925842285e-01,7.894891500473022461e-01,2.879255414009094238e-01,1.039266228675842285e+00,9.189488887786865234e-01,3.770624399185180664e-01,-1.092557191848754883e+00,-1.119076088070869446e-01,-1.393157362937927246e+00,-1.585406780242919922e+00,-1.603051066398620605e+00,1.179872006177902222e-01,-6.084166169166564941e-01,-3.146685361862182617e-01,-1.243680596351623535e+00,-3.064926862716674805e-01,-5.685548782348632812e-01,-5.884474515914916992e-01,-3.363390266895294189e-01,6.966086626052856445e-01,-4.928101003170013428e-01,-2.411001443862915039e+00
1.319593548774719238e+00,-2.088334083557128906e+00,-2.345295250415802002e-01,1.375766038894653320e+00,1.011402130126953125e+00,-4.334011971950531006e-01,-3.161525964736938477e+00,-4.008138179779052734e-02,1.076581239700317383e+00,-9.889661669731140137e-01,1.015105962753295898e+00,1.092964291572570801e+00,-8.473906517028808594e-01,5.966999381780624390e-02,1.030028223991394043e+00,1.474302291870117188e+00,8.677557110786437988e-01,-1.529317855834960938e+00,1.122434660792350769e-01,-7.072956562042236328e-01,1.840534508228302002e-01,1.546380281448364258e+00,2.928466200828552246e-01,-8.966532349586486816e-01,-2.397422313690185547e+00,4.410978555679321289e-01,2.471031099557876587e-01,6.315284371376037598e-01,-1.695293746888637543e-02,-1.546490490436553955e-01,-6.577470302581787109e-01,-1.510009884834289551e+00,1.012785315513610840e+00,-1.431295275688171387e-01,6.284274458885192871e-01,-7.078610658645629883e-01,-4.875228703022003174e-01,9.999158382415771484e-01,3.212623298168182373e-01,4.589082300662994385e-01,1.525763630867004395e+00,-1.320170044898986816e+00,-2.154448270797729492e+00,1.860134124755859375e+00,1.112782597541809082e+00,-4.546408653259277344e-01,-1.733813434839248657e-01,6.593361496925354004e-01,-3.078363537788391113e-01,-2.816486544907093048e-02,5.375543832778930664e-01,-9.354116916656494141e-01,-5.863564014434814453e-01,6.153519451618194580e-02,1.522877931594848633e+00,-1.087339401245117188e+00,1.021650075912475586e+00,-7.339661717414855957e-01,1.474875509738922119e-01,-1.481492996215820312e+00,-1.556191921234130859e+00,-4.347929954528808594e-01,3.506559133529663086e-01,6.225622296333312988e-01,8.480129390954971313e-02,-6.043896675109863281e-01,-3.980574607849121094e-01,-8.405479192733764648e-01,-1.947625726461410522e-01,1.225383281707763672e+00,-5.240002274513244629e-01,6.782836318016052246e-01,-1.246685624122619629e+00,1.473234653472900391e+00,-4.898095130920410156e-01,-8.679410219192504883e-01,2.265827894210815430e+00,-6.584543585777282715e-01,-1.285487174987792969e+00,4.683711826801300049e-01,3.049597442150115967e-01,-4.449991285800933838e-01,-2.390410900115966797e-01,-9.906872510910034180e-01,1.330972194671630859e+00,-7.800921797752380371e-02,-1.062656998634338379e+00,1.390206694602966309e+00,1.192705154418945312e+00,6.695190072059631348e-02,2.460279226303100586e+00,-1.135590314865112305e+00,-1.676950693130493164e+00,7.881398797035217285e-01,2.217296659946441650e-01,-4.481500983238220215e-01,8.661422133445739746e-01,2.152069061994552612e-01,-5.124837160110473633e-01,1.751823663711547852e+00
-1.063765048980712891e+00,-1.205715656280517578e+00,-1.469422578811645508e+00,-2.827466726303100586e-01,-7.549329102039337158e-02,-2.165389537811279297e+00,1.077650904655456543e+00,2.687066316604614258e+00,9.716994762420654297e-01,9.600963592529296875e-01,6.987923979759216309e-01,4.524110257625579834e-01,-2.642557621002197266e-01,1.963101863861083984e+00,1.252045273780822754e+00,1.586863279342651367e+00,-4.729424417018890381e-01,-2.070737183094024658e-01,-9.450457692146301270e-01,7.539146542549133301e-01,6.431809067726135254e-01,-2.109530940651893616e-02,1.065397858619689941e+00,-9.490570425987243652e-01,1.315552353858947754e+00,1.444632649421691895e+00,-1.354973018169403076e-01,-1.347374677658081055e+00,8.954700827598571777e-01,-6.329687237739562988e-01,-1.713105589151382446e-01,2.110044658184051514e-01,-1.018662571907043457e+00,-1.189260959625244141e+00,-1.192986130714416504e+00,4.710567891597747803e-01,2.913831472396850586e+00,1.071830630302429199e+00,5.393938422203063965e-01,-4.685750007629394531e-01,-6.107252836227416992e-01,-8.311200141906738281e-01,-5.671492218971252441e-01,1.005600839853286743e-01,2.041987180709838867e+00,5.148230791091918945e-01,1.624051034450531006e-01,5.059863924980163574e-01,9.096641540527343750e-01,1.150570064783096313e-01,6.271710395812988281e-01,-4.667669162154197693e-02,1.138736724853515625e+00,1.425930142402648926e+00,-9.195686578750610352e-01,-1.416064381599426270e+00,-1.889375805854797363e+00,2.782784402370452881e-01,2.029836773872375488e-01,2.141982913017272949e-01,-1.689820736646652222e-01,9.980040788650512695e-01,-9.962030649185180664e-01,5.002412796020507812e-01,9.061179757118225098e-01,3.273749649524688721e-01,-5.333614349365234375e-01,1.104101419448852539e+00,3.878908455371856689e-01,1.038579463958740234e+00,-4.212535917758941650e-01,-1.175364613533020020e+00,1.281217217445373535e+00,-1.042194247245788574e+00,-1.267074584960937500e+00,1.958891153335571289e-01,-1.832678675651550293e+00,-1.830451339483261108e-01,5.420973896980285645e-01,3.424283862113952637e-01,-1.950894892215728760e-01,-1.112408161163330078e+00,9.437069892883300781e-01,6.613479852676391602e-01,-1.192590594291687012e+00,-1.309674084186553955e-01,1.327502846717834473e+00,-2.939976453781127930e-01,-8.548488020896911621e-01,-8.476084470748901367e-01,5.235983058810234070e-03,1.764047145843505859e-01,5.411206483840942383e-01,-7.469617128372192383e-01,2.475598096847534180e+00,-7.444591522216796875e-01,-4.640826582908630371e-01,2.747055292129516602e-01,-3.596559762954711914e-01,-8.683601021766662598e-01
1.810814857482910156e+00,-4.013202339410781860e-02,-7.908794283866882324e-01,1.706819981336593628e-01,5.650784373283386230e-01,-1.459687799215316772e-01,-6.356694698333740234e-01,-1.942079216241836548e-01,1.685290485620498657e-01,-6.402133703231811523e-01,1.734817504882812500e+00,-1.889604777097702026e-01,5.745486021041870117e-01,-6.574140787124633789e-01,-9.097870588302612305e-01,6.862216591835021973e-01,-6.713780164718627930e-01,-9.760044217109680176e-01,-1.296923875808715820e+00,-1.473201811313629150e-01,2.930344045162200928e-01,-3.841812908649444580e-01,2.204332828521728516e+00,-9.832556843757629395e-01,1.791566163301467896e-01,-1.005897521972656250e+00,-8.034744858741760254e-01,-6.497886180877685547e-01,1.178089678287506104e-01,4.793149828910827637e-01,-6.125445961952209473e-01,1.163113564252853394e-01,1.411170125007629395e+00,1.601111888885498047e-01,-7.700001448392868042e-02,1.648573994636535645e+00,-4.290404617786407471e-01,-2.450597882270812988e-01,-7.899187207221984863e-01,-8.451269865036010742e-01,-6.412044763565063477e-01,1.426789760589599609e+00,1.630376279354095459e-01,-8.130864500999450684e-01,4.599809050559997559e-01,-2.893107831478118896e-01,8.767092227935791016e-01,3.851116895675659180e-01,-7.738017439842224121e-01,6.683373451232910156e-01,6.341987848281860352e-01,-1.083648085594177246e+00,-7.114768028259277344e-01,2.777481377124786377e-01,5.046176165342330933e-02,-5.153587460517883301e-01,4.488806426525115967e-01,-7.027531266212463379e-01,-1.468190550804138184e+00,-2.295139580965042114e-01,1.802146315574645996e+00,4.311914145946502686e-01,1.217248067259788513e-01,-9.496604204177856445e-01,2.283640146255493164e+00,-7.398267388343811035e-01,1.810863256454467773e+00,-2.587721943855285645e-01,-1.502657085657119751e-01,7.187512237578630447e-04,1.011683225631713867e+00,1.087177038192749023e+00,-8.831267356872558594e-01,6.593026220798492432e-02,7.355344295501708984e-01,-1.593011140823364258e+00,-6.012379527091979980e-01,5.177487134933471680e-01,6.877530813217163086e-01,-1.944301605224609375e+00,1.281158566474914551e+00,-4.224778115749359131e-01,-3.541620671749114990e-01,7.131052762269973755e-02,4.465745091438293457e-01,-6.692760437726974487e-02,-3.498020172119140625e-01,-1.097001671791076660e+00,-5.443420410156250000e-01,-2.874030470848083496e-01,1.125076770782470703e+00,-8.329151272773742676e-01,2.343560308218002319e-01,8.243976831436157227e-01,-5.583471655845642090e-01,-1.398089766502380371e+00,-5.082708597183227539e-02,6.714812517166137695e-01,1.071452021598815918e+00,1.199592575430870056e-01
2.893562018871307373e-01,1.042994022369384766e+00,1.447721570730209351e-01,5.913628935813903809e-01,1.373461723327636719e+00,4.145038127899169922e-01,2.364223450422286987e-01,1.255244374275207520e+00,-5.378686189651489258e-01,4.456602334976196289e-01,-5.832741856575012207e-01,5.658205151557922363e-01,9.204377233982086182e-02,-7.921801805496215820e-01,4.135183244943618774e-02,6.265374422073364258e-01,-5.634077191352844238e-01,-2.083256095647811890e-02,-1.406558752059936523e+00,2.203966304659843445e-02,6.359004974365234375e-02,-8.274407684803009033e-02,-1.091079235076904297e+00,4.413835406303405762e-01,-1.672447204589843750e+00,6.563622951507568359e-01,1.296426296234130859e+00,-1.751986294984817505e-01,-6.727218627929687500e-01,-2.912637293338775635e-01,-1.114782392978668213e-01,-1.460449695587158203e-01,1.622502326965332031e+00,-7.119966745376586914e-01,-4.491939246654510498e-01,8.653916716575622559e-01,-1.437993794679641724e-01,-1.486322134733200073e-01,4.744823575019836426e-01,-1.249529838562011719e+00,3.923435509204864502e-01,-3.254535496234893799e-01,-3.596726357936859131e-01,2.897851467132568359e-01,-6.317228078842163086e-01,-5.522516965866088867e-01,-2.183136492967605591e-01,-2.268883705139160156e+00,-4.061399400234222412e-01,8.670265078544616699e-01,-6.081084012985229492e-01,8.449633121490478516e-01,-1.163327693939208984e+00,-2.673847913742065430e+00,-1.636207699775695801e+00,-1.482068538665771484e+00,7.109556198120117188e-01,-5.240889787673950195e-01,8.670609593391418457e-01,2.690653562545776367e+00,6.179986000061035156e-01,3.744753003120422363e-01,-6.989912390708923340e-01,6.441635489463806152e-01,-2.263748884201049805e+00,6.047558784484863281e-01,-7.427247166633605957e-01,-4.064516127109527588e-01,-4.170239344239234924e-02,2.684207856655120850e-01,-3.879050910472869873e-01,5.273272395133972168e-01,3.170829415321350098e-01,1.358743160963058472e-01,1.047479033470153809e+00,-1.276493430137634277e+00,-5.899121761322021484e-01,-3.143496215343475342e-01,9.568077325820922852e-01,6.234911084175109863e-01,1.109440207481384277e+00,-4.304030835628509521e-01,-1.657955408096313477e+00,1.101257652044296265e-01,-1.208493709564208984e+00,1.246038079261779785e-01,-2.973427176475524902e-01,-1.189140319824218750e+00,-1.506390869617462158e-01,-8.822355270385742188e-01,-3.006954491138458252e-01,3.886396884918212891e-01,5.648162961006164551e-01,3.458579480648040771e-01,1.595990180969238281e+00,-1.764971971511840820e+00,1.330682039260864258e+00,1.435746699571609497e-01,-1.143960952758789062e+00,-2.443986982107162476e-01
-4.324618726968765259e-02,5.658155679702758789e-01,-2.299813926219940186e-01,-6.281238794326782227e-01,3.827421963214874268e-01,1.501036763191223145e+00,6.242763400077819824e-01,1.021918058395385742e+00,-1.066970586776733398e+00,-4.784021675586700439e-01,1.011905521154403687e-01,-6.703974604606628418e-01,-2.196589857339859009e-01,-1.943985372781753540e-01,1.309103667736053467e-01,7.026707530021667480e-01,6.779325008392333984e-01,8.981769084930419922e-01,2.376110315322875977e+00,1.351504564285278320e+00,-8.033968806266784668e-01,-8.006059378385543823e-02,1.901856184005737305e+00,2.755409181118011475e-01,6.483267545700073242e-01,7.426159083843231201e-02,-3.496154785156250000e+00,-2.398837655782699585e-01,-2.604777812957763672e-01,3.559890389442443848e-01,1.995670795440673828e+00,5.983239412307739258e-01,-4.282920360565185547e-01,1.482851862907409668e+00,-1.261968731880187988e+00,-8.493240177631378174e-02,-1.281675577163696289e+00,4.592438340187072754e-01,-9.375483989715576172e-01,1.104364991188049316e+00,2.087937116622924805e+00,-2.290499955415725708e-01,1.996737122535705566e-01,1.411434888839721680e+00,-1.129544377326965332e+00,-3.035606145858764648e-01,1.287319302558898926e+00,6.290222406387329102e-01,3.253782391548156738e-01,3.752519786357879639e-01,7.356820702552795410e-01,9.723852276802062988e-01,-1.702281713485717773e+00,-1.091683283448219299e-02,-2.210777521133422852e+00,8.161190152168273926e-01,2.946648299694061279e-01,6.692842394113540649e-02,-4.657372534275054932e-01,-3.383760750293731689e-01,1.464241862297058105e+00,1.679150462150573730e+00,1.067858934402465820e+00,-2.975437964778393507e-04,-4.125004112720489502e-01,1.634693741798400879e-01,5.490354299545288086e-01,4.831592142581939697e-01,1.510581523180007935e-01,-1.906387135386466980e-02,-2.722861766815185547e-01,2.206809520721435547e-01,8.425223231315612793e-01,-6.964139938354492188e-01,3.951983749866485596e-01,1.721326112747192383e-01,-2.653006911277770996e-01,-5.821414589881896973e-01,1.809325814247131348e-01,5.186198353767395020e-01,-1.507719874382019043e+00,-2.588245868682861328e-01,1.268336653709411621e+00,2.126304954290390015e-01,-8.298931121826171875e-01,5.230244398117065430e-01,8.814174532890319824e-01,-6.438114047050476074e-01,1.068208336830139160e+00,-4.770017415285110474e-02,3.620175272226333618e-02,-7.239348888397216797e-01,-3.770417273044586182e-01,-8.999769091606140137e-01,-1.207234382629394531e+00,4.039760529994964600e-01,1.104129791259765625e+00,8.078733682632446289e-01,-5.827136039733886719e-01,-6.025223135948181152e-01
4.045308530330657959e-01,-1.041854381561279297e+00,-1.486988306045532227e+00,-3.586243987083435059e-01,1.094344258308410645e+00,1.612547636032104492e+00,5.770006179809570312e-01,-1.662622094154357910e+00,5.905805230140686035e-01,2.192923575639724731e-01,9.398211240768432617e-01,1.401325464248657227e+00,5.792757868766784668e-01,1.194402500987052917e-01,3.754882514476776123e-01,4.695627689361572266e-01,-2.238438606262207031e+00,1.716356873512268066e+00,-1.461004734039306641e+00,5.879050493240356445e-01,-9.458553194999694824e-01,-2.808103561401367188e-01,1.805319309234619141e+00,1.735494732856750488e-01,-1.672996282577514648e+00,-6.430596709251403809e-01,-1.021594524383544922e+00,6.941050887107849121e-01,9.739544987678527832e-01,-9.600103497505187988e-01,-6.273828744888305664e-01,4.708678722381591797e-01,-7.860422134399414062e-01,5.941150784492492676e-01,9.647494554519653320e-01,1.613322734832763672e+00,-1.627771139144897461e+00,-8.462833762168884277e-01,-6.605631709098815918e-01,-5.862373113632202148e-01,-6.695927381515502930e-01,1.265225529670715332e+00,3.150432705879211426e-01,9.214089512825012207e-01,-4.522845149040222168e-02,9.652029275894165039e-01,6.846710443496704102e-01,-6.589801907539367676e-01,8.072645217180252075e-02,1.265071630477905273e+00,5.760065466165542603e-02,-1.623905152082443237e-01,-3.706271648406982422e-01,1.286314368247985840e+00,1.196915268898010254e+00,4.505480229854583740e-01,2.057401835918426514e-02,4.413339868187904358e-02,-2.207274198532104492e+00,-3.371619701385498047e+00,-6.398099064826965332e-01,1.659979461692273617e-03,1.242750734090805054e-01,-9.441977739334106445e-02,-5.995225310325622559e-01,9.794436097145080566e-01,-1.413904428482055664e+00,1.123785614967346191e+00,-6.995788775384426117e-03,-2.085342705249786377e-01,2.923528850078582764e-01,1.295274496078491211e+00,-1.773275732994079590e+00,1.034615516662597656e+00,1.159151941537857056e-01,9.308103322982788086e-01,-1.028050065040588379e+00,2.002232894301414490e-02,-1.211307287216186523e+00,8.531185984611511230e-02,-1.439682722091674805e+00,-9.667125344276428223e-01,1.583752334117889404e-01,-2.597060799598693848e-01,1.449743062257766724e-01,-1.456526041030883789e+00,9.220604598522186279e-02,6.559321880340576172e-01,2.554578483104705811e-01,-1.589824199676513672e+00,-5.873449146747589111e-02,8.480731844902038574e-01,2.685706913471221924e-01,-1.041705846786499023e+00,3.227621614933013916e-01,3.135651350021362305e-01,1.238848328590393066e+00,1.576596379280090332e+00,-1.515451431274414062e+00,4.916908740997314453e-01
-5.337935090065002441e-01,-9.864354133605957031e-01,-2.016364336013793945e+00,9.631322324275970459e-02,-3.293670713901519775e-01,-8.317193984985351562e-01,2.215524435043334961e+00,3.652061223983764648e-01,-4.546762108802795410e-01,1.917104959487915039e+00,-1.197011172771453857e-01,-1.358885765075683594e+00,-1.407488822937011719e+00,-2.231140375137329102e+00,-9.950182586908340454e-02,-4.759304821491241455e-01,1.269913464784622192e-01,-8.583289384841918945e-01,8.010171651840209961e-01,-7.322839498519897461e-01,-4.228810071945190430e-01,7.487640976905822754e-01,1.449167728424072266e+00,8.893413543701171875e-01,-7.275747060775756836e-01,-1.631210803985595703e+00,-1.173857092857360840e+00,-8.288702964782714844e-01,2.961941659450531006e-01,-1.451979637145996094e+00,-1.595310866832733154e-01,2.673527598381042480e-01,-8.196275234222412109e-01,1.075493216514587402e+00,-5.792456865310668945e-01,5.131697058677673340e-01,2.233035117387771606e-02,-5.008023977279663086e-01,-7.009626924991607666e-02,-4.644347429275512695e-01,2.573889195919036865e-01,1.427429199218750000e+00,-4.401383101940155029e-01,-2.882491946220397949e-01,2.407709136605262756e-02,9.116007089614868164e-01,7.578635811805725098e-01,3.074949383735656738e-01,-1.502485990524291992e+00,1.348339557647705078e+00,-2.144494354724884033e-01,-1.130715459585189819e-01,-1.481114149093627930e+00,-1.027790307998657227e+00,8.031828999519348145e-01,-8.126801848411560059e-01,2.541370987892150879e-01,-3.259671926498413086e-01,-6.008320450782775879e-01,-8.475006371736526489e-02,1.105346679687500000e+00,6.792613267898559570e-01,5.732484459877014160e-01,-5.237607955932617188e-01,1.206432700157165527e+00,-1.726835370063781738e+00,2.430623918771743774e-01,3.510871231555938721e-01,-2.445339411497116089e-01,8.540447354316711426e-01,8.955173939466476440e-02,-2.718644142150878906e-01,1.521754980087280273e+00,-3.384337201714515686e-02,-2.556990146636962891e+00,-4.446445107460021973e-01,-2.767176628112792969e-01,-4.180561006069183350e-01,-9.502677619457244873e-02,-5.850401520729064941e-01,-1.742706537246704102e+00,1.552757501602172852e+00,-4.288186728954315186e-01,9.756115674972534180e-01,-1.062708258628845215e+00,-2.820899486541748047e-01,1.428887248039245605e+00,-1.083586454391479492e+00,4.926587343215942383e-01,-1.049581646919250488e+00,-1.057830214500427246e+00,-1.181410908699035645e+00,-2.018827915191650391e+00,-2.036261796951293945e+00,1.107969999313354492e+00,4.656602740287780762e-01,-1.565043687820434570e+00,1.230551600456237793e+00,6.614944338798522949e-01,-1.656166434288024902e+00
7.665036916732788086e-01,-6.491073369979858398e-01,1.053556442260742188e+00,-1.245537996292114258e+00,-2.810829877853393555e-01,-5.429947376251220703e-01,9.065147638320922852e-01,7.547917366027832031e-01,-1.340764999389648438e+00,-5.473625659942626953e-02,-5.058825612068176270e-01,1.317489385604858398e+00,-2.402110695838928223e-01,-1.793308973312377930e+00,5.732799768447875977e-01,1.332218766212463379e+00,-3.388474225997924805e+00,1.618838757276535034e-01,-2.034372687339782715e-01,-2.225737094879150391e+00,2.132886886596679688e+00,5.031768679618835449e-01,9.589027613401412964e-02,-2.822674214839935303e-01,-7.965779304504394531e-01,-1.904972642660140991e-01,4.281899631023406982e-01,9.766463041305541992e-01,-6.582647562026977539e-02,-4.097030684351921082e-02,-1.137282729148864746e+00,-7.833673357963562012e-01,-5.542693734169006348e-01,1.050742864608764648e+00,-9.049423336982727051e-01,1.139224648475646973e+00,-1.093263387680053711e+00,-2.149926424026489258e+00,2.606404721736907959e-01,2.421237230300903320e-01,9.135610461235046387e-01,-3.648724257946014404e-01,5.663187503814697266e-01,2.251004219055175781e+00,9.986687898635864258e-01,1.010968327522277832e+00,1.229801058769226074e+00,-4.932450652122497559e-01,3.533792793750762939e-01,-8.981398344039916992e-01,4.645061492919921875e-01,-1.413267105817794800e-01,-6.477738022804260254e-01,-2.057617902755737305e+00,-4.116980731487274170e-01,-1.364441871643066406e+00,1.214792847633361816e+00,2.182717800140380859e+00,4.328238964080810547e-01,4.508995413780212402e-01,3.788838684558868408e-01,1.352746486663818359e-01,4.444909989833831787e-01,4.113235771656036377e-01,-1.318303346633911133e+00,1.006610095500946045e-01,-3.015211224555969238e-01,5.352953672409057617e-01,-2.053409963846206665e-01,1.487752318382263184e+00,1.977314710617065430e+00,1.383740305900573730e+00,-6.442819535732269287e-02,-1.010088920593261719e+00,-7.943014502525329590e-01,-1.185758590698242188e+00,-1.216595888137817383e+00,2.531015686690807343e-02,6.327964067459106445e-01,5.982322692871093750e-01,-3.290604799985885620e-02,1.115484714508056641e+00,-4.926818609237670898e-01,-1.504086971282958984e+00,-1.132870197296142578e+00,-3.474010229110717773e-01,6.103295087814331055e-01,1.640972793102264404e-01,2.273738235235214233e-01,5.620149374008178711e-01,1.493663311004638672e+00,1.315857172012329102e-01,-7.904402911663055420e-02,-3.111009299755096436e-01,3.191964924335479736e-01,-2.399036586284637451e-01,-1.042693853378295898e+00,-1.469118744134902954e-01,2.262435674667358398e+00,6.567352414131164551e-01
-4.290145933628082275e-01,4.697741866111755371e-01,1.904519051313400269e-01,1.379665136337280273e+00,-1.709277480840682983e-01,-5.015587434172630310e-02,-1.362573027610778809e+00,2.080500721931457520e-01,2.400934249162673950e-01,-1.359284639358520508e+00,-8.658758401870727539e-01,-1.754497438669204712e-01,-1.242911696434020996e+00,6.281284093856811523e-01,2.220109701156616211e+00,4.269870817661285400e-01,-2.442352473735809326e-01,8.387620002031326294e-02,-8.323428779840469360e-02,1.749120354652404785e+00,-1.295855402946472168e+00,-8.681344985961914062e-01,-1.348675489425659180e-01,1.191326379776000977e+00,-1.089410901069641113e+00,-4.888232350349426270e-01,1.484337449073791504e+00,-4.193723499774932861e-01,-1.097279310226440430e+00,1.190302819013595581e-01,-3.646847009658813477e-01,3.897860348224639893e-01,4.303942993283271790e-02,2.197237461805343628e-01,-8.187724947929382324e-01,2.069600820541381836e+00,-8.780570626258850098e-01,8.833373188972473145e-01,-8.105090260505676270e-01,7.161161899566650391e-01,-7.223544120788574219e-01,7.941049337387084961e-01,-1.648888826370239258e+00,-3.076824843883514404e-01,-1.217409849166870117e+00,1.414421439170837402e+00,-2.396951168775558472e-01,3.991812169551849365e-01,4.645069316029548645e-02,-1.026304066181182861e-01,1.076543256640434265e-01,-9.396887421607971191e-01,-2.144090175628662109e+00,5.678820982575416565e-02,2.817313373088836670e-01,-7.420248985290527344e-01,4.005967974662780762e-01,5.604049563407897949e-01,-1.162406802177429199e+00,-9.311738610267639160e-01,4.083854258060455322e-01,-4.024837017059326172e-01,7.647781968116760254e-01,3.403787314891815186e-01,-2.471652030944824219e-01,1.140738368034362793e+00,-1.332831144332885742e+00,3.748739957809448242e-01,-1.503345251083374023e+00,1.023510932922363281e+00,-5.147015452384948730e-01,1.140014410018920898e+00,2.341193854808807373e-01,2.574346065521240234e-01,-4.877552390098571777e-01,-6.628959774971008301e-01,7.914170622825622559e-01,-8.905695676803588867e-01,9.562981128692626953e-01,1.714069843292236328e-01,-2.199466377496719360e-01,8.874933235347270966e-03,1.169489547610282898e-01,-1.893706202507019043e+00,-9.361773729324340820e-01,-2.551043033599853516e-01,-1.431396126747131348e+00,1.227854967117309570e+00,-1.632725119590759277e+00,-3.726557195186614990e-01,1.775423526763916016e+00,3.259178698062896729e-01,-1.386450171470642090e+00,-9.697989821434020996e-01,3.484969437122344971e-01,-8.976724743843078613e-01,1.287600547075271606e-01,-2.876720130443572998e-01,-1.091033816337585449e-01,1.244981527328491211e+00
5.351224541664123535e-01,2.280344963073730469e-01,-3.548465371131896973e-01,2.524185180664062500e-01,1.831035375595092773e+00,-1.674568295478820801e+00,8.485994935035705566e-01,1.794659495353698730e-01,1.460601210594177246e+00,2.541055679321289062e-01,-1.078521132469177246e+00,-8.940305709838867188e-01,1.744269728660583496e+00,-1.322351455688476562e+00,-2.946751713752746582e-01,-3.613362312316894531e-01,-7.303513288497924805e-01,-1.030442595481872559e+00,-5.352348089218139648e-01,3.787972927093505859e-01,6.122349202632904053e-02,2.885578013956546783e-02,1.562652140855789185e-01,5.261542201042175293e-01,-9.333307743072509766e-01,7.059446573257446289e-01,5.491980314254760742e-01,-1.394080400466918945e+00,1.157833337783813477e+00,-3.590897619724273682e-01,-1.594931721687316895e+00,3.939570784568786621e-01,1.004850625991821289e+00,-1.142049789428710938e+00,-1.166145682334899902e+00,-1.296045541763305664e+00,-6.541177034378051758e-01,-2.168990075588226318e-01,-1.166202053427696228e-01,-1.314907431602478027e+00,6.938269138336181641e-01,6.004315018653869629e-01,4.624994471669197083e-02,6.969690918922424316e-01,1.031930446624755859e+00,-1.716556787490844727e+00,1.667748451232910156e+00,3.749082684516906738e-01,9.652389883995056152e-01,-1.189949750900268555e+00,-1.188044548034667969e+00,-4.435291290283203125e-01,4.493360817432403564e-01,7.142484933137893677e-02,6.163918972015380859e-01,-7.708197832107543945e-01,-5.748229026794433594e-01,9.198679924011230469e-01,6.467203497886657715e-01,-6.527491211891174316e-01,1.639352560043334961e+00,-1.604230523109436035e+00,6.893370747566223145e-01,-3.760870397090911865e-01,-1.746213793754577637e+00,1.273966073989868164e+00,-1.974211812019348145e+00,4.136399328708648682e-01,2.027309983968734741e-01,2.294430732727050781e+00,2.570101916790008545e-01,8.327603936195373535e-01,-1.093049049377441406e+00,9.221341013908386230e-01,1.764643311500549316e+00,1.425349861383438110e-01,-1.098147869110107422e+00,1.178547859191894531e+00,-6.337348818778991699e-01,1.713587939739227295e-01,1.398475527763366699e+00,7.061207890510559082e-01,-3.622943535447120667e-03,1.151425957679748535e+00,-8.430371284484863281e-01,-5.887044668197631836e-01,3.987450003623962402e-01,1.525930613279342651e-01,-1.888255178928375244e-01,7.533550262451171875e-01,1.606698393821716309e+00,1.349996805191040039e+00,1.689949035644531250e+00,-4.457806944847106934e-01,-2.598420679569244385e-01,-1.325270175933837891e+00,1.519300639629364014e-01,1.219938635826110840e+00,-4.130398631095886230e-01,-1.105868101119995117e+00
-1.862264513969421387e+00,-1.069299727678298950e-01,-8.247146606445312500e-01,8.861699104309082031e-01,7.212042808532714844e-01,-1.662543177604675293e+00,8.781675100326538086e-01,-6.334918141365051270e-01,-1.908255815505981445e-01,5.568222403526306152e-01,1.297327756881713867e+00,-2.247914075851440430e-01,2.855444252490997314e-01,-1.329091191291809082e+00,-1.993503808975219727e+00,1.215188875794410706e-01,2.520716190338134766e-01,5.701820254325866699e-01,1.569503307342529297e+00,-5.993682146072387695e-01,-1.435924410820007324e+00,-5.844465494155883789e-01,-1.533520817756652832e+00,9.153079986572265625e-01,1.274119596928358078e-02,5.734456181526184082e-01,2.339202910661697388e-01,1.566396653652191162e-02,1.138965845108032227e+00,8.826991170644760132e-02,2.503191947937011719e+00,-1.646943092346191406e-01,2.380012035369873047e+00,2.237333059310913086e+00,-1.995364785194396973e+00,-3.949279785156250000e-01,1.190145134925842285e+00,-2.842508256435394287e-01,4.115264117717742920e-01,3.285711407661437988e-01,2.218901634216308594e+00,3.681447207927703857e-01,1.525158405303955078e+00,-1.393449783325195312e+00,-2.227449655532836914e+00,-9.239072799682617188e-01,-3.297591209411621094e-01,5.341701507568359375e-01,-7.932149171829223633e-01,-8.427328467369079590e-01,-1.187544763088226318e-01,-3.649199306964874268e-01,-1.035559892654418945e+00,1.343559741973876953e+00,-1.144973397254943848e+00,8.130205869674682617e-01,-4.186680316925048828e-01,-1.095288276672363281e+00,1.619886279106140137e+00,7.778362184762954712e-02,1.078285932540893555e+00,-4.035996496677398682e-01,-1.104652643203735352e+00,-8.648746013641357422e-01,-2.455294877290725708e-01,1.569479554891586304e-01,-1.225796222686767578e+00,-1.037749409675598145e+00,1.862838268280029297e+00,-8.698874115943908691e-01,5.123840570449829102e-01,1.839441359043121338e-01,1.228030562400817871e+00,-1.085631966590881348e+00,2.008128613233566284e-01,1.442896127700805664e+00,-1.212336897850036621e+00,-1.936015009880065918e+00,-3.072630986571311951e-02,1.289887905120849609e+00,-1.137237310409545898e+00,-1.111187264323234558e-01,4.769936800003051758e-01,1.317522048950195312e+00,1.106422185897827148e+00,-7.945858836174011230e-01,-1.064844489097595215e+00,4.230116009712219238e-01,7.343717217445373535e-01,6.347850561141967773e-01,-2.965578556060791016e+00,1.664313524961471558e-01,5.036412924528121948e-02,-2.476954367011785507e-03,-2.947622835636138916e-01,1.452819108963012695e+00,-4.285191297531127930e-01,6.533317565917968750e-01,-5.552893280982971191e-01,-1.111832737922668457e+00
-4.500310420989990234e-01,-2.224999189376831055e+00,-5.523847341537475586e-01,1.424568295478820801e+00,-6.953587383031845093e-02,-1.823698520660400391e+00,1.434958815574645996e+00,-1.100866913795471191e+00,9.117993116378784180e-01,-5.564014911651611328e-01,-2.302478075027465820e+00,5.615962743759155273e-01,1.316660881042480469e+00,-6.507509946823120117e-01,-4.479731619358062744e-01,-1.613917946815490723e+00,-1.779417634010314941e+00,1.097683072090148926e+00,-1.552078425884246826e-01,5.370284318923950195e-01,1.357162475585937500e+00,3.144126832485198975e-01,4.058627411723136902e-02,5.328996181488037109e-01,-8.767754435539245605e-01,-2.992881238460540771e-01,7.363106012344360352e-01,1.159392714500427246e+00,5.389949083328247070e-01,-1.511877894401550293e+00,-2.674583792686462402e-01,2.507020533084869385e-01,2.067596465349197388e-01,-8.133217096328735352e-01,-4.219904243946075439e-01,-9.008678793907165527e-01,1.474994182586669922e+00,1.438403606414794922e+00,-1.659811884164810181e-01,6.768421530723571777e-01,-6.126304864883422852e-01,-6.867221742868423462e-02,-8.966790437698364258e-01,1.637809753417968750e+00,4.694925248622894287e-01,-3.511696308851242065e-02,-2.087285816669464111e-01,5.591310262680053711e-01,-1.754810810089111328e+00,5.057083368301391602e-01,4.449625015258789062e-01,-3.121762871742248535e-01,-4.229611158370971680e-01,-7.208543270826339722e-02,9.407675825059413910e-03,9.372879266738891602e-01,-2.655351459980010986e-01,1.360133051872253418e+00,-2.724631071090698242e+00,1.051297426223754883e+00,-9.148144721984863281e-01,-6.146761029958724976e-02,1.555589318275451660e+00,-1.501543283462524414e+00,1.021862983703613281e+00,-9.461396187543869019e-02,6.352788805961608887e-01,1.554652601480484009e-01,-8.675222992897033691e-01,-8.101062849164009094e-03,1.622493714094161987e-01,2.209736779332160950e-02,-5.119413137435913086e-01,2.071530580520629883e+00,1.667552709579467773e+00,-8.802787065505981445e-01,1.711939573287963867e+00,4.454263150691986084e-01,5.931489169597625732e-02,-1.605478823184967041e-01,-1.678060531616210938e+00,-2.397819310426712036e-01,-1.629250407218933105e+00,1.527618318796157837e-01,-1.011194944381713867e+00,-1.910460181534290314e-02,-3.826457560062408447e-01,7.317929863929748535e-01,8.819906115531921387e-01,1.402880698442459106e-01,-6.055117249488830566e-01,-1.439713835716247559e+00,-4.344434738159179688e-01,1.438865661621093750e+00,-2.969866693019866943e-01,2.660898864269256592e-01,-5.941388607025146484e-01,9.767550230026245117e-01,-1.033101081848144531e-01,-2.380243241786956787e-01
-7.921237349510192871e-01,-1.488375186920166016e+00,6.481820344924926758e-01,-3.385544419288635254e-01,2.280585289001464844e+00,1.469448208808898926e-01,1.339960932731628418e+00,5.948333740234375000e-01,-1.277153015136718750e+00,2.133828550577163696e-01,4.347292482852935791e-01,1.679154634475708008e+00,-8.353528976440429688e-01,-4.162387251853942871e-01,8.360372185707092285e-01,-9.691037237644195557e-02,-7.097495198249816895e-01,-3.947240710258483887e-01,3.263713121414184570e-01,-1.804586499929428101e-01,-1.150891542434692383e+00,3.953251838684082031e-01,8.101521134376525879e-01,-7.140124440193176270e-01,-1.424551248550415039e+00,-7.432806491851806641e-01,-9.480133056640625000e-01,-1.020373225212097168e+00,-2.533535003662109375e+00,-1.272425651550292969e+00,-1.793580055236816406e+00,-2.671327888965606689e-01,6.812917590141296387e-01,8.217489123344421387e-01,1.440525293350219727e+00,2.217790931463241577e-01,-1.442096829414367676e+00,-1.307380795478820801e+00,1.366636633872985840e+00,5.158218145370483398e-01,1.274595499038696289e+00,-4.667604863643646240e-01,1.136626005172729492e-01,-9.749004244804382324e-01,-9.876481890678405762e-01,6.512969732284545898e-01,5.546119213104248047e-01,6.806740164756774902e-01,-3.250571489334106445e-01,-4.441868364810943604e-01,1.513819217681884766e+00,1.089794993400573730e+00,-3.536911904811859131e-01,-4.691371619701385498e-01,2.717837691307067871e-01,2.660462856292724609e-01,-6.097481846809387207e-01,1.596225202083587646e-01,-2.082639783620834351e-01,-5.755674839019775391e-01,-5.588130354881286621e-01,-4.809532761573791504e-01,6.725724339485168457e-01,2.739325523376464844e+00,1.941994547843933105e+00,5.949240326881408691e-01,-5.067201852798461914e-01,3.575673103332519531e-01,-9.275174736976623535e-01,1.041314125061035156e+00,-8.971195816993713379e-01,-6.585618853569030762e-01,8.104898333549499512e-01,-9.763303399085998535e-01,4.638534784317016602e-02,-2.133059740066528320e+00,5.613602995872497559e-01,-9.558929502964019775e-02,9.365477561950683594e-01,1.295718848705291748e-01,1.398361623287200928e-01,1.656641811132431030e-01,-2.666481256484985352e+00,7.129293680191040039e-01,6.873345375061035156e-01,1.234838008880615234e+00,1.451635658740997314e-01,1.086093902587890625e+00,2.708976030349731445e+00,-5.333771705627441406e-01,1.579204946756362915e-01,-9.435964822769165039e-01,-7.173851728439331055e-01,-5.158838033676147461e-01,1.182519495487213135e-01,1.317614912986755371e+00,1.223365902900695801e+00,-1.050274610519409180e+00,-2.547947406768798828e+00,2.216728925704956055e+00
-7.379409074783325195e-01,-7.829619050025939941e-01,1.873411983251571655e-01,-2.883311212062835693e-01,1.283269286155700684e+00,1.405445098876953125e+00,4.934214353561401367e-01,-1.114156365394592285e+00,-2.498777389526367188e+00,1.446884036064147949e+00,7.166111469268798828e-02,7.345812320709228516e-01,-7.521513104438781738e-01,-1.349926590919494629e+00,-1.567850470542907715e+00,-3.941576778888702393e-01,-1.248158514499664307e-03,-1.144454360008239746e+00,2.015157222747802734e+00,1.163787022233009338e-01,-2.260078191757202148e-01,1.078199505805969238e+00,-9.709151983261108398e-01,-1.578439325094223022e-01,-6.040945053100585938e-01,3.118966519832611084e-01,-1.486343741416931152e+00,2.934351861476898193e-01,-7.467129826545715332e-01,-1.229149341583251953e+00,1.760789036750793457e+00,-3.821021914482116699e-01,-2.795138657093048096e-01,6.882421374320983887e-01,9.303974509239196777e-01,-8.449910283088684082e-01,-2.225434064865112305e+00,-1.745516538619995117e+00,9.847378730773925781e-01,-4.545026719570159912e-01,8.751456737518310547e-01,-1.291104197502136230e+00,7.524325847625732422e-01,-1.179149746894836426e+00,-3.810518085956573486e-01,-6.021925210952758789e-01,1.152144908905029297e+00,-1.300528049468994141e-01,1.339315623044967651e-01,-6.024684384465217590e-02,-6.965115666389465332e-01,5.115582942962646484e-01,3.069515526294708252e-01,1.651148498058319092e-01,-5.102484226226806641e-01,-1.691802263259887695e+00,7.558072209358215332e-01,-1.995843887329101562e+00,3.509765267372131348e-01,-2.944736182689666748e-01,-1.523624300956726074e+00,8.996843546628952026e-02,-7.818890213966369629e-01,9.516017436981201172e-01,5.796200633049011230e-01,-6.828494668006896973e-01,-7.413063049316406250e-01,-1.245670989155769348e-01,-4.440845549106597900e-01,8.937053680419921875e-01,1.049717366695404053e-01,4.744673967361450195e-01,-3.477471172809600830e-01,7.323604822158813477e-01,9.896252751350402832e-01,8.118953108787536621e-01,-9.358350038528442383e-01,8.971417546272277832e-01,4.118961393833160400e-01,-4.373777210712432861e-01,-4.544611275196075439e-01,3.357728719711303711e-01,1.007650971412658691e+00,-9.315468072891235352e-01,9.815597534179687500e-01,-1.838634014129638672e+00,-1.717509150505065918e+00,-9.091471433639526367e-01,1.687383294105529785e+00,1.059906244277954102e+00,-4.402534365653991699e-01,-9.174584150314331055e-01,8.355733007192611694e-02,2.480025142431259155e-01,-6.013959646224975586e-01,5.450292825698852539e-01,7.383964657783508301e-01,-1.593338727951049805e+00,1.539041280746459961e+00,3.195501267910003662e-01
7.922357320785522461e-01,-1.822961211204528809e+00,1.278752684593200684e+00,6.723591089248657227e-01,-1.343967795372009277e+00,7.007353305816650391e-01,-1.197715163230895996e+00,5.986145138740539551e-01,8.839693069458007812e-01,-8.538116812705993652e-01,-2.828159928321838379e-01,1.100578665733337402e+00,-1.610585927963256836e+00,-2.618816196918487549e-01,8.458810448646545410e-01,3.876750171184539795e-01,2.298235416412353516e+00,-1.410051345825195312e+00,1.635287046432495117e+00,-1.651201248168945312e+00,-7.864041924476623535e-01,-9.763746261596679688e-01,-4.279495775699615479e-01,5.610699057579040527e-01,-4.865795373916625977e-01,-1.786903262138366699e+00,7.317731976509094238e-01,-1.220010995864868164e+00,-1.614201307296752930e+00,9.950487613677978516e-01,1.919603705406188965e+00,-7.488755136728286743e-02,-1.715805411338806152e+00,-4.541164338588714600e-01,-3.893343731760978699e-02,-1.345008760690689087e-01,-9.774320721626281738e-01,1.574547529220581055e+00,-6.722912192344665527e-01,3.661666810512542725e-01,2.109542608261108398e+00,-7.910936474800109863e-01,2.425880134105682373e-01,-1.142010390758514404e-01,1.478748321533203125e+00,1.442876458168029785e-01,1.453557252883911133e+00,7.423825860023498535e-01,7.516539096832275391e-01,-1.023831605911254883e+00,2.025220841169357300e-01,-1.375141620635986328e+00,-1.071134209632873535e+00,-8.717640638351440430e-01,1.220856308937072754e+00,8.096281886100769043e-01,3.587452471256256104e-01,7.447827458381652832e-01,-1.125542759895324707e+00,-1.482086777687072754e+00,-2.037175148725509644e-01,3.270226418972015381e-01,-2.258183717727661133e+00,8.298223614692687988e-01,-2.218007743358612061e-01,-1.765027761459350586e+00,-4.853696823120117188e-01,4.173997044563293457e-01,1.567053347826004028e-01,5.761840939521789551e-01,-9.602751135826110840e-01,-8.067897558212280273e-01,-3.977565169334411621e-01,-2.810713052749633789e-01,1.437462568283081055e+00,1.447137951850891113e+00,-8.648725748062133789e-01,9.196887016296386719e-01,-1.734682083129882812e+00,-1.456152915954589844e+00,7.192245125770568848e-01,-1.326114088296890259e-01,-9.325459003448486328e-01,5.196763277053833008e-01,2.827067077159881592e-01,1.258174300193786621e+00,3.082596957683563232e-01,7.118012309074401855e-01,1.397924184799194336e+00,3.992375135421752930e-01,-3.556970357894897461e-01,1.476451396942138672e+00,-1.637012362480163574e+00,2.904549837112426758e+00,1.396112799644470215e+00,5.541850924491882324e-01,3.574548959732055664e-01,-3.701883256435394287e-01,-2.137198299169540405e-01,9.479968994855880737e-02
-1.566039323806762695e+00,1.572775602340698242e+00,3.129004240036010742e-01,6.937447190284729004e-02,-3.355779335834085941e-04,3.452105224132537842e-01,-4.542971849441528320e-01,-2.946788072586059570e-02,7.305520772933959961e-01,4.625273048877716064e-01,-2.933599948883056641e-01,2.073574066162109375e+00,1.473442435264587402e+00,-6.423399448394775391e-01,6.618391871452331543e-01,1.661511421203613281e+00,-1.009369611740112305e+00,-1.242517709732055664e+00,-9.759185314178466797e-01,-5.006616562604904175e-02,-8.943759799003601074e-01,-3.868580758571624756e-01,1.263158917427062988e+00,6.390507817268371582e-01,-1.027768254280090332e+00,5.943725109100341797e-01,-1.619690775871276855e+00,-6.281506419181823730e-01,6.386951208114624023e-01,8.059056997299194336e-01,5.376639366149902344e-01,-2.005792379379272461e+00,-1.018808126449584961e+00,9.637538790702819824e-01,-1.159837961196899414e+00,1.373427271842956543e+00,1.588482618331909180e+00,-1.108735322952270508e+00,-1.575482487678527832e+00,6.711719632148742676e-01,-1.614426255226135254e+00,-8.267658413387835026e-04,-2.053533077239990234e+00,-3.386094868183135986e-01,-1.082180142402648926e+00,-3.563196361064910889e-01,-1.836728304624557495e-01,-2.073901176452636719e+00,-5.842259526252746582e-01,-1.079448103904724121e+00,-5.616918206214904785e-01,-1.268769264221191406e+00,9.672131855040788651e-04,3.354055881500244141e-01,-3.208283662796020508e+00,-1.794379472732543945e+00,3.757710456848144531e-01,-4.651544094085693359e-01,-9.180217385292053223e-01,1.083569765090942383e+00,-4.615629017353057861e-01,1.641177982091903687e-01,-7.008835077285766602e-01,2.725502550601959229e-01,1.559466958045959473e+00,1.074760794639587402e+00,4.599614813923835754e-02,1.096493721008300781e+00,1.012924313545227051e+00,-2.938711829483509064e-02,1.534356832504272461e+00,-1.807111799716949463e-01,9.352881908416748047e-01,-5.829532742500305176e-01,7.095009088516235352e-01,2.044770956039428711e+00,-1.606621742248535156e+00,-1.006828784942626953e+00,-1.149054288864135742e+00,-1.700342178344726562e+00,-2.188378334045410156e+00,-6.084969639778137207e-01,1.416511297225952148e+00,-1.883226752281188965e+00,-1.173546195030212402e+00,1.195901930332183838e-01,-1.386062055826187134e-01,1.867614984512329102e+00,-5.340478420257568359e-01,-3.003306388854980469e-01,2.213912725448608398e+00,-1.144588589668273926e+00,1.116118431091308594e-01,5.893630385398864746e-01,-2.775186896324157715e-01,-1.243131875991821289e+00,-1.667122840881347656e-01,-8.565691113471984863e-01,-3.734181448817253113e-02,-1.888612031936645508e+00
-3.539517894387245178e-02,7.846565246582031250e-01,9.071648120880126953e-01,7.410801649093627930e-01,-3.540274202823638916e-01,1.965869307518005371e+00,-1.347989201545715332e+00,1.174473643302917480e+00,-3.408840298652648926e-02,-5.916599631309509277e-01,1.691118240356445312e+00,1.791318655014038086e+00,-2.002040743827819824e-01,1.274702429771423340e+00,4.023067057132720947e-01,9.155353903770446777e-01,-8.839547038078308105e-01,2.372053146362304688e+00,-1.353135824203491211e+00,1.644181460142135620e-02,-4.114711880683898926e-01,1.552224278450012207e+00,-9.158993959426879883e-01,1.137507677078247070e+00,-1.023024082183837891e+00,-1.118503808975219727e-01,-2.563090622425079346e-01,-1.576771497726440430e+00,2.821277081966400146e-01,-2.625012695789337158e-01,-6.966027617454528809e-01,1.163416743278503418e+00,-5.078863501548767090e-01,2.063947916030883789e+00,-1.287921309471130371e+00,-2.947875559329986572e-01,7.433580160140991211e-01,1.043415069580078125e+00,-4.555975496768951416e-01,2.707767486572265625e+00,1.887941956520080566e+00,-1.198470354080200195e+00,5.215415954589843750e-01,-9.457346796989440918e-01,-1.312896490097045898e+00,9.446408748626708984e-01,2.095025628805160522e-01,-8.702366948127746582e-01,-1.460201978683471680e+00,5.392865538597106934e-01,-2.684415280818939209e-01,-1.245866656303405762e+00,-2.409842014312744141e+00,3.361115232110023499e-02,-2.383636683225631714e-01,-1.225111603736877441e+00,4.094975292682647705e-01,-1.408623337745666504e+00,1.387235403060913086e+00,3.797670081257820129e-02,-5.722994208335876465e-01,8.654634952545166016e-01,-7.559153437614440918e-01,2.043068408966064453e-01,4.269797205924987793e-01,2.093076705932617188e-01,1.078341364860534668e+00,3.721755445003509521e-01,-6.193609833717346191e-01,-1.607826948165893555e+00,7.655454874038696289e-01,-8.866926431655883789e-01,1.098341941833496094e+00,1.075875088572502136e-01,-7.855337858200073242e-01,8.444076776504516602e-01,-3.185626566410064697e-01,-1.544546484947204590e+00,1.354225397109985352e+00,-1.456793904304504395e+00,1.238453984260559082e-01,7.474982738494873047e-01,-2.028859257698059082e-01,-1.249942421913146973e+00,-7.246282100677490234e-01,-8.448294401168823242e-01,1.050298009067773819e-02,5.434364676475524902e-01,-1.516441822052001953e+00,-1.362691760063171387e+00,-5.720422267913818359e-01,-3.212358653545379639e-01,1.451354026794433594e+00,-3.475199639797210693e-01,-5.954487323760986328e-01,5.203006789088249207e-02,1.231032371520996094e+00,-3.121584057807922363e-01,-7.369847893714904785e-01,1.216663241386413574e+00
-3.623761832714080811e-01,1.683572769165039062e+00,-5.074017867445945740e-02,5.534349679946899414e-01,-8.035959601402282715e-01,9.867720007896423340e-01,-1.491114854812622070e+00,-8.990203142166137695e-01,7.600143551826477051e-01,-2.277675420045852661e-01,1.836229711771011353e-01,-1.355948328971862793e+00,-5.691525936126708984e-01,2.365228980779647827e-01,-1.269670724868774414e+00,-9.724888801574707031e-01,5.492846369743347168e-01,1.125235319137573242e+00,6.948348879814147949e-01,-2.317722082138061523e+00,5.196279287338256836e-01,-2.986332774162292480e-01,-1.832465529441833496e-01,-6.567987799644470215e-01,3.084337152540683746e-02,8.088888525962829590e-01,-1.660518646240234375e+00,-8.786644935607910156e-01,1.152628898620605469e+00,5.121580362319946289e-01,8.074454069137573242e-01,1.064837455749511719e+00,-3.380768001079559326e-01,1.640633821487426758e+00,5.268887802958488464e-02,9.755411148071289062e-01,1.715372651815414429e-01,6.897801160812377930e-01,-5.485035181045532227e-01,-2.193506479263305664e+00,-1.723002433776855469e+00,-1.436277031898498535e+00,4.251807034015655518e-01,1.569280147552490234e+00,-1.883303374052047729e-01,-2.506276369094848633e-01,2.492678910493850708e-02,1.428587555885314941e+00,-8.436119556427001953e-01,-1.865977942943572998e-01,-6.228091120719909668e-01,9.652195870876312256e-02,1.106860280036926270e+00,-1.606818437576293945e-01,2.167508840560913086e+00,-1.861795306205749512e+00,-2.879921793937683105e-01,-7.086333632469177246e-01,8.287098407745361328e-01,1.865338832139968872e-01,-4.121218025684356689e-01,9.878811836242675781e-01,2.828573286533355713e-01,-2.505673468112945557e-01,3.786330819129943848e-01,1.019016385078430176e+00,-4.166319668292999268e-01,5.057984590530395508e-01,-3.367085456848144531e-01,8.377697467803955078e-01,1.603644937276840210e-01,1.698734998703002930e+00,9.841086864471435547e-01,-1.113904267549514771e-01,-4.446353316307067871e-01,7.516850233078002930e-01,1.076192378997802734e+00,9.198127985000610352e-01,6.280850768089294434e-01,-4.033303260803222656e-01,1.203557729721069336e+00,-1.473113059997558594e+00,-5.108492970466613770e-01,8.518216013908386230e-01,-3.351936340332031250e-01,-1.745215058326721191e+00,-2.469545006752014160e-01,-1.645340085029602051e+00,2.449120283126831055e-01,-4.060319960117340088e-01,1.229503989219665527e+00,-9.371272921562194824e-01,2.626586854457855225e-01,-1.725530028343200684e+00,1.104296207427978516e+00,-1.325375676155090332e+00,-3.664596974849700928e-01,1.126120328903198242e+00,8.509547449648380280e-03,8.495190143585205078e-01
7.349789738655090332e-01,-1.305634260177612305e+00,-2.748693227767944336e-01,-5.680281519889831543e-01,8.118647933006286621e-01,2.938461676239967346e-02,2.041869014501571655e-01,-1.445616483688354492e+00,1.644988775253295898e+00,3.916629254817962646e-01,-6.127569079399108887e-01,-5.306218862533569336e-01,1.110623478889465332e+00,5.826609730720520020e-01,-8.764954209327697754e-01,2.294433861970901489e-01,7.103084921836853027e-01,-1.331435680389404297e+00,-3.045283854007720947e-01,9.634260535240173340e-01,-4.247282147407531738e-01,6.889806389808654785e-01,-1.458737254142761230e+00,-1.087521314620971680e+00,-2.396828651428222656e+00,-5.593392848968505859e-01,-2.309718132019042969e+00,-3.877484798431396484e-01,1.100675702095031738e+00,8.747350573539733887e-01,-6.749405264854431152e-01,-3.046133041381835938e+00,-3.330027684569358826e-02,3.781201541423797607e-01,6.062979623675346375e-02,2.993860244750976562e-01,-7.242939472198486328e-01,-1.910712718963623047e-01,-1.143722757697105408e-01,7.326859831809997559e-01,1.235054254531860352e+00,-5.766335725784301758e-01,-1.498856186866760254e+00,-5.331491827964782715e-01,-1.318184733390808105e+00,1.084586262702941895e+00,6.830840706825256348e-01,2.573018670082092285e-01,-1.182920560240745544e-01,-2.536222636699676514e-01,-1.010130405426025391e+00,-2.625200152397155762e-01,-1.361570358276367188e+00,-1.356013298034667969e+00,1.316510438919067383e-01,1.176462173461914062e+00,-1.855665445327758789e+00,-2.599453330039978027e-01,3.408682942390441895e-01,6.412729620933532715e-03,-1.595776319503784180e+00,-8.996119499206542969e-01,3.978992402553558350e-01,1.662224382162094116e-01,-4.702370464801788330e-01,9.576483964920043945e-01,1.026654690504074097e-01,-1.174886107444763184e+00,-2.659355700016021729e-01,-5.347595214843750000e-01,-7.286230325698852539e-01,1.935636103153228760e-01,-6.899961829185485840e-01,3.795173466205596924e-01,-1.659677505493164062e+00,1.425581693649291992e+00,7.288131117820739746e-01,-7.938827276229858398e-01,4.475113749504089355e-01,1.410605311393737793e+00,-1.077278375625610352e+00,-2.904679477214813232e-01,2.421762794256210327e-02,4.203638732433319092e-01,5.296776294708251953e-01,-5.843933820724487305e-01,1.311430931091308594e+00,1.457933664321899414e+00,7.041776776313781738e-01,6.320798397064208984e-01,-1.966651678085327148e+00,6.797487735748291016e-01,-3.494774550199508667e-02,2.197594165802001953e+00,-3.165225088596343994e-01,-4.951645731925964355e-01,-1.564671158790588379e+00,3.930951833724975586e+00,1.785313010215759277e+00,6.897791028022766113e-01
1.454560160636901855e+00,1.955896258354187012e+00,1.671970963478088379e+00,-5.008056759834289551e-01,3.113654851913452148e-01,1.168668985366821289e+00,-1.025417819619178772e-02,7.782422304153442383e-01,-1.165256977081298828e+00,2.028228528797626495e-02,9.084591865539550781e-01,9.309771060943603516e-01,1.799812316894531250e+00,1.084617823362350464e-01,-1.778505682945251465e+00,9.323811531066894531e-01,-1.333838343620300293e+00,2.304079771041870117e+00,9.774839878082275391e-01,1.055935978889465332e+00,2.852430641651153564e-01,2.314906567335128784e-02,-1.100203514099121094e+00,1.001127004623413086e+00,7.206977009773254395e-01,-9.423193335533142090e-01,-1.348278284072875977e+00,6.128935813903808594e-01,2.367441356182098389e-01,-1.654033541679382324e+00,-4.300574958324432373e-01,-9.666739106178283691e-01,1.970428675413131714e-01,-5.058578848838806152e-01,-8.485496044158935547e-01,-1.401585787534713745e-01,-1.463510245084762573e-01,4.993908107280731201e-01,-6.561346352100372314e-02,1.699289560317993164e+00,3.025824129581451416e-01,-1.397673010826110840e+00,1.897270232439041138e-01,3.313663005828857422e-01,1.344591617584228516e+00,-2.632716596126556396e-01,-5.893223285675048828e-01,-1.268946647644042969e+00,-1.265461742877960205e-02,6.219435334205627441e-01,1.635482668876647949e+00,1.467130064964294434e+00,-7.259840965270996094e-01,1.436990618705749512e+00,-1.266257286071777344e+00,1.400528699159622192e-01,2.013129949569702148e+00,5.403810143470764160e-01,1.076329946517944336e+00,-1.018975302577018738e-01,-7.143300026655197144e-02,-1.070571064949035645e+00,1.318383097648620605e+00,1.090217351913452148e+00,-1.235582470893859863e+00,6.551138162612915039e-01,-5.816794037818908691e-01,5.870790481567382812e-01,-4.778527915477752686e-01,-5.002828240394592285e-01,-5.369679927825927734e-01,-3.346562683582305908e-01,-2.626088261604309082e-01,-7.246764898300170898e-01,8.826087713241577148e-01,-2.808674275875091553e-01,3.766136169433593750e-01,-1.318965077400207520e+00,8.118621706962585449e-01,-1.342396497726440430e+00,1.886293590068817139e-01,-1.804539561271667480e-01,-2.314090728759765625e+00,6.969366967678070068e-02,-8.274859189987182617e-01,-1.570296406745910645e+00,-1.029621362686157227e+00,7.559495568275451660e-01,-8.264573812484741211e-01,4.834583103656768799e-01,-1.186776310205459595e-01,7.244847416877746582e-01,-4.577102065086364746e-01,-1.290474891662597656e+00,4.763491153717041016e-01,-6.614558696746826172e-01,-6.576821208000183105e-01,-1.664591789245605469e+00,-1.003715753555297852e+00,1.069896817207336426e+00
1.457384586334228516e+00,1.375570178031921387e+00,1.797898054122924805e+00,1.603186964988708496e+00,1.923504114151000977e+00,-4.784975349903106689e-01,-1.243143916130065918e+00,8.224066346883773804e-02,-7.250202894210815430e-01,-1.806143879890441895e+00,-1.545508801937103271e-01,8.114436268806457520e-01,1.086419939994812012e+00,3.006629943847656250e+00,1.705440878868103027e+00,8.681032806634902954e-02,2.177783012390136719e+00,-7.961879968643188477e-01,-1.135837197303771973e+00,-1.843894600868225098e+00,3.176112473011016846e-01,1.135405778884887695e+00,-5.004422068595886230e-01,-1.060998201370239258e+00,-1.393461227416992188e+00,9.799938797950744629e-01,-5.013470649719238281e-01,-7.107663154602050781e-01,1.684691190719604492e+00,1.376171946525573730e+00,8.533760905265808105e-01,1.035312771797180176e+00,3.654328286647796631e-01,-5.609924197196960449e-01,-8.779105544090270996e-02,-1.194735243916511536e-01,7.381404638290405273e-01,-2.932399511337280273e-01,-1.212040901184082031e+00,-8.749415874481201172e-01,2.026662826538085938e-01,1.828415751457214355e+00,-1.866493932902812958e-02,-1.310487389564514160e+00,-4.962181150913238525e-01,4.820639193058013916e-01,5.291993618011474609e-01,4.360201656818389893e-01,-7.965223193168640137e-01,1.123232617974281311e-01,3.952095210552215576e-01,-4.742254316806793213e-01,7.573293447494506836e-01,7.415205836296081543e-01,-1.856735467910766602e+00,-1.555892705917358398e+00,9.834313988685607910e-01,5.258198380470275879e-01,-1.519665271043777466e-01,6.342452764511108398e-01,-1.546767354011535645e+00,-4.827904105186462402e-01,-1.786053776741027832e-01,-2.305378951132297516e-02,-5.094990134239196777e-01,-3.973917961120605469e-01,3.207474052906036377e-01,1.417265295982360840e+00,-4.454692602157592773e-01,-3.135167956352233887e-01,1.778440475463867188e+00,7.891862392425537109e-01,-1.966495513916015625e-01,-7.439184188842773438e-02,7.117851376533508301e-01,1.032507792115211487e-01,-1.983437836170196533e-01,1.340279936790466309e+00,-9.513385891914367676e-01,7.093818187713623047e-01,2.017783224582672119e-01,-1.093624353408813477e+00,-3.512056589126586914e+00,-7.009509801864624023e-01,-1.187763735651969910e-01,-1.350354671478271484e+00,-6.446936130523681641e-01,9.963997006416320801e-01,-6.901386380195617676e-01,-7.640828490257263184e-01,-9.796410799026489258e-01,4.728678166866302490e-01,1.129589200019836426e+00,2.323070727288722992e-02,6.586987972259521484e-01,-3.740045428276062012e-02,2.740658521652221680e-01,-2.207789421081542969e+00,9.768774509429931641e-01,2.407221347093582153e-01
4.944210946559906006e-01,1.064955353736877441e+00,-1.299626659601926804e-02,-1.846814155578613281e+00,-2.972474694252014160e-01,5.853869915008544922e-01,1.304450035095214844e+00,-8.309167027473449707e-01,-7.212461233139038086e-01,9.543336629867553711e-01,1.615312337875366211e+00,1.577536940574645996e+00,5.613234043121337891e-01,3.963950090110301971e-03,-3.821985125541687012e-01,-6.294590234756469727e-02,1.251905679702758789e+00,-4.659430086612701416e-01,3.927648663520812988e-01,1.125070095062255859e+00,8.359022140502929688e-01,-4.823881387710571289e-01,1.959735274314880371e+00,-1.229591012001037598e+00,1.092051625251770020e+00,-1.379930734634399414e+00,-2.006407022476196289e+00,6.845185160636901855e-02,1.858953595161437988e+00,2.560560824349522591e-03,-7.751765847206115723e-01,1.109368443489074707e+00,1.669039964675903320e+00,6.352477073669433594e-01,4.294486641883850098e-01,9.264832735061645508e-01,1.232035994529724121e+00,1.653021931648254395e+00,-5.769096612930297852e-01,1.661777377128601074e+00,2.900134921073913574e-01,-1.272917240858078003e-01,6.385729312896728516e-01,-3.238663971424102783e-01,3.229393959045410156e-01,9.173491597175598145e-01,3.048501908779144287e-01,-1.857279837131500244e-01,-2.952396273612976074e-01,-5.354697704315185547e-01,6.101394295692443848e-01,-1.681529998779296875e+00,3.237417042255401611e-01,2.022810697555541992e+00,7.099320888519287109e-01,1.185331821441650391e+00,-2.230543136596679688e+00,4.185749590396881104e-01,-3.189421296119689941e-01,-7.041748613119125366e-02,8.439881205558776855e-01,-4.076696038246154785e-01,-1.277065426111221313e-01,4.300746917724609375e-01,4.521154984831809998e-02,3.008178472518920898e-01,-7.360500693321228027e-01,3.340725600719451904e-01,6.927672624588012695e-01,4.642587900161743164e-01,1.086719751358032227e+00,-1.584071040153503418e+00,-1.071296930313110352e+00,-5.273745656013488770e-01,-5.892044305801391602e-01,7.925344705581665039e-01,-7.080999612808227539e-01,-1.375088930130004883e+00,7.713685035705566406e-01,3.381289243698120117e-01,-7.881164550781250000e-01,-7.297267317771911621e-01,-5.350176692008972168e-01,8.992274403572082520e-01,9.951202273368835449e-01,1.018355488777160645e+00,-5.193010568618774414e-01,-6.313129067420959473e-01,8.124961853027343750e-01,-1.581363439559936523e+00,-2.728246450424194336e-01,4.453385174274444580e-01,-1.047029256820678711e+00,1.000681877136230469e+00,6.543011665344238281e-01,1.216144114732742310e-01,-7.509118318557739258e-01,-7.776820659637451172e-01,-8.245579600334167480e-01,-2.919067740440368652e-01
-9.323744177818298340e-01,-1.347615122795104980e-01,-4.314479231834411621e-01,1.326364636421203613e+00,-6.680507063865661621e-01,9.077233821153640747e-02,1.462039947509765625e+00,7.583411335945129395e-01,-2.938653826713562012e-01,-1.085751533508300781e+00,-1.199546694755554199e+00,3.444626033306121826e-01,5.901645421981811523e-01,1.496403098106384277e+00,-1.024845242500305176e+00,1.028420567512512207e+00,5.500548481941223145e-01,-1.016240358352661133e+00,-2.030125707387924194e-01,-5.208777785301208496e-01,-2.743043601512908936e-01,-1.302494168281555176e+00,3.348298370838165283e-01,4.449867606163024902e-01,7.433131933212280273e-01,-3.278546631336212158e-01,-4.256534278392791748e-01,-4.054709672927856445e-01,6.029002666473388672e-01,-1.149088978767395020e+00,1.300831675529479980e+00,1.395092308521270752e-01,-9.137907624244689941e-02,-4.608838558197021484e-01,-6.693825721740722656e-01,2.770648300647735596e-01,-4.526299834251403809e-01,1.282086491584777832e+00,5.778148174285888672e-01,1.000378370285034180e+00,-7.730609774589538574e-01,4.625266492366790771e-01,1.579361200332641602e+00,-1.972400903701782227e+00,3.301848173141479492e-01,-1.284200847148895264e-01,7.124651223421096802e-02,1.119730591773986816e+00,5.476495027542114258e-01,4.893123507499694824e-01,2.298924326896667480e-01,-1.587290763854980469e+00,-3.050508737564086914e+00,4.793235063552856445e-01,-1.025185227394104004e+00,1.445970416069030762e+00,-1.205111980438232422e+00,-2.767801523208618164e+00,4.403910934925079346e-01,1.392901659011840820e+00,-1.315768361091613770e+00,-1.561349034309387207e+00,-1.124717473983764648e+00,-1.152916625142097473e-01,-3.630775809288024902e-01,-1.684104204177856445e+00,-4.786121249198913574e-01,2.197147607803344727e-01,1.157677769660949707e+00,-1.861340701580047607e-01,1.574422717094421387e+00,-3.240113556385040283e-01,2.051384896039962769e-01,-1.643415242433547974e-01,-9.003598690032958984e-01,1.088039517402648926e+00,-1.589470863342285156e+00,-3.403964936733245850e-01,-9.115705490112304688e-01,6.730248332023620605e-01,-1.376978039741516113e+00,-2.240249961614608765e-01,5.157362222671508789e-01,-8.692941814661026001e-02,-1.290024220943450928e-01,-3.583132028579711914e-01,9.887709617614746094e-01,5.974202752113342285e-01,2.095686346292495728e-01,-8.170626163482666016e-01,9.828583598136901855e-01,1.517356991767883301e+00,-1.358100324869155884e-01,-2.616050243377685547e-01,-1.434788227081298828e+00,2.964691221714019775e-01,1.219989538192749023e+00,-6.799423098564147949e-01,2.757420837879180908e-01,-5.027985572814941406e-01
-8.458293676376342773e-01,-4.204313755035400391e-01,9.499902129173278809e-01,5.445821881294250488e-01,-8.587039709091186523e-01,-1.305486857891082764e-01,1.722419619560241699e+00,7.737497687339782715e-01,-4.274547696113586426e-01,-2.244553327560424805e+00,3.640616536140441895e-01,8.680927157402038574e-01,-1.485721588134765625e+00,1.117215633392333984e+00,-1.430864572525024414e+00,-1.341861933469772339e-01,-1.313683241605758667e-01,-1.089356422424316406e+00,3.587534129619598389e-01,-1.424663662910461426e-01,-1.795233190059661865e-01,-3.295716643333435059e-01,-8.289195895195007324e-01,5.920767784118652344e-01,-1.487344145774841309e+00,-1.658355593681335449e-01,7.095845341682434082e-01,-2.455921888351440430e+00,9.913754463195800781e-02,3.296901658177375793e-02,-3.424163460731506348e-01,9.745526127517223358e-03,1.466922312974929810e-01,1.394900798797607422e+00,-1.505388736724853516e+00,3.329817056655883789e-01,1.556228041648864746e+00,-3.695135116577148438e-01,4.342827796936035156e-01,-8.639186620712280273e-01,-2.091570615768432617e+00,-8.471249341964721680e-01,-1.668636560440063477e+00,-1.962385028600692749e-01,-2.284901589155197144e-01,3.208225965499877930e-01,-2.046058923006057739e-01,1.294259279966354370e-01,-1.569217085838317871e+00,-3.278483152389526367e-01,-6.103478074073791504e-01,-3.959794938564300537e-01,-6.173878908157348633e-02,-3.131191730499267578e-01,1.499457377940416336e-02,-9.693287014961242676e-01,-5.126740336418151855e-01,-2.098005771636962891e+00,6.713406443595886230e-01,2.861032187938690186e-01,-1.195641517639160156e+00,6.367633342742919922e-01,-3.407989740371704102e-01,-1.162816137075424194e-01,-1.150278687477111816e+00,-1.700318008661270142e-01,4.352149367332458496e-01,-7.141687273979187012e-01,8.702888488769531250e-01,6.341823339462280273e-01,1.323751211166381836e-01,1.234659075736999512e+00,1.695073604583740234e+00,6.713264435529708862e-02,-1.672513723373413086e+00,-5.856561660766601562e-01,-5.549864768981933594e-01,9.943427890539169312e-02,-6.601948142051696777e-01,1.817189812660217285e+00,-1.937900304794311523e+00,6.434381008148193359e-01,-2.717757131904363632e-03,-1.927030444145202637e+00,1.039089202880859375e+00,-9.859353899955749512e-01,-1.169897913932800293e+00,4.142360985279083252e-01,-2.964145243167877197e-01,3.004696846008300781e+00,-3.211213946342468262e-01,-6.798196434974670410e-01,1.925902664661407471e-01,-1.982633352279663086e+00,8.604361414909362793e-01,6.055942177772521973e-01,-2.003696918487548828e+00,-7.305899262428283691e-01,-1.106136798858642578e+00,1.263425707817077637e+00
-8.267379999160766602e-01,2.941939532756805420e-01,1.164342641830444336e+00,-3.466859161853790283e-01,-1.352425336837768555e+00,5.469551086425781250e-01,-3.296063840389251709e-01,3.134440779685974121e-01,8.372695446014404297e-01,9.577919840812683105e-01,-5.538817644119262695e-01,-1.990163624286651611e-01,1.608567953109741211e+00,5.224484205245971680e-01,3.769934773445129395e-01,-1.568478465080261230e+00,1.774956732988357544e-01,-1.158178925514221191e+00,1.161646008491516113e+00,-5.296432375907897949e-01,-7.326438426971435547e-01,-1.666068792343139648e+00,-4.988349080085754395e-01,4.456478357315063477e-01,1.652496695518493652e+00,-1.006934285163879395e+00,-4.914457798004150391e-01,-1.178738951683044434e+00,-9.046863913536071777e-01,2.144875936210155487e-02,-8.648993372917175293e-01,-8.566955924034118652e-01,1.755982041358947754e+00,8.065404295921325684e-01,-7.388904094696044922e-01,3.068679273128509521e-01,6.135743260383605957e-01,-6.528922319412231445e-01,1.207625150680541992e+00,-5.241166353225708008e-01,1.052027702331542969e+00,8.331831097602844238e-01,-1.557152748107910156e+00,-4.204927384853363037e-01,9.898823499679565430e-01,-9.055256247520446777e-01,-8.638287782669067383e-01,-9.324258565902709961e-01,1.958640515804290771e-01,1.798335790634155273e+00,5.753374099731445312e-01,1.580327987670898438e+00,-4.407766759395599365e-01,-7.114850878715515137e-01,6.244016066193580627e-02,-6.009758710861206055e-01,7.451995015144348145e-01,-3.802843093872070312e-01,-1.579493731260299683e-01,-6.046439409255981445e-01,3.095814704895019531e+00,-9.426335096359252930e-01,-5.477176904678344727e-01,-1.255703568458557129e+00,1.151551842689514160e+00,-1.748760342597961426e+00,-1.232687234878540039e+00,8.728821873664855957e-01,-6.197674870491027832e-01,1.466906189918518066e+00,4.261261224746704102e-01,-4.739772081375122070e-01,1.517251133918762207e+00,-3.464197218418121338e-01,-1.462189197540283203e+00,6.055020093917846680e-01,-1.469364166259765625e+00,-6.177641153335571289e-01,3.373615026473999023e+00,3.138741850852966309e-02,-1.416305184364318848e+00,-1.300559788942337036e-01,3.041046857833862305e-02,-9.547446668148040771e-02,2.546801976859569550e-02,1.159937143325805664e+00,-7.647048830986022949e-01,3.515352010726928711e-01,9.272782206535339355e-01,2.600457191467285156e+00,-2.310016602277755737e-01,-2.269251048564910889e-01,-4.222903251647949219e-01,-1.604683876037597656e+00,5.299305319786071777e-01,6.530732512474060059e-01,-5.352751612663269043e-01,1.249092221260070801e+00,5.983017683029174805e-01,-7.145599722862243652e-01
-1.498444378376007080e-02,3.870978057384490967e-01,-2.063796281814575195e+00,-6.311137676239013672e-01,1.229526758193969727e+00,-2.349005639553070068e-01,-2.038511514663696289e+00,-6.691578030586242676e-01,1.155079841613769531e+00,-8.962645530700683594e-01,-4.441921710968017578e-01,-9.476137161254882812e-01,-3.920493125915527344e-01,-1.531493425369262695e+00,-4.176091551780700684e-01,-7.999469041824340820e-01,9.420791864395141602e-01,7.420390844345092773e-02,-6.442050933837890625e-01,-1.173867881298065186e-01,1.178751587867736816e+00,6.035176515579223633e-01,-1.703389525413513184e+00,5.373511314392089844e-01,5.961362719535827637e-01,1.586578726768493652e+00,-6.782028675079345703e-01,-9.247344732284545898e-01,1.485992670059204102e+00,8.226533532142639160e-01,-1.044163584709167480e+00,5.211812257766723633e-01,-5.930582284927368164e-01,-1.502219587564468384e-01,1.225957632064819336e+00,6.218836903572082520e-01,-1.152433380484580994e-01,-1.244582533836364746e-01,5.888286828994750977e-01,2.155978679656982422e+00,-2.068932950496673584e-01,-7.167246341705322266e-01,-1.748815178871154785e-01,1.349428534507751465e+00,5.352711677551269531e-01,-6.492779850959777832e-01,-1.556636452674865723e+00,-3.385024145245552063e-02,-1.789664328098297119e-01,1.895179629325866699e+00,4.995211660861968994e-01,1.226702928543090820e+00,-1.801425337791442871e+00,-1.542299687862396240e-01,1.661771893501281738e+00,-1.894900947809219360e-01,3.089915215969085693e-01,-7.327583432197570801e-01,3.646622896194458008e-01,2.032872438430786133e-01,-6.472037434577941895e-01,1.015586972236633301e+00,-4.705480933189392090e-01,7.096489667892456055e-01,4.347351193428039551e-01,9.834159165620803833e-02,4.778612256050109863e-01,-4.644215106964111328e-01,-1.869559437036514282e-01,8.324134945869445801e-01,6.503447294235229492e-01,2.988586127758026123e-01,-1.470736145973205566e+00,-1.073772311210632324e+00,2.166767597198486328e+00,-6.020984053611755371e-01,-1.652277588844299316e+00,-4.581864178180694580e-01,-1.487531781196594238e+00,8.695566058158874512e-01,9.158250689506530762e-01,2.142642259597778320e+00,-9.963447600603103638e-02,3.419403731822967529e-01,-4.622893929481506348e-01,1.382437348365783691e+00,5.961046814918518066e-01,1.149126648902893066e+00,-1.654680848121643066e+00,-6.777933835983276367e-01,1.999967098236083984e-01,-1.607809424400329590e+00,1.634543776512145996e+00,1.331289649009704590e+00,-1.444543957710266113e+00,-1.001110434532165527e+00,1.355026721954345703e+00,-7.068698406219482422e-01,1.455371260643005371e+00,-5.158191919326782227e-02
2.246825456619262695e+00,7.074786424636840820e-01,-1.163523718714714050e-01,-6.650860309600830078e-01,4.448650479316711426e-01,-1.456120371818542480e+00,9.742293357849121094e-01,-9.916206598281860352e-01,7.304725646972656250e-01,6.514976024627685547e-01,-6.594072580337524414e-01,1.968053817749023438e+00,-7.057137042284011841e-02,6.535445451736450195e-01,-5.323068499565124512e-01,1.829064249992370605e+00,2.342501133680343628e-01,-1.211582183837890625e+00,1.514479637145996094e+00,9.283766150474548340e-01,2.599680721759796143e-01,-1.622050762176513672e+00,1.632143616676330566e+00,6.531401872634887695e-01,1.482243239879608154e-01,-1.159450650215148926e+00,-2.276008844375610352e+00,1.098452091217041016e+00,4.938175380229949951e-01,3.565971255302429199e-01,9.762699604034423828e-01,-6.674944162368774414e-01,-8.819043636322021484e-01,5.456569194793701172e-01,-1.180932641029357910e+00,-6.663724035024642944e-02,-5.469979047775268555e-01,2.286762595176696777e-01,-1.451047807931900024e-01,-1.181505441665649414e+00,-4.078806340694427490e-01,-1.076636195182800293e+00,9.723966717720031738e-01,-4.895564317703247070e-01,-1.232192993164062500e+00,1.971073985099792480e+00,1.914107799530029297e+00,-1.567885279655456543e+00,4.860343784093856812e-02,1.715811938047409058e-01,-4.506139755249023438e-01,9.389750957489013672e-01,4.778647720813751221e-01,-8.227055072784423828e-01,3.900724053382873535e-01,1.024452328681945801e+00,-1.251217246055603027e+00,4.742847979068756104e-01,7.738958597183227539e-01,1.342968583106994629e+00,-2.302406579256057739e-01,-2.596141993999481201e-01,-3.586725592613220215e-01,-2.810087680816650391e+00,-1.259263396263122559e+00,5.270038843154907227e-01,4.498526751995086670e-01,-4.560982584953308105e-01,-1.631594061851501465e+00,-5.457456707954406738e-01,-1.063263788819313049e-01,-2.456436872482299805e+00,-2.141598165035247803e-01,2.312974184751510620e-01,1.806981563568115234e-01,6.755896210670471191e-01,2.061013936996459961e+00,-6.650990843772888184e-01,-1.600757122039794922e+00,-3.602665364742279053e-01,-2.043780172243714333e-03,-3.804541528224945068e-01,7.606407403945922852e-01,-1.887521147727966309e-01,5.582578182220458984e-01,6.139668449759483337e-02,1.506323516368865967e-01,-2.235955148935317993e-01,-1.464554071426391602e-01,-1.070882201194763184e+00,-1.445391178131103516e+00,6.284830570220947266e-01,-2.201538801193237305e+00,-1.253209352493286133e+00,-3.358449935913085938e-01,5.767535567283630371e-01,4.976325333118438721e-01,2.841735780239105225e-01,2.684887647628784180e+00,-1.397044420242309570e+00
-3.525149524211883545e-01,5.144125223159790039e-02,1.916847705841064453e+00,-3.439226150512695312e-01,-8.506923913955688477e-01,-1.284754574298858643e-01,5.360633730888366699e-01,-1.723890066146850586e+00,5.393642187118530273e-01,2.188151121139526367e+00,1.675382256507873535e+00,8.908000588417053223e-01,3.524139821529388428e-01,6.059952974319458008e-01,9.296973347663879395e-01,6.374078392982482910e-01,-7.973705977201461792e-02,-1.233344674110412598e+00,-3.553085923194885254e-01,2.518827021121978760e-01,8.639590144157409668e-01,-8.806028366088867188e-01,-5.299113988876342773e-01,1.982224583625793457e+00,9.874705970287322998e-02,9.590045213699340820e-01,5.915997177362442017e-02,3.816620409488677979e-01,3.288895785808563232e-01,-1.046743988990783691e+00,-1.458147287368774414e+00,-1.297160029411315918e+00,-4.015670157968997955e-03,1.935397535562515259e-01,1.388173222541809082e+00,1.922956347465515137e+00,-2.815530896186828613e-01,3.904208242893218994e-01,6.882010698318481445e-01,8.910648822784423828e-01,-2.896642684936523438e-01,6.928029060363769531e-01,8.330798149108886719e-01,2.063672065734863281e+00,-3.686724901199340820e-01,-5.157482624053955078e-02,8.099751472473144531e-01,-2.152020454406738281e+00,-3.108904361724853516e-01,1.711350798606872559e+00,-1.152084112167358398e+00,3.831420242786407471e-01,7.129558324813842773e-01,1.092278510332107544e-01,-9.953124523162841797e-01,-2.149423360824584961e-01,6.975862979888916016e-01,1.196296811103820801e+00,6.826857477426528931e-02,6.846978664398193359e-01,-5.786687135696411133e-01,-1.084453105926513672e+00,8.786852955818176270e-01,1.241509795188903809e+00,-1.681077927350997925e-01,-7.982060313224792480e-01,2.309862338006496429e-02,1.112267136573791504e+00,-5.048462003469467163e-02,-9.920480847358703613e-02,-3.970274925231933594e-01,2.011883109807968140e-01,-2.633858323097229004e-01,1.121795058250427246e+00,3.765261769294738770e-01,-2.477501928806304932e-01,1.452899217605590820e+00,1.396124124526977539e+00,-3.486484885215759277e-01,6.213023662567138672e-01,8.072311878204345703e-01,2.055339068174362183e-01,-6.610912680625915527e-01,1.325279474258422852e-01,1.068438053131103516e+00,-3.016585409641265869e-01,3.144449889659881592e-01,7.925553917884826660e-01,-1.409764140844345093e-01,1.136558294296264648e+00,2.238825261592864990e-01,5.550491213798522949e-01,-2.131120204925537109e+00,-2.600005149841308594e+00,-4.510797560214996338e-01,5.471697449684143066e-01,1.236360669136047363e+00,-8.078462481498718262e-01,1.153073430061340332e+00,-2.935182154178619385e-01
-1.257714748382568359e+00,-4.827368557453155518e-01,8.097747713327407837e-02,4.551045894622802734e-01,3.772232308983802795e-02,-1.281484961509704590e+00,3.360936045646667480e-01,2.344953298568725586e+00,1.179587692022323608e-01,3.096915595233440399e-02,1.123913154006004333e-01,-5.081422924995422363e-01,-2.378011047840118408e-01,-6.184407393448054790e-04,3.639712035655975342e-01,7.289830446243286133e-01,1.220481157302856445e+00,-2.802821099758148193e-01,-1.108099341392517090e+00,-2.837297201156616211e+00,8.707996606826782227e-01,6.037014126777648926e-01,-1.637827634811401367e+00,1.101904988288879395e+00,4.091187119483947754e-01,7.352475523948669434e-01,-1.497802257537841797e+00,-1.626969873905181885e-01,-9.231075048446655273e-01,5.808545351028442383e-01,-3.475830852985382080e-01,1.956846833229064941e+00,2.114194154739379883e+00,8.050771355628967285e-01,1.183069586753845215e+00,-7.651994228363037109e-01,-3.333920836448669434e-01,-7.023858837783336639e-03,1.009922385215759277e+00,1.128812670707702637e+00,-5.888040065765380859e-01,1.743080854415893555e+00,4.345599412918090820e-01,2.680748105049133301e-01,-1.302699565887451172e+00,4.061954021453857422e-01,-7.967143058776855469e-01,-2.896214723587036133e-01,4.491529166698455811e-01,-1.669827848672866821e-01,-1.207200050354003906e+00,1.202383041381835938e+00,5.606405735015869141e-01,1.758705854415893555e+00,4.449170231819152832e-01,-1.153084754943847656e+00,3.498356342315673828e-01,-1.278493762016296387e+00,1.296095848083496094e+00,-1.021741628646850586e+00,-9.733397364616394043e-01,2.077457666397094727e+00,-1.444346904754638672e+00,-2.783244550228118896e-01,9.778434177860617638e-04,1.193333745002746582e+00,4.983403980731964111e-01,1.330394595861434937e-01,6.257880479097366333e-02,-1.229378819465637207e+00,-2.068229436874389648e+00,-2.715696692466735840e-01,3.975067734718322754e-01,5.848905444145202637e-01,7.162172347307205200e-02,1.099135994911193848e+00,-7.980548739433288574e-01,1.043046355247497559e+00,-5.581240057945251465e-01,6.428425908088684082e-01,1.538546681404113770e-01,1.011095046997070312e+00,1.441804468631744385e-01,-1.129237413406372070e+00,7.287068963050842285e-01,-3.269698917865753174e-01,1.089926064014434814e-01,-4.178808331489562988e-01,-6.098131537437438965e-01,3.002618253231048584e-01,1.430388987064361572e-01,3.509662747383117676e-01,-7.605794668197631836e-01,-6.499937176704406738e-01,1.217162847518920898e+00,3.515073955059051514e-01,8.517705202102661133e-01,-2.022013068199157715e-04,-1.819213330745697021e-01,-1.206666707992553711e+00
4.192008674144744873e-01,-1.589111238718032837e-01,-2.363171100616455078e+00,1.149033188819885254e+00,-3.586977720260620117e-01,2.919726073741912842e-01,-3.787008225917816162e-01,1.273800253868103027e+00,-1.467583894729614258e+00,-3.859526515007019043e-01,-1.883664608001708984e+00,-1.001295000314712524e-01,1.687718749046325684e+00,-7.235814332962036133e-01,-4.496522247791290283e-01,-1.858146548271179199e+00,-8.148113489151000977e-01,-4.436534047126770020e-01,1.063101410865783691e+00,4.680333137512207031e-01,1.376810193061828613e+00,1.324302196502685547e+00,-4.782300293445587158e-01,6.268079876899719238e-01,1.391715884208679199e+00,-2.108029276132583618e-02,-1.022837758064270020e+00,8.713443279266357422e-01,1.607453346252441406e+00,-1.082571625709533691e+00,-1.492820739746093750e+00,-1.383154153823852539e+00,-8.240573406219482422e-01,1.538546919822692871e+00,4.134568944573402405e-02,-2.113537192344665527e-01,4.902063906192779541e-01,1.018248438835144043e+00,-7.149701714515686035e-01,7.277071475982666016e-01,2.276989966630935669e-01,-1.316787123680114746e+00,-4.851253330707550049e-01,7.270852476358413696e-02,5.679494887590408325e-02,4.930512905120849609e-01,-1.339011788368225098e+00,1.847305893898010254e-01,-5.016907453536987305e-01,-1.285933613777160645e+00,3.610462546348571777e-01,-1.205340400338172913e-01,2.196192026138305664e+00,-1.364919900894165039e+00,1.067520002834498882e-03,-4.459374547004699707e-01,-1.101841092109680176e+00,-1.052229285240173340e+00,-8.942522406578063965e-01,-2.109682083129882812e+00,4.378332197666168213e-01,-8.969660401344299316e-01,-8.462134003639221191e-01,-3.933295011520385742e-01,-7.239392995834350586e-01,1.976255774497985840e+00,-1.078423738479614258e+00,-6.053023934364318848e-01,-1.958527266979217529e-01,2.057051420211791992e+00,4.199262261390686035e-01,-1.035734415054321289e+00,-1.251011133193969727e+00,-1.061602011322975159e-01,1.434457778930664062e+00,-9.903380870819091797e-01,3.980551362037658691e-01,-1.079891528934240341e-02,5.841842889785766602e-01,-1.166512608528137207e+00,-3.307407796382904053e-01,1.129518270492553711e+00,-1.210195422172546387e+00,3.282398879528045654e-01,-5.565569996833801270e-01,1.805358052253723145e+00,-5.446932315826416016e-01,1.047662854194641113e+00,3.434238433837890625e-01,5.387387052178382874e-02,1.351865887641906738e+00,-1.181040927767753601e-01,2.367582798004150391e+00,-6.910352706909179688e-01,-1.580090671777725220e-01,4.831346869468688965e-01,5.868660211563110352e-01,7.797017693519592285e-01,2.195943444967269897e-01,4.197700023651123047e-01
-9.444726705551147461e-01,-2.404109954833984375e+00,8.022061586380004883e-01,6.876367926597595215e-01,-7.416761517524719238e-01,-4.801903665065765381e-01,-4.663634002208709717e-01,-3.709113895893096924e-01,8.608764410018920898e-01,1.573739290237426758e+00,-3.866155445575714111e-01,-7.779693603515625000e-01,1.532505631446838379e+00,7.515253871679306030e-02,9.446116089820861816e-01,-3.629991114139556885e-01,1.520502567291259766e-01,-1.213093280792236328e+00,-6.354830265045166016e-01,-2.539500892162322998e-01,-6.967000961303710938e-01,7.414685487747192383e-01,-5.572980046272277832e-01,3.881221711635589600e-01,-2.041608840227127075e-01,1.460527181625366211e+00,7.298047542572021484e-01,-1.375316262245178223e+00,-2.320915013551712036e-01,-3.209862947463989258e+00,5.754824876785278320e-01,4.090469181537628174e-01,-1.488996028900146484e+00,-6.688482165336608887e-01,1.355295330286026001e-01,-7.218264341354370117e-01,1.941047191619873047e+00,-5.530431270599365234e-01,-7.386717796325683594e-01,-3.987159430980682373e-01,1.266322016716003418e+00,-7.784553170204162598e-01,1.320906996726989746e+00,5.972451567649841309e-01,1.355057358741760254e+00,1.476043015718460083e-01,1.438385963439941406e+00,5.077969431877136230e-01,2.637732028961181641e-01,2.590907573699951172e+00,-1.202575206756591797e+00,-6.970858573913574219e-01,8.422388881444931030e-02,5.765145421028137207e-01,8.549290895462036133e-01,2.336110919713973999e-01,-2.279514670372009277e-01,-1.560946226119995117e+00,-1.085875704884529114e-01,7.869215607643127441e-01,9.644373059272766113e-01,-5.126548931002616882e-02,-2.725462615489959717e-01,7.926924228668212891e-01,5.182908177375793457e-01,1.897191643714904785e+00,-9.085205793380737305e-01,-1.087961316108703613e+00,-5.893983840942382812e-01,7.503142952919006348e-01,1.969734132289886475e-01,4.837967753410339355e-01,1.748242527246475220e-01,5.309571623802185059e-01,-1.468698501586914062e+00,-2.590765357017517090e-01,1.647018343210220337e-01,-1.859965682029724121e+00,-1.250729918479919434e+00,-8.585907220840454102e-01,-2.165777921676635742e+00,-1.108803510665893555e+00,-6.826664209365844727e-01,1.676412582397460938e+00,3.711484968662261963e-01,-1.694244623184204102e+00,-5.309458374977111816e-01,1.935274243354797363e+00,5.113779306411743164e-01,-2.332846634089946747e-02,2.234310656785964966e-01,-1.787295788526535034e-01,9.438313841819763184e-01,-2.383657842874526978e-01,1.692381203174591064e-01,-7.403740286827087402e-01,6.861242055892944336e-01,1.059388399124145508e+00,1.836561203002929688e+00,-8.869635462760925293e-01
-3.170680701732635498e-01,1.076672792434692383e+00,1.395969092845916748e-01,-4.552381336688995361e-01,-1.289536118507385254e+00,9.896934628486633301e-01,8.263308405876159668e-01,5.692133903503417969e-01,1.907641649246215820e+00,8.004037141799926758e-01,-1.290219306945800781e+00,-8.788376301527023315e-02,2.575480222702026367e+00,-1.531088799238204956e-01,3.303724825382232666e-01,1.831756979227066040e-01,1.665643453598022461e+00,1.679272502660751343e-01,-7.685994356870651245e-02,-2.440997064113616943e-01,-3.510108590126037598e-01,1.437311649322509766e+00,-6.289757043123245239e-02,7.443656921386718750e-01,-2.761937677860260010e-01,-4.754522442817687988e-01,3.489713966846466064e-01,-1.390669822692871094e+00,-9.737432748079299927e-02,-2.892035432159900665e-02,-3.358885347843170166e-01,3.822991549968719482e-01,-2.857907116413116455e-01,4.223846197128295898e-01,2.323679476976394653e-01,1.104374766349792480e+00,-3.679645061492919922e-01,4.802322760224342346e-02,1.558448076248168945e+00,-1.568958401679992676e+00,1.310715556144714355e+00,-2.741968631744384766e-01,-1.851718872785568237e-01,-2.708859682083129883e+00,3.706154972314834595e-02,-9.814660549163818359e-01,-6.774979084730148315e-02,-1.683033257722854614e-01,6.348422169685363770e-01,1.878240346908569336e+00,-8.647522926330566406e-01,3.135984182357788086e+00,-4.352058172225952148e-01,-6.322765946388244629e-01,-7.717863321304321289e-01,-1.922649621963500977e+00,2.267472028732299805e+00,7.607648521661758423e-02,1.930376529693603516e+00,-5.553576946258544922e-01,1.610339283943176270e+00,1.974776983261108398e-01,3.540527224540710449e-01,-2.352879494428634644e-01,1.488373160362243652e+00,-1.215911433100700378e-01,9.558289051055908203e-01,1.163900256156921387e+00,-1.367130160331726074e+00,9.543345868587493896e-02,7.849064469337463379e-01,-8.211256861686706543e-01,2.239285469055175781e+00,3.843315318226814270e-02,8.877940475940704346e-02,2.666180729866027832e-01,-3.240690827369689941e-01,1.456262588500976562e+00,7.896764874458312988e-01,3.599810600280761719e-01,-8.940399289131164551e-01,5.257554054260253906e-01,3.488418161869049072e-01,-1.452013373374938965e+00,6.815260648727416992e-01,9.086805582046508789e-02,1.848759502172470093e-01,-3.363599777221679688e-01,8.378017544746398926e-01,-1.346944570541381836e+00,-1.275463253259658813e-01,-7.027345299720764160e-01,8.041825294494628906e-01,-6.543788909912109375e-01,1.581647843122482300e-01,-1.179787039756774902e+00,2.668806791305541992e+00,1.060353294014930725e-01,1.333618313074111938e-01,-4.196861386299133301e-01
2.176671177148818970e-01,-1.512463212013244629e+00,-9.516870379447937012e-01,-8.698129653930664062e-01,1.024932265281677246e+00,4.672143161296844482e-01,-2.748325765132904053e-01,1.216162562370300293e+00,2.969877123832702637e-01,4.794906079769134521e-01,5.004320144653320312e-01,7.188499569892883301e-01,8.763830065727233887e-01,2.692931592464447021e-01,3.673308491706848145e-01,-1.056821942329406738e+00,-1.744677305221557617e+00,-2.664706408977508545e-01,-9.696066975593566895e-01,-5.966871976852416992e-01,1.526031851768493652e+00,-1.801509976387023926e+00,4.395333528518676758e-01,1.254133224487304688e+00,1.171119689941406250e+00,4.921205043792724609e-01,1.553237885236740112e-01,3.556773662567138672e-01,-3.720833063125610352e-01,-9.163690209388732910e-01,5.298089608550071716e-02,-1.015273571014404297e+00,4.728433191776275635e-01,-1.359786510467529297e+00,5.355516076087951660e-01,1.129066824913024902e+00,-2.864250838756561279e-01,8.375057578086853027e-01,9.167904853820800781e-01,1.201315283775329590e+00,-8.886044621467590332e-01,1.706195324659347534e-01,1.756247997283935547e+00,-1.220068454742431641e+00,4.018499851226806641e-01,-9.703386425971984863e-01,-9.032540321350097656e-01,2.357919067144393921e-01,-1.176997184753417969e+00,4.714228808879852295e-01,-1.263177394866943359e+00,4.897249937057495117e-01,-8.336585015058517456e-02,8.603400737047195435e-02,-9.659119844436645508e-01,7.108021974563598633e-01,-1.341058611869812012e+00,8.067204952239990234e-01,-6.470190882682800293e-01,1.537131667137145996e-01,-6.017048358917236328e-01,8.072339892387390137e-01,-1.336983323097229004e+00,-1.799252927303314209e-01,1.058968782424926758e+00,-1.357567012310028076e-01,-9.589106589555740356e-02,-8.019574880599975586e-01,-6.165577769279479980e-01,7.391983866691589355e-01,7.387787103652954102e-02,-4.448269307613372803e-01,1.366739869117736816e+00,6.785671710968017578e-01,3.014530539512634277e-01,-1.332984805107116699e+00,8.765043020248413086e-01,-1.788676142692565918e+00,4.776346310973167419e-02,2.262901961803436279e-01,-5.054199695587158203e-01,-1.128956079483032227e+00,2.004257678985595703e+00,9.191311597824096680e-01,-5.907137393951416016e-01,-8.383436799049377441e-01,8.522083163261413574e-01,1.363579750061035156e+00,-1.465083956718444824e+00,-9.643019437789916992e-01,-3.585977256298065186e-01,2.025211334228515625e+00,1.508733272552490234e+00,-1.540344595909118652e+00,9.055380225181579590e-01,1.077371954917907715e+00,6.747640967369079590e-01,-8.317777514457702637e-01,-3.746709227561950684e-02,-1.274127364158630371e-01
-1.193392276763916016e-01,2.117999047040939331e-01,1.896334767341613770e+00,1.295849323272705078e+00,-5.023880004882812500e-01,-5.103994905948638916e-02,8.189544677734375000e-01,1.477900147438049316e+00,-4.085711836814880371e-01,1.760826945304870605e+00,7.565688490867614746e-01,-1.784325122833251953e+00,5.934232473373413086e-01,-1.229541540145874023e+00,7.729327082633972168e-01,-4.355535805225372314e-01,1.875268667936325073e-01,-1.582512736320495605e+00,9.578884840011596680e-01,9.274664521217346191e-01,-8.107682317495346069e-02,-5.937776565551757812e-01,-6.853561848402023315e-02,1.256950199604034424e-01,9.596789479255676270e-01,-4.177293777465820312e-01,-1.303110122680664062e+00,-1.009926795959472656e+00,-1.456767678260803223e+00,-2.420137077569961548e-01,1.742050051689147949e+00,-1.242964506149291992e+00,-1.587664335966110229e-01,1.847759842872619629e+00,-7.997926473617553711e-01,-1.080231070518493652e+00,7.832779288291931152e-01,1.515978276729583740e-01,1.885981917381286621e+00,-3.122355341911315918e-01,1.331338286399841309e+00,-1.436756610870361328e+00,2.742759883403778076e-01,3.916337192058563232e-01,-8.371819257736206055e-01,8.317041993141174316e-01,2.031606912612915039e+00,-7.903290987014770508e-01,-2.013590097427368164e+00,1.811767578125000000e+00,2.180333137512207031e+00,4.487520456314086914e-01,-2.505587041378021240e-01,-8.874439597129821777e-01,9.062690138816833496e-01,1.695265650749206543e+00,-2.617399021983146667e-02,-1.171379804611206055e+00,-2.302667796611785889e-01,5.419773459434509277e-01,-7.552790641784667969e-01,-6.213679164648056030e-02,-2.311213016510009766e+00,-4.560204744338989258e-01,-2.663983702659606934e-01,-4.173589646816253662e-01,3.433837652206420898e+00,-2.342187166213989258e+00,2.321895211935043335e-01,3.940287530422210693e-01,6.679663062095642090e-01,-1.031264066696166992e+00,-8.604983687400817871e-01,-6.853675246238708496e-01,4.742619693279266357e-01,9.595245122909545898e-01,8.374170213937759399e-02,8.753089234232902527e-03,7.750807404518127441e-01,1.146730303764343262e+00,6.576536297798156738e-01,4.005077183246612549e-01,-9.447809457778930664e-01,4.014101922512054443e-01,6.680730581283569336e-01,-5.247278213500976562e-01,-4.341290891170501709e-01,-8.814557194709777832e-01,-4.272064864635467529e-01,5.760950446128845215e-01,-5.413957834243774414e-01,1.901981085538864136e-01,1.128443360328674316e+00,-1.740944385528564453e-01,-4.855553507804870605e-01,1.812593340873718262e-01,2.105482071638107300e-01,-9.660059213638305664e-02,4.144898951053619385e-01,-5.315053462982177734e-01
1.388935685157775879e+00,8.938136100769042969e-01,-5.974691733717918396e-02,-1.994128972291946411e-01,1.119969844818115234e+00,-1.310745954513549805e+00,-5.214838981628417969e-01,-9.845077246427536011e-02,-6.479112505912780762e-01,8.525488972663879395e-01,4.579783380031585693e-01,1.316424846649169922e+00,-3.678814470767974854e-01,1.120317459106445312e+00,9.892901182174682617e-01,-4.344605505466461182e-01,-1.616651892662048340e+00,-1.791567802429199219e+00,1.233987092971801758e+00,9.363057464361190796e-02,2.736841738224029541e-01,1.559979766607284546e-01,-3.808433413505554199e-01,-9.570996761322021484e-01,-5.883271098136901855e-01,-7.298662662506103516e-01,-7.486829906702041626e-02,5.262467861175537109e-01,-2.784708142280578613e-01,8.722389936447143555e-01,3.062507212162017822e-01,-1.356181502342224121e+00,-7.701225876808166504e-01,7.811060547828674316e-01,8.083692938089370728e-02,-1.264848858118057251e-01,1.034227490425109863e+00,1.136295795440673828e+00,-3.325734138488769531e-01,1.525279283523559570e+00,5.114509910345077515e-02,3.331781923770904541e-02,1.247540712356567383e-01,-1.558551788330078125e-01,1.585399270057678223e+00,1.382050633430480957e+00,-1.173124670982360840e+00,3.234351277351379395e-01,6.900964379310607910e-01,-1.210426688194274902e+00,-1.394961714744567871e+00,4.935783445835113525e-01,-6.188685297966003418e-01,1.427998065948486328e+00,-3.911357522010803223e-01,5.020447969436645508e-01,3.806996941566467285e-01,-1.069509744644165039e+00,-1.179485678672790527e+00,-4.080542922019958496e-01,5.784132480621337891e-01,-7.218638658523559570e-01,9.583630561828613281e-01,2.737950384616851807e-01,-1.550526976585388184e+00,-6.559714674949645996e-02,-4.857934117317199707e-01,-9.861906170845031738e-01,-3.782119154930114746e-01,-6.701478362083435059e-01,-2.510285079479217529e-01,6.718785762786865234e-01,1.375276684761047363e+00,7.906840443611145020e-01,-1.102874755859375000e+00,-8.906114846467971802e-02,9.542786329984664917e-02,-1.616888761520385742e+00,-1.867357969284057617e+00,8.800320029258728027e-01,1.053771972656250000e+00,1.897275924682617188e+00,1.475947737693786621e+00,1.379110097885131836e+00,-2.537169754505157471e-01,1.763225555419921875e+00,-3.261424899101257324e-01,2.363205142319202423e-02,6.854554414749145508e-01,-1.249951839447021484e+00,-1.002391934394836426e+00,9.945121407508850098e-01,1.817765831947326660e+00,-1.751216173171997070e+00,-4.470615386962890625e-01,-1.063946485519409180e+00,-5.391426756978034973e-02,1.357561945915222168e+00,3.465636372566223145e-01,2.037447541952133179e-01
2.471353858709335327e-02,-1.247087955474853516e+00,-8.694001287221908569e-02,1.870345473289489746e+00,-4.525144770741462708e-02,9.206940531730651855e-01,-3.754191100597381592e-01,2.610319614410400391e+00,1.032791256904602051e+00,-1.780670285224914551e-01,-7.933979034423828125e-01,-6.879463195800781250e-01,5.180410146713256836e-01,-1.630772799253463745e-01,-1.508491635322570801e+00,5.385342240333557129e-01,9.878208637237548828e-01,-1.159971356391906738e+00,-1.921840012073516846e-01,-3.301148414611816406e-01,2.121271342039108276e-01,-1.544050455093383789e+00,6.690229773521423340e-01,3.124745190143585205e-01,-4.570174515247344971e-01,2.021490931510925293e-01,-2.161675214767456055e+00,-1.202193796634674072e-01,-3.309154417365789413e-03,2.728119678795337677e-02,1.732076764106750488e+00,-6.087434291839599609e-01,1.407790780067443848e-01,1.260227322578430176e+00,-6.600061058998107910e-01,9.562247991561889648e-01,2.991669252514839172e-02,-1.508213996887207031e+00,1.665796637535095215e-01,-1.347743391990661621e+00,6.552719473838806152e-01,3.016889691352844238e-01,-5.641492605209350586e-01,2.797228693962097168e-01,2.714279294013977051e-01,1.243961900472640991e-01,-8.333447575569152832e-01,1.177721738815307617e+00,3.274123370647430420e-01,-4.870771467685699463e-01,-5.746486186981201172e-01,-4.576784670352935791e-01,7.188070416450500488e-01,-1.371784973889589310e-02,-1.988275945186614990e-01,-7.122368216514587402e-01,-1.619122773408889771e-01,-9.905707836151123047e-02,-4.631094932556152344e-01,-9.607219099998474121e-01,2.311265841126441956e-02,-1.705962657928466797e+00,-4.542847275733947754e-01,-2.039649039506912231e-01,-6.586110591888427734e-01,2.507461905479431152e-01,-3.598547875881195068e-01,-3.199443817138671875e-01,1.356476068496704102e+00,-5.573504567146301270e-01,2.606802880764007568e-01,-9.241296052932739258e-01,3.562762439250946045e-01,-1.579071044921875000e+00,7.328068017959594727e-01,-6.655283570289611816e-01,1.984246224164962769e-01,-2.239895105361938477e+00,-1.105646729469299316e+00,-1.314587116241455078e+00,7.764429450035095215e-01,5.138539671897888184e-01,-1.494222283363342285e+00,-7.133239507675170898e-01,8.874080777168273926e-01,8.482826948165893555e-01,3.803296387195587158e-01,7.262695580720901489e-02,-9.110974073410034180e-01,-5.444334745407104492e-01,-1.336074709892272949e+00,8.294608592987060547e-01,2.819933593273162842e-01,1.642604470252990723e+00,7.852230668067932129e-01,5.354360938072204590e-01,8.693231344223022461e-01,-1.102448344230651855e+00,-7.109563350677490234e-01,-1.613292932510375977e+00
5.315690040588378906e-01,-1.333600401878356934e+00,7.498403787612915039e-01,-8.555105328559875488e-01,-3.655196726322174072e-01,-1.183768138289451599e-01,5.090560317039489746e-01,-1.494094252586364746e+00,2.092258691787719727e+00,-5.694979429244995117e-01,-8.548979163169860840e-01,-8.911547660827636719e-01,8.708822727203369141e-01,-9.613971710205078125e-01,8.447149395942687988e-01,-8.710230588912963867e-01,-2.342656373977661133e+00,-1.539786577224731445e+00,8.657760620117187500e-01,-1.160728931427001953e+00,8.597707152366638184e-01,-7.459435146301984787e-03,5.162745118141174316e-01,-1.039392232894897461e+00,-6.428968906402587891e-02,1.275434792041778564e-01,5.472246408462524414e-01,1.087079644203186035e+00,6.841452121734619141e-01,2.273112058639526367e+00,-2.102388620376586914e+00,-1.202409937977790833e-01,1.048730731010437012e+00,-2.835377454757690430e-01,-1.044163823127746582e+00,4.810337126255035400e-01,5.389806032180786133e-01,2.997056245803833008e-01,4.522803127765655518e-01,1.068323016166687012e+00,4.598543047904968262e-01,4.679527878761291504e-02,-2.758441567420959473e-01,1.041223406791687012e+00,8.232805877923965454e-02,-1.300006747245788574e+00,-5.460628867149353027e-01,-1.641920208930969238e+00,-8.302836120128631592e-02,-4.236977696418762207e-01,-9.273153543472290039e-02,-8.395928144454956055e-01,1.577954530715942383e+00,7.523496150970458984e-01,8.373852372169494629e-01,-8.528770208358764648e-01,7.859368324279785156e-01,-1.250315666198730469e+00,5.435614585876464844e-01,-2.043801993131637573e-01,-5.504969954490661621e-01,1.148133277893066406e-01,1.778236478567123413e-01,-1.844916790723800659e-01,9.925643205642700195e-01,1.553403496742248535e+00,1.780294299125671387e+00,6.697686314582824707e-01,-1.919711232185363770e+00,5.640378594398498535e-01,-7.760433554649353027e-01,9.315284490585327148e-01,-9.033768177032470703e-01,4.271629452705383301e-01,7.099954485893249512e-01,-3.280576169490814209e-01,-2.156877815723419189e-01,7.335358262062072754e-01,3.002838231623172760e-03,-1.472277879714965820e+00,1.650073647499084473e+00,3.758018612861633301e-01,9.967225790023803711e-01,-1.538712739944458008e+00,1.106763243675231934e+00,4.054790362715721130e-02,7.561793327331542969e-01,-1.894078493118286133e+00,-2.142738848924636841e-01,-6.328895092010498047e-01,7.255158424377441406e-01,-1.811895221471786499e-01,3.563119471073150635e-01,-7.609208822250366211e-01,-5.974385738372802734e-01,-1.919288992881774902e+00,5.435674190521240234e-01,3.149526119232177734e-01,1.703233242034912109e+00,-6.207084283232688904e-02
-1.154834032058715820e+00,3.894520998001098633e-01,7.357406020164489746e-01,-1.527650654315948486e-02,-8.896723389625549316e-01,-2.373500585556030273e+00,-4.627464413642883301e-01,1.166900753974914551e+00,-7.995254360139369965e-03,-1.105456128716468811e-01,1.458015739917755127e-01,5.941226482391357422e-01,-7.910819649696350098e-01,-1.229023456573486328e+00,-1.990288728848099709e-03,-6.910836696624755859e-01,-1.199133515357971191e+00,1.608048230409622192e-01,-1.159022212028503418e+00,-6.160937547683715820e-01,1.715420484542846680e-01,2.261257171630859375e+00,1.301976561546325684e+00,1.208639025688171387e+00,-1.115216538310050964e-01,8.921687006950378418e-01,1.532182991504669189e-01,-4.016852080821990967e-01,-8.070960640907287598e-01,-4.981038272380828857e-01,2.731495618820190430e+00,-1.054048895835876465e+00,-6.130622029304504395e-01,6.614152193069458008e-01,1.927587538957595825e-01,1.097379446029663086e+00,-5.615675449371337891e-02,2.324303686618804932e-01,1.642087846994400024e-01,-1.248968169093132019e-01,2.129451036453247070e+00,3.812106251716613770e-01,5.642384886741638184e-01,-5.206235125660896301e-02,9.313760399818420410e-01,7.138507962226867676e-01,-4.839908182621002197e-01,5.837016701698303223e-01,-1.334186673164367676e+00,5.254954099655151367e-01,-6.399423480033874512e-01,1.752796649932861328e+00,6.000327318906784058e-02,4.314052164554595947e-01,7.409466505050659180e-01,1.721798300743103027e+00,6.633924245834350586e-01,-1.402212023735046387e+00,6.758209466934204102e-01,-1.147703975439071655e-01,1.944537043571472168e+00,-1.812722533941268921e-01,8.697173595428466797e-01,-1.704490065574645996e+00,3.549935519695281982e-01,-1.729713201522827148e+00,-7.003767490386962891e-01,-5.996193885803222656e-01,-2.067886829376220703e+00,-5.249302387237548828e-01,3.435899019241333008e-01,-1.548830032348632812e+00,8.218008279800415039e-01,6.423723101615905762e-01,8.379276394844055176e-01,8.112559914588928223e-01,5.660150647163391113e-01,-1.512724518775939941e+00,6.664664149284362793e-01,-1.202424049377441406e+00,5.769804120063781738e-01,-6.020466089248657227e-01,1.755805850028991699e+00,-2.001945495605468750e+00,2.912060320377349854e-01,-1.388391375541687012e+00,-1.756548404693603516e+00,-6.807847619056701660e-01,-5.801845788955688477e-01,-1.416281580924987793e+00,-2.810602486133575439e-01,1.300962209701538086e+00,2.125270217657089233e-01,-7.793971300125122070e-01,9.743567705154418945e-01,8.444397449493408203e-01,-1.128457263112068176e-01,4.993096590042114258e-01,-6.138834953308105469e-01,-2.004724979400634766e+00
-5.793926119804382324e-01,-1.359509378671646118e-01,8.367792963981628418e-01,7.841431498527526855e-01,-2.954705357551574707e-01,-7.841648459434509277e-01,-6.126987934112548828e-01,-3.979594111442565918e-01,-1.423280954360961914e+00,-5.992712974548339844e-01,-6.449214816093444824e-01,8.359148502349853516e-01,1.598864793777465820e+00,-1.087098836898803711e+00,-9.649191796779632568e-02,5.902750492095947266e-01,1.261105060577392578e+00,-4.663280546665191650e-01,4.262682199478149414e-01,6.098157763481140137e-01,9.258217811584472656e-01,-7.642551064491271973e-01,1.590702056884765625e+00,9.156147837638854980e-01,-1.841490149497985840e+00,-7.488957047462463379e-01,-8.992978334426879883e-01,-6.100848913192749023e-01,-1.447053790092468262e+00,-9.827426075935363770e-01,-1.863736867904663086e+00,4.710870385169982910e-01,1.292203664779663086e+00,2.297959923744201660e-01,-1.469578593969345093e-01,2.135283350944519043e-01,-1.384984999895095825e-01,-5.062592029571533203e-01,-4.738381803035736084e-01,-4.079081118106842041e-01,-7.046361565589904785e-01,-9.522829651832580566e-01,-1.882214248180389404e-01,2.922953069210052490e-01,2.011420577764511108e-01,-5.780073404312133789e-01,3.568151295185089111e-01,-6.426972746849060059e-01,-1.124692320823669434e+00,4.760548472404479980e-01,1.062448382377624512e+00,5.941047668457031250e-01,-6.563393473625183105e-01,2.298012375831604004e-01,2.118889614939689636e-02,-1.181382298469543457e+00,3.413119912147521973e-01,-3.507273197174072266e-01,6.297033429145812988e-01,-1.240203142166137695e+00,-6.638781428337097168e-01,-4.041260182857513428e-01,-3.360325992107391357e-01,-5.461724400520324707e-01,3.095859885215759277e-01,3.894417583942413330e-01,-2.652728259563446045e-01,1.946939945220947266e+00,-3.675090074539184570e-01,1.112375736236572266e+00,-1.555702537298202515e-01,1.641577839851379395e+00,3.682255446910858154e-01,1.119545221328735352e+00,8.843918442726135254e-01,-6.744904518127441406e-01,-2.695478498935699463e-01,-4.782076478004455566e-01,5.283762216567993164e-01,-1.237766504287719727e+00,1.195435166358947754e+00,-1.863429546356201172e+00,3.162229955196380615e-01,4.059064388275146484e-01,-1.540060490369796753e-01,-4.366845190525054932e-01,4.536281526088714600e-01,1.579633802175521851e-01,4.682367742061614990e-01,-8.462343364953994751e-02,-1.079465627670288086e+00,7.265154123306274414e-01,-1.120364904403686523e+00,5.245336294174194336e-01,-4.115901291370391846e-01,7.927383184432983398e-01,-8.275874853134155273e-01,1.184258460998535156e-01,6.217773556709289551e-01,-1.809991478919982910e+00
-2.275644302368164062e+00,3.911093473434448242e-01,1.484638929367065430e+00,2.177064418792724609e+00,4.152944684028625488e-01,-1.074835658073425293e+00,-7.009682059288024902e-01,-1.365447878837585449e+00,8.248957991600036621e-01,5.029436349868774414e-01,5.732363462448120117e-01,-6.604825258255004883e-01,-5.052793421782553196e-04,-9.980823993682861328e-01,-1.131681561470031738e+00,-1.920120239257812500e+00,-2.520887255668640137e-01,2.894712388515472412e-01,1.191184878349304199e+00,-2.014316558837890625e+00,-1.265830159187316895e+00,-9.185028076171875000e-01,8.987453579902648926e-02,2.142600268125534058e-01,1.348130106925964355e-01,2.637905180454254150e-01,9.327302575111389160e-01,-5.061371922492980957e-01,-1.999598294496536255e-01,7.395145893096923828e-01,-1.262897811830043793e-02,4.205315113067626953e-01,3.881344199180603027e-01,6.500151753425598145e-01,3.601166307926177979e-01,2.242131233215332031e-01,-1.014996051788330078e+00,-1.200330376625061035e+00,-1.513219118118286133e+00,-2.966386079788208008e-01,3.725132644176483154e-01,-2.128787785768508911e-01,-3.788372278213500977e-01,-1.350071549415588379e+00,-2.590966224670410156e-01,5.383440852165222168e-01,2.117457866668701172e+00,8.130899667739868164e-01,4.130038619041442871e-01,-1.269995570182800293e+00,-1.852503418922424316e-01,-9.023413062095642090e-01,-2.110043168067932129e-01,-2.695094048976898193e-01,5.338543653488159180e-01,7.739261388778686523e-01,-8.628660440444946289e-01,-5.658995509147644043e-01,-1.383776903152465820e+00,7.393471598625183105e-01,-1.897874623537063599e-01,-1.343484967947006226e-01,-6.231963038444519043e-01,1.531424522399902344e-01,1.597233265638351440e-01,1.203131914138793945e+00,8.558082580566406250e-02,-1.839050292968750000e+00,-2.428392320871353149e-01,-2.552300453186035156e+00,4.823625981807708740e-01,-1.272285223007202148e+00,-2.192770719528198242e+00,-1.659199446439743042e-01,-2.085960209369659424e-01,1.313412547111511230e+00,7.432077527046203613e-01,8.222161531448364258e-01,-3.798644840717315674e-01,-2.493331432342529297e-01,-7.052664160728454590e-01,-1.895354151725769043e+00,-8.441762924194335938e-01,-2.826021015644073486e-01,-1.545649021863937378e-01,-2.920019865036010742e+00,8.203251361846923828e-01,-6.492889523506164551e-01,8.430796265602111816e-01,6.141074299812316895e-01,-1.322400569915771484e+00,-8.809020519256591797e-01,-8.176766633987426758e-01,-4.750285744667053223e-01,7.620670199394226074e-01,-1.508533239364624023e+00,-5.048102140426635742e-01,1.928668141365051270e+00,2.325328111648559570e+00,9.510454535484313965e-01
-1.898517459630966187e-01,-1.111809134483337402e+00,-8.172427415847778320e-01,4.947428107261657715e-01,2.299075424671173096e-01,2.314317822456359863e-01,1.581291675567626953e+00,-6.380201131105422974e-02,1.477855443954467773e-01,1.418596386909484863e+00,1.196337223052978516e+00,2.124762296676635742e+00,-8.656195551156997681e-02,-4.118530452251434326e-01,5.372567772865295410e-01,3.093463480472564697e-01,-4.315863251686096191e-01,6.331046819686889648e-01,8.179410696029663086e-01,1.599994778633117676e+00,7.967839241027832031e-01,7.800661921501159668e-01,5.507963299751281738e-01,-1.768460988998413086e+00,1.838952302932739258e-01,-1.050029873847961426e+00,1.419495493173599243e-01,1.713051795959472656e+00,-5.842168927192687988e-01,-2.192107886075973511e-01,2.259114027023315430e+00,-1.745400875806808472e-01,2.491574883460998535e-01,1.124694466590881348e+00,6.290735602378845215e-01,-4.038786515593528748e-02,8.379457890987396240e-02,1.674723476171493530e-01,-1.261943578720092773e-01,7.773054242134094238e-01,8.323689103126525879e-01,-3.744501993060112000e-02,1.396701335906982422e+00,6.620517969131469727e-01,-4.752520024776458740e-01,-1.322279453277587891e+00,2.075316190719604492e+00,1.802769899368286133e-01,1.882144689559936523e+00,-4.170646369457244873e-01,6.062728762626647949e-01,-2.793421745300292969e-01,6.527116894721984863e-02,1.763061136007308960e-01,-8.295966386795043945e-01,-2.167301416397094727e+00,-1.567816853523254395e+00,-1.061510369181632996e-01,1.286538243293762207e+00,-5.825299397110939026e-02,1.325531210750341415e-02,1.122834980487823486e-01,-1.267527103424072266e+00,-1.020923733711242676e+00,2.709249019622802734e+00,7.707148194313049316e-01,6.148222088813781738e-01,7.256156206130981445e-01,-4.599170684814453125e-01,-5.629520416259765625e-01,-1.429765671491622925e-01,-2.143870443105697632e-01,1.541503548622131348e+00,4.407097585499286652e-03,3.745867684483528137e-02,1.238890171051025391e+00,2.641773223876953125e+00,-1.679065972566604614e-01,-3.812835514545440674e-01,6.747024655342102051e-01,-8.082589507102966309e-02,5.253553390502929688e-01,5.553243160247802734e-01,2.453340053558349609e+00,5.454685091972351074e-01,5.981146693229675293e-01,1.376888751983642578e-01,1.663117051124572754e+00,2.221457660198211670e-01,1.266116142272949219e+00,-7.002637386322021484e-01,7.604739665985107422e-01,7.171848416328430176e-02,-5.423660874366760254e-01,-6.738716363906860352e-01,-6.509411931037902832e-01,-1.590713858604431152e-01,-8.598201870918273926e-01,-1.061277031898498535e+00,2.176606178283691406e+00
-6.461808681488037109e-01,-8.979940414428710938e-01,3.845198452472686768e-01,-5.226822495460510254e-01,1.424324512481689453e+00,3.775842189788818359e-01,1.466162323951721191e+00,6.817301511764526367e-01,6.690379381179809570e-01,-1.935665756464004517e-01,1.303210735321044922e+00,1.215846538543701172e+00,-6.599478721618652344e-01,-2.366248965263366699e-01,-1.519269585609436035e+00,1.459459304809570312e+00,-1.311604738235473633e+00,7.205547094345092773e-01,-1.455749630928039551e+00,-1.583706021308898926e+00,8.484956026077270508e-01,6.802278161048889160e-01,8.377982974052429199e-01,7.312244772911071777e-01,-4.084534347057342529e-01,-5.351309776306152344e-01,-9.964783489704132080e-02,2.435927987098693848e-01,1.947153806686401367e+00,1.183902502059936523e+00,9.792235493659973145e-01,-1.459219902753829956e-01,-1.527074277400970459e-01,-9.860730171203613281e-01,-5.843554735183715820e-01,-9.049659371376037598e-01,5.267791152000427246e-01,-7.200012207031250000e-01,-1.477132558822631836e+00,2.029898613691329956e-01,6.914376020431518555e-01,9.395591616630554199e-01,-3.819508552551269531e-01,8.084505200386047363e-01,1.759317874908447266e+00,-1.746769785881042480e+00,1.183858633041381836e+00,7.897431850433349609e-01,-1.554111480712890625e+00,1.070683598518371582e+00,3.126027584075927734e-01,1.641206979751586914e+00,4.332222640514373779e-01,-9.226999282836914062e-01,1.704405546188354492e-01,3.725040853023529053e-01,-5.694367885589599609e-01,1.194028854370117188e+00,1.267142057418823242e+00,-3.859598934650421143e-02,7.982505559921264648e-01,-9.760535955429077148e-01,1.500550150871276855e+00,5.211453437805175781e-01,-9.182422757148742676e-01,-5.701261758804321289e-01,-1.001440286636352539e+00,-1.529581427574157715e+00,1.676477909088134766e+00,-3.442760407924652100e-01,-1.642261028289794922e+00,-1.068460822105407715e+00,5.692010745406150818e-02,-1.079406775534152985e-02,-7.769652009010314941e-01,1.412967499345541000e-02,1.069930046796798706e-01,-1.567348837852478027e-01,1.375691127032041550e-02,-1.611472815275192261e-01,4.079940915107727051e-01,1.080814242362976074e+00,2.096551656723022461e+00,2.098637670278549194e-01,-2.362341731786727905e-01,-5.906928777694702148e-01,1.581859290599822998e-01,7.908881902694702148e-01,3.553450405597686768e-01,4.544048607349395752e-01,6.597925424575805664e-01,-4.946523606777191162e-01,-7.725749611854553223e-01,-1.551467895507812500e+00,-7.557085752487182617e-01,5.982654094696044922e-01,-2.204309225082397461e+00,4.849426448345184326e-01,-9.220671653747558594e-01,5.839408040046691895e-01
-7.332195043563842773e-01,6.559783220291137695e-01,-9.983600378036499023e-01,-2.776362001895904541e-01,1.678512096405029297e-01,-6.944370269775390625e-01,6.248139739036560059e-01,1.417629718780517578e+00,1.633756160736083984e-01,-3.553027510643005371e-01,5.343745946884155273e-01,6.737025976181030273e-01,1.163641810417175293e-01,-3.408931791782379150e-01,-1.351204276084899902e+00,1.102274417877197266e+00,1.978682130575180054e-01,-1.165825277566909790e-01,1.625264883041381836e+00,-8.845219612121582031e-01,-1.468041539192199707e-01,-2.531879544258117676e-01,-5.939734578132629395e-01,1.119069457054138184e+00,-4.587668776512145996e-01,4.778724014759063721e-01,-1.421538233757019043e+00,-9.568528085947036743e-02,6.141333281993865967e-02,-1.345826268196105957e+00,2.721984624862670898e+00,-1.070013523101806641e+00,1.110452771186828613e+00,2.461892515420913696e-01,7.365719079971313477e-01,6.756659746170043945e-01,-5.178265571594238281e-01,4.461264312267303467e-01,-1.711772531270980835e-01,-1.180967807769775391e+00,-1.690303564071655273e+00,8.835637569427490234e-01,4.507891535758972168e-01,5.338965654373168945e-01,-3.590015769004821777e-01,-1.165172457695007324e+00,-7.859032750129699707e-01,7.512926459312438965e-01,-2.882196307182312012e-01,7.497260570526123047e-01,-3.683692812919616699e-01,2.659024670720100403e-02,-3.206210136413574219e-01,-1.235356807708740234e+00,2.597768045961856842e-02,1.278818845748901367e+00,1.477482438087463379e+00,1.352789163589477539e+00,7.464322447776794434e-01,-2.073970586061477661e-01,7.427861094474792480e-01,2.661817967891693115e-01,-1.689578443765640259e-01,-3.180462718009948730e-01,-2.468759536743164062e+00,6.227406859397888184e-01,-1.380243062973022461e+00,1.536061644554138184e+00,-8.339561820030212402e-01,1.534065753221511841e-01,9.933813810348510742e-01,3.923597633838653564e-01,4.046650826930999756e-01,7.142376899719238281e-01,-4.082663953304290771e-01,-1.838875114917755127e-01,-1.895689010620117188e+00,-6.641030311584472656e-02,1.979600638151168823e-01,1.092977046966552734e+00,1.140832185745239258e+00,-5.242825150489807129e-01,-1.051702141761779785e+00,-6.052915453910827637e-01,-6.888621300458908081e-02,6.727226972579956055e-01,2.153704881668090820e+00,-1.872246503829956055e+00,-1.576970666646957397e-01,9.018272757530212402e-01,-1.798848390579223633e+00,1.889917999505996704e-01,5.024636387825012207e-01,1.301127821207046509e-01,-1.073757290840148926e+00,-1.213015437126159668e+00,-2.387493610382080078e+00,-1.635073781013488770e+00,2.391130477190017700e-01,3.198347985744476318e-01
3.732026815414428711e-01,-1.043889403343200684e+00,7.856803536415100098e-01,-3.694137632846832275e-01,1.093397736549377441e+00,1.613231450319290161e-01,-1.483182549476623535e+00,-9.654380083084106445e-01,-7.312121391296386719e-01,3.930075466632843018e-01,3.306243419647216797e-01,-7.252247333526611328e-01,1.213696449995040894e-01,-5.595579147338867188e-01,-7.594712078571319580e-02,1.814228177070617676e+00,1.193663597106933594e+00,-6.200171709060668945e-01,-3.096260130405426025e-01,-1.195780873298645020e+00,1.632776498794555664e+00,9.292389750480651855e-01,-7.257172465324401855e-02,-4.904939532279968262e-01,9.039504826068878174e-02,-8.024643063545227051e-01,-1.624207973480224609e+00,7.736864089965820312e-01,-2.018543481826782227e+00,4.997349902987480164e-02,-7.639209181070327759e-02,7.279661893844604492e-01,-3.704294264316558838e-01,-1.202352166175842285e+00,-2.878115653991699219e+00,-5.355579257011413574e-01,4.826384037733078003e-02,-1.445366621017456055e+00,-4.425128102302551270e-01,-4.524884223937988281e-01,-2.051845073699951172e+00,3.314325511455535889e-01,1.917884588241577148e+00,5.820177793502807617e-01,4.704131782054901123e-01,-1.450234055519104004e+00,2.453217506408691406e+00,-1.309892892837524414e+00,5.252000689506530762e-01,-6.818255037069320679e-02,-6.629620790481567383e-01,1.588303923606872559e+00,1.328793644905090332e+00,-5.318791270256042480e-01,3.827477693557739258e-01,2.975785732269287109e-01,7.179504632949829102e-01,1.850932389497756958e-01,-2.041954755783081055e+00,3.111864328384399414e-01,6.027868390083312988e-01,4.153302609920501709e-01,-3.256849646568298340e-01,-2.525720596313476562e-01,5.538794994354248047e-01,-8.759407997131347656e-01,-1.803084015846252441e+00,-1.022751212120056152e+00,-4.121136069297790527e-01,6.661928296089172363e-01,-1.098924279212951660e+00,-7.072005271911621094e-01,-1.472669363021850586e+00,-3.819357156753540039e-01,2.012441903352737427e-01,-1.649202823638916016e+00,-1.108663678169250488e+00,-6.236785650253295898e-01,-6.766134500503540039e-01,3.246060758829116821e-02,-1.697681546211242676e+00,-7.276184558868408203e-01,7.095901966094970703e-01,5.402740240097045898e-01,-5.768577009439468384e-02,2.250414788722991943e-01,6.658567786216735840e-01,1.396363973617553711e+00,3.969002068042755127e-01,-4.305674731731414795e-01,-2.147494554519653320e+00,-1.350188016891479492e+00,-1.103301905095577240e-02,5.802694559097290039e-01,-4.054533839225769043e-01,6.331551820039749146e-02,4.602946639060974121e-01,1.110428571701049805e+00,-3.930026888847351074e-01,-1.463157534599304199e-01
-1.942669041454792023e-02,-6.989113688468933105e-01,8.687634468078613281e-01,-1.690427303314208984e+00,-1.603861570358276367e+00,1.642961353063583374e-01,1.637856602668762207e+00,-1.765200644731521606e-01,-7.617223858833312988e-01,1.245133161544799805e+00,2.069585800170898438e+00,1.415508747100830078e+00,1.551378816366195679e-01,-6.358568072319030762e-01,-1.092268109321594238e+00,1.253384470939636230e+00,3.498827517032623291e-01,-7.995322942733764648e-01,-7.278954386711120605e-01,-7.754683494567871094e-02,-2.046821117401123047e+00,-2.046275585889816284e-01,4.342614710330963135e-01,-7.441192865371704102e-01,-1.236993789672851562e+00,7.143956422805786133e-01,-1.088154673576354980e+00,4.997532665729522705e-01,-9.083991646766662598e-01,-1.668831110000610352e+00,-2.720975875854492188e-01,5.601674914360046387e-01,-1.275332421064376831e-01,-7.119088172912597656e-01,-6.501856446266174316e-01,2.847398221492767334e-01,2.267085760831832886e-01,-1.753016591072082520e+00,-1.464908719062805176e+00,5.986266732215881348e-01,-1.015581846237182617e+00,-1.328652024269104004e+00,-4.383084923028945923e-02,1.874441981315612793e+00,-3.130391538143157959e-01,-1.575623631477355957e+00,-3.559303581714630127e-01,-2.713570594787597656e-01,9.469463676214218140e-02,5.422945320606231689e-02,-4.769568741321563721e-01,-5.105885863304138184e-01,5.650707483291625977e-01,9.791320562362670898e-01,9.034404158592224121e-01,-1.431782126426696777e+00,2.855853438377380371e-01,2.568956136703491211e+00,9.023304581642150879e-01,-6.588100790977478027e-01,9.295325279235839844e-01,-7.361912131309509277e-01,-7.452643513679504395e-01,9.196749925613403320e-01,9.641579389572143555e-01,-6.507999300956726074e-01,-5.176416039466857910e-01,-1.620836377143859863e+00,-1.046170711517333984e+00,-1.397022843360900879e+00,-6.093249917030334473e-01,2.188347727060317993e-01,-3.129877746105194092e-01,9.052876234054565430e-01,-7.533499002456665039e-01,7.967708110809326172e-01,4.875644743442535400e-01,-1.214070796966552734e+00,-1.490618467330932617e+00,9.143631458282470703e-01,-5.465661734342575073e-02,-4.775519371032714844e-01,-1.309715986251831055e+00,5.253940224647521973e-01,1.557484388351440430e+00,2.480133920907974243e-01,6.808847784996032715e-01,1.533812165260314941e+00,3.827962577342987061e-01,-1.268374800682067871e+00,8.358713984489440918e-02,6.028056740760803223e-01,1.218401119112968445e-01,1.244988083839416504e+00,1.154895067214965820e+00,2.231033086776733398e+00,-4.430021941661834717e-01,1.799825429916381836e-01,-2.281754016876220703e-01,-1.513235449790954590e+00
-1.059409022331237793e+00,-2.826379537582397461e-01,9.655710458755493164e-01,-4.789607524871826172e-01,2.922234535217285156e-01,-1.501621723175048828e+00,-1.838443517684936523e+00,-7.397662401199340820e-01,-7.990000844001770020e-01,4.575507938861846924e-01,1.568070292472839355e+00,1.527878999710083008e+00,4.715288877487182617e-01,5.037443637847900391e-01,-1.459450960159301758e+00,-1.148066401481628418e+00,-5.006582736968994141e-01,1.081106305122375488e+00,3.696615099906921387e-01,-4.722638130187988281e-01,-1.830969929695129395e+00,5.353155136108398438e-01,-9.681086987257003784e-02,1.439388543367385864e-01,-2.122612237930297852e+00,1.320612430572509766e+00,1.403244972229003906e+00,1.549401164054870605e+00,2.544701993465423584e-01,3.234250545501708984e-01,1.655076742172241211e+00,-8.793119192123413086e-01,-1.111709952354431152e+00,5.598321557044982910e-01,-8.536303043365478516e-01,-4.820428192615509033e-01,-2.741810977458953857e-01,-1.076332569122314453e+00,1.883614063262939453e+00,3.060120940208435059e-01,-1.879890859127044678e-01,-9.173022508621215820e-01,-3.476422429084777832e-01,1.228059291839599609e+00,-3.772471845149993896e-01,1.698179841041564941e+00,2.107204049825668335e-01,-1.995410203933715820e+00,-6.209582686424255371e-01,5.208212137222290039e-01,4.862012863159179688e-01,-2.822529673576354980e-01,-8.062580823898315430e-01,4.206892475485801697e-02,1.016169339418411255e-01,1.151694297790527344e+00,-9.181663990020751953e-01,9.143152832984924316e-01,1.521268963813781738e+00,-2.680986821651458740e-01,5.889087319374084473e-01,5.833951830863952637e-01,8.281337022781372070e-01,1.309768557548522949e+00,-1.208943247795104980e+00,4.365311264991760254e-01,6.245526671409606934e-01,1.214634537696838379e+00,8.227573633193969727e-01,-1.698728799819946289e-01,1.162151575088500977e+00,-2.071734666824340820e+00,-1.508710980415344238e+00,3.414536416530609131e-01,-9.501098096370697021e-02,-1.015839338302612305e+00,-1.342596672475337982e-02,4.846470952033996582e-01,5.466448068618774414e-01,-9.255857467651367188e-01,-7.315484285354614258e-01,-5.350515842437744141e-01,-2.033456325531005859e+00,-4.790362119674682617e-01,-7.363133430480957031e-01,-2.682410478591918945e-01,1.523404121398925781e+00,1.093541622161865234e+00,1.239657998085021973e+00,-1.125794768333435059e+00,-2.037239313125610352e+00,9.370542764663696289e-01,1.162549376487731934e+00,1.285139918327331543e+00,-1.231891989707946777e+00,5.447362065315246582e-01,8.348848819732666016e-01,-6.418045163154602051e-01,-2.541252970695495605e-01,1.338238418102264404e-01
2.174182087182998657e-01,6.778571009635925293e-01,-1.272454738616943359e+00,-9.444202780723571777e-01,5.492221117019653320e-01,3.589127361774444580e-01,-1.810189187526702881e-01,-9.481524229049682617e-01,-1.532231569290161133e+00,-4.497337639331817627e-01,-6.492713689804077148e-01,2.095979213714599609e+00,-4.167840778827667236e-01,-6.585953235626220703e-01,-1.740999579429626465e+00,1.846750259399414062e+00,5.418153405189514160e-01,-3.796564936637878418e-01,8.992936462163925171e-02,-1.722055196762084961e+00,-2.535703480243682861e-01,8.370021581649780273e-01,-5.170102119445800781e-01,-1.168945908546447754e+00,3.469169512391090393e-02,1.733754038810729980e+00,-2.825382053852081299e-01,7.250330597162246704e-02,4.935898184776306152e-01,2.884073257446289062e+00,2.277819067239761353e-01,8.965923786163330078e-01,-5.448598861694335938e-01,-2.372536212205886841e-01,6.688947081565856934e-01,2.257709026336669922e+00,-2.132960319519042969e+00,-7.175384759902954102e-01,-2.467744350433349609e-01,-2.719406783580780029e-01,1.600077450275421143e-01,-5.966162681579589844e-01,-3.061557412147521973e-01,-7.263072729110717773e-01,2.317179739475250244e-01,-1.192574381828308105e+00,-4.348536580801010132e-02,-6.023216992616653442e-02,-1.019156813621520996e+00,-3.334490954875946045e-01,5.635990500450134277e-01,1.892874836921691895e-01,6.061428189277648926e-01,-9.040399789810180664e-01,-8.879254460334777832e-01,-1.176254153251647949e+00,-3.203526735305786133e-01,-1.534227013587951660e+00,-2.045506715774536133e+00,-7.691444158554077148e-01,1.562453031539916992e+00,1.336900711059570312e+00,8.728984594345092773e-01,1.098913669586181641e+00,-1.369214534759521484e+00,3.393662869930267334e-01,-9.254356622695922852e-01,-8.723651170730590820e-01,1.190802812576293945e+00,-5.278775095939636230e-01,9.908717274665832520e-01,1.176075190305709839e-01,1.625795483589172363e+00,-2.512208700180053711e+00,1.027195334434509277e+00,1.168096184730529785e+00,3.538266420364379883e-01,1.978012681007385254e+00,-4.032160341739654541e-02,-2.247829884290695190e-01,-6.600958704948425293e-01,1.649234890937805176e-01,-1.022046729922294617e-01,-4.210447967052459717e-01,7.259441614151000977e-01,1.278856039047241211e+00,5.500897169113159180e-01,-2.571723699569702148e+00,-2.451319433748722076e-02,1.421787858009338379e+00,-3.975929021835327148e-01,6.930160522460937500e-01,-9.724010229110717773e-01,-1.398175597190856934e+00,-7.333921194076538086e-01,8.890930414199829102e-01,-1.218712106347084045e-01,-7.040926218032836914e-01,2.250949144363403320e-01,3.704653978347778320e-01
7.559771537780761719e-01,-1.364320039749145508e+00,6.365094184875488281e-01,-8.091751337051391602e-01,9.020761847496032715e-01,2.278990268707275391e+00,-1.309820413589477539e+00,-1.702618151903152466e-01,-1.190530896186828613e+00,2.443024665117263794e-01,-4.743232727050781250e-01,1.231628894805908203e+00,9.934832453727722168e-01,-6.023302674293518066e-01,-6.316297650337219238e-01,-7.878832221031188965e-01,1.578949213027954102e+00,5.825303792953491211e-01,-1.522442936897277832e+00,2.306254580616950989e-02,1.125620126724243164e+00,-1.551931262016296387e+00,-5.742888431996107101e-03,-2.995120286941528320e-01,2.036448940634727478e-02,-2.166526556015014648e+00,1.188738107681274414e+00,-1.759085804224014282e-01,-1.015083074569702148e+00,-4.339276254177093506e-01,3.679752051830291748e-01,-8.745909333229064941e-01,1.046946123242378235e-01,-5.873417258262634277e-01,4.218600690364837646e-01,-1.169567108154296875e-01,3.251393139362335205e-01,8.362128138542175293e-01,-4.325661063194274902e-01,5.687427520751953125e-01,5.614238381385803223e-01,1.216810226440429688e+00,-8.443969488143920898e-01,-4.387315511703491211e-01,8.921005725860595703e-01,-1.492544770240783691e+00,1.433108925819396973e+00,-4.411663711071014404e-01,2.655599594116210938e+00,7.132433056831359863e-01,3.814657628536224365e-01,-9.809002876281738281e-01,2.085131257772445679e-01,1.062664389610290527e+00,9.620484709739685059e-02,1.482410877943038940e-01,-2.107258558273315430e+00,-9.757714271545410156e-01,1.798758149147033691e+00,3.024023771286010742e-01,8.003431558609008789e-01,-4.619588255882263184e-01,1.835074305534362793e+00,-4.149033129215240479e-01,-1.056559681892395020e+00,-1.555421948432922363e+00,1.502425670623779297e+00,8.058070540428161621e-01,-8.175667524337768555e-01,-3.930157423019409180e-01,-8.667048215866088867e-01,-1.746282458305358887e+00,-4.679784774780273438e-01,8.105648756027221680e-01,1.128260850906372070e+00,4.380185306072235107e-01,-2.901379764080047607e-01,5.472702383995056152e-01,-1.008723616600036621e+00,-1.153237581253051758e+00,-7.692809700965881348e-01,-1.643906354904174805e+00,-1.160675764083862305e+00,1.918249964714050293e+00,-5.358588099479675293e-01,1.243347078561782837e-01,2.105941027402877808e-01,6.722525358200073242e-01,-6.026570796966552734e-01,-1.865686655044555664e+00,5.667311549186706543e-01,6.010504961013793945e-01,7.154548764228820801e-01,-8.015351742506027222e-02,-8.311492800712585449e-01,2.413419336080551147e-01,1.758123785257339478e-01,-2.377649247646331787e-01,-3.861256241798400879e-01,-8.814895153045654297e-01
-1.168105378746986389e-01,-7.682387828826904297e-01,6.583154797554016113e-01,-1.179873347282409668e+00,1.550411462783813477e+00,1.030066423118114471e-02,-4.257051944732666016e-01,9.261006712913513184e-01,2.034319043159484863e-01,5.856509134173393250e-02,-1.153266668319702148e+00,1.807528138160705566e+00,-6.111466288566589355e-01,1.397152900695800781e+00,1.778222918510437012e-01,-4.706557393074035645e-01,-5.551847219467163086e-01,1.055635333061218262e+00,1.304589033126831055e+00,1.682175278663635254e+00,-4.494022578001022339e-02,1.238602280616760254e+00,3.006043732166290283e-01,-1.214281618595123291e-01,-6.831511855125427246e-03,1.432868242263793945e-01,-2.278192490339279175e-01,2.829872965812683105e-01,5.910588502883911133e-01,-4.825829342007637024e-02,-5.904520750045776367e-01,-1.170112013816833496e+00,-8.288487195968627930e-01,-2.980964481830596924e-01,8.707802891731262207e-01,9.894797801971435547e-01,7.326490283012390137e-01,-3.910997509956359863e-01,-9.446873068809509277e-01,8.930453658103942871e-01,-1.729618906974792480e-01,-2.328853867948055267e-02,6.558212637901306152e-01,-1.496255517005920410e+00,1.434318542480468750e+00,1.223927140235900879e+00,-4.581091701984405518e-01,8.301348090171813965e-01,5.736435651779174805e-01,1.671348452568054199e+00,1.547898888587951660e+00,1.398661017417907715e+00,3.918560743331909180e-01,3.275735080242156982e-01,-3.533270955085754395e-01,3.461579382419586182e-01,4.995749890804290771e-01,3.811208605766296387e-01,-2.302086830139160156e+00,1.427439093589782715e+00,-6.671732068061828613e-01,-1.403833985328674316e+00,-6.034012436866760254e-01,-1.609412729740142822e-01,-8.264914155006408691e-01,1.606044292449951172e+00,-1.176301911473274231e-01,-1.040519237518310547e+00,2.753452658653259277e-01,2.671270132064819336e+00,7.328939437866210938e-01,1.811265587806701660e+00,9.598222374916076660e-01,1.338906407356262207e+00,2.336391061544418335e-01,5.917223691940307617e-01,-2.094016820192337036e-01,-9.043844342231750488e-01,1.338764578104019165e-01,-1.129481196403503418e+00,8.718929290771484375e-01,-2.205665826797485352e+00,-4.991380870342254639e-01,-6.569777727127075195e-01,2.627765536308288574e-01,-9.078329205513000488e-01,1.092552542686462402e+00,-2.423829287290573120e-01,-6.272490620613098145e-01,2.726514041423797607e-01,-8.349990248680114746e-01,-1.120933055877685547e+00,-2.185917854309082031e+00,2.343418121337890625e+00,7.466590404510498047e-01,-2.522941231727600098e-01,-4.612564444541931152e-01,5.920148491859436035e-01,-5.749601125717163086e-01,-1.445181667804718018e-01
8.144996315240859985e-02,-1.244276881217956543e+00,-8.866533041000366211e-01,-2.177014112472534180e+00,-1.622183084487915039e+00,-2.081286907196044922e-01,8.333762288093566895e-01,-4.458141028881072998e-01,-9.537431597709655762e-01,-1.621268033981323242e+00,1.441212415695190430e+00,1.746138215065002441e+00,-5.984835028648376465e-01,-1.040476560592651367e+00,6.005501374602317810e-02,-2.898523509502410889e-01,-2.907955944538116455e-01,-1.805612891912460327e-01,-5.706146359443664551e-02,-6.499251127243041992e-01,-4.416577816009521484e-01,1.955284178256988525e-01,-3.912880122661590576e-01,3.758907020092010498e-01,-8.610949516296386719e-01,-2.286409586668014526e-01,5.945976376533508301e-01,2.381249427795410156e+00,-1.270528435707092285e+00,-1.207131624221801758e+00,3.600445687770843506e-01,1.278016090393066406e+00,-7.143245935440063477e-01,-2.380187995731830597e-02,-9.363596439361572266e-01,-4.229833185672760010e-01,6.269188523292541504e-01,3.454771637916564941e-01,-1.011715412139892578e+00,2.320028305053710938e+00,5.740038156509399414e-01,-1.180552020668983459e-01,-3.003067672252655029e-01,3.235996663570404053e-01,1.905370354652404785e-01,1.693890243768692017e-01,-1.153900265693664551e+00,-1.243330359458923340e+00,7.603763341903686523e-01,2.396665364503860474e-01,5.598241090774536133e-01,-4.294345676898956299e-01,7.422974705696105957e-01,-4.694138467311859131e-01,1.510797888040542603e-01,2.048879712820053101e-01,3.407936692237854004e-01,2.677768468856811523e-01,1.648505032062530518e-01,2.083973772823810577e-02,1.359805345535278320e+00,1.138122677803039551e+00,2.011934816837310791e-01,-9.830002188682556152e-01,3.844511806964874268e-01,-1.313742995262145996e+00,-1.330694317817687988e+00,4.125654697418212891e-01,-1.882680058479309082e+00,-1.214669272303581238e-01,4.839704036712646484e-01,2.014198780059814453e+00,1.224623993039131165e-01,-5.741652846336364746e-01,-6.869947314262390137e-01,-8.134298026561737061e-03,-1.597397923469543457e+00,3.791877329349517822e-01,-3.918523192405700684e-01,8.965483307838439941e-02,5.058204531669616699e-01,5.187615752220153809e-01,1.655969321727752686e-01,-5.837227106094360352e-01,9.222605824470520020e-01,-1.831927001476287842e-01,7.449657917022705078e-01,1.359719753265380859e+00,7.478512525558471680e-01,1.264717459678649902e+00,-1.110706686973571777e+00,-5.836245417594909668e-01,8.094752579927444458e-02,-5.353263616561889648e-01,7.994867116212844849e-02,1.383885025978088379e+00,-1.371616959571838379e+00,-9.068351387977600098e-01,1.191222667694091797e+00,-5.453428030014038086e-01
-5.099922418594360352e-01,1.011814251542091370e-01,7.657391428947448730e-01,9.973139762878417969e-01,9.138845205307006836e-01,5.751191377639770508e-01,1.158496260643005371e+00,1.018985509872436523e+00,1.313411593437194824e+00,-7.087190747261047363e-01,1.256842494010925293e+00,3.079663515090942383e+00,6.501960158348083496e-01,-3.226384222507476807e-01,3.396744132041931152e-01,2.286877632141113281e+00,-2.531142830848693848e-01,2.756795287132263184e-01,7.075525522232055664e-01,5.937327742576599121e-01,-2.145759582519531250e+00,-2.718152284622192383e+00,1.175055623054504395e+00,4.384841620922088623e-01,1.041530132293701172e+00,9.129577279090881348e-01,5.970824360847473145e-01,1.029096961021423340e+00,3.816814720630645752e-01,-8.351060748100280762e-01,3.915111422538757324e-01,3.271477222442626953e-01,-4.178973138332366943e-01,-1.260879874229431152e+00,-2.659283280372619629e-01,3.425084650516510010e-01,2.196400165557861328e+00,-8.694308996200561523e-02,3.201518356800079346e-01,5.423319935798645020e-01,-2.115629464387893677e-01,2.001525878906250000e+00,3.153760433197021484e-01,1.419821858406066895e+00,2.312767267227172852e+00,8.305944204330444336e-01,4.280253052711486816e-01,2.791632711887359619e-01,-3.312323987483978271e-01,9.651001095771789551e-01,1.085196733474731445e+00,4.177486002445220947e-01,2.948527634143829346e-01,1.450044989585876465e+00,1.099410876631736755e-01,8.488130569458007812e-02,-1.777395486831665039e+00,1.558191299438476562e+00,-6.397886276245117188e-01,3.400506377220153809e-01,1.191781535744667053e-01,-5.759321451187133789e-01,-1.766918748617172241e-01,8.158221244812011719e-01,-2.001841813325881958e-01,-8.419204950332641602e-01,4.796116054058074951e-01,-1.285395622253417969e+00,-1.308926343917846680e-01,2.083369016647338867e+00,7.316417694091796875e-01,-3.650190681219100952e-02,-6.009318828582763672e-01,3.886218369007110596e-01,1.157264187932014465e-01,-3.888658480718731880e-03,-1.260880231857299805e+00,-5.767239332199096680e-01,-5.911107659339904785e-01,-4.663175940513610840e-01,7.171564549207687378e-02,1.536836862564086914e+00,-1.727781176567077637e+00,-6.663384288549423218e-02,-1.055895537137985229e-01,-6.078113913536071777e-01,-1.379521250724792480e+00,1.116178870201110840e+00,-1.643592000007629395e+00,1.108473062515258789e+00,-5.175651907920837402e-01,5.182254314422607422e-01,1.493032742291688919e-02,1.685135066509246826e-01,-5.747451782226562500e-01,-1.364987850189208984e+00,7.987529635429382324e-01,-1.156061291694641113e+00,-5.569522976875305176e-01,2.315079122781753540e-01
-4.531968832015991211e-01,5.385658144950866699e-01,-1.133743882179260254e+00,-2.934844017028808594e+00,7.179354429244995117e-01,3.787381947040557861e-01,7.031549811363220215e-01,2.038067132234573364e-01,1.876061223447322845e-02,-6.347077488899230957e-01,-8.310074806213378906e-01,7.212488055229187012e-01,1.008415818214416504e+00,6.122827529907226562e-01,7.506776452064514160e-01,-1.301133513450622559e+00,-4.106010496616363525e-01,8.672031760215759277e-01,-2.159852832555770874e-01,4.605398476123809814e-01,-4.306157529354095459e-01,1.094006061553955078e+00,-3.360477387905120850e-01,4.009881615638732910e-01,2.046338796615600586e+00,-9.558224081993103027e-01,-3.998302817344665527e-01,-1.528054922819137573e-01,-1.846970319747924805e+00,-3.848954141139984131e-01,3.714733421802520752e-01,1.480017781257629395e+00,-5.580297112464904785e-01,-6.331249475479125977e-01,-1.809711694717407227e+00,-5.848867818713188171e-02,-1.294969439506530762e+00,1.453095078468322754e+00,4.904985129833221436e-01,3.250071406364440918e-01,-2.081724166870117188e+00,1.063493013381958008e+00,1.060045361518859863e-01,-1.859621644020080566e+00,2.647024393081665039e-01,-6.873390674591064453e-01,5.796990990638732910e-01,1.744410991668701172e+00,-2.001916885375976562e+00,-1.331306099891662598e+00,-1.864278197288513184e+00,-2.071975708007812500e+00,5.226378440856933594e-01,-9.156278520822525024e-02,-6.724961400032043457e-01,8.920519351959228516e-01,3.201595544815063477e+00,-5.114296078681945801e-01,5.593332648277282715e-01,8.439340442419052124e-02,2.212682515382766724e-01,-1.391912102699279785e+00,-5.750190019607543945e-01,-6.017382144927978516e-01,1.229816555976867676e+00,7.058238983154296875e-01,-4.941281080245971680e-01,-1.190913170576095581e-01,1.246343925595283508e-01,-1.315214872360229492e+00,-4.350064992904663086e-01,9.814280271530151367e-02,-9.583712816238403320e-01,2.969098687171936035e-01,3.458087742328643799e-01,-3.537049889564514160e-01,-1.167428851127624512e+00,-2.088012933731079102e+00,-5.526919662952423096e-02,-5.703759789466857910e-01,9.427759051322937012e-01,1.607020139694213867e+00,-7.865108251571655273e-01,3.624356687068939209e-01,1.239609003067016602e+00,8.381744623184204102e-01,-5.289964675903320312e-01,-6.975398659706115723e-01,3.523972034454345703e-01,1.189667955040931702e-01,1.375060975551605225e-01,-1.989948563277721405e-02,-1.272660136222839355e+00,-2.929255962371826172e+00,-1.548053860664367676e+00,3.512875139713287354e-01,-2.015419155359268188e-01,1.168616786599159241e-01,1.794922500848770142e-01,-1.154535174369812012e+00
8.039737343788146973e-01,-2.224693059921264648e+00,1.201737642288208008e+00,4.713784456253051758e-01,2.271473705768585205e-01,-9.380168318748474121e-01,-9.866091012954711914e-01,-1.086409449577331543e+00,2.820543348789215088e-01,1.083134770393371582e+00,-2.192560434341430664e-01,8.215652704238891602e-01,-3.564279079437255859e-01,-2.319258689880371094e+00,5.759783983230590820e-01,2.000031471252441406e-01,1.618095040321350098e+00,1.581420063972473145e+00,-1.431977748870849609e-01,-4.130724072456359863e-02,1.430037379264831543e+00,-1.002777457237243652e+00,-1.715508401393890381e-01,-4.359306395053863525e-01,2.182045280933380127e-01,1.204503655433654785e+00,2.390517741441726685e-01,4.470411241054534912e-01,-1.251448273658752441e+00,9.566129446029663086e-01,-3.882735073566436768e-01,5.874509736895561218e-02,1.082427501678466797e+00,-6.316367387771606445e-01,1.170864582061767578e+00,-3.321239948272705078e-01,-7.596246004104614258e-01,1.111117243766784668e+00,2.141288995742797852e+00,-2.200035303831100464e-01,1.373486757278442383e+00,-3.268600106239318848e-01,2.171824455261230469e+00,4.845187962055206299e-01,2.829151451587677002e-01,3.939112722873687744e-01,-3.087255060672760010e-01,-1.677496075630187988e+00,-1.899491846561431885e-01,1.954637408256530762e+00,1.290074110031127930e+00,1.952936351299285889e-01,-8.231665492057800293e-01,-5.822959542274475098e-01,1.834304094314575195e+00,-8.699244856834411621e-01,8.488773703575134277e-01,-1.600518465042114258e+00,-2.028504133224487305e+00,-5.035071820020675659e-02,-2.715425491333007812e+00,-9.933677911758422852e-01,-1.123097166419029236e-01,1.662923812866210938e+00,4.404196441173553467e-01,-8.703213334083557129e-01,7.202394604682922363e-01,-1.981176137924194336e+00,8.125115036964416504e-01,1.766682505607604980e+00,1.193051934242248535e+00,7.175300717353820801e-01,7.622346282005310059e-01,1.533715963363647461e+00,-1.212422251701354980e+00,-1.095993995666503906e+00,-2.127628564834594727e+00,1.758826732635498047e+00,-1.707313299179077148e+00,-1.782925963401794434e+00,-9.927121400833129883e-01,6.811185479164123535e-01,7.409911751747131348e-01,2.516485750675201416e-01,-6.025544404983520508e-01,1.099009871482849121e+00,-1.194528222084045410e+00,1.032154083251953125e+00,1.332257408648729324e-02,1.500071287155151367e+00,1.265724599361419678e-01,-1.084506273269653320e+00,-1.652410149574279785e+00,1.688561439514160156e-01,8.847486972808837891e-01,4.530885219573974609e-01,1.271042943000793457e+00,1.295690298080444336e+00,-4.477288722991943359e-01,2.174460440874099731e-01
-4.951619207859039307e-01,1.066555380821228027e-01,3.748626261949539185e-02,-1.052628874778747559e+00,-2.172056436538696289e-01,-1.059059619903564453e+00,-1.515850186347961426e+00,8.760769665241241455e-02,1.398210823535919189e-01,-1.271966576576232910e+00,-2.227228432893753052e-01,-3.092326782643795013e-02,-9.301285147666931152e-01,-1.090657830238342285e+00,1.355618476867675781e+00,-9.240666031837463379e-01,-1.197715520858764648e+00,-3.464926779270172119e-01,6.461381316184997559e-01,-4.751817286014556885e-01,-1.510314345359802246e+00,-4.140278100967407227e-01,7.430370450019836426e-01,5.102211833000183105e-01,4.798749089241027832e-01,1.014953032135963440e-01,4.431986808776855469e-01,-5.913114547729492188e-01,-9.750965237617492676e-01,1.144935131072998047e+00,1.420176476240158081e-01,-1.431388139724731445e+00,-9.267940521240234375e-01,1.328407049179077148e+00,-9.235041737556457520e-01,1.193501874804496765e-01,-6.725720763206481934e-01,-8.493794500827789307e-02,4.288395121693611145e-02,9.261663556098937988e-01,-1.323760747909545898e+00,-1.429369330406188965e+00,-1.315478980541229248e-01,-1.974585533142089844e+00,9.881476163864135742e-01,-5.689582228660583496e-01,-1.583914875984191895e+00,5.556784868240356445e-01,-6.700046062469482422e-01,-1.281506419181823730e+00,-6.972881555557250977e-01,-9.870644211769104004e-01,8.941969871520996094e-01,4.394545555114746094e-01,-4.131963253021240234e-01,1.473097205162048340e-01,1.625547528266906738e+00,1.535951256752014160e+00,5.432710051536560059e-01,-6.199385523796081543e-01,5.862931609153747559e-01,-8.574993610382080078e-01,-8.264272809028625488e-01,5.631855502724647522e-02,2.056056261062622070e+00,-1.638550877571105957e+00,-4.965468049049377441e-01,1.275602459907531738e+00,1.837772369384765625e+00,3.334701359272003174e-01,-2.299397706985473633e+00,-1.786571621894836426e+00,1.463363766670227051e+00,-3.977557420730590820e-01,-8.954147100448608398e-01,-1.735005825757980347e-01,-8.210698366165161133e-01,4.856931567192077637e-01,1.048798203468322754e+00,-1.038003683090209961e+00,-1.542461812496185303e-01,1.045637279748916626e-01,-3.334116041660308838e-01,9.727531671524047852e-01,-5.464053750038146973e-01,3.355123400688171387e-01,-8.145511150360107422e-02,-4.103713035583496094e-01,-1.752939671277999878e-01,-3.379045128822326660e-01,1.157076478004455566e+00,7.689199447631835938e-01,3.881674408912658691e-01,-1.957825571298599243e-01,3.249368965625762939e-01,-3.497731685638427734e-01,6.142335534095764160e-01,-1.265648961067199707e+00,-6.305010318756103516e-01,-3.343658149242401123e-01
4.097526669502258301e-01,1.221598982810974121e+00,-2.041735649108886719e+00,-9.684960246086120605e-01,-1.275885820388793945e+00,-1.746034026145935059e-01,7.830829620361328125e-01,7.647492736577987671e-02,-1.494498968124389648e+00,-1.100538492202758789e+00,4.174787104129791260e-01,1.241058468818664551e+00,-1.100396752357482910e+00,-5.276976823806762695e-01,1.029265284538269043e+00,9.996594786643981934e-01,-5.928655266761779785e-01,-8.254306316375732422e-01,-8.954640626907348633e-01,-1.767113655805587769e-01,-8.276176452636718750e-02,-6.278916001319885254e-01,1.709710478782653809e+00,8.365671634674072266e-01,-2.909938097000122070e-01,3.401114642620086670e-01,-1.212599873542785645e+00,4.671610891819000244e-01,-1.672137528657913208e-02,8.052076399326324463e-02,9.018833637237548828e-01,-5.452331900596618652e-01,1.628430247306823730e+00,7.299202680587768555e-01,-4.116992652416229248e-01,-2.812060415744781494e-01,8.561518788337707520e-01,-6.611834168434143066e-01,-6.796458959579467773e-01,1.178509891033172607e-01,5.841013193130493164e-01,8.797174096107482910e-01,-1.308567762374877930e+00,-1.738864660263061523e+00,-1.145737409591674805e+00,2.525257170200347900e-01,5.128118395805358887e-01,7.710626721382141113e-01,6.349557042121887207e-01,1.575861454010009766e+00,8.250524997711181641e-01,-6.209144592285156250e-01,-1.540879011154174805e+00,9.276150465011596680e-01,8.222213387489318848e-01,1.587678670883178711e+00,1.196706056594848633e+00,-8.110184669494628906e-01,2.845321893692016602e-01,-5.468475818634033203e-01,3.132553994655609131e-01,1.161220595240592957e-01,7.343274354934692383e-01,-1.117709055542945862e-01,-1.303694725036621094e+00,-9.970734119415283203e-01,1.451091527938842773e+00,6.158815026283264160e-01,-1.307188987731933594e+00,-2.683685123920440674e-01,1.780050039291381836e+00,8.461648225784301758e-01,-7.379271984100341797e-01,-1.279259204864501953e+00,-1.471024513244628906e+00,-2.722033299505710602e-02,1.606531023979187012e+00,2.576228082180023193e-01,5.652198195457458496e-01,-9.430391788482666016e-01,-2.603310048580169678e-01,-1.602044224739074707e+00,-1.091443300247192383e+00,2.750668823719024658e-01,-9.956566691398620605e-01,-1.863068342208862305e+00,1.144788384437561035e+00,6.331672668457031250e-01,-8.539113998413085938e-01,1.297122091054916382e-01,6.138425469398498535e-01,1.247101902961730957e+00,7.197345495223999023e-01,6.378242373466491699e-01,-5.563100576400756836e-01,2.800687551498413086e-01,1.790785193443298340e+00,1.389862298965454102e+00,-1.354624867439270020e+00,2.868345081806182861e-01
4.792901277542114258e-01,-1.530004858970642090e+00,-4.842537343502044678e-01,9.518135786056518555e-01,-1.049232482910156250e+00,1.021430641412734985e-01,-6.646424531936645508e-01,-1.355021446943283081e-01,-6.316307187080383301e-01,1.293574571609497070e-01,7.683816552162170410e-01,-1.407570958137512207e+00,-1.876011013984680176e+00,-7.054387331008911133e-01,-3.012890461832284927e-03,-1.004097938537597656e+00,1.792721301317214966e-01,-1.220207959413528442e-01,3.564913868904113770e-01,-8.811786174774169922e-01,3.513427376747131348e-01,4.134855568408966064e-01,1.517081379890441895e+00,6.091434359550476074e-01,6.791173815727233887e-01,-1.091964483261108398e+00,4.599582850933074951e-01,1.045264840126037598e+00,1.829635053873062134e-01,1.670003831386566162e-01,7.674341201782226562e-01,-9.827122837305068970e-02,5.913351178169250488e-01,3.398768603801727295e-01,-9.506946057081222534e-02,6.444031745195388794e-02,-3.208284378051757812e-01,1.878658980131149292e-01,-3.832120895385742188e-01,-1.021032452583312988e+00,3.278171122074127197e-01,-8.544165492057800293e-01,6.677633523941040039e-01,-1.781119257211685181e-01,-4.178005754947662354e-01,-3.564900159835815430e-02,-1.309615559875965118e-02,4.966169297695159912e-01,1.911054402589797974e-01,1.128973960876464844e+00,-3.133275508880615234e+00,-1.015612602233886719e+00,-1.050807833671569824e+00,4.272902607917785645e-01,1.168169856071472168e+00,-1.764136254787445068e-01,-1.465783268213272095e-01,8.932255953550338745e-02,-6.981847882270812988e-01,-8.016625642776489258e-01,-3.122821807861328125e+00,-2.196710556745529175e-01,-1.740628778934478760e-01,6.791455745697021484e-01,1.317704439163208008e+00,3.075098991394042969e-02,7.479476183652877808e-02,1.500611752271652222e-01,-3.427430093288421631e-01,-1.411455512046813965e+00,2.769891917705535889e-01,4.577632546424865723e-01,1.246323227882385254e+00,-1.985483914613723755e-01,-5.374570488929748535e-01,4.849695265293121338e-01,-7.338725328445434570e-01,3.868106603622436523e-01,2.375709861516952515e-01,-9.179618954658508301e-01,-2.197100162506103516e+00,-8.864365816116333008e-01,-1.113725066184997559e+00,-1.877835690975189209e-01,6.577716469764709473e-01,-9.481674432754516602e-01,9.296159744262695312e-01,-6.985914111137390137e-01,-1.149776339530944824e+00,3.342384696006774902e-01,-1.076097249984741211e+00,3.271628618240356445e-01,-1.298510283231735229e-02,2.282989919185638428e-01,-1.154568567872047424e-01,-9.852846264839172363e-01,1.120265759527683258e-02,-1.029975041747093201e-01,-9.728028178215026855e-01,-9.892111271619796753e-02
-1.257038593292236328e+00,-6.627441048622131348e-01,1.986747503280639648e+00,1.439479589462280273e+00,2.651972472667694092e-01,-1.150231599807739258e+00,-5.176312327384948730e-01,5.206586122512817383e-01,3.147704899311065674e-01,-2.224190831184387207e-01,-6.302855014801025391e-01,2.553532421588897705e-01,4.559168219566345215e-01,2.908487021923065186e-01,2.236503362655639648e+00,1.103477001190185547e+00,9.584068059921264648e-01,-6.480501294136047363e-01,-1.029096841812133789e+00,-1.745266914367675781e+00,-2.248582988977432251e-02,-8.329876661300659180e-01,7.927467226982116699e-01,8.992285728454589844e-01,7.164696455001831055e-01,1.418596625328063965e+00,-1.331796944141387939e-01,1.774879246950149536e-01,7.711633443832397461e-01,3.902364969253540039e-01,-5.613490939140319824e-01,-2.182681083679199219e+00,-6.034577488899230957e-01,5.527761578559875488e-01,-7.912381887435913086e-01,1.529318332672119141e+00,3.702970445156097412e-01,-2.426583319902420044e-01,-1.165330410003662109e+00,1.689971446990966797e+00,9.580228328704833984e-01,3.531453907489776611e-01,-1.730185031890869141e+00,5.986811518669128418e-01,-2.539227724075317383e+00,-1.629732728004455566e+00,-1.216893672943115234e+00,-1.083788514137268066e+00,4.338693022727966309e-01,3.863148987293243408e-01,-1.019670009613037109e+00,1.922415256500244141e+00,5.332740545272827148e-01,-1.878634214401245117e+00,-6.522156596183776855e-01,1.323587536811828613e+00,-4.203561842441558838e-01,-6.067962646484375000e-01,-5.665916800498962402e-01,9.599682092666625977e-01,-1.793833255767822266e+00,3.899836838245391846e-01,-1.138926744461059570e+00,6.381224989891052246e-01,1.174133181571960449e+00,8.941009640693664551e-01,-7.330211400985717773e-01,-3.533715009689331055e-01,-9.139584302902221680e-01,1.014317274093627930e+00,4.635414779186248779e-01,-1.420038104057312012e+00,8.137239515781402588e-02,-5.849780440330505371e-01,-7.728795409202575684e-01,5.390657112002372742e-02,-1.722883462905883789e+00,-5.591251850128173828e-01,-3.278832733631134033e-01,-1.155502319335937500e+00,4.562720954418182373e-01,6.363218426704406738e-01,-1.350117802619934082e+00,7.180843949317932129e-01,-9.666217565536499023e-01,5.688766483217477798e-03,1.455552130937576294e-01,-1.068926975131034851e-01,-1.145547986030578613e+00,-4.652772843837738037e-01,1.081340193748474121e+00,-9.570110440254211426e-01,1.780361384153366089e-01,4.794560670852661133e-01,7.740784883499145508e-01,1.828902006149291992e+00,-8.404583930969238281e-01,-2.509016990661621094e-01,9.088891148567199707e-01,-9.697577357292175293e-01
6.843154430389404297e-01,-1.032248511910438538e-01,4.562248662114143372e-02,1.289355397224426270e+00,-2.481010913848876953e+00,-5.959072709083557129e-01,1.183293201029300690e-02,-1.281142979860305786e-01,-1.848958879709243774e-01,8.488611131906509399e-02,-5.029379725456237793e-01,-1.895083487033843994e-01,-1.498658955097198486e-02,4.678726792335510254e-01,6.604129076004028320e-01,-6.858724355697631836e-01,-1.295742750167846680e+00,2.502262592315673828e-01,6.562200784683227539e-01,-2.524755895137786865e-01,2.028824687004089355e-01,-1.365447163581848145e+00,-6.788515299558639526e-02,-3.100011944770812988e-01,1.484809160232543945e+00,-3.726747334003448486e-01,-3.722411990165710449e-01,1.375288605690002441e+00,5.295140147209167480e-01,2.814314663410186768e-01,-3.358634114265441895e-01,1.006831884384155273e+00,-4.017261862754821777e-01,1.272329211235046387e+00,-5.792120099067687988e-01,2.002925798296928406e-02,-3.565279245376586914e-01,-2.776158452033996582e-01,7.699236273765563965e-01,-5.575871095061302185e-02,-7.926238328218460083e-02,1.698123335838317871e+00,1.045153498649597168e+00,-1.113174319267272949e+00,6.138926744461059570e-01,2.390110045671463013e-01,-1.801332354545593262e+00,-8.451442718505859375e-01,1.427946537733078003e-01,5.625627040863037109e-01,1.682316422462463379e+00,1.317080497741699219e+00,-5.637032985687255859e-01,-6.431561112403869629e-01,1.632952392101287842e-01,-7.007115483283996582e-01,1.746741294860839844e+00,-6.361369490623474121e-01,1.626297235488891602e-01,3.671146035194396973e-01,-4.898563958704471588e-03,-1.833193004131317139e-01,4.973866045475006104e-01,1.251764655113220215e+00,-1.778176426887512207e-01,-7.544059157371520996e-01,2.732667922973632812e+00,1.732284545898437500e+00,-5.571949481964111328e-01,-4.979258775711059570e-01,9.833163619041442871e-01,-1.995933294296264648e+00,-1.118620753288269043e+00,-9.095538854598999023e-01,-2.993234097957611084e-01,-9.092343598604202271e-02,-1.254653334617614746e+00,3.859550878405570984e-02,1.762904882431030273e+00,9.815381169319152832e-01,-6.524155139923095703e-01,-3.342784941196441650e-01,6.144397854804992676e-01,8.414798974990844727e-02,1.434400796890258789e+00,-9.192641377449035645e-01,-1.455372571945190430e-01,-5.287315323948860168e-02,7.872651815414428711e-01,-2.183240503072738647e-01,9.132726788520812988e-01,4.864275455474853516e-01,-8.454813957214355469e-01,3.326721489429473877e-01,-9.127343893051147461e-01,6.680682301521301270e-02,1.790868401527404785e+00,-5.168287754058837891e-01,-2.517519295215606689e-01,8.401257395744323730e-01
1.470322489738464355e+00,1.564651370048522949e+00,-9.082647562026977539e-01,1.907066404819488525e-01,9.004961252212524414e-01,1.921380907297134399e-01,4.736424982547760010e-01,1.489893347024917603e-01,-4.161030650138854980e-01,-5.128571987152099609e-01,-1.645796298980712891e-01,-5.380530953407287598e-01,-1.202506780624389648e+00,-6.817210000008344650e-03,-8.185846209526062012e-01,8.713615536689758301e-01,6.235044002532958984e-01,1.969919919967651367e+00,-5.190505087375640869e-02,1.076792716979980469e+00,9.456695318222045898e-01,-1.501022577285766602e+00,-3.238263428211212158e-01,-5.642339587211608887e-01,1.184372067451477051e+00,1.064264655113220215e+00,-2.417354434728622437e-01,-1.547421574592590332e+00,5.799043774604797363e-01,-1.615400239825248718e-02,6.160500645637512207e-01,-9.285569936037063599e-02,2.503395378589630127e-01,-5.985090732574462891e-01,9.094008803367614746e-01,-3.346879184246063232e-01,1.083268404006958008e+00,1.402055740356445312e+00,-3.651514351367950439e-01,-2.354474216699600220e-01,-2.267524719238281250e+00,3.954057097434997559e-01,-9.479918479919433594e-01,-1.460750937461853027e+00,4.770565629005432129e-01,2.542955577373504639e-01,-1.985430270433425903e-01,-6.436974406242370605e-01,9.736012220382690430e-01,-3.418800532817840576e-01,2.148317992687225342e-01,2.763746380805969238e-01,-1.904990434646606445e+00,-1.932863593101501465e-01,-7.878157496452331543e-01,4.447413086891174316e-01,3.002687990665435791e-01,-7.588796019554138184e-01,-4.155264422297477722e-02,9.314781427383422852e-01,1.121122598648071289e+00,-9.308915734291076660e-01,-6.354956626892089844e-01,4.383242428302764893e-01,4.346640110015869141e-01,1.601681709289550781e+00,1.047633528709411621e+00,-1.025329947471618652e+00,-1.228028655052185059e+00,-1.393072009086608887e+00,-6.527662873268127441e-01,6.675332784652709961e-01,6.022756695747375488e-01,-3.942701816558837891e-01,1.304632663726806641e+00,3.499824106693267822e-01,5.744322538375854492e-01,1.513153076171875000e+00,-9.314466714859008789e-01,-2.588649034500122070e+00,2.621213436126708984e+00,-1.123939037322998047e+00,1.437364220619201660e+00,1.363225340843200684e+00,1.491332769393920898e+00,8.730171918869018555e-01,-6.648861765861511230e-01,-9.084619879722595215e-01,3.522547483444213867e-01,1.413646638393402100e-01,5.524689555168151855e-01,2.548906564712524414e+00,9.125303030014038086e-01,-1.110545039176940918e+00,-1.121856093406677246e+00,-8.803257346153259277e-02,2.363801896572113037e-01,7.397396839223802090e-04,5.400479957461357117e-02,1.485447049140930176e+00
4.820453524589538574e-01,-1.358290463685989380e-01,5.810068845748901367e-01,-4.587952494621276855e-01,2.131944596767425537e-01,8.271918892860412598e-01,-5.330287218093872070e-01,8.911144733428955078e-01,5.720058828592300415e-02,-8.128597736358642578e-01,1.416509039700031281e-02,-1.428041756153106689e-01,6.364099383354187012e-01,8.620308041572570801e-01,1.981975138187408447e-01,4.868963062763214111e-01,-4.215143918991088867e-01,1.272361159324645996e+00,-7.718989253044128418e-01,5.598824620246887207e-01,1.701915413141250610e-01,1.130622386932373047e+00,5.019241571426391602e-01,-1.487703561782836914e+00,-6.629729866981506348e-01,-6.952934861183166504e-01,-1.352890014648437500e+00,-9.925395250320434570e-01,-8.007907271385192871e-01,-7.628632783889770508e-01,-8.971630334854125977e-01,1.401486992835998535e+00,-2.122065275907516479e-01,-4.528273046016693115e-01,-9.545158147811889648e-01,-2.392177343368530273e+00,1.128646016120910645e+00,1.976896673440933228e-01,-2.300064325332641602e+00,-5.777717009186744690e-02,8.872317671775817871e-01,-1.653409600257873535e+00,9.818197488784790039e-01,-7.878046035766601562e-01,1.147485375404357910e+00,-1.623882532119750977e+00,-1.170628905296325684e+00,2.809913158416748047e-01,5.962371826171875000e-01,1.074673771858215332e+00,1.427014470100402832e+00,9.988253712654113770e-01,-2.104370892047882080e-01,-2.948448248207569122e-02,-2.493982791900634766e+00,5.399465560913085938e-01,1.581999063491821289e-01,-2.025183439254760742e+00,4.018317162990570068e-01,-1.146244406700134277e+00,-2.578277587890625000e+00,2.733992934226989746e-01,-6.996802985668182373e-02,8.867787569761276245e-02,-1.049386337399482727e-01,4.584793150424957275e-01,5.922013148665428162e-02,-2.062186226248741150e-02,-8.169109225273132324e-01,-2.550953924655914307e-01,-1.239888548851013184e+00,-3.764071166515350342e-01,9.254938960075378418e-01,-6.072619557380676270e-01,3.368031084537506104e-01,5.812494456768035889e-02,-6.089342832565307617e-01,4.220019876956939697e-01,1.334450483322143555e+00,-5.016470327973365784e-02,-1.877786964178085327e-01,-6.437231898307800293e-01,3.986480832099914551e-02,7.978578209877014160e-01,1.705971211194992065e-01,-4.568809568881988525e-01,-1.093558549880981445e+00,2.720406651496887207e-01,-5.892571806907653809e-01,-2.906311273574829102e+00,-4.109888374805450439e-01,2.336480170488357544e-01,-3.841914534568786621e-01,-5.012733936309814453e-01,-8.157747387886047363e-01,1.379923075437545776e-01,-3.010324835777282715e-01,1.263936161994934082e+00,1.361984312534332275e-01,2.544914722442626953e+00
-4.117919802665710449e-01,2.021381378173828125e+00,6.995965242385864258e-01,-1.652742266654968262e+00,9.550843387842178345e-02,1.073525667190551758e+00,1.613858938217163086e+00,-1.617617845535278320e+00,1.682968020439147949e+00,1.230097651481628418e+00,-8.184685707092285156e-01,-4.875619411468505859e-01,-9.871866703033447266e-01,8.181791305541992188e-01,-6.137574315071105957e-01,2.606669664382934570e-01,7.457913160324096680e-01,-1.069565638899803162e-01,-5.907525420188903809e-01,-7.782973051071166992e-01,3.661712408065795898e-01,-5.659416317939758301e-01,-6.258114576339721680e-01,8.763868212699890137e-01,-1.148445010185241699e+00,3.972406387329101562e-01,-7.406548410654067993e-02,9.211435914039611816e-01,-5.825185030698776245e-02,1.332362651824951172e+00,2.918174564838409424e-01,3.302053213119506836e-01,9.803071022033691406e-01,-3.647046685218811035e-01,1.131521258503198624e-02,-5.929069519042968750e-01,-8.648493289947509766e-01,-2.169461697340011597e-01,-6.401872634887695312e-01,1.971186518669128418e+00,-2.125285387039184570e+00,1.942811608314514160e-01,6.373891234397888184e-01,6.492119431495666504e-01,-1.121415853500366211e+00,-1.444488883018493652e+00,1.091939881443977356e-01,1.074869036674499512e-01,2.365900278091430664e-01,-7.560500502586364746e-01,-1.283077478408813477e+00,3.897977769374847412e-01,-8.055329322814941406e-01,1.246301651000976562e+00,-1.002794861793518066e+00,1.347574740648269653e-01,-8.182980418205261230e-01,-1.055439352989196777e+00,1.555113196372985840e-01,-1.236563563346862793e+00,1.570862531661987305e+00,-1.396503925323486328e+00,-5.043977499008178711e-01,-1.003414765000343323e-01,4.218636453151702881e-01,-6.491507887840270996e-01,3.981510400772094727e-01,1.082573533058166504e+00,2.692076265811920166e-01,-1.154308795928955078e+00,1.013868927955627441e+00,2.745076715946197510e-01,-3.863337635993957520e-01,4.036744311451911926e-02,-1.129696726799011230e+00,-2.671724942047148943e-04,4.849138259887695312e-01,1.157278776168823242e+00,3.125600218772888184e-01,-2.446913719177246094e+00,-1.497923731803894043e+00,-1.044466018676757812e+00,-5.725891590118408203e-01,-5.876107215881347656e-01,9.331445693969726562e-01,-1.716241985559463501e-01,-9.606721997261047363e-01,-1.231181740760803223e+00,6.692137122154235840e-01,5.999140739440917969e-01,1.384105205535888672e+00,9.951962828636169434e-01,1.968217134475708008e+00,2.070094108581542969e+00,1.717444777488708496e+00,1.146006822586059570e+00,6.983132660388946533e-02,1.288705587387084961e+00,8.037597686052322388e-02,-2.278293132781982422e+00
-1.654791355133056641e+00,1.601270794868469238e+00,1.982035040855407715e-01,-1.426542520523071289e+00,1.066744565963745117e+00,6.544551253318786621e-02,1.015928536653518677e-01,5.121852159500122070e-01,5.195609107613563538e-02,2.472311735153198242e+00,-8.842854946851730347e-02,1.014343738555908203e+00,4.707503616809844971e-01,1.110740900039672852e+00,2.642269246280193329e-02,1.169039160013198853e-01,-5.121300816535949707e-01,2.213881969451904297e+00,-7.903075963258743286e-02,-3.351370096206665039e-01,9.344699978828430176e-01,-1.277560591697692871e-01,1.559558749198913574e+00,1.128434419631958008e+00,3.930260837078094482e-01,-6.831681132316589355e-01,1.303607970476150513e-01,1.057563304901123047e+00,-1.295001339167356491e-02,-1.600593626499176025e-01,1.520653665065765381e-01,-1.400248050689697266e+00,-7.549401521682739258e-01,6.051643490791320801e-01,4.326975941658020020e-01,-2.839383184909820557e-01,1.365654021501541138e-01,-7.861193418502807617e-01,-6.417705416679382324e-01,-1.849944233894348145e+00,2.069467902183532715e-01,1.341612339019775391e+00,5.953708291053771973e-01,5.407696366310119629e-01,-1.084112763404846191e+00,8.987232446670532227e-01,8.499916642904281616e-02,1.921443939208984375e+00,6.602579951286315918e-01,-1.698442101478576660e-01,-1.313736915588378906e+00,-7.876067757606506348e-01,-2.706625461578369141e-01,4.911975264549255371e-01,-5.093072652816772461e-01,-1.048526287078857422e+00,1.620325446128845215e-01,1.538722276687622070e+00,7.305313348770141602e-01,-1.333777755498886108e-01,6.149737834930419922e-01,-6.360169500112533569e-02,-1.354177474975585938e+00,7.359884381294250488e-01,4.931981861591339111e-01,1.039402008056640625e+00,-1.070659518241882324e+00,-3.659785985946655273e-01,-7.921865582466125488e-01,-1.137821912765502930e+00,-1.580957055091857910e+00,6.236441433429718018e-02,8.667445778846740723e-01,-1.122480332851409912e-01,-1.100124001502990723e+00,1.426396608352661133e+00,-1.398358821868896484e+00,8.117059618234634399e-02,-1.487824916839599609e+00,-2.711548507213592529e-01,2.408043853938579559e-02,-1.485313057899475098e+00,-2.318570315837860107e-01,-2.417417168617248535e-01,1.650148272514343262e+00,1.726804375648498535e+00,-1.106555104255676270e+00,1.218967676162719727e+00,-1.480877748690545559e-03,-3.651859760284423828e-01,-8.821672797203063965e-01,-4.557103216648101807e-01,-8.665170073509216309e-01,9.326376914978027344e-01,-1.885287463665008545e-01,-1.158002138137817383e+00,9.686914086341857910e-01,-1.810762435197830200e-01,-5.849883556365966797e-01,1.177411794662475586e+00
-5.576875805854797363e-01,2.361874103546142578e+00,-4.233503341674804688e-01,3.318494558334350586e+00,-1.114247679710388184e+00,-8.514003753662109375e-01,8.020440489053726196e-02,1.110186100006103516e+00,-1.204159736633300781e+00,-1.157863140106201172e+00,-1.998531967401504517e-01,-1.361702322959899902e+00,-1.923182308673858643e-01,7.259089946746826172e-01,1.779025912284851074e+00,1.258645296096801758e+00,2.320880591869354248e-01,1.280933976173400879e+00,1.896477937698364258e+00,7.459526658058166504e-01,-5.548108741641044617e-02,7.953687310218811035e-01,-5.263659358024597168e-01,-3.200303316116333008e-01,1.545372605323791504e-02,7.409079670906066895e-01,6.195197626948356628e-02,4.664264619350433350e-01,2.373854219913482666e-01,-1.925786137580871582e-01,-7.187648117542266846e-02,-1.340646743774414062e+00,-5.003145933151245117e-01,1.093821644783020020e+00,1.616351127624511719e+00,1.033044576644897461e+00,9.654062390327453613e-01,2.037118375301361084e-01,2.800695896148681641e-01,2.522692978382110596e-01,2.100355178117752075e-01,5.433714985847473145e-01,8.499023914337158203e-01,1.849899417720735073e-03,-4.747755825519561768e-01,-8.205002546310424805e-01,1.926620364189147949e+00,-4.057357013225555420e-01,-7.565968632698059082e-01,5.342999100685119629e-01,-2.812143266201019287e-01,-1.341282486915588379e+00,1.993928700685501099e-01,-4.338267743587493896e-01,-8.948281407356262207e-01,-6.070856451988220215e-01,2.942227125167846680e+00,3.854917585849761963e-01,-5.397664904594421387e-01,-1.157379627227783203e+00,7.542505264282226562e-01,-8.632439970970153809e-01,2.448931708931922913e-02,2.118177562952041626e-01,7.515741586685180664e-01,1.632684469223022461e-01,-4.664175510406494141e-01,8.830037117004394531e-01,-1.200073122978210449e+00,-3.024109601974487305e-01,2.139871269464492798e-01,-9.901992976665496826e-02,5.400245189666748047e-01,-1.228052854537963867e+00,1.728595376014709473e+00,-1.332997918128967285e+00,-9.436202049255371094e-02,-1.212750315666198730e+00,-3.550354242324829102e-01,3.213725611567497253e-02,1.034560203552246094e+00,-4.763199687004089355e-01,-9.709025621414184570e-01,-8.721045218408107758e-03,1.320849537849426270e+00,-8.207820653915405273e-01,-6.866346001625061035e-01,7.547314763069152832e-01,5.493404269218444824e-01,-1.031077742576599121e+00,6.400892138481140137e-01,-1.361080527305603027e+00,1.394650459289550781e+00,1.244120955467224121e+00,-7.621607184410095215e-01,-4.756700992584228516e-01,-3.048318624496459961e-01,-1.482621788978576660e+00,-4.189605414867401123e-01,-1.519327998161315918e+00
-7.448157668113708496e-01,-3.017737150192260742e+00,1.387308478355407715e+00,1.682032704353332520e+00,1.106625676155090332e+00,3.718962371349334717e-01,1.449189424514770508e+00,-5.742486715316772461e-01,8.800626397132873535e-01,-1.097237944602966309e+00,1.956485956907272339e-02,-3.205634653568267822e-01,3.273789882659912109e-01,1.630580723285675049e-01,1.630220562219619751e-01,1.069676041603088379e+00,-4.478323459625244141e-01,5.216109156608581543e-01,-5.751064419746398926e-01,-4.868296980857849121e-01,-4.032897949218750000e-01,1.294415712356567383e+00,-3.123727440834045410e-01,-7.640166282653808594e-01,-7.868651151657104492e-01,1.023366078734397888e-01,-4.600746929645538330e-01,-2.518586516380310059e-01,-1.720039844512939453e-01,-1.875590443611145020e+00,-1.328239917755126953e+00,-1.717211365699768066e+00,-8.693768978118896484e-01,7.488004565238952637e-01,9.091576933860778809e-01,2.702651619911193848e-01,-6.419117748737335205e-02,2.210801392793655396e-01,-1.786365032196044922e+00,1.777985215187072754e+00,-3.212666213512420654e-01,-1.485526919364929199e+00,8.052106201648712158e-02,-3.784098029136657715e-01,-4.294285178184509277e-01,-1.965043544769287109e-01,-1.707678288221359253e-01,-9.429241418838500977e-01,-1.720011830329895020e+00,5.771783590316772461e-01,-6.419041156768798828e-01,-1.501729965209960938e+00,1.771907329559326172e+00,1.322548389434814453e+00,-4.339851737022399902e-01,-3.330056667327880859e-01,1.260926485061645508e+00,-8.325144052505493164e-01,-9.671351909637451172e-01,1.273915886878967285e+00,-1.295416474342346191e+00,-1.008468389511108398e+00,-7.225643396377563477e-01,1.974306255578994751e-01,-5.509312748908996582e-01,-1.192553758621215820e+00,3.274897634983062744e-01,5.472924709320068359e-01,-7.229848504066467285e-01,-8.184462785720825195e-01,3.630954921245574951e-01,1.066802740097045898e+00,-2.191206067800521851e-01,3.541083037853240967e-01,3.118401765823364258e-01,9.549447298049926758e-01,-7.012277841567993164e-01,1.192484855651855469e+00,-9.305568337440490723e-01,8.659351468086242676e-01,-3.999924659729003906e-02,1.999762892723083496e+00,1.124780654907226562e+00,-6.238153576850891113e-01,-1.144037485122680664e+00,-4.334915429353713989e-02,1.747192740440368652e+00,2.224261522293090820e+00,-4.066735133528709412e-02,-2.712212085723876953e+00,-9.117150306701660156e-01,-1.293798923492431641e+00,-1.606774210929870605e+00,-1.015436291694641113e+00,9.071841239929199219e-01,-4.721762835979461670e-01,-5.594155788421630859e-01,4.736348390579223633e-01,-1.267134845256805420e-01,-2.771131277084350586e+00
-1.443099617958068848e+00,1.781121492385864258e-01,1.032314896583557129e+00,-6.518853902816772461e-01,2.912452518939971924e-01,-3.529147505760192871e-01,-4.544323980808258057e-01,1.923165559768676758e+00,8.335111141204833984e-01,1.719581842422485352e+00,-1.953898787498474121e+00,-1.714839696884155273e+00,-3.723159730434417725e-01,-1.022667288780212402e+00,5.643392205238342285e-01,1.325817465782165527e+00,1.261070370674133301e+00,-1.073490619659423828e+00,6.930941939353942871e-01,1.180277347564697266e+00,9.675300121307373047e-01,-3.041907250881195068e-01,1.613080382347106934e+00,-8.339960575103759766e-01,1.840862482786178589e-01,4.205870628356933594e-01,1.259798884391784668e+00,-1.005999207496643066e+00,-1.821842908859252930e+00,1.479682922363281250e+00,-3.779841959476470947e-01,9.172915816307067871e-01,5.676009459421038628e-04,1.132731437683105469e+00,5.387765914201736450e-02,-5.206269621849060059e-01,1.738878369331359863e+00,8.777998685836791992e-01,4.992682635784149170e-01,-1.241312861442565918e+00,6.135761737823486328e-01,-1.653526782989501953e+00,-7.023720145225524902e-01,-1.140838027000427246e+00,-9.965991377830505371e-01,-1.363955378532409668e+00,-1.892119884490966797e+00,1.474453061819076538e-01,-6.714775562286376953e-01,-1.244542002677917480e+00,5.260762572288513184e-01,6.895552873611450195e-01,-3.006613627076148987e-02,-1.680403590202331543e+00,7.140057682991027832e-01,-3.661153316497802734e-01,1.216448783874511719e+00,-3.500952482223510742e+00,-5.760086178779602051e-01,-1.270032823085784912e-01,1.025839745998382568e-01,1.816258668899536133e+00,-9.734812378883361816e-01,-2.193951457738876343e-01,-1.526810765266418457e+00,-1.120344877243041992e+00,2.576197147369384766e+00,8.538972735404968262e-01,-4.660078585147857666e-01,9.977164864540100098e-01,2.889700233936309814e-01,-1.318303108215332031e+00,3.590567111968994141e-01,-1.042504683136940002e-01,-6.111610531806945801e-01,-1.848963052034378052e-01,6.329398155212402344e-01,-6.012220978736877441e-01,1.593517661094665527e+00,-2.023322582244873047e+00,-9.437288045883178711e-01,5.929490551352500916e-02,4.713797271251678467e-01,-1.777365684509277344e+00,-2.834577322006225586e+00,-2.443558722734451294e-01,-1.402174234390258789e-01,-1.009556293487548828e+00,2.494517564773559570e+00,3.262260556221008301e-02,2.500271201133728027e-01,4.646682143211364746e-01,1.024250268936157227e+00,3.547922149300575256e-02,1.865534901618957520e+00,7.740185856819152832e-01,-1.217831850051879883e+00,-1.388626337051391602e+00,5.991842746734619141e-01,-1.006242632865905762e+00
1.590403355658054352e-02,-8.306890130043029785e-01,1.832363903522491455e-01,-8.845336437225341797e-01,3.589262962341308594e-01,-5.005711317062377930e-01,-1.042842984199523926e+00,-1.723067760467529297e+00,5.768282413482666016e-01,1.076753258705139160e+00,-1.080348968505859375e+00,-6.383489966392517090e-01,3.939417898654937744e-01,5.580517649650573730e-01,-2.379095315933227539e+00,-6.256872415542602539e-01,1.145082354545593262e+00,-2.205068469047546387e-01,2.862106859683990479e-01,6.193934082984924316e-01,2.178522825241088867e+00,-1.243182778358459473e+00,1.740237474441528320e+00,1.030355095863342285e+00,2.098670899868011475e-01,-2.774824574589729309e-02,-2.856392264366149902e-01,1.068501174449920654e-01,9.316583871841430664e-01,-1.724376082420349121e-01,1.270043551921844482e-01,8.221122026443481445e-01,6.501392126083374023e-01,3.976900279521942139e-01,1.170384049415588379e+00,4.851637780666351318e-01,1.318859100341796875e+00,-1.422517538070678711e+00,4.183040857315063477e-01,-1.147680759429931641e+00,1.999497056007385254e+00,-5.629810094833374023e-01,9.518779814243316650e-02,-8.241339921951293945e-01,2.391033887863159180e+00,-5.829507112503051758e-01,-7.626997828483581543e-01,4.134579300880432129e-01,-4.267202913761138916e-01,-2.297863513231277466e-01,-8.323808908462524414e-01,-2.269106209278106689e-01,1.319882988929748535e+00,6.073083728551864624e-03,1.805137038230895996e+00,3.250682353973388672e+00,1.542549371719360352e+00,7.868087887763977051e-01,-8.195559382438659668e-01,-4.215033054351806641e-01,-7.047938704490661621e-01,-1.420734524726867676e+00,5.546512603759765625e-01,2.907350659370422363e-01,7.468754798173904419e-02,-1.910110712051391602e+00,5.817039608955383301e-01,2.344965189695358276e-02,-5.873269438743591309e-01,-1.778866052627563477e+00,-1.897645294666290283e-01,-1.482782483100891113e+00,-4.335798323154449463e-02,-8.046939969062805176e-01,5.594921112060546875e-01,-2.257151126861572266e+00,3.980216383934020996e-01,-3.188664317131042480e-01,1.316432476043701172e+00,5.615993142127990723e-01,5.581557154655456543e-01,7.802398204803466797e-01,-1.814109206199645996e+00,-1.092376783490180969e-01,4.782152473926544189e-01,6.688677072525024414e-01,9.815543889999389648e-02,2.172191858291625977e+00,1.823700368404388428e-01,-7.901546359062194824e-02,-6.502500772476196289e-01,-8.557552099227905273e-01,1.215872019529342651e-01,-2.022714018821716309e-01,-1.032850742340087891e+00,1.841794133186340332e+00,3.584284782409667969e-01,4.870906174182891846e-01,-3.519233167171478271e-01,-2.728720903396606445e-01
3.881719661876559258e-03,-7.458878159523010254e-01,1.196234703063964844e+00,-7.449486851692199707e-01,-3.602085635066032410e-02,-3.594997525215148926e-01,-6.085723266005516052e-02,-1.975845098495483398e-01,1.458044499158859253e-01,4.204899072647094727e-01,-2.414855957031250000e+00,-1.737867355346679688e+00,-8.057470619678497314e-02,-7.880462408065795898e-01,3.199076354503631592e-01,-4.532315135002136230e-01,2.018370389938354492e+00,-8.632799386978149414e-01,2.325034886598587036e-01,-2.083634376525878906e+00,-5.582352876663208008e-01,1.381320357322692871e+00,2.708032131195068359e+00,1.920935630798339844e+00,-1.997902095317840576e-01,-1.485216468572616577e-01,3.238163590431213379e-01,5.918904542922973633e-01,1.012074589729309082e+00,1.666110038757324219e+00,-8.052944540977478027e-01,-1.570716381072998047e+00,-2.086018621921539307e-01,1.446543574333190918e+00,1.573467105627059937e-01,3.054045200347900391e+00,8.558846712112426758e-01,8.105919957160949707e-01,5.294586420059204102e-01,-4.335884451866149902e-01,-6.880235671997070312e-01,9.743765592575073242e-01,6.079146265983581543e-01,-6.161877512931823730e-01,-1.531816959381103516e+00,1.696468114852905273e+00,-9.168321639299392700e-02,-1.148368120193481445e+00,1.539845585823059082e+00,-1.405064463615417480e+00,-9.399683475494384766e-01,-4.230456054210662842e-01,4.753237366676330566e-01,5.984437465667724609e-01,-1.671689510345458984e+00,4.333600103855133057e-01,-5.113278031349182129e-01,9.606367349624633789e-01,-7.074353098869323730e-01,5.014702081680297852e-01,-1.613900065422058105e-01,3.327583312988281250e+00,3.321330249309539795e-02,4.366580545902252197e-01,-1.240581631660461426e+00,3.381696343421936035e-02,-1.126640200614929199e+00,-1.132623791694641113e+00,1.115537762641906738e+00,-6.332440972328186035e-01,3.281476795673370361e-01,-5.120144486427307129e-01,-1.055710792541503906e+00,-5.945681333541870117e-01,-2.391623109579086304e-01,-5.145517587661743164e-01,-5.720561146736145020e-01,7.131766676902770996e-01,-1.752608269453048706e-02,3.068527206778526306e-02,-1.404094219207763672e+00,-1.876048445701599121e+00,-2.227123498916625977e+00,-8.020708560943603516e-01,-3.877311646938323975e-01,1.257567763328552246e+00,1.646589517593383789e+00,-1.568560719490051270e+00,1.093027949333190918e+00,3.701633512973785400e-01,2.059669733047485352e+00,7.940043210983276367e-01,-4.572359099984169006e-02,2.462224662303924561e-01,-4.221607148647308350e-01,3.353297710418701172e-01,1.125108361244201660e+00,-1.367686510086059570e+00,-6.901425719261169434e-01,1.721729487180709839e-01
3.758919537067413330e-01,1.138081550598144531e+00,-1.878157854080200195e-01,1.355037093162536621e-01,-2.709292769432067871e-01,-7.621909677982330322e-02,1.679862737655639648e+00,-5.859334468841552734e-01,1.367879509925842285e+00,-6.518362760543823242e-01,1.046487092971801758e+00,5.336052179336547852e-01,1.046418428421020508e+00,-1.534676849842071533e-01,1.013353019952774048e-01,-4.940872490406036377e-01,-5.483436584472656250e-01,-1.212622880935668945e+00,-1.238353028893470764e-01,-1.173177957534790039e-01,-1.006214380264282227e+00,8.379603624343872070e-01,7.048926353454589844e-01,-1.068009614944458008e+00,1.488926559686660767e-01,-1.916352868080139160e+00,8.482664823532104492e-01,-2.177698016166687012e-01,-3.683459460735321045e-01,1.639924168586730957e+00,1.184403777122497559e+00,-1.225433349609375000e+00,-2.347543090581893921e-01,-1.513848006725311279e-01,-3.300991952419281006e-01,-1.289385199546813965e+00,2.696050703525543213e-01,1.042622327804565430e+00,-1.077630221843719482e-01,-5.816260576248168945e-01,1.292529702186584473e-01,-1.239467412233352661e-01,-4.573498070240020752e-01,2.018683552742004395e-01,-1.039164781570434570e+00,-7.701363563537597656e-01,-8.320059776306152344e-01,-1.362654685974121094e+00,1.106834292411804199e+00,-9.823939800262451172e-01,-2.306070029735565186e-01,-1.143467903137207031e+00,-6.906826496124267578e-01,-4.132003784179687500e-01,-1.540062189102172852e+00,7.445585727691650391e-01,-9.173388779163360596e-02,5.824767053127288818e-02,-7.375447750091552734e-01,1.623122572898864746e+00,-2.014884948730468750e+00,-8.384621739387512207e-01,-5.128585100173950195e-01,1.950193345546722412e-01,-8.090127706527709961e-01,1.616695404052734375e+00,-1.615163803100585938e+00,4.027343094348907471e-01,-5.987348556518554688e-01,8.884534239768981934e-01,-3.910880684852600098e-01,-5.448938608169555664e-01,-1.577800959348678589e-01,-3.653802573680877686e-01,-3.560322523117065430e-01,4.747488498687744141e-01,1.237847730517387390e-01,1.632410287857055664e-01,9.756420254707336426e-01,-1.244401931762695312e+00,1.839857339859008789e+00,-4.115864336490631104e-01,-3.673627078533172607e-01,-9.789614081382751465e-01,5.168055295944213867e-01,-8.040112853050231934e-01,1.535933971405029297e+00,-2.205819606781005859e+00,2.551900744438171387e-01,3.553222715854644775e-01,-7.836004495620727539e-01,5.556412339210510254e-01,-4.534863531589508057e-01,1.084728017449378967e-01,2.379026412963867188e-01,-8.161172270774841309e-01,3.583175837993621826e-01,1.732712388038635254e+00,-2.550410330295562744e-01,1.345651030540466309e+00
5.727038979530334473e-01,-1.926006436347961426e+00,9.660980701446533203e-01,-1.140722751617431641e+00,-9.288709759712219238e-01,6.880006194114685059e-01,-1.188234329223632812e+00,9.074680805206298828e-01,1.007830739021301270e+00,1.584068179130554199e+00,-1.269014358520507812e+00,-4.187089204788208008e-01,-3.700136244297027588e-01,6.601226925849914551e-01,4.199505448341369629e-01,-9.329721927642822266e-01,-2.099841833114624023e+00,1.907116651535034180e+00,-8.544788360595703125e-01,4.061239063739776611e-01,-5.793114900588989258e-01,7.355070710182189941e-01,-7.112329602241516113e-01,-1.104742381721735001e-02,-6.012412309646606445e-01,6.618018150329589844e-01,8.640971779823303223e-01,-1.612559407949447632e-01,1.410349845886230469e+00,-4.753779470920562744e-01,-1.148970365524291992e+00,-3.599487990140914917e-02,1.859409213066101074e+00,1.084348633885383606e-01,-1.604204893112182617e+00,1.316351413726806641e+00,-1.230013251304626465e+00,4.455286562442779541e-01,-1.001373410224914551e+00,-1.207843780517578125e+00,-1.224102616310119629e+00,3.763877749443054199e-01,1.418256282806396484e+00,-3.688125610351562500e-01,3.257675468921661377e-01,8.315929174423217773e-01,-9.056757092475891113e-01,-7.530366778373718262e-01,-1.637170195579528809e+00,2.777290582656860352e+00,-9.404079616069793701e-02,1.753073096275329590e+00,-1.417765617370605469e+00,8.997599482536315918e-01,1.161971502006053925e-02,-3.207008540630340576e-01,-7.489669322967529297e-01,1.248391866683959961e+00,-5.399957299232482910e-01,-1.359624028205871582e+00,6.026138663291931152e-01,1.436212807893753052e-01,-4.096339941024780273e-01,-2.056985497474670410e-01,1.636647820472717285e+00,7.249085903167724609e-01,8.381572365760803223e-01,-1.138021349906921387e+00,3.409355506300926208e-02,-1.057350635528564453e+00,-3.832032084465026855e-01,3.888932988047599792e-02,-3.946063518524169922e-01,2.067851871252059937e-01,-5.331173539161682129e-01,1.280206084251403809e+00,1.893196225166320801e+00,1.373995780944824219e+00,1.135570764541625977e+00,9.193880110979080200e-02,-3.726326301693916321e-02,-6.128121614456176758e-01,-1.204736232757568359e+00,-1.918844342231750488e+00,8.610488772392272949e-01,6.643640995025634766e-01,-4.191942885518074036e-02,6.863868832588195801e-01,5.303823947906494141e-02,1.719915986061096191e+00,1.678918004035949707e+00,1.237068653106689453e+00,-2.272022008895874023e+00,5.120928287506103516e-01,-1.043444514274597168e+00,-1.091758310794830322e-01,-5.178544521331787109e-01,7.236214876174926758e-01,5.531068444252014160e-01,3.211669623851776123e-01
-1.710314899682998657e-01,-4.662149548530578613e-01,9.438434988260269165e-02,2.151779413223266602e+00,1.909537792205810547e+00,1.656716227531433105e+00,-9.050046205520629883e-01,-9.063107520341873169e-02,-1.613334894180297852e+00,-8.612478375434875488e-01,-1.248995304107666016e+00,-9.141419529914855957e-01,2.415544509887695312e+00,1.962444782257080078e-01,-1.182724237442016602e+00,-3.827000260353088379e-01,4.699502289295196533e-01,-1.657014787197113037e-01,-2.776305973529815674e-01,-3.662395775318145752e-01,-5.847108960151672363e-01,-4.640476107597351074e-01,-7.560845613479614258e-01,-1.393171787261962891e+00,8.660685420036315918e-01,1.855247855186462402e+00,-6.270599961280822754e-01,-5.311300158500671387e-01,2.028314828872680664e+00,1.032329052686691284e-01,7.837225794792175293e-01,-1.588765829801559448e-01,-4.920025765895843506e-01,-4.483630061149597168e-01,-2.352788746356964111e-01,-1.053937077522277832e-01,2.052388489246368408e-01,1.360506415367126465e-01,-4.924269616603851318e-01,-1.584784984588623047e+00,-1.535079121589660645e+00,1.100440263748168945e+00,8.606681823730468750e-01,-1.347302794456481934e+00,1.150174975395202637e+00,-1.213629603385925293e+00,2.688062787055969238e-01,-3.597607836127281189e-02,6.291856765747070312e-01,4.271397888660430908e-01,2.748698949813842773e+00,1.963505297899246216e-01,3.722837865352630615e-01,1.162561416625976562e+00,-1.090999245643615723e+00,1.606575608253479004e+00,-7.354761362075805664e-01,6.719470024108886719e-01,-1.332500338554382324e+00,9.680496156215667725e-02,-6.044983267784118652e-01,7.789884875819552690e-06,7.307487726211547852e-01,-1.367633789777755737e-01,-9.279787540435791016e-01,-5.696292221546173096e-02,1.584385395050048828e+00,4.038836359977722168e-01,1.418925970792770386e-01,-4.500118643045425415e-02,9.567090272903442383e-01,7.198243141174316406e-01,1.531087756156921387e+00,1.026178121566772461e+00,4.913346767425537109e-01,3.217237889766693115e-01,1.022152543067932129e+00,-6.114231348037719727e-01,-7.606226950883865356e-02,-7.714858651161193848e-01,-2.300978749990463257e-01,-3.562026023864746094e-01,3.444634079933166504e-01,-3.927718698978424072e-01,-1.452358126640319824e+00,-7.157624363899230957e-01,1.981458067893981934e+00,2.866583764553070068e-01,-4.112009331583976746e-02,-4.947298467159271240e-01,-2.978963851928710938e-01,6.145778298377990723e-01,-7.082474827766418457e-01,-3.308780789375305176e-01,-3.292880356311798096e-01,5.944071412086486816e-01,1.390882372856140137e+00,1.440595269203186035e+00,2.406238794326782227e+00,1.602232754230499268e-01
6.381369233131408691e-01,-3.551799356937408447e-01,3.729052245616912842e-01,-2.262989759445190430e+00,-1.194782495498657227e+00,-1.335815429687500000e+00,5.273488163948059082e-02,-4.750745892524719238e-01,-1.677337288856506348e-01,7.210948038846254349e-03,6.504400372505187988e-01,-4.987524151802062988e-01,-1.608460903167724609e+00,-1.343213558197021484e+00,-1.516929268836975098e+00,4.627275466918945312e-01,-7.203573584556579590e-01,-1.618622660636901855e+00,6.481799483299255371e-01,1.203413844108581543e+00,1.851419657468795776e-01,2.276582419872283936e-01,-1.128819286823272705e-01,-2.767546415328979492e+00,-9.283558726310729980e-01,-6.816459298133850098e-01,-6.994184851646423340e-01,-3.100833594799041748e-01,1.425044536590576172e+00,-2.346077561378479004e-01,7.460324168205261230e-01,1.084291562438011169e-01,-1.346890449523925781e+00,-1.385645747184753418e+00,-3.744143843650817871e-01,-1.518479585647583008e+00,-6.907035112380981445e-01,-1.364341676235198975e-01,1.179445147514343262e+00,-1.769022345542907715e+00,7.565479278564453125e-01,-6.315587162971496582e-01,7.599185109138488770e-01,-5.101094022393226624e-02,8.476961851119995117e-01,-3.782234489917755127e-01,6.563524007797241211e-01,-2.951002679765224457e-02,6.741698365658521652e-03,-1.246612668037414551e+00,-2.780910730361938477e-01,1.601745963096618652e+00,-1.020196318626403809e+00,1.601648807525634766e+00,1.044622063636779785e+00,-1.501995444297790527e+00,4.913033917546272278e-03,-4.899599850177764893e-01,1.470260143280029297e+00,1.907393336296081543e+00,7.389976978302001953e-01,2.212875187397003174e-01,2.206887006759643555e-01,1.692316085100173950e-01,-8.263701200485229492e-02,-1.712260007858276367e+00,1.178011596202850342e-01,-1.144743919372558594e+00,-5.426197648048400879e-01,-3.873674897477030754e-03,6.938007473945617676e-01,1.412841916084289551e+00,2.222083956003189087e-01,6.329216361045837402e-01,4.643125534057617188e-01,2.073350429534912109e+00,-1.132612228393554688e+00,-9.628971666097640991e-02,1.898350834846496582e+00,1.103604793548583984e+00,1.025585606694221497e-01,6.532924622297286987e-02,5.793322920799255371e-01,-2.691576480865478516e-01,-2.649734020233154297e-01,-1.541137814521789551e+00,1.880299806594848633e+00,-1.650039255619049072e-01,-9.413807392120361328e-01,7.384608387947082520e-01,-3.919567763805389404e-01,8.588661551475524902e-01,-1.909975171089172363e+00,3.711507320404052734e-01,1.883790016174316406e+00,-5.064051747322082520e-01,1.249891996383666992e+00,-7.168927788734436035e-01,-5.557202100753784180e-01,-6.966632008552551270e-01
-4.285871386528015137e-01,-6.477903574705123901e-02,7.040055394172668457e-01,-8.887325525283813477e-01,-4.133089184761047363e-01,1.037020564079284668e+00,1.532013297080993652e+00,-1.112164631485939026e-01,-1.822605729103088379e+00,-9.084556698799133301e-01,5.898443460464477539e-01,-1.460887193679809570e+00,-1.148393750190734863e+00,7.297514677047729492e-01,-7.899231314659118652e-01,-2.575912952423095703e+00,1.330039978027343750e+00,6.571192741394042969e-01,2.103665322065353394e-01,7.346695065498352051e-01,1.055223703384399414e+00,1.414445877075195312e+00,-1.136993527412414551e+00,-1.564177632331848145e+00,2.171350002288818359e+00,1.948939450085163116e-02,2.735855281352996826e-01,2.277557253837585449e-01,3.510994017124176025e-01,-1.235879212617874146e-02,9.845559000968933105e-01,1.289424538612365723e+00,1.188260674476623535e+00,-1.250261068344116211e+00,2.182277202606201172e+00,7.939290404319763184e-01,-1.608023047447204590e-01,-2.717836499214172363e-01,1.434824347496032715e+00,1.476111769676208496e+00,-1.092687398195266724e-01,1.082378983497619629e+00,-2.054361343383789062e+00,1.386031508445739746e-01,5.133801102638244629e-01,-4.359653890132904053e-01,8.122207522392272949e-01,-1.910256892442703247e-01,1.526876211166381836e+00,-2.730280876159667969e+00,-1.021496415138244629e+00,3.467668294906616211e-01,7.133619394153356552e-03,-1.251062005758285522e-01,-2.346732378005981445e+00,-8.980920314788818359e-01,-2.209732055664062500e+00,5.079813003540039062e-01,7.644420266151428223e-01,2.758420705795288086e-01,-2.296407818794250488e-01,-2.330137193202972412e-01,1.841697573661804199e+00,-3.320550203323364258e+00,-1.540712565183639526e-01,1.219867467880249023e+00,-1.247400403022766113e+00,-6.398575901985168457e-01,5.744824558496475220e-02,-3.790228664875030518e-01,2.353393584489822388e-01,-7.271315455436706543e-01,1.593695402145385742e+00,-7.117962837219238281e-01,1.235369086265563965e+00,1.439464330673217773e+00,1.357494831085205078e+00,-1.026244044303894043e+00,-4.481608569622039795e-01,-9.145136475563049316e-01,1.030509471893310547e+00,2.368219494819641113e-01,-1.555582404136657715e+00,-1.314800739288330078e+00,1.212741732597351074e+00,-9.478878974914550781e-01,1.048034787178039551e+00,2.348872870206832886e-01,1.540679484605789185e-01,5.844186991453170776e-03,1.930483579635620117e+00,1.220102190971374512e+00,-1.630190461874008179e-01,8.907365798950195312e-02,-3.296187520027160645e-01,-5.925255417823791504e-01,1.837539553642272949e+00,-7.646545767784118652e-01,-4.432487487792968750e-01,1.372686862945556641e+00
5.462969094514846802e-02,7.613871693611145020e-01,1.119902253150939941e+00,2.026237100362777710e-01,-1.888809204101562500e+00,-1.101919040083885193e-01,1.009369134902954102e+00,8.236953616142272949e-02,-2.471539974212646484e-01,-3.624477088451385498e-01,1.967983603477478027e+00,4.364584088325500488e-01,3.626271486282348633e-01,-4.815010726451873779e-01,-8.632327318191528320e-01,4.607968926429748535e-01,-1.413064718246459961e+00,-5.706702470779418945e-01,-7.208597660064697266e-01,7.556988596916198730e-01,5.013279914855957031e-01,9.011996984481811523e-01,3.755314350128173828e-01,8.909106850624084473e-01,2.194581031799316406e-01,-5.695678591728210449e-01,9.385303854942321777e-01,-8.549034595489501953e-03,5.536950752139091492e-02,6.436721682548522949e-01,6.672565340995788574e-01,9.131305813789367676e-01,2.447499930858612061e-01,-3.063394129276275635e-01,6.332455873489379883e-01,2.110136449337005615e-01,4.294097423553466797e-01,1.394565105438232422e+00,-1.127619266510009766e+00,3.620862364768981934e-01,4.412189424037933350e-01,-5.878872275352478027e-01,-2.895411252975463867e-01,-1.335866600275039673e-01,6.028834581375122070e-01,-5.648218393325805664e-01,-2.107511013746261597e-01,-7.993891835212707520e-01,-1.581055879592895508e+00,-2.171044200658798218e-01,1.324689388275146484e+00,9.970736503601074219e-01,8.442516326904296875e-01,1.579051375389099121e+00,1.142875075340270996e+00,-9.379118680953979492e-01,-2.136813402175903320e-01,2.960096597671508789e-01,1.502359986305236816e+00,1.660916090011596680e+00,2.910438179969787598e-01,-1.378446459770202637e+00,-1.008576393127441406e+00,3.146387934684753418e-01,-2.237633228302001953e+00,7.148511409759521484e-01,-9.156314730644226074e-01,5.866189599037170410e-01,1.250811219215393066e+00,-5.503755211830139160e-01,-1.130400300025939941e+00,-3.623995780944824219e-01,7.403465509414672852e-01,-4.093542695045471191e-01,3.512209057807922363e-01,-1.502119660377502441e+00,-3.656307458877563477e-01,1.786780357360839844e+00,-6.464133858680725098e-01,-1.365802288055419922e+00,-1.036397695541381836e+00,-5.177248120307922363e-01,9.502298384904861450e-02,-5.063114166259765625e-01,-8.226280212402343750e-01,7.678732275962829590e-01,-4.610172808170318604e-01,1.583764791488647461e+00,3.237650692462921143e-01,-4.158727526664733887e-01,-5.278864875435829163e-02,-1.352467298507690430e+00,2.253857135772705078e+00,6.541428565979003906e-01,-3.937301635742187500e-01,-1.432244420051574707e+00,7.365772128105163574e-01,1.166922673583030701e-01,-3.096735179424285889e-01,1.597201377153396606e-01
-1.158599376678466797e+00,-5.476440861821174622e-02,3.361365497112274170e-01,-4.781287908554077148e-01,-1.186498641967773438e+00,-7.307090163230895996e-01,1.815156787633895874e-01,7.288140654563903809e-01,1.842492461204528809e+00,-5.146512985229492188e-01,-4.529932737350463867e-01,1.069192588329315186e-01,1.120395898818969727e+00,1.218921542167663574e+00,-6.929470896720886230e-01,-9.203081130981445312e-01,3.114382326602935791e-01,-9.345791339874267578e-01,-6.371302604675292969e-01,-9.868229180574417114e-02,1.267721652984619141e+00,-8.562577962875366211e-01,-6.049608588218688965e-01,-6.367439031600952148e-01,1.263021826744079590e+00,-1.113233864307403564e-01,-7.505977153778076172e-01,1.174265518784523010e-02,-1.765645146369934082e+00,1.040438771247863770e+00,-6.172032952308654785e-01,-8.045739531517028809e-01,-1.814058184623718262e+00,6.616348624229431152e-01,-7.934847474098205566e-01,-3.875816464424133301e-01,-1.444477587938308716e-01,-2.073922306299209595e-01,1.147905588150024414e+00,-5.419386029243469238e-01,-4.869650900363922119e-01,9.461998194456100464e-02,-1.083729386329650879e+00,-2.160319685935974121e-01,-5.793648958206176758e-01,6.005126833915710449e-01,1.549824237823486328e+00,-1.482682228088378906e+00,-6.171590089797973633e-01,-2.187700420618057251e-01,1.288376301527023315e-01,1.331166386604309082e+00,-6.060251593589782715e-01,-1.766483426094055176e+00,8.397973179817199707e-01,7.069022059440612793e-01,-1.362752079963684082e+00,-2.831878066062927246e-01,-1.223794102668762207e+00,8.695303201675415039e-01,3.360144793987274170e-01,3.224012553691864014e-01,9.981808066368103027e-02,3.525739312171936035e-01,1.647990942001342773e+00,5.803537368774414062e-01,5.908374190330505371e-01,-1.010782957077026367e+00,6.891592144966125488e-01,-3.141896054148674011e-02,2.954329848289489746e-01,1.795748770236968994e-01,-1.023287847638130188e-01,3.287627100944519043e-01,4.946452379226684570e-01,-1.211148858070373535e+00,5.810845494270324707e-01,-1.761337161064147949e+00,-6.920843720436096191e-01,-1.083574891090393066e+00,-1.146176099777221680e+00,-1.274609804153442383e+00,-1.966807097196578979e-01,1.093087196350097656e+00,-1.360170602798461914e+00,-6.122858524322509766e-01,-3.062444210052490234e+00,9.485786557197570801e-01,-6.503102779388427734e-01,-5.357469245791435242e-02,9.836983680725097656e-01,-8.993675559759140015e-02,9.701913595199584961e-01,4.546052515506744385e-01,-1.290810704231262207e-01,1.806347966194152832e-01,-4.368458092212677002e-01,-6.476908326148986816e-01,-1.387320041656494141e+00,-3.682797253131866455e-01
-2.259014368057250977e+00,-7.234686613082885742e-01,-1.156928777694702148e+00,1.211880519986152649e-01,2.693457007408142090e-01,-1.175914764404296875e+00,-9.960055947303771973e-01,1.345920920372009277e+00,1.297508239746093750e+00,1.528337240219116211e+00,-4.356330037117004395e-01,-5.709897875785827637e-01,-2.891624867916107178e-01,-1.302053093910217285e+00,-5.695760250091552734e-01,-7.702753543853759766e-01,-9.366799592971801758e-01,-2.355964422225952148e+00,6.341102123260498047e-01,4.054292738437652588e-01,1.170027479529380798e-01,8.635636568069458008e-01,1.097154855728149414e+00,5.449851751327514648e-01,1.291725277900695801e+00,3.812168166041374207e-02,2.999378144741058350e-01,3.664808347821235657e-02,-3.444841876626014709e-02,4.643946290016174316e-01,1.375462889671325684e+00,3.180618584156036377e-01,-9.468958377838134766e-01,-2.902523875236511230e-01,2.037724256515502930e-01,-1.812920868396759033e-01,6.171261072158813477e-01,-2.373685836791992188e+00,-6.427583098411560059e-01,-1.155220389366149902e+00,-7.832124233245849609e-01,1.886228203773498535e+00,3.574382141232490540e-02,-1.373672187328338623e-01,-1.939868569374084473e+00,-1.453501284122467041e-01,-7.611040472984313965e-01,9.219555258750915527e-01,1.222658827900886536e-01,-2.864944748580455780e-02,1.957136243581771851e-01,4.826432764530181885e-01,7.280583977699279785e-01,5.987122058868408203e-01,1.028918385505676270e+00,5.791386961936950684e-01,-1.224042296409606934e+00,8.498741984367370605e-01,5.089351534843444824e-01,2.581537067890167236e-01,-1.169117212295532227e+00,-3.765209112316370010e-03,5.553579926490783691e-01,-8.714791536331176758e-01,-8.942312002182006836e-01,-1.579639554023742676e+00,4.974781274795532227e-01,-3.347973227500915527e-01,1.919960528612136841e-01,-5.435726791620254517e-02,-1.052055597305297852e+00,2.627535462379455566e-01,1.120403528213500977e+00,1.048327922821044922e+00,-6.232617497444152832e-01,7.294084411114454269e-03,3.519163932651281357e-03,-1.464940011501312256e-01,-1.913835763931274414e+00,-1.589705818332731724e-03,-3.198306262493133545e-01,-6.774374842643737793e-01,8.286548256874084473e-01,-9.127257466316223145e-01,1.391136646270751953e+00,2.659834027290344238e-01,-8.999368548393249512e-01,-2.516464889049530029e-01,5.552299618721008301e-01,1.096186757087707520e+00,-9.945228695869445801e-01,4.198651015758514404e-01,-6.983461976051330566e-02,8.585469126701354980e-01,4.303193688392639160e-01,-1.083566546440124512e+00,-7.435768842697143555e-01,4.915600642561912537e-02,6.550040245056152344e-01,1.740649342536926270e+00
-1.752732992172241211e+00,-1.947598814964294434e+00,-1.326343417167663574e-01,1.429436564445495605e+00,1.272406429052352905e-01,-3.985747694969177246e-01,1.092117071151733398e+00,3.798940479755401611e-01,6.145922541618347168e-01,3.406547307968139648e-01,1.800092458724975586e+00,-1.397327423095703125e+00,-3.744461834430694580e-01,4.890695512294769287e-01,-8.026712536811828613e-01,-1.887498050928115845e-01,-7.341294288635253906e-01,2.474344670772552490e-01,-7.566086649894714355e-01,8.589532971382141113e-01,-4.040203988552093506e-01,-2.384778410196304321e-01,7.375131845474243164e-01,-3.838606551289558411e-02,-6.421162486076354980e-01,-1.578466057777404785e+00,-5.075318738818168640e-03,4.417274147272109985e-02,-2.007697105407714844e+00,5.038406252861022949e-01,-1.036050558090209961e+00,-1.316267967224121094e+00,4.703715741634368896e-01,1.496126055717468262e-01,-1.355995535850524902e-01,-1.214306712150573730e+00,1.940101623535156250e+00,-2.145873308181762695e+00,-2.430049479007720947e-01,-9.652143716812133789e-01,-1.854610085487365723e+00,-3.934946358203887939e-01,4.586234092712402344e-01,9.674869775772094727e-01,8.362388014793395996e-01,5.477459728717803955e-02,-6.784509867429733276e-02,3.571971654891967773e-01,5.917598009109497070e-01,-2.119135856628417969e+00,-9.059329628944396973e-01,-5.084843635559082031e-01,-4.827963113784790039e-01,6.769222617149353027e-01,-5.328543186187744141e-01,9.205111861228942871e-01,1.735596358776092529e-01,-1.522885262966156006e-01,2.755709290504455566e-01,2.235772371292114258e+00,8.057922124862670898e-01,8.580879569053649902e-01,-5.556312203407287598e-01,1.635001227259635925e-02,2.735132694244384766e+00,-2.556856572628021240e-01,1.377853155136108398e+00,5.933172702789306641e-01,-5.848710536956787109e-01,4.634524136781692505e-02,-3.822281062602996826e-01,-1.391594529151916504e+00,1.422173619270324707e+00,7.326428294181823730e-01,-1.134962558746337891e+00,-6.351556777954101562e-01,-9.054028391838073730e-01,2.443707704544067383e+00,1.995252132415771484e+00,-4.903910458087921143e-01,1.992657184600830078e-01,-1.165997266769409180e+00,4.476557672023773193e-01,-6.006661057472229004e-02,-1.139177531003952026e-01,-2.478490114212036133e+00,-1.878980547189712524e-01,4.589164853096008301e-01,9.950248599052429199e-01,2.439197540283203125e+00,-1.747400760650634766e+00,-1.317287802696228027e+00,3.823197782039642334e-01,8.761342167854309082e-01,1.384377479553222656e+00,1.971700668334960938e+00,4.272433221340179443e-01,-8.573015928268432617e-01,-1.052024126052856445e+00,8.253232836723327637e-01
3.185372054576873779e-01,4.295333325862884521e-01,9.308451414108276367e-01,-8.030424118041992188e-01,-5.788067728281021118e-02,-9.271919131278991699e-01,1.084770798683166504e+00,4.500094652175903320e-01,2.103662252426147461e+00,-9.116389751434326172e-01,-4.932764172554016113e-01,-8.913485407829284668e-01,4.822406470775604248e-01,-9.716460108757019043e-01,-1.300884187221527100e-01,-1.383236646652221680e+00,-7.779439091682434082e-01,1.465668439865112305e+00,2.798230946063995361e-01,2.708837091922760010e-01,1.034505486488342285e+00,-1.280805230140686035e+00,-1.602203249931335449e+00,1.806462526321411133e+00,-9.082493185997009277e-01,1.638599634170532227e+00,-6.848129630088806152e-01,-2.230386883020401001e-01,1.189696073532104492e+00,-7.205110192298889160e-01,1.097830414772033691e+00,3.167431056499481201e-01,-4.168393462896347046e-02,-1.024461746215820312e+00,3.301855325698852539e-01,-9.549977183341979980e-01,6.732604503631591797e-01,1.436835527420043945e-01,-2.600994586944580078e+00,4.450909495353698730e-01,6.990734338760375977e-01,-1.053757309913635254e+00,6.349908709526062012e-01,7.527678012847900391e-01,-9.582428336143493652e-01,2.056786268949508667e-01,-1.256117582321166992e+00,-1.031850814819335938e+00,1.104557663202285767e-01,2.017679065465927124e-01,-9.804242849349975586e-01,-3.614581108093261719e+00,-1.108145236968994141e+00,-1.692972660064697266e+00,1.234970569610595703e+00,6.446690559387207031e-01,4.863333106040954590e-01,4.419174194335937500e-01,-1.574936866760253906e+00,-9.427576661109924316e-01,-2.643592834472656250e+00,1.399304389953613281e+00,-1.520125746726989746e+00,-3.529286384582519531e-02,-4.341599047183990479e-01,2.118795871734619141e+00,8.080255389213562012e-01,6.326504945755004883e-01,3.267489969730377197e-01,4.718497097492218018e-01,2.052390575408935547e+00,1.079685807228088379e+00,3.464477658271789551e-01,-1.696994751691818237e-01,-9.966925978660583496e-01,-5.184577703475952148e-01,6.880683302879333496e-01,5.294139981269836426e-01,-9.236113429069519043e-01,4.449773430824279785e-01,-7.862588167190551758e-01,1.049273610115051270e-01,1.348551362752914429e-01,-5.191489458084106445e-01,-2.218095660209655762e-01,1.370829790830612183e-01,-5.977186560630798340e-01,-2.330906689167022705e-01,5.142628550529479980e-01,-1.372917294502258301e+00,1.374263763427734375e-01,2.292806148529052734e+00,-3.352401256561279297e-01,1.230330944061279297e+00,4.332544207572937012e-01,-5.760015845298767090e-01,-6.540693044662475586e-01,-1.237845659255981445e+00,1.160021051764488220e-01,8.752396106719970703e-01
8.525253534317016602e-01,-1.516281247138977051e+00,7.124256491661071777e-01,1.934789121150970459e-01,-4.504782855510711670e-01,-8.040850758552551270e-01,-8.555204272270202637e-01,9.330569505691528320e-01,6.672366857528686523e-01,-5.120051503181457520e-01,-1.308104634284973145e+00,-1.233255982398986816e+00,1.525174021720886230e+00,8.119223117828369141e-01,1.661413669586181641e+00,-1.502898186445236206e-01,1.207387804985046387e+00,-4.866710007190704346e-01,-1.504863858222961426e+00,2.957698404788970947e-01,4.997605681419372559e-01,-1.523024201393127441e+00,-1.012193083763122559e+00,7.335280776023864746e-01,-3.075356185436248779e-01,-7.704094648361206055e-01,1.281815290451049805e+00,-4.048170745372772217e-01,8.489386439323425293e-01,8.313981890678405762e-01,-1.413568139076232910e+00,5.003719329833984375e-01,-4.273824393749237061e-01,-1.010751843452453613e+00,-2.947917461395263672e+00,6.242364645004272461e-01,-8.074685931205749512e-01,-2.885451614856719971e-01,4.240849614143371582e-01,-9.000829458236694336e-01,1.580803871154785156e+00,2.227277755737304688e+00,-1.560110300779342651e-01,1.833660602569580078e+00,-4.223216176033020020e-01,8.073168396949768066e-01,-4.108744263648986816e-01,-8.499664068222045898e-01,-2.413059949874877930e+00,-1.367340326309204102e+00,3.165189027786254883e+00,9.208159446716308594e-01,-1.470095992088317871e+00,-1.437832713127136230e+00,-5.364524126052856445e-01,-7.155065536499023438e-01,-1.916787147521972656e+00,1.419636756181716919e-01,1.506798267364501953e-01,1.256382465362548828e+00,-2.443581074476242065e-01,-8.351764678955078125e-01,4.681439697742462158e-01,-6.689640283584594727e-01,-1.182728931307792664e-01,9.527033567428588867e-01,-1.466974973678588867e+00,1.091023802757263184e+00,8.797803521156311035e-01,9.862495064735412598e-01,3.695111572742462158e-01,1.248952746391296387e+00,1.016960382461547852e+00,1.296674370765686035e+00,-1.084153503179550171e-01,4.642626047134399414e-01,-4.838654398918151855e-02,1.307788610458374023e+00,2.266732007265090942e-01,1.677628010511398315e-01,-3.518341779708862305e-01,-4.773385822772979736e-01,-1.007465958595275879e+00,-1.069700717926025391e+00,1.106329783797264099e-01,-1.424420952796936035e+00,8.700186014175415039e-01,-1.129986286163330078e+00,-8.721058368682861328e-01,-6.862336397171020508e-01,-4.327289462089538574e-01,-1.180894613265991211e+00,4.275906980037689209e-01,-1.857613801956176758e+00,-9.853960871696472168e-01,-1.577068686485290527e+00,4.427629709243774414e-01,-2.455042153596878052e-01,-1.108137845993041992e+00,3.889590967446565628e-03
-7.945961952209472656e-01,-9.384309053421020508e-01,-1.994503894820809364e-03,3.284270167350769043e-01,-5.152493119239807129e-01,1.535301804542541504e+00,-4.108336269855499268e-01,7.291108369827270508e-01,2.067558467388153076e-02,1.560488715767860413e-03,-9.055900387465953827e-03,-3.581598699092864990e-01,-5.914815142750740051e-02,-1.037328004837036133e+00,4.064695239067077637e-01,5.429337620735168457e-01,-1.951816678047180176e-01,2.260736942291259766e+00,-1.314155697822570801e+00,2.526109218597412109e-01,-1.408321976661682129e+00,1.536166787147521973e+00,-2.318895310163497925e-01,-1.017605185508728027e+00,1.203343272209167480e+00,1.638604283332824707e+00,3.861440345644950867e-02,-2.710040211677551270e-01,-2.856415510177612305e-01,-6.774374842643737793e-01,4.214021563529968262e-01,6.668903827667236328e-01,-1.149447634816169739e-01,4.039629697799682617e-01,5.069705247879028320e-01,4.348217546939849854e-01,8.254730701446533203e-01,-1.992952227592468262e-01,1.566890478134155273e+00,-1.071016311645507812e+00,-1.724597811698913574e-01,1.813920736312866211e+00,-1.212571024894714355e+00,3.778183460235595703e-01,-1.063771605491638184e+00,-1.484505057334899902e+00,-5.638721585273742676e-01,3.298145234584808350e-01,2.054057270288467407e-01,5.005646347999572754e-01,-3.224463164806365967e-01,1.012583613395690918e+00,-5.248181819915771484e-01,5.296041369438171387e-01,-1.162495255470275879e+00,-8.047365397214889526e-02,-5.353797078132629395e-01,-4.309560656547546387e-01,1.829420924186706543e-01,-1.525484118610620499e-02,-1.285412013530731201e-01,-2.675272524356842041e-02,2.672452479600906372e-02,-1.665182590484619141e+00,-6.552988290786743164e-01,-1.132407546043395996e+00,-6.997879147529602051e-01,-1.009718060493469238e+00,1.445727348327636719e-01,-2.508373185992240906e-02,-1.474365741014480591e-01,-7.560959458351135254e-01,3.902166187763214111e-01,2.219035923480987549e-01,8.771324157714843750e-01,4.986212849617004395e-01,-7.529693245887756348e-01,-2.266258001327514648e+00,-2.301463365554809570e+00,-5.835306644439697266e-01,1.031220108270645142e-01,2.552751004695892334e-01,-7.104771137237548828e-01,-6.081422567367553711e-01,-1.970845311880111694e-01,7.480621337890625000e-01,-6.461771130561828613e-01,1.686505913734436035e+00,-1.128295779228210449e+00,-1.308856248855590820e+00,1.035661697387695312e+00,1.675244212150573730e+00,-1.515276193618774414e+00,-5.610904097557067871e-01,2.674122154712677002e-01,7.783085703849792480e-01,8.101941943168640137e-01,-1.371910810470581055e+00,7.973326444625854492e-01,1.674653768539428711e+00
-1.350172519683837891e+00,2.452105134725570679e-01,-1.792251132428646088e-02,-7.624637484550476074e-01,-2.607098221778869629e-01,-1.070387482643127441e+00,-1.622191548347473145e+00,-8.790422677993774414e-01,-3.476097285747528076e-01,3.497221320867538452e-02,-6.560183167457580566e-01,1.729502201080322266e+00,9.462078809738159180e-01,-1.468452692031860352e+00,1.707499176263809204e-01,9.198147058486938477e-02,-3.773945569992065430e-01,8.816587924957275391e-01,2.507508993148803711e-01,-1.550011396408081055e+00,-9.081479161977767944e-02,2.001963615417480469e+00,3.356349170207977295e-01,2.863796651363372803e-01,4.389710724353790283e-01,-1.226054310798645020e+00,-1.994355201721191406e+00,-2.116890698671340942e-01,3.331946134567260742e-01,2.531929254531860352e+00,-4.732147455215454102e-01,-5.595087409019470215e-01,-7.792111635208129883e-01,-3.991074264049530029e-01,1.866848349571228027e+00,-8.243703246116638184e-01,5.846129655838012695e-01,1.030623197555541992e+00,1.367183089256286621e+00,1.174021005630493164e+00,8.232390284538269043e-01,2.545959055423736572e-01,6.624326854944229126e-02,-5.604434609413146973e-01,-1.504152536392211914e+00,-1.367305636405944824e+00,7.755850553512573242e-01,3.130965232849121094e-01,-7.958288192749023438e-01,-1.735535740852355957e+00,-1.979833096265792847e-01,6.374670863151550293e-01,7.514616250991821289e-01,3.767722547054290771e-01,2.969217300415039062e-01,-1.094855308532714844e+00,-1.275786519050598145e+00,1.430749416351318359e+00,5.677401423454284668e-01,5.861394405364990234e-01,-3.938044905662536621e-01,9.733796715736389160e-01,4.114635521546006203e-04,-1.197116494178771973e+00,1.252593398094177246e+00,-1.403214812278747559e+00,-3.524332121014595032e-02,-5.351503491401672363e-01,-6.605178117752075195e-01,6.518972665071487427e-02,-8.183922171592712402e-01,-1.209782242774963379e+00,-4.996346235275268555e-01,-4.467151463031768799e-01,7.429047822952270508e-01,-3.006453037261962891e+00,-4.575610756874084473e-01,-2.486837953329086304e-01,-5.793325304985046387e-01,-1.063526391983032227e+00,3.512625098228454590e-01,-2.254326820373535156e+00,-2.424574643373489380e-01,-2.536361813545227051e-01,5.460750460624694824e-01,-7.901347279548645020e-01,1.899666070938110352e+00,-7.292877435684204102e-01,-2.107026576995849609e+00,7.452248334884643555e-01,-5.870038866996765137e-01,8.808641135692596436e-02,-9.693253636360168457e-01,4.827590286731719971e-01,1.839776158332824707e+00,-5.785362720489501953e-01,1.892713189125061035e+00,2.210954666137695312e+00,3.396180272102355957e-02,-1.112863793969154358e-01
-2.952847778797149658e-01,-1.548260450363159180e+00,2.917518019676208496e-01,7.920283079147338867e-01,-1.770455241203308105e+00,1.054881334304809570e+00,3.689163327217102051e-01,-6.742836236953735352e-01,-4.825063347816467285e-01,-1.948286592960357666e-01,1.804394841194152832e+00,-6.599425673484802246e-01,8.108171075582504272e-02,-2.417903661727905273e+00,1.759952902793884277e+00,-1.305172085762023926e+00,4.870127141475677490e-01,7.479805350303649902e-01,-5.002623200416564941e-01,-2.857017815113067627e-01,-9.940930455923080444e-02,2.462701082229614258e+00,4.281113445758819580e-01,-5.643509626388549805e-01,1.739643812179565430e+00,-8.358052968978881836e-01,1.390738368034362793e+00,2.644423246383666992e-01,1.805965423583984375e+00,7.112304568290710449e-01,-3.640356063842773438e-01,1.243738651275634766e+00,2.265152186155319214e-01,5.051409006118774414e-01,-3.651232123374938965e-01,-6.097046732902526855e-01,-8.407216519117355347e-02,2.415005117654800415e-01,1.484044313430786133e+00,-1.474029541015625000e+00,3.364968597888946533e-01,7.619019150733947754e-01,-3.803088963031768799e-01,-5.111585855484008789e-01,1.237492561340332031e+00,5.446557402610778809e-01,-1.733478546142578125e+00,-7.133296728134155273e-01,-1.021640300750732422e+00,-4.176373407244682312e-02,5.517323017120361328e-01,-1.154634878039360046e-01,-1.570462822914123535e+00,-1.705856323242187500e+00,-1.242895796895027161e-01,-1.220116376876831055e+00,1.401279568672180176e-01,2.665990889072418213e-01,-3.670104444026947021e-01,-6.581493616104125977e-01,-1.253754496574401855e+00,-3.849130570888519287e-01,8.835158944129943848e-01,6.010418534278869629e-01,-1.988143473863601685e-01,-4.820398688316345215e-01,-4.916301369667053223e-01,-2.507223188877105713e-01,7.759580016136169434e-01,1.852692484855651855e+00,-1.534150719642639160e+00,1.968649744987487793e+00,-1.596159934997558594e+00,-6.505587697029113770e-01,-5.387198925018310547e-02,6.506027579307556152e-01,-2.025581002235412598e-01,1.209399104118347168e+00,1.914023160934448242e-01,-1.443803429603576660e+00,6.305549144744873047e-01,9.836647510528564453e-01,2.385982871055603027e-01,8.748346567153930664e-01,3.213740289211273193e-01,2.268859893083572388e-01,-7.979112863540649414e-01,-5.890616178512573242e-01,-8.555010557174682617e-01,1.895999789237976074e+00,-6.915253400802612305e-01,2.400660067796707153e-01,5.356886386871337891e-01,-1.613319367170333862e-01,2.110068559646606445e+00,-1.518888026475906372e-01,5.076541751623153687e-02,-3.481301665306091309e-01,6.569707393646240234e-02,-1.421952128410339355e+00
9.049587249755859375e-01,6.421318054199218750e-01,-1.064401213079690933e-02,-1.333695411682128906e+00,-3.104168474674224854e-01,1.052449822425842285e+00,-5.505440235137939453e-01,-1.606315255165100098e+00,-6.900581121444702148e-01,9.676343798637390137e-01,-1.789810657501220703e+00,-5.543756484985351562e-01,1.020683288574218750e+00,1.072872757911682129e+00,-8.069998770952224731e-02,-1.156037211418151855e+00,-2.229036241769790649e-01,-6.198006868362426758e-01,1.390409111976623535e+00,6.323755383491516113e-01,8.201470971107482910e-01,8.960774540901184082e-02,8.363844156265258789e-01,7.293252348899841309e-01,1.688057929277420044e-01,1.743604779243469238e+00,4.646063446998596191e-01,3.297781348228454590e-01,-1.508854031562805176e+00,-9.379990100860595703e-01,1.533198475837707520e+00,5.719785094261169434e-01,-4.124291986227035522e-02,5.302741527557373047e-01,-1.827268302440643311e-01,-8.335150480270385742e-01,-2.170839548110961914e+00,-1.864456534385681152e-01,-5.108222365379333496e-01,-1.159130334854125977e+00,4.754742383956909180e-01,2.342710256576538086e+00,-6.139461994171142578e-01,-1.383141160011291504e+00,-2.581907987594604492e+00,-2.154108732938766479e-01,4.341928660869598389e-01,-8.991335332393646240e-02,1.444168448448181152e+00,-6.454759240150451660e-01,-1.330142617225646973e+00,1.209935188293457031e+00,-1.117742210626602173e-01,-6.467239856719970703e-01,8.033058643341064453e-01,-1.065434336662292480e+00,-6.591646671295166016e-01,-2.495493553578853607e-02,1.149029970169067383e+00,-1.373553276062011719e-01,1.709445357322692871e+00,1.156615093350410461e-01,-5.076565742492675781e-01,7.639751434326171875e-01,1.230135440826416016e+00,-2.048614472150802612e-01,-6.728746294975280762e-01,-1.801962375640869141e+00,1.290556907653808594e+00,9.814661145210266113e-01,-3.299734294414520264e-01,-1.453797101974487305e+00,-5.304120182991027832e-01,2.074605464935302734e+00,-3.503825366497039795e-01,5.583738088607788086e-01,-1.303128719329833984e+00,1.123180031776428223e+00,2.492770552635192871e-01,-2.092842757701873779e-01,-6.178145408630371094e-01,6.776807308197021484e-01,-1.598789572715759277e+00,-8.499850630760192871e-01,-2.152112573385238647e-01,-1.282146573066711426e+00,-3.253392875194549561e-01,7.527540326118469238e-01,-3.422212600708007812e-01,4.311107397079467773e-01,4.742645323276519775e-01,1.023668408393859863e+00,7.608248293399810791e-02,-1.355415433645248413e-01,1.076220393180847168e+00,1.778589002788066864e-02,7.724429965019226074e-01,-4.151586815714836121e-02,3.527297079563140869e-01,4.396866559982299805e-01
1.948580443859100342e-01,2.142004817724227905e-01,-8.729782104492187500e-01,-5.890904664993286133e-01,3.467376530170440674e-01,4.263049066066741943e-01,-1.683845371007919312e-01,-1.141565740108489990e-01,1.801048874855041504e+00,9.506063461303710938e-01,-9.268633723258972168e-01,1.421441793441772461e+00,1.087621212005615234e+00,-1.555512666702270508e+00,-2.743483148515224457e-02,-6.288274377584457397e-02,3.830871880054473877e-01,-8.061202168464660645e-01,-1.820928454399108887e-01,-3.647480607032775879e-01,6.084437370300292969e-01,4.821835756301879883e-01,-6.071405410766601562e-01,-3.146520853042602539e-01,4.635586142539978027e-01,1.322742253541946411e-01,3.892202079296112061e-01,1.754142284393310547e+00,1.111006975173950195e+00,-3.575444221496582031e-01,2.070404291152954102e-01,-4.413491785526275635e-01,-9.940474629402160645e-01,-1.709266901016235352e+00,-3.280822932720184326e-02,1.207245215773582458e-01,-6.043807864189147949e-01,-1.031514286994934082e+00,4.834433794021606445e-01,6.572657227516174316e-01,-1.544687896966934204e-01,-5.562671422958374023e-01,-2.592620849609375000e-01,-7.912954092025756836e-01,-5.948804020881652832e-01,1.092006489634513855e-01,1.512120008468627930e+00,1.201620817184448242e+00,1.696881954558193684e-03,-1.659558296203613281e+00,4.128782451152801514e-01,-1.144350647926330566e+00,5.427933111786842346e-02,5.615752935409545898e-01,8.221197128295898438e-01,2.136806726455688477e+00,-6.946988105773925781e-01,1.777259260416030884e-01,-2.487651258707046509e-01,-6.357029676437377930e-01,-2.273007929325103760e-01,3.893482387065887451e-01,1.630289666354656219e-02,-1.104725003242492676e+00,-1.729245334863662720e-01,-7.469074130058288574e-01,8.357541561126708984e-01,7.575563788414001465e-01,-3.620653599500656128e-02,-4.183729290962219238e-01,8.894755840301513672e-01,-7.215704321861267090e-01,-3.980005681514739990e-01,1.007918596267700195e+00,2.539246976375579834e-01,-6.193257123231887817e-02,9.437828660011291504e-01,-1.416415333747863770e+00,-4.807970225811004639e-01,8.924679458141326904e-02,2.017608404159545898e+00,-1.079204082489013672e-01,5.213847756385803223e-01,-2.356634438037872314e-01,-5.638656392693519592e-02,-5.861269831657409668e-01,4.560200124979019165e-02,2.430869340896606445e-01,4.177358150482177734e-01,1.946021616458892822e-01,7.901546359062194824e-01,3.474219739437103271e-01,1.134461283683776855e+00,-5.873664021492004395e-01,-3.889980912208557129e-02,-9.378760457038879395e-01,3.629269301891326904e-01,-1.701239824295043945e+00,-3.880750238895416260e-01,-4.161017015576362610e-02
8.960159420967102051e-01,-2.034761905670166016e-01,1.532293707132339478e-01,-3.457058072090148926e-01,-2.265627831220626831e-01,4.967878162860870361e-01,-6.098020672798156738e-01,1.181122541427612305e+00,2.090996801853179932e-01,-5.777411162853240967e-02,-7.457227706909179688e-01,2.439885377883911133e+00,5.259379744529724121e-02,1.291519641876220703e+00,6.015195511281490326e-03,-1.780975461006164551e-01,-1.283096194267272949e+00,5.526462197303771973e-01,8.361570239067077637e-01,-3.097764849662780762e-01,4.784049466252326965e-02,4.647949337959289551e-01,1.007521510124206543e+00,-5.760679244995117188e-01,-2.905997335910797119e-01,1.134697437286376953e+00,-7.887631654739379883e-01,-1.577574849128723145e+00,-6.127846837043762207e-01,-3.624935150146484375e-01,-1.521526575088500977e+00,4.007027745246887207e-01,1.390452980995178223e-01,-3.203975260257720947e-01,3.569749295711517334e-01,5.516565442085266113e-01,-1.325458526611328125e+00,7.371760606765747070e-01,-1.326040387153625488e+00,-2.072358317673206329e-02,1.405319809913635254e+00,3.407627344131469727e-01,-1.451289772987365723e+00,-1.709790587425231934e+00,-8.530453443527221680e-01,-1.050837874412536621e+00,9.038977622985839844e-01,-7.918882369995117188e-01,-3.204445540904998779e-01,6.359588503837585449e-01,4.667460322380065918e-01,9.329287409782409668e-01,1.502395123243331909e-01,-8.075504302978515625e-01,2.342191934585571289e-01,-1.605632066726684570e+00,9.331046938896179199e-01,2.137545496225357056e-01,8.710117638111114502e-02,-6.858171224594116211e-01,3.285253643989562988e-01,1.035287261009216309e+00,-6.529909372329711914e-01,-1.538859367370605469e+00,1.476368457078933716e-01,-1.413572072982788086e+00,-4.594003558158874512e-01,1.006345897912979126e-01,1.036150336265563965e+00,8.354995250701904297e-01,-4.408280178904533386e-02,-5.311653017997741699e-01,8.306074142456054688e-01,-2.238584458827972412e-01,8.656617999076843262e-01,6.237009167671203613e-01,-4.586130380630493164e-01,2.769279479980468750e-01,-8.502568602561950684e-01,4.292085468769073486e-01,7.915760874748229980e-01,-5.902374982833862305e-01,1.104680180549621582e+00,-1.050116181373596191e+00,-1.479737758636474609e+00,3.391722142696380615e-01,1.909258216619491577e-01,6.435931921005249023e-01,4.233677983283996582e-01,8.316614627838134766e-01,-7.736400961875915527e-01,-5.859053730964660645e-01,4.727743268013000488e-01,1.576530575752258301e+00,1.832916587591171265e-01,2.093885183334350586e+00,-2.980263717472553253e-02,-7.025547027587890625e-01,4.849330484867095947e-01,-1.973157972097396851e-01
-3.859833776950836182e-01,-1.476967453956604004e+00,6.330980062484741211e-01,4.755086004734039307e-01,-2.093630313873291016e+00,6.476865410804748535e-01,-8.623026013374328613e-01,-5.830745100975036621e-01,3.391715586185455322e-01,1.780697852373123169e-01,6.148793697357177734e-01,-1.040327548980712891e+00,7.249295115470886230e-01,2.895976543426513672e+00,1.048548519611358643e-01,1.282194137573242188e+00,3.028561770915985107e-01,6.578136682510375977e-01,6.540998220443725586e-01,1.827163100242614746e+00,-2.706353664398193359e+00,-5.005876421928405762e-01,-2.287774085998535156e-01,4.796828031539916992e-01,-4.680508375167846680e-01,2.326067686080932617e+00,8.217444419860839844e-01,-5.209980607032775879e-01,1.659505009651184082e+00,4.287999570369720459e-01,-2.186928093433380127e-01,-2.151562273502349854e-01,-1.038975119590759277e+00,-8.252687752246856689e-02,9.585402607917785645e-01,-8.769308030605316162e-02,7.972732782363891602e-01,1.387721061706542969e+00,-1.094573736190795898e+00,-1.513515472412109375e+00,-1.796195745468139648e+00,9.617290496826171875e-01,6.011548042297363281e-01,2.530421614646911621e-01,4.638307169079780579e-02,-6.726676821708679199e-01,2.505522668361663818e-01,1.372850656509399414e+00,-1.067107617855072021e-01,3.377653062343597412e-01,-1.961097121238708496e-01,9.697210788726806641e-01,4.261003136634826660e-01,-5.264518857002258301e-01,-2.119316577911376953e+00,-9.117367863655090332e-01,-8.656991720199584961e-01,-2.560181021690368652e-01,-5.441063046455383301e-01,1.493418574333190918e+00,4.921274185180664062e-01,-1.454636931419372559e+00,2.810436189174652100e-01,-4.685290455818176270e-01,5.688073039054870605e-01,4.878819882869720459e-01,-1.008744120597839355e+00,-1.714604973793029785e+00,1.118932843208312988e+00,-8.785370588302612305e-01,-1.666782349348068237e-01,6.772618293762207031e-01,-1.353668332099914551e+00,2.731569111347198486e-01,8.165721893310546875e-01,-6.810616254806518555e-01,4.650310277938842773e-01,-5.753272771835327148e-01,-6.310378313064575195e-01,-1.241994500160217285e+00,7.356259226799011230e-02,5.593805909156799316e-01,5.370945930480957031e-01,6.285055279731750488e-01,-1.713246703147888184e-01,-1.558375656604766846e-01,7.563448548316955566e-01,5.567065477371215820e-01,-5.349890589714050293e-01,5.507746338844299316e-01,-8.043990135192871094e-01,-1.132022857666015625e+00,-3.058414459228515625e-01,8.279106616973876953e-01,-7.161415815353393555e-01,5.271052122116088867e-01,5.674380660057067871e-01,-5.018048286437988281e-01,-3.595220148563385010e-01,1.342587828636169434e+00
-5.639201402664184570e-01,8.551234006881713867e-01,-1.580787301063537598e+00,3.526025414466857910e-01,1.553583025932312012e+00,1.940982580184936523e+00,-2.849453501403331757e-02,1.408494472503662109e+00,-3.526145219802856445e-02,-7.683919668197631836e-01,1.322239160537719727e+00,-1.214646220207214355e+00,-3.269027173519134521e-02,1.953292012214660645e+00,1.514106839895248413e-01,6.736156940460205078e-01,8.462830185890197754e-01,1.338648438453674316e+00,-2.206662654876708984e+00,-1.853087306022644043e+00,2.283789664506912231e-01,-1.696628630161285400e-01,1.394629716873168945e+00,-1.657666802406311035e+00,2.048099994659423828e+00,3.218193352222442627e-01,-2.771025896072387695e-01,-2.818112075328826904e-02,-8.184800297021865845e-02,-1.791594028472900391e-01,9.653005599975585938e-01,-4.079270958900451660e-01,2.994520366191864014e-01,-1.418843679130077362e-02,1.532630920410156250e+00,2.013003826141357422e+00,6.358922123908996582e-01,-1.178994178771972656e+00,2.070890188217163086e+00,-1.242395162582397461e+00,2.101823687553405762e-02,4.018296599388122559e-01,4.623153433203697205e-02,1.064994096755981445e+00,-5.415757894515991211e-01,-6.195454597473144531e-01,-8.827751278877258301e-01,1.278264522552490234e+00,5.119168162345886230e-01,6.690277457237243652e-01,4.838040471076965332e-01,-3.948029875755310059e-01,4.573318734765052795e-02,9.964077472686767578e-01,1.012779116630554199e+00,1.861598253250122070e+00,-8.295163512229919434e-01,-1.233345389366149902e+00,-1.653877258300781250e+00,-4.168414175510406494e-01,-2.372780293226242065e-01,-1.499038338661193848e+00,8.279598951339721680e-01,-1.935650825500488281e+00,1.290890425443649292e-01,-1.014482229948043823e-01,-3.730152249336242676e-01,-1.111817583441734314e-01,-6.884794235229492188e-01,2.244213074445724487e-01,-1.037372469902038574e+00,3.555148243904113770e-01,-3.003794848918914795e-01,8.366223573684692383e-01,-3.937903642654418945e-01,-1.090101450681686401e-01,-1.175211071968078613e+00,1.284652709960937500e+00,-2.343025617301464081e-02,1.061473131179809570e+00,9.901905655860900879e-01,-3.437639176845550537e-01,-1.334127187728881836e+00,1.868132799863815308e-01,5.820612311363220215e-01,-2.545154690742492676e-01,4.514361321926116943e-01,6.932287812232971191e-01,1.828383207321166992e-01,6.151040196418762207e-01,8.963159471750259399e-02,2.149398088455200195e+00,2.242411375045776367e-01,5.724721774458885193e-02,9.170033931732177734e-01,-1.209728121757507324e+00,9.840030074119567871e-01,1.524727106094360352e+00,2.163352370262145996e-01,6.852123141288757324e-01
-1.028330326080322266e-01,5.357465147972106934e-01,-6.388343572616577148e-01,-7.488525509834289551e-01,-7.432819604873657227e-01,-2.217648983001708984e+00,7.684477567672729492e-01,-1.101170852780342102e-01,3.858139812946319580e-01,-9.485210180282592773e-01,-4.854783117771148682e-01,-5.870099067687988281e-01,-1.794372200965881348e+00,-5.876108407974243164e-01,-1.159776568412780762e+00,-2.897076308727264404e-01,-1.252727150917053223e+00,1.719031572341918945e+00,4.528094530105590820e-01,7.271032929420471191e-01,4.048966169357299805e-01,2.431409955024719238e-01,-1.191293671727180481e-01,-8.244373649358749390e-02,2.140899747610092163e-01,1.051179170608520508e+00,-2.014179944992065430e+00,-6.963505148887634277e-01,1.168758198618888855e-01,-8.068539202213287354e-03,-6.841332912445068359e-01,-8.431928753852844238e-01,7.609459757804870605e-01,-1.025239944458007812e+00,-1.693155169486999512e+00,-7.851751446723937988e-01,-1.223720788955688477e+00,2.518612146377563477e-01,-1.188441589474678040e-01,-1.433863520622253418e+00,-8.543643355369567871e-01,4.696586430072784424e-01,9.171816706657409668e-01,2.313532531261444092e-01,-1.121340990066528320e+00,-4.830167293548583984e-01,-8.399782776832580566e-01,2.987509012222290039e+00,-9.083799123764038086e-01,1.329135537147521973e+00,-1.922562718391418457e+00,8.545305132865905762e-01,7.294580340385437012e-02,-1.966124325990676880e-01,1.601912081241607666e-02,2.781359255313873291e-01,1.597657918930053711e+00,2.319291681051254272e-01,-1.550576239824295044e-01,-9.567119479179382324e-01,9.927094578742980957e-01,3.089170455932617188e-01,6.724260449409484863e-01,-5.363370776176452637e-01,8.510447740554809570e-01,-3.067583739757537842e-01,-2.829274535179138184e-01,6.703108549118041992e-01,1.871473789215087891e+00,6.274253726005554199e-01,4.398010075092315674e-01,1.095979213714599609e+00,1.455916166305541992e-01,-1.232481718063354492e+00,-7.555696964263916016e-01,-5.889048576354980469e-01,5.064548254013061523e-01,7.032660841941833496e-01,1.542378962039947510e-01,6.895434260368347168e-01,9.043085575103759766e-01,-7.052106261253356934e-01,-1.217652678489685059e+00,-9.054021835327148438e-01,2.111415147781372070e+00,-4.202859401702880859e-01,-8.443742394447326660e-01,9.986140727996826172e-01,1.335856795310974121e+00,-3.943073153495788574e-01,-8.288869261741638184e-01,-7.922471314668655396e-02,-5.879976749420166016e-01,1.780719518661499023e+00,6.398563981056213379e-01,-1.053496360778808594e+00,-1.164916038513183594e+00,-5.950106978416442871e-01,8.441971540451049805e-01,2.475364059209823608e-01
-4.139881432056427002e-01,1.036249876022338867e+00,-1.631078720092773438e+00,-5.848606824874877930e-01,8.270286917686462402e-01,5.240634083747863770e-01,-9.012115001678466797e-01,-1.139577269554138184e+00,4.942928254604339600e-01,2.500009723007678986e-02,2.797127246856689453e+00,-5.863513350486755371e-01,7.217013835906982422e-02,-3.304228782653808594e-01,-2.368341088294982910e-01,-1.262065768241882324e+00,-1.831288333050906658e-03,1.329517126083374023e+00,-9.205473065376281738e-01,-7.613238096237182617e-01,2.086688518524169922e+00,-2.043815851211547852e-01,-1.400140404701232910e+00,-2.241441756486892700e-01,4.876957535743713379e-01,-2.157389074563980103e-01,-1.382886528968811035e+00,1.188936948776245117e+00,-8.104730844497680664e-01,-1.960088133811950684e+00,-2.385400295257568359e+00,1.112301111221313477e+00,-3.755640611052513123e-02,-9.309479594230651855e-01,1.286687850952148438e-01,1.673307865858078003e-01,-5.412953495979309082e-01,7.716751694679260254e-01,1.109202861785888672e+00,1.632850468158721924e-01,-2.177439630031585693e-01,1.293430924415588379e+00,-1.238266229629516602e+00,8.917442560195922852e-01,3.661576211452484131e-01,1.388178944587707520e+00,-9.998141527175903320e-01,1.102308154106140137e+00,-1.224996566772460938e+00,1.296416819095611572e-01,-1.971023917198181152e+00,8.574272692203521729e-02,-9.747545123100280762e-01,2.626712322235107422e-01,1.104353308677673340e+00,9.821691364049911499e-02,1.621339440345764160e+00,1.185197949409484863e+00,-1.210137754678726196e-01,2.494394481182098389e-01,-4.393038153648376465e-01,1.070421814918518066e+00,-2.138473272323608398e+00,-4.747701063752174377e-02,-1.231067329645156860e-01,-8.591360598802566528e-02,9.429433345794677734e-01,-2.447167485952377319e-01,2.207638502120971680e+00,3.012562990188598633e-01,-1.430845141410827637e+00,-8.910350203514099121e-01,-1.560175776481628418e+00,-5.307523608207702637e-01,-9.998018741607666016e-01,8.832346200942993164e-01,1.217189669609069824e+00,1.327741742134094238e+00,2.982943356037139893e-01,-4.221388697624206543e-01,-2.397537827491760254e-01,1.531570792198181152e+00,4.254576265811920166e-01,-1.061447501182556152e+00,1.508008241653442383e-01,5.995265841484069824e-01,-4.127070307731628418e-01,8.210605978965759277e-01,1.243609070777893066e+00,-1.772696226835250854e-01,-1.631251335144042969e+00,2.193294316530227661e-01,2.375033795833587646e-01,2.507921755313873291e-01,-1.605268716812133789e-01,5.027095079421997070e-01,2.440002262592315674e-01,-2.629017233848571777e-01,-6.577827930450439453e-01,5.453288555145263672e-01
4.465054869651794434e-01,2.928015291690826416e-01,2.205717563629150391e-01,1.096003651618957520e+00,-9.821348190307617188e-01,-1.105758666992187500e+00,2.099219799041748047e+00,-9.564447402954101562e-01,-3.290573358535766602e-01,-9.672304391860961914e-01,-1.429844856262207031e+00,-2.430604547262191772e-01,-1.656974315643310547e+00,-1.058598637580871582e+00,-3.834256529808044434e-01,-4.274617135524749756e-01,-6.861089468002319336e-01,4.402467608451843262e-01,7.071039676666259766e-01,-8.263651281595230103e-02,2.890724837779998779e-01,-1.387703776359558105e+00,-8.661286905407905579e-03,-3.786220848560333252e-01,5.303576961159706116e-02,-1.270215511322021484e+00,-9.977922439575195312e-01,6.827896833419799805e-01,-2.759748101234436035e-01,3.186424374580383301e-01,-1.012338638305664062e+00,4.665501713752746582e-01,1.847804903984069824e+00,1.461910843849182129e+00,6.094294190406799316e-01,-1.232013940811157227e+00,6.576650738716125488e-01,1.558075666427612305e+00,1.282540917396545410e+00,-9.434914588928222656e-01,-9.812045097351074219e-01,-1.331204771995544434e-01,3.679279088973999023e-01,-2.154368609189987183e-01,-1.425176262855529785e+00,-6.764976978302001953e-01,-3.060587644577026367e-01,-4.920324683189392090e-01,-1.547982454299926758e+00,-8.934159278869628906e-01,-7.048711180686950684e-01,4.127072393894195557e-01,4.581581950187683105e-01,-1.301228906959295273e-02,5.165614485740661621e-01,-2.608642913401126862e-02,-8.500164747238159180e-01,-1.297849655151367188e+00,-2.996027171611785889e-01,8.563975691795349121e-01,-1.373252630233764648e+00,6.476505398750305176e-01,-4.251801669597625732e-01,1.322515904903411865e-01,-1.638659954071044922e+00,5.249318480491638184e-01,-1.730946421623229980e+00,1.428801536560058594e+00,-7.962747216224670410e-01,7.704988718032836914e-01,-4.155045747756958008e-01,-3.094490468502044678e-01,-5.197906494140625000e-01,-6.894927024841308594e-01,-7.447020411491394043e-01,3.647537231445312500e-01,-1.478522539138793945e+00,1.827252388000488281e+00,-7.373122572898864746e-01,1.505926609039306641e+00,1.931500554084777832e+00,-5.806162953376770020e-01,-1.947970390319824219e+00,7.958623170852661133e-01,1.037916660308837891e+00,-1.540818959474563599e-01,2.004849463701248169e-01,-1.193448424339294434e+00,-1.042653799057006836e+00,1.293157488107681274e-01,1.065732240676879883e-01,-6.176073551177978516e-01,2.723189294338226318e-01,-1.978579014539718628e-01,1.431701481342315674e-01,-8.837015032768249512e-01,-4.265833273530006409e-02,1.627207994461059570e+00,5.787644535303115845e-02,-4.874792397022247314e-01
8.538093566894531250e-01,-1.327061414718627930e+00,-1.630524754524230957e+00,4.963619112968444824e-01,-6.904801726341247559e-02,-7.042517066001892090e-01,-1.247968435287475586e+00,8.172610402107238770e-02,-3.987112939357757568e-01,-2.686993479728698730e-01,4.995955526828765869e-01,8.427269458770751953e-01,1.353343486785888672e+00,-7.258641719818115234e-01,-3.792352378368377686e-01,1.481275200843811035e+00,6.901291012763977051e-01,-5.170397758483886719e-01,3.579640984535217285e-01,-3.594342172145843506e-01,-1.818625777959823608e-01,-1.502762436866760254e+00,-7.427074313163757324e-01,-7.037924528121948242e-01,1.537009119987487793e+00,3.112510740756988525e-01,-1.190406322479248047e+00,-6.821601986885070801e-01,-1.641031980514526367e+00,-1.924109645187854767e-02,-4.744114279747009277e-01,2.252220869064331055e+00,-8.451596647500991821e-02,2.187291383743286133e-01,8.072394728660583496e-01,9.898290783166885376e-02,-1.922530829906463623e-01,1.130606606602668762e-01,8.849684596061706543e-01,-3.699120581150054932e-01,6.650373339653015137e-02,-1.597078204154968262e+00,-3.928241431713104248e-01,-8.760044574737548828e-01,-9.426231980323791504e-01,5.512735620141029358e-02,-2.445405572652816772e-01,2.623124122619628906e-01,5.590058565139770508e-01,-3.049025237560272217e-01,-2.658363282680511475e-01,-3.417440950870513916e-01,-2.114564925432205200e-01,4.376895129680633545e-01,-5.434337258338928223e-01,-1.085224270820617676e+00,1.129512906074523926e+00,-4.045791923999786377e-02,-3.064445257186889648e-01,-1.298225283622741699e+00,-4.117409586906433105e-01,3.664289116859436035e-01,1.097894310951232910e+00,-1.188559770584106445e+00,-7.699834108352661133e-01,-7.135351300239562988e-01,-1.933143734931945801e-01,4.920645952224731445e-01,-1.007127285003662109e+00,4.735664725303649902e-01,3.669717907905578613e-01,2.577506005764007568e-01,1.958023428916931152e+00,2.068743258714675903e-01,-6.180106475949287415e-02,9.078190922737121582e-01,-1.545441150665283203e+00,5.744017288088798523e-02,1.257946342229843140e-01,-5.740756988525390625e-01,4.295305907726287842e-01,-2.959519028663635254e-01,-7.952159643173217773e-02,-1.560548782348632812e+00,2.850423455238342285e-01,8.147388100624084473e-01,-9.271951913833618164e-01,1.145262479782104492e+00,5.113541483879089355e-01,-1.362570047378540039e+00,6.357237696647644043e-02,9.323855042457580566e-01,-1.478994488716125488e+00,7.669408321380615234e-01,8.078677058219909668e-01,-2.659924328327178955e-01,8.629393577575683594e-01,8.506967425346374512e-01,-2.446149103343486786e-02,-1.327366352081298828e+00
1.938980519771575928e-01,1.370397955179214478e-01,1.099922060966491699e+00,8.193299770355224609e-01,-3.357490599155426025e-01,-1.770866215229034424e-01,4.972407519817352295e-01,8.193524479866027832e-01,6.365818381309509277e-01,1.099295169115066528e-01,9.889028668403625488e-01,-3.796242177486419678e-01,-3.943242728710174561e-01,2.320486307144165039e+00,-4.519488811492919922e-01,3.180738687515258789e-01,-2.179711341857910156e+00,-6.070198416709899902e-01,-2.515795826911926270e-01,-1.978690624237060547e-01,1.131372928619384766e+00,7.128429412841796875e-01,6.251920461654663086e-01,1.455517411231994629e+00,8.050172924995422363e-01,-2.029268026351928711e+00,-1.896147131919860840e+00,7.261273264884948730e-01,1.075698256492614746e+00,1.070860251784324646e-01,3.586709201335906982e-01,1.440129637718200684e+00,6.376817226409912109e-01,-8.789427876472473145e-01,-4.162546396255493164e-01,-9.604969024658203125e-01,6.428798437118530273e-01,6.538485884666442871e-01,-7.526980042457580566e-01,7.368235588073730469e-01,-4.592166543006896973e-01,5.660483837127685547e-01,9.882112145423889160e-01,-1.657473921775817871e+00,-1.030322551727294922e+00,-1.033926844596862793e+00,2.034695386886596680e+00,-1.752032756805419922e+00,3.736755251884460449e-01,1.764765620231628418e+00,7.890192270278930664e-01,-1.375607609748840332e+00,-5.992978811264038086e-01,2.866154015064239502e-01,1.202518939971923828e+00,-5.346660017967224121e-01,2.617167830467224121e-01,5.125520229339599609e-01,-3.399409055709838867e-01,-3.248603269457817078e-02,7.701440900564193726e-02,1.235793352127075195e+00,6.456538438796997070e-01,1.343078970909118652e+00,-1.196357488632202148e+00,-1.486913442611694336e+00,1.589661836624145508e+00,1.692038774490356445e-01,1.824713945388793945e-01,-1.115663170814514160e+00,4.438309073448181152e-01,1.020272374153137207e+00,2.726833820343017578e-01,-1.319688320159912109e+00,2.516431093215942383e+00,1.470748782157897949e+00,-2.381310760974884033e-01,-2.094572782516479492e-01,-7.682685256004333496e-01,9.167950153350830078e-01,-7.335353493690490723e-01,-8.092377185821533203e-01,-9.254698753356933594e-01,8.530294299125671387e-01,1.532089591026306152e+00,-1.000850498676300049e-01,1.072855830192565918e+00,-7.425459027290344238e-01,-9.275941550731658936e-02,9.712969660758972168e-01,-2.253421694040298462e-01,-9.697195291519165039e-01,1.839495778083801270e+00,2.173366695642471313e-01,-6.695272922515869141e-01,-6.150023341178894043e-01,9.136730432510375977e-01,-9.418987035751342773e-01,-8.508507609367370605e-01,-5.211110115051269531e-01
5.511522293090820312e-02,-2.232951879501342773e+00,-2.537719726562500000e+00,2.830592095851898193e-01,9.994821548461914062e-01,1.933834433555603027e+00,-1.903154373168945312e+00,1.097629312425851822e-02,-1.025695204734802246e+00,-3.195542395114898682e-01,5.644636601209640503e-02,-1.678079605102539062e+00,-8.213694691658020020e-01,-1.508344888687133789e+00,1.061875581741333008e+00,-3.081425428390502930e-01,-4.917420148849487305e-01,1.948073983192443848e+00,1.235520124435424805e+00,2.551066279411315918e-01,-8.809785842895507812e-01,-2.364133834838867188e+00,7.368104457855224609e-01,2.330106347799301147e-01,5.640461444854736328e-01,-1.171373605728149414e+00,1.539218187332153320e+00,-7.678161263465881348e-01,5.776094198226928711e-01,-6.157751679420471191e-01,-3.416674137115478516e-01,-7.219373583793640137e-01,1.721482396125793457e+00,8.082379102706909180e-01,-7.625180482864379883e-01,1.265818238258361816e+00,4.564881324768066406e-01,-1.635273098945617676e-01,-1.300752043724060059e+00,-1.549300551414489746e+00,1.246872663497924805e+00,-1.317303419113159180e+00,5.207012873142957687e-03,-4.915519058704376221e-01,-3.094874322414398193e-01,5.864031314849853516e-01,-1.273258626461029053e-01,-5.083260536193847656e-01,1.327584505081176758e+00,2.266476631164550781e+00,-1.518101692199707031e-01,-9.949516505002975464e-02,-1.587329506874084473e+00,6.141422390937805176e-01,-3.155395984649658203e-01,-6.499926447868347168e-01,-5.108211636543273926e-01,-8.123741149902343750e-01,-2.031906127929687500e+00,-8.173496127128601074e-01,1.584694147109985352e+00,-1.354577541351318359e-01,-4.556601047515869141e-01,2.429964765906333923e-02,-1.873804211616516113e+00,-6.152348518371582031e-01,-1.358853280544281006e-01,-1.243165373802185059e+00,6.141865849494934082e-01,4.153476282954216003e-02,2.841082513332366943e-01,-2.932923734188079834e-01,-1.930519342422485352e-01,2.187306992709636688e-03,7.030068635940551758e-01,2.406662225723266602e+00,5.245268344879150391e-01,-8.151896595954895020e-01,-9.979502558708190918e-01,1.406562179327011108e-01,-4.738237261772155762e-01,1.442245244979858398e+00,1.273962736129760742e+00,8.695573210716247559e-01,2.513850450515747070e+00,-8.654277324676513672e-01,-1.221147254109382629e-01,-1.353651523590087891e+00,-5.648010373115539551e-01,-9.876595735549926758e-01,4.257382825016975403e-02,-1.076011896133422852e+00,1.325436592102050781e+00,1.303220868110656738e+00,-8.173294663429260254e-01,6.230216845870018005e-02,1.423850893974304199e+00,7.545265555381774902e-01,1.383610162883996964e-02,-1.129896044731140137e+00
5.340772867202758789e-01,-1.753925532102584839e-02,-9.788613319396972656e-01,-9.080173373222351074e-01,1.090566515922546387e+00,-9.804784655570983887e-01,1.483666896820068359e-01,4.298776090145111084e-01,-1.520793914794921875e+00,1.142062664031982422e+00,1.966384768486022949e+00,8.962391614913940430e-01,-1.405081152915954590e+00,2.308955043554306030e-01,5.852321982383728027e-01,1.166552901268005371e+00,-2.329010702669620514e-02,4.806801974773406982e-01,7.282240390777587891e-01,-1.739314079284667969e+00,-4.993518590927124023e-01,-1.275093317031860352e+00,-1.274100661277770996e+00,4.546103477478027344e-01,4.886795878410339355e-01,1.241030573844909668e+00,-4.823042452335357666e-01,2.043518610298633575e-02,6.634903550148010254e-01,-8.487129211425781250e-01,-1.247010111808776855e+00,7.629087567329406738e-02,5.838575959205627441e-01,-3.385153114795684814e-01,-4.404575824737548828e-01,-2.164557456970214844e+00,6.182883977890014648e-01,-5.835903882980346680e-01,-4.396407008171081543e-01,-5.854471921920776367e-01,-7.666679024696350098e-01,1.596270203590393066e+00,-2.459856718778610229e-01,-2.686990499496459961e-01,-1.105009093880653381e-01,2.001390933990478516e+00,-9.910159111022949219e-01,-1.576217174530029297e+00,1.755004882812500000e+00,3.053172528743743896e-01,4.707908332347869873e-01,-8.852327466011047363e-01,-6.975095719099044800e-02,-9.244642257690429688e-01,1.296419978141784668e+00,-1.154141187667846680e+00,2.313796281814575195e+00,1.565664410591125488e+00,-2.533839344978332520e-01,-1.066282153129577637e+00,4.206894338130950928e-01,-1.219870805740356445e+00,-3.377113938331604004e-01,-9.613796472549438477e-01,1.897810995578765869e-01,-2.518297135829925537e-01,1.141661033034324646e-01,2.418329000473022461e+00,5.444386005401611328e-01,-2.063225746154785156e+00,-1.325377941131591797e+00,-5.811254978179931641e-01,1.443299770355224609e+00,-2.909300029277801514e-01,-6.582099199295043945e-01,2.817372381687164307e-01,-1.451690793037414551e+00,-1.607591271400451660e+00,1.033631086349487305e+00,7.021383047103881836e-01,1.293134808540344238e+00,3.155636191368103027e-01,-1.185309588909149170e-01,1.001697301864624023e+00,4.022409915924072266e-01,-6.197845935821533203e-01,-9.767681360244750977e-01,1.091041322797536850e-02,9.537895321846008301e-01,2.970133543014526367e+00,2.693416364490985870e-02,-1.670920372009277344e+00,8.931811898946762085e-02,-1.771643519401550293e+00,8.066564798355102539e-01,6.775138527154922485e-02,1.367148518562316895e+00,-4.913184642791748047e-01,3.534404039382934570e-01,1.222118377685546875e+00
