1.214635744690895081e-01,1.847691982984542847e-01,-6.158765405416488647e-02,-7.926524281501770020e-01,9.415321797132492065e-02,-8.664502501487731934e-01,1.103146672248840332e+00,-1.412222862243652344e+00,-2.186948060989379883e-01,9.014879465103149414e-01,2.993363142013549805e-01,-1.298307538032531738e+00,-3.476114273071289062e-01,-1.595298528671264648e+00,-1.329748481512069702e-01,-3.078361153602600098e-01,-1.015902757644653320e-01,7.252359986305236816e-01,1.467185735702514648e+00,-1.709955453872680664e+00,4.157594740390777588e-01,1.657316088676452637e-01,1.909614205360412598e+00,-1.098724961280822754e+00,-3.130733668804168701e-01,4.930101931095123291e-01,1.396606802940368652e+00,-4.319161772727966309e-01,-1.262285113334655762e+00,-4.658787548542022705e-01,9.104108810424804688e-01,5.352745652198791504e-01,1.731501936912536621e+00,4.332886040210723877e-01,-8.507994413375854492e-01,1.096124768257141113e+00,1.225061044096946716e-01,4.065767526626586914e-01,7.286430597305297852e-01,-5.344561487436294556e-02,-9.509007930755615234e-01,-1.170595288276672363e+00,-9.974649548530578613e-01,-1.858919024467468262e+00,3.604920580983161926e-02,-1.066468358039855957e+00,-3.645159900188446045e-01,9.791844338178634644e-02,-8.416762202978134155e-02,-9.372097849845886230e-01,3.529304563999176025e-01,2.299233376979827881e-01,1.022901036776602268e-03,-5.305486917495727539e-01,4.123641550540924072e-01,8.996389508247375488e-01,-9.115265011787414551e-01,-8.455319404602050781e-01,-4.684756696224212646e-01,8.107107281684875488e-01,7.983874678611755371e-01,-1.915656924247741699e+00,-1.274558067321777344e+00,2.928749285638332367e-02,-3.603419363498687744e-01,-3.632246851921081543e-01,2.023910172283649445e-02,-1.351146697998046875e+00,1.364895224571228027e+00,6.557804346084594727e-01,-2.771408297121524811e-02,-2.473359346389770508e+00,4.034240543842315674e-02,-2.672410756349563599e-02,-1.971572041511535645e+00,4.699991643428802490e-01,-4.677117764949798584e-01,5.947312116622924805e-01,7.054341435432434082e-01,1.843368172645568848e+00,7.478388547897338867e-01,-6.300590634346008301e-01,-6.365262269973754883e-01,-4.374740719795227051e-01,1.385111093521118164e+00,-2.633035182952880859e-01,4.824727177619934082e-01,1.331353425979614258e+00,4.679115414619445801e-01,2.815120853483676910e-02,9.255966544151306152e-01,3.701979517936706543e-01,1.668849229812622070e+00,-1.012855529785156250e+00,-1.154061079025268555e+00,-2.073684215545654297e+00,-1.415849328041076660e+00,-8.274380564689636230e-01,1.076922059059143066e+00,1.868770420551300049e-01
8.253889679908752441e-01,7.512117624282836914e-01,1.507689952850341797e-01,-3.053585067391395569e-02,-4.937800765037536621e-01,5.690288916230201721e-02,-1.116105318069458008e+00,-1.936927884817123413e-01,4.039281308650970459e-01,-3.149985894560813904e-02,-3.280400037765502930e-01,-7.454535961151123047e-01,6.839743256568908691e-01,8.875212669372558594e-01,-1.227495744824409485e-01,-1.638020396232604980e+00,1.233221054077148438e+00,-1.155932307243347168e+00,-1.266867995262145996e+00,6.126239895820617676e-01,1.711027920246124268e-01,-1.443273305892944336e+00,-5.270079970359802246e-01,-3.161108791828155518e-01,-3.432382941246032715e-01,-9.984712600708007812e-01,-3.121345639228820801e-01,-1.575174808502197266e+00,2.496073246002197266e+00,2.780756913125514984e-02,-7.576362490653991699e-01,-1.191074848175048828e+00,1.448303103446960449e+00,1.157015681266784668e+00,1.019332766532897949e+00,-5.264502167701721191e-01,-7.806923985481262207e-01,-7.271369695663452148e-01,5.712909102439880371e-01,8.556311726570129395e-01,5.700350403785705566e-01,1.058295369148254395e+00,3.950363993644714355e-01,-2.110839635133743286e-01,-1.516845822334289551e-01,-9.356655180454254150e-02,1.019291162490844727e+00,6.240142583847045898e-01,5.999262928962707520e-01,1.709572374820709229e-01,1.019581034779548645e-01,3.356148302555084229e-01,2.873043157160282135e-02,-1.734846830368041992e+00,-1.934364438056945801e-01,1.219873949885368347e-01,2.284245640039443970e-01,-2.494173645973205566e-01,-1.088160574436187744e-01,-1.665207892656326294e-01,-1.166231513023376465e+00,-2.087806224822998047e+00,-1.208875894546508789e+00,5.238819122314453125e-01,1.899594783782958984e+00,-6.839676499366760254e-01,-8.925772905349731445e-01,4.603818356990814209e-01,-7.347925305366516113e-01,1.367920160293579102e+00,6.543248891830444336e-01,1.227690339088439941e+00,1.200354695320129395e+00,1.542941331863403320e+00,-3.963323235511779785e-01,2.842864990234375000e-01,-4.378104805946350098e-01,-6.074663996696472168e-01,-8.334190845489501953e-01,2.478972077369689941e-01,1.934478431940078735e-02,-1.617968201637268066e+00,-1.419725418090820312e-01,2.663230895996093750e-01,-5.647457838058471680e-01,-5.001435875892639160e-01,-1.756079792976379395e+00,-9.522867798805236816e-01,-7.875893115997314453e-01,1.598743557929992676e+00,8.710983395576477051e-01,-1.208592414855957031e+00,4.055061638355255127e-01,1.146827936172485352e+00,1.651578068733215332e+00,-1.313267827033996582e+00,4.865548312664031982e-01,2.133902788162231445e+00,-1.065180063247680664e+00,1.142267107963562012e+00
5.006756782531738281e-01,-1.776258945465087891e+00,1.480399966239929199e-01,2.937020063400268555e+00,-1.890378236770629883e+00,1.323639273643493652e+00,-2.339406967163085938e+00,6.749311685562133789e-01,-1.777130484580993652e+00,-5.674702525138854980e-01,-3.553604781627655029e-01,1.670642010867595673e-02,1.406418681144714355e-01,-1.230906844139099121e+00,1.403092622756958008e+00,1.003960728645324707e+00,-8.989241123199462891e-01,-6.944538354873657227e-01,9.260239601135253906e-01,-5.975688099861145020e-01,2.280454158782958984e+00,5.044695138931274414e-01,5.350612998008728027e-01,5.960344076156616211e-01,-3.661721050739288330e-01,1.862271785736083984e+00,-5.305612459778785706e-02,-8.881241083145141602e-01,-1.177558302879333496e+00,3.499844670295715332e-01,1.170494914054870605e+00,1.238934755325317383e+00,4.156069755554199219e-01,1.378498315811157227e+00,1.967133641242980957e+00,-1.055432796478271484e+00,6.929520964622497559e-01,1.625163435935974121e+00,-7.128742337226867676e-01,-5.295190215110778809e-01,2.931246280670166016e+00,-7.655803561210632324e-01,3.217554986476898193e-01,-4.416306018829345703e-01,-5.052064657211303711e-01,6.237329840660095215e-01,-1.372187376022338867e+00,2.225720137357711792e-01,1.470084428787231445e+00,6.386511027812957764e-02,-2.569130897521972656e+00,-9.973772168159484863e-01,-1.108859539031982422e+00,6.958118081092834473e-01,-1.133985638618469238e+00,8.818507790565490723e-01,2.643264830112457275e-01,-1.845830827951431274e-01,-3.651304244995117188e-01,-1.470342993736267090e+00,1.162249207496643066e+00,6.882577538490295410e-01,1.373192220926284790e-01,1.289281129837036133e+00,6.489650607109069824e-01,1.121825873851776123e-01,-4.296018481254577637e-01,1.501173526048660278e-01,6.581481546163558960e-02,-4.360783696174621582e-01,-1.316064715385437012e+00,7.474675178527832031e-01,8.180563449859619141e-01,-1.175075769424438477e+00,-7.948333621025085449e-01,-1.076554775238037109e+00,-2.461067676544189453e+00,1.580255389213562012e+00,-1.674004793167114258e+00,-1.968239903450012207e+00,-2.314993143081665039e+00,-1.146442413330078125e+00,-2.602166831493377686e-01,-2.119507044553756714e-01,-7.325238585472106934e-01,7.700383663177490234e-01,-6.147180795669555664e-01,1.715951204299926758e+00,-1.213933467864990234e+00,-3.104922473430633545e-01,1.599378883838653564e-01,9.772685766220092773e-01,-1.150195598602294922e+00,-9.858723729848861694e-03,-8.073896765708923340e-01,-1.315615326166152954e-01,-1.431620866060256958e-01,-3.165371119976043701e-01,-1.354575753211975098e+00,-1.832603573799133301e+00
5.372846722602844238e-01,-1.148857831954956055e+00,4.026147350668907166e-02,-4.338827729225158691e-02,-1.670311540365219116e-01,1.423058152198791504e+00,-4.164239466190338135e-01,6.346079111099243164e-01,-1.124816894531250000e+00,1.095719218254089355e+00,5.295984745025634766e-01,-1.034081578254699707e+00,8.152559399604797363e-02,3.814235627651214600e-01,9.423655867576599121e-01,4.527265727519989014e-01,3.226468861103057861e-01,-3.768430650234222412e-01,-2.684489488601684570e-01,2.526692450046539307e-01,1.297511219978332520e+00,-3.744640052318572998e-01,6.785129308700561523e-01,6.484857797622680664e-01,-2.115118801593780518e-01,-5.206872522830963135e-02,1.081811785697937012e+00,-4.517193734645843506e-01,-6.270000934600830078e-01,-1.135877147316932678e-02,1.809020042419433594e+00,-1.470316886901855469e+00,-6.339124441146850586e-01,6.215201020240783691e-01,1.953728795051574707e-01,6.477257609367370605e-01,2.803042888641357422e+00,6.950902342796325684e-01,-2.374127954244613647e-01,-4.534872174263000488e-01,6.229194998741149902e-01,1.194206118583679199e+00,-1.360592126846313477e+00,-3.454887270927429199e-01,1.180380225181579590e+00,-4.234760701656341553e-01,1.439729452133178711e+00,1.234389618039131165e-01,1.175962686538696289e+00,-1.580601185560226440e-01,1.193396449089050293e+00,3.755841851234436035e-01,5.128957033157348633e-01,1.046026229858398438e+00,7.521571964025497437e-02,3.297820091247558594e-01,-1.038278460502624512e+00,2.021929979324340820e+00,3.793070018291473389e-01,9.493566304445266724e-02,-3.362612724304199219e-01,-1.180017665028572083e-01,-1.361388564109802246e+00,2.088706731796264648e+00,-7.771071195602416992e-01,-3.705783188343048096e-02,1.456770181655883789e+00,-3.977756798267364502e-01,-1.102195620536804199e+00,-4.691457152366638184e-01,1.138259410858154297e+00,-5.490819811820983887e-01,-4.956967234611511230e-01,-7.815117239952087402e-01,1.616154611110687256e-01,1.894738912582397461e+00,6.610352396965026855e-01,3.806338310241699219e-01,4.150603115558624268e-01,-2.367525815963745117e+00,-6.551518440246582031e-01,-5.514309406280517578e-01,-1.629418730735778809e+00,-4.929713606834411621e-01,8.509737849235534668e-01,-4.998295605182647705e-01,9.478545188903808594e-01,-6.259954571723937988e-01,6.439774483442306519e-02,9.347516298294067383e-01,3.778057694435119629e-01,2.011071205139160156e+00,-2.397644668817520142e-01,-3.702321276068687439e-02,-1.173928260803222656e+00,7.134237289428710938e-01,1.463337540626525879e+00,9.957001805305480957e-01,9.077202081680297852e-01,1.163198828697204590e+00
1.521155118942260742e+00,-6.489003300666809082e-01,3.177877962589263916e-01,-4.995182752609252930e-01,-3.999309837818145752e-01,-9.723882675170898438e-01,-1.190212845802307129e+00,1.236438035964965820e+00,2.632407844066619873e-01,-1.898478150367736816e+00,-6.915723085403442383e-01,8.778534531593322754e-01,-3.784272670745849609e-01,-5.613685250282287598e-01,3.907523155212402344e-01,-1.547783613204956055e-01,-1.255338788032531738e+00,1.621810793876647949e-01,4.950362741947174072e-01,-2.639430463314056396e-01,-7.372071146965026855e-01,-1.893986225128173828e+00,9.006046652793884277e-01,8.711378276348114014e-02,2.215513437986373901e-01,4.188397526741027832e-01,-1.341831684112548828e+00,-1.338223665952682495e-01,-9.407783746719360352e-01,3.976680934429168701e-01,-1.400342583656311035e+00,-3.660055994987487793e-01,-1.069466829299926758e+00,1.643600463867187500e+00,4.628536105155944824e-01,9.624190628528594971e-02,-1.682893335819244385e-01,-1.144000649452209473e+00,-4.622229635715484619e-01,-2.305388450622558594e-01,1.826501846313476562e+00,-1.435086965560913086e+00,-2.464146763086318970e-01,2.205917090177536011e-01,-4.061821997165679932e-01,4.528819918632507324e-01,4.891998767852783203e-01,-8.580947518348693848e-01,1.783581078052520752e-02,-6.159458756446838379e-01,-7.351045608520507812e-01,1.843347102403640747e-01,9.286904931068420410e-01,-1.769810765981674194e-01,1.314971446990966797e-01,-5.919093489646911621e-01,1.998468279838562012e+00,-3.192901313304901123e-01,-1.100210428237915039e+00,1.329379558563232422e+00,-1.751186251640319824e-01,1.009597420692443848e+00,1.823998838663101196e-01,8.996431231498718262e-01,1.327981352806091309e+00,4.053752720355987549e-01,-7.795103788375854492e-01,1.175872921943664551e+00,4.916537106037139893e-01,-1.468068957328796387e-01,-1.126070737838745117e+00,-1.004364967346191406e+00,-1.549569964408874512e-01,1.894510030746459961e+00,-1.048043131828308105e+00,-4.761705696582794189e-01,1.509997725486755371e+00,1.851452112197875977e+00,-5.354489684104919434e-01,-5.129508376121520996e-01,2.352345176041126251e-02,-6.009590625762939453e-01,-1.110461831092834473e+00,1.444969654083251953e+00,1.008963704109191895e+00,-5.239980816841125488e-01,-5.214898586273193359e-01,1.270522117614746094e+00,-2.778589129447937012e-01,2.443259656429290771e-01,6.879914402961730957e-01,-1.219884753227233887e+00,8.881323933601379395e-01,9.226738214492797852e-01,9.737080335617065430e-01,-5.118629708886146545e-02,-2.024511843919754028e-01,3.988008201122283936e-01,1.473768427968025208e-02,2.524053752422332764e-01
-7.612321376800537109e-01,-1.544680118560791016e+00,-9.111818075180053711e-01,-3.797865808010101318e-01,-1.035940408706665039e+00,-8.739586472511291504e-01,-2.958624660968780518e-01,-8.110578656196594238e-01,3.246825337409973145e-01,-1.500826120376586914e+00,1.919094324111938477e+00,9.676398634910583496e-01,-5.720272287726402283e-02,1.304688334465026855e+00,8.998396396636962891e-01,1.059230923652648926e+00,2.036483585834503174e-01,2.061281919479370117e+00,3.152546584606170654e-01,-5.831930637359619141e-01,-1.986939668655395508e+00,3.680874407291412354e-02,-4.689855575561523438e-01,7.335695624351501465e-02,8.107517957687377930e-01,8.207295536994934082e-01,-2.691285908222198486e-01,-8.830319046974182129e-01,-7.986258268356323242e-01,1.204402446746826172e+00,5.034160017967224121e-01,-1.920508146286010742e-01,-1.068840980529785156e+00,-1.532509565353393555e+00,7.520499229431152344e-01,1.972923040390014648e+00,-5.208644270896911621e-01,-9.114922881126403809e-01,3.562572896480560303e-01,6.875827908515930176e-01,-1.056194305419921875e+00,1.102369725704193115e-01,4.689935445785522461e-01,-4.282894432544708252e-01,1.096241995692253113e-01,9.159892201423645020e-01,-1.487113356590270996e+00,2.440453529357910156e+00,3.525861501693725586e-01,-3.682306110858917236e-01,-2.919247373938560486e-02,-9.641348570585250854e-02,-1.356704235076904297e+00,3.400178551673889160e-01,-8.909466266632080078e-01,4.777141287922859192e-02,-1.029847413301467896e-01,2.556159794330596924e-01,9.347779154777526855e-01,4.867103397846221924e-01,9.107031226158142090e-01,9.144488573074340820e-01,-1.862154722213745117e+00,9.171664714813232422e-01,-1.608702540397644043e+00,-7.336977124214172363e-01,-9.156504273414611816e-01,2.012583971023559570e+00,-1.753885447978973389e-01,-2.676900625228881836e-01,-1.205840706825256348e+00,5.673289299011230469e-01,4.050920605659484863e-01,-7.892193794250488281e-01,-1.438955426216125488e+00,-1.220588445663452148e+00,-5.727654099464416504e-01,1.342255711555480957e+00,1.318837046623229980e+00,-3.872633576393127441e-01,1.522590875625610352e+00,-1.203154087066650391e+00,1.354590654373168945e-01,-9.478686004877090454e-02,2.109560519456863403e-01,-7.884072661399841309e-01,-1.733012437820434570e+00,5.713946223258972168e-01,-7.486582994461059570e-01,8.010871708393096924e-02,5.394219756126403809e-01,1.588724970817565918e+00,-6.819616258144378662e-02,-5.987408161163330078e-01,1.042690038681030273e+00,-8.570764660835266113e-01,4.847447276115417480e-01,2.286241948604583740e-01,-1.766517311334609985e-01,1.084560990333557129e+00
2.317025810480117798e-01,-8.477075099945068359e-01,-6.700630784034729004e-01,9.658143520355224609e-01,-1.268458247184753418e+00,-3.911818265914916992e-01,1.538445115089416504e+00,5.819292068481445312e-01,-9.145039916038513184e-01,1.442177891731262207e+00,-1.827568531036376953e+00,-2.597779929637908936e-01,5.228161215782165527e-01,2.375650256872177124e-01,-5.303477644920349121e-01,-6.512552499771118164e-01,-1.079676866531372070e+00,-6.726467013359069824e-01,1.447989106178283691e+00,4.092983901500701904e-01,-1.249243378639221191e+00,-1.000460624694824219e+00,-7.132044434547424316e-01,-6.462562084197998047e-01,-7.308930158615112305e-01,-4.099002182483673096e-01,4.413375258445739746e-01,-1.825873255729675293e+00,-1.827283352613449097e-01,-9.724917411804199219e-01,5.199833512306213379e-01,-1.826297521591186523e+00,1.017051041126251221e-01,-1.886335313320159912e-01,1.062380790710449219e+00,4.277280271053314209e-01,-5.459766983985900879e-01,3.235409855842590332e-01,-1.101946592330932617e+00,1.412394791841506958e-01,-7.022926211357116699e-01,1.157138824462890625e+00,-4.358582496643066406e-01,7.873086929321289062e-01,-4.994840621948242188e-01,-4.620811045169830322e-01,-1.638002395629882812e+00,2.230770327150821686e-02,2.317367866635322571e-02,2.343425512313842773e+00,4.446725174784660339e-02,-1.643856763839721680e+00,-8.708447813987731934e-01,1.083323955535888672e+00,5.789532065391540527e-01,8.094044923782348633e-01,-3.397193849086761475e-01,-6.380166411399841309e-01,2.063405036926269531e+00,2.859853953123092651e-02,-9.876536130905151367e-01,-2.015953063964843750e+00,6.837212294340133667e-02,3.135367110371589661e-02,6.070801019668579102e-01,5.794585347175598145e-01,-1.166338324546813965e+00,2.389654070138931274e-01,1.033510446548461914e+00,-7.692066431045532227e-01,-8.500308394432067871e-01,1.033933877944946289e+00,2.112183570861816406e+00,-6.657349467277526855e-01,-2.039950639009475708e-01,-1.764724135398864746e+00,-1.165002584457397461e+00,-1.186981797218322754e+00,1.838330030441284180e-01,-1.954029321670532227e+00,-7.885904312133789062e-01,-2.843847274780273438e-01,3.100085258483886719e-01,5.226594209671020508e-01,1.173710942268371582e+00,-1.548757314682006836e+00,5.933870673179626465e-01,8.708154559135437012e-01,3.530493378639221191e-01,-7.633538544178009033e-02,-3.550525009632110596e-01,6.321083903312683105e-01,-4.145732522010803223e-01,3.563895523548126221e-01,-9.846045374870300293e-01,1.693989753723144531e+00,6.720576435327529907e-02,-1.910341858863830566e+00,-2.463968038558959961e+00,-5.402222275733947754e-03
-1.177844643592834473e+00,3.704570829868316650e-01,6.030874252319335938e-01,1.226262092590332031e+00,1.501331627368927002e-01,6.743978261947631836e-01,1.588791728019714355e+00,-6.596061587333679199e-02,-1.959365963935852051e+00,3.910050988197326660e-01,6.411808729171752930e-01,-8.148348331451416016e-02,8.855733275413513184e-01,-2.300388067960739136e-01,-6.355913877487182617e-01,-1.249003410339355469e+00,3.364972472190856934e-01,-5.299597978591918945e-01,-1.642516970634460449e+00,1.247196644544601440e-01,-1.637147903442382812e+00,1.147270128130912781e-01,-1.851542234420776367e+00,-1.121103525161743164e+00,1.168841958045959473e+00,-5.992783904075622559e-01,2.084348201751708984e+00,-1.248347163200378418e+00,-2.703067362308502197e-01,-8.396244645118713379e-01,3.809697553515434265e-02,-2.058662891387939453e+00,1.007198572158813477e+00,-3.084027767181396484e-01,3.056968450546264648e-01,-3.617433309555053711e-01,-5.062768459320068359e-01,-9.435465931892395020e-01,-7.241002917289733887e-01,6.660515069961547852e-01,-2.899230718612670898e+00,1.135672569274902344e+00,6.270776689052581787e-02,-3.034714758396148682e-01,1.935811877250671387e+00,-2.996023893356323242e-01,-2.516275644302368164e-01,1.584933757781982422e+00,-3.251730799674987793e-01,8.685085177421569824e-01,1.214232206344604492e+00,-9.856469929218292236e-02,-5.768278241157531738e-01,-2.547020316123962402e-01,-5.201364159584045410e-01,-1.752592325210571289e-01,-6.340721845626831055e-01,8.179263472557067871e-01,-8.549783229827880859e-01,-2.256453037261962891e+00,1.674388766288757324e+00,2.674483358860015869e-01,4.413590133190155029e-01,2.665782868862152100e-01,9.208303689956665039e-01,1.063418865203857422e+00,-5.241294503211975098e-01,-1.075073719024658203e+00,8.813621997833251953e-01,-7.330209016799926758e-01,4.500394314527511597e-02,3.129164278507232666e-01,-1.537106037139892578e+00,-7.885573506355285645e-01,-2.181777238845825195e+00,-3.760627508163452148e-01,-4.658465981483459473e-01,-8.298951983451843262e-01,-3.367172479629516602e-01,2.118769139051437378e-01,8.655557036399841309e-01,-3.554185330867767334e-01,-8.435624241828918457e-01,-1.186299562454223633e+00,-1.127509027719497681e-01,-1.325296401977539062e+00,5.546384453773498535e-01,-4.138330221176147461e-01,2.865110337734222412e-01,1.758453994989395142e-02,1.758712291717529297e+00,4.247397556900978088e-02,-4.558090269565582275e-01,3.649698197841644287e-01,4.551773369312286377e-01,-2.558363415300846100e-02,-8.528617024421691895e-01,-3.776415884494781494e-01,5.237461626529693604e-02,-4.941389858722686768e-01
-7.660678587853908539e-03,-6.655801534652709961e-01,1.970646739006042480e+00,-1.066653877496719360e-01,6.116496920585632324e-01,1.067092776298522949e+00,-4.182595387101173401e-02,-5.594922304153442383e-01,1.254672884941101074e+00,-2.212341070175170898e+00,3.137528896331787109e-01,2.885826230049133301e-01,3.070017695426940918e-01,1.109358668327331543e+00,1.412281394004821777e+00,4.122548699378967285e-01,-1.929658465087413788e-02,1.627451181411743164e+00,1.135937094688415527e+00,4.571192562580108643e-01,-2.019789963960647583e-01,-5.527913942933082581e-02,-1.293148547410964966e-01,-6.942429542541503906e-01,-3.162506222724914551e-01,-3.895139694213867188e-01,-2.426526248455047607e-01,1.083912372589111328e+00,-8.611982315778732300e-02,5.275884270668029785e-01,-1.045143008232116699e+00,-6.896962225437164307e-02,-9.713479876518249512e-01,-2.692782878875732422e-01,1.120117068290710449e+00,9.425112605094909668e-01,-1.063646197319030762e+00,-6.826989054679870605e-01,8.546246290206909180e-01,-4.598031044006347656e-01,-1.646690219640731812e-01,1.528206169605255127e-01,6.811247467994689941e-01,1.480433344841003418e-01,7.812724113464355469e-01,-1.595038771629333496e+00,1.257702469825744629e+00,1.079082250595092773e+00,1.177791237831115723e+00,7.521805912256240845e-02,6.814501285552978516e-01,-8.845212459564208984e-01,-1.889601200819015503e-01,-1.143247723579406738e+00,8.114631772041320801e-01,2.547312498092651367e+00,2.905908506363630295e-03,-1.741270184516906738e+00,-9.938874095678329468e-02,1.041343331336975098e+00,7.475565075874328613e-01,1.362996935844421387e+00,1.840668320655822754e+00,-4.054777324199676514e-01,1.599156022071838379e+00,-8.153702318668365479e-02,1.266961216926574707e+00,5.360712110996246338e-02,1.324253201484680176e+00,-1.836422562599182129e+00,3.295190930366516113e-01,-2.031503021717071533e-01,9.026030302047729492e-01,-1.716820478439331055e+00,1.486827611923217773e+00,9.870870709419250488e-01,-3.693336546421051025e-01,5.515868067741394043e-01,3.356032073497772217e-01,1.561183691024780273e+00,-6.082009151577949524e-02,1.543833732604980469e+00,1.131329834461212158e-01,-1.715788841247558594e-01,1.154959201812744141e-01,1.318582415580749512e+00,1.570160627365112305e+00,1.361343026161193848e+00,7.783381342887878418e-01,-2.165665149688720703e+00,-1.354205012321472168e-01,7.131839990615844727e-01,1.030924558639526367e+00,8.528695106506347656e-01,1.910972595214843750e-01,-4.877219796180725098e-01,1.217414736747741699e+00,9.271131753921508789e-01,-1.263593912124633789e+00,9.928484559059143066e-01
-1.033095955848693848e+00,-2.459236979484558105e-01,-4.522337317466735840e-01,-2.156617164611816406e+00,-2.433960735797882080e-01,-9.289242029190063477e-01,-6.232509389519691467e-02,-1.172728419303894043e+00,2.226555719971656799e-02,-1.708137035369873047e+00,-5.567755699157714844e-01,3.960598409175872803e-01,-8.725883364677429199e-01,1.673329174518585205e-01,-6.384386420249938965e-01,6.560349464416503906e-01,-1.468153119087219238e+00,1.565545320510864258e+00,-4.903991222381591797e-01,-2.055310904979705811e-01,-1.747519895434379578e-02,-1.151945829391479492e+00,-1.491864863783121109e-02,-3.812983036041259766e-01,1.311300992965698242e+00,-3.682768344879150391e-01,2.301041364669799805e+00,-4.452214762568473816e-02,6.046020388603210449e-01,4.144686460494995117e-01,2.530226409435272217e-01,7.340881228446960449e-01,1.131370544433593750e+00,7.435691952705383301e-01,-1.056251406669616699e+00,-2.454573847353458405e-02,-3.305870592594146729e-01,-7.008288502693176270e-01,-8.141606450080871582e-01,5.158478617668151855e-01,9.353697896003723145e-01,1.675920009613037109e+00,4.058002531528472900e-01,9.653665125370025635e-02,9.207516312599182129e-01,2.697236299514770508e+00,-2.161045789718627930e+00,3.663443922996520996e-01,1.269442886114120483e-01,8.562175035476684570e-01,1.145994424819946289e+00,-1.248308777809143066e+00,-1.722969114780426025e-01,6.920661330223083496e-01,1.840833783149719238e+00,-4.962223768234252930e-01,-3.635869324207305908e-01,2.546998113393783569e-02,2.160817146301269531e+00,2.277539968490600586e+00,-5.034118294715881348e-01,5.866756439208984375e-01,1.376965284347534180e+00,6.856609582901000977e-01,5.826644897460937500e-01,6.059603095054626465e-01,-1.738735079765319824e+00,-4.649329781532287598e-01,-6.498777270317077637e-01,-9.436767697334289551e-01,1.528452634811401367e+00,-2.780588150024414062e+00,-5.098787546157836914e-01,-1.504845321178436279e-01,1.453282952308654785e+00,4.891013801097869873e-01,-7.782367467880249023e-01,4.449820145964622498e-02,-1.257976055145263672e+00,-1.792258381843566895e+00,7.984361052513122559e-02,2.115931510925292969e+00,5.843778252601623535e-01,-1.208145380020141602e+00,8.825112581253051758e-01,-9.351233839988708496e-01,2.233963608741760254e-01,-1.612755775451660156e+00,-1.323152899742126465e+00,-1.341710329055786133e+00,-2.719149589538574219e-01,1.852127671241760254e+00,-3.864156454801559448e-02,-2.130699530243873596e-02,2.354726791381835938e+00,9.016222357749938965e-01,3.349983096122741699e-01,-3.166866004467010498e-01,-9.363594651222229004e-02,1.863749623298645020e-01
1.253405809402465820e-01,-9.206701070070266724e-02,-8.616062998771667480e-01,4.499625563621520996e-01,-1.760768055915832520e+00,9.192184805870056152e-01,-4.017021656036376953e-01,-1.159227848052978516e+00,2.546641044318675995e-02,3.689710199832916260e-01,1.106806397438049316e+00,1.948248147964477539e-01,1.779285788536071777e+00,-7.689602971076965332e-01,5.743191242218017578e-01,-1.467042922973632812e+00,2.072308808565139771e-01,3.588510155677795410e-01,1.871379613876342773e+00,1.659080013632774353e-02,1.143419027328491211e+00,-1.091910600662231445e+00,1.204827502369880676e-01,-9.709029197692871094e-01,-4.444687664508819580e-01,-1.371209383010864258e+00,-4.359895586967468262e-01,-1.278299450874328613e+00,1.926578521728515625e+00,-5.224687457084655762e-01,-1.061872720718383789e+00,7.388945817947387695e-01,-1.373189806938171387e+00,6.032994985580444336e-01,-6.843829154968261719e-01,7.994795441627502441e-01,9.547036886215209961e-01,3.385154604911804199e-01,-3.394736945629119873e-01,-9.073536396026611328e-01,-7.143853902816772461e-01,9.507408738136291504e-01,2.042983286082744598e-02,-2.676884233951568604e-01,-7.473925352096557617e-01,-2.359945923089981079e-01,-1.393376111984252930e+00,-8.988703489303588867e-01,1.656488656997680664e+00,-6.525936722755432129e-01,-6.275445222854614258e-01,-7.798601388931274414e-01,-1.397159576416015625e+00,1.179165720939636230e+00,-1.839660853147506714e-01,6.001717224717140198e-02,1.582505702972412109e+00,-6.137755513191223145e-01,3.626369535923004150e-01,4.693938419222831726e-02,-1.105794087052345276e-01,-1.770643591880798340e-01,-7.135664820671081543e-01,1.940377801656723022e-01,2.876946330070495605e-01,1.313349723815917969e+00,-4.175816774368286133e-01,-2.245981991291046143e-01,-1.364878416061401367e+00,-1.050124645233154297e+00,-1.616082310676574707e+00,-1.407062649726867676e+00,-5.490156412124633789e-01,-4.727430641651153564e-02,4.395736157894134521e-01,-1.985809922218322754e+00,-3.529262840747833252e-01,1.750011563301086426e+00,-8.716185688972473145e-01,4.777314364910125732e-01,3.012238815426826477e-02,-3.666716516017913818e-01,-3.593171834945678711e-01,1.517369896173477173e-01,-8.746913075447082520e-01,1.000357389450073242e+00,-8.403288125991821289e-01,-3.536022901535034180e-01,-9.208970069885253906e-01,-7.235287427902221680e-01,-1.024852752685546875e+00,1.996529579162597656e+00,-1.693617701530456543e+00,-1.171351790428161621e+00,-5.461501479148864746e-01,-2.081226184964179993e-02,2.225699722766876221e-01,4.923713505268096924e-01,-5.626797080039978027e-01,8.951167464256286621e-01
6.354411244392395020e-01,-9.026976823806762695e-01,5.077695250511169434e-01,-1.793357133865356445e+00,-8.175416588783264160e-01,-7.079473733901977539e-01,-1.808999776840209961e-01,-3.715756535530090332e-01,5.214268565177917480e-01,1.649444848299026489e-01,-4.799353778362274170e-01,-1.093383669853210449e+00,4.378712177276611328e-02,-9.770973324775695801e-01,8.525495231151580811e-02,3.464185893535614014e-01,-5.583383440971374512e-01,1.262729912996292114e-01,-2.250197649002075195e+00,-3.465117216110229492e-01,-8.251381516456604004e-01,4.881348311901092529e-01,-2.571493148803710938e+00,6.141614317893981934e-01,2.528736181557178497e-02,7.834973335266113281e-01,4.697992503643035889e-01,-4.950720071792602539e-01,9.271649122238159180e-01,-7.984165549278259277e-01,-1.329696416854858398e+00,1.395214796066284180e+00,-4.819884598255157471e-01,7.529794573783874512e-01,1.597369670867919922e+00,-3.740736842155456543e-01,9.419561177492141724e-02,-6.846855878829956055e-01,-4.281783103942871094e-01,-6.410522460937500000e-01,-2.282436937093734741e-01,-2.849709093570709229e-01,4.802410900592803955e-01,6.736199259757995605e-01,-1.588262438774108887e+00,1.591418743133544922e+00,5.844511389732360840e-01,7.500938773155212402e-01,2.723783850669860840e-01,1.026935696601867676e+00,2.833802461624145508e+00,-1.247650027275085449e+00,-1.417703032493591309e+00,-4.785393178462982178e-01,-4.488088488578796387e-01,6.939835548400878906e-01,1.973717451095581055e+00,-1.130866885185241699e+00,-9.681278467178344727e-01,-1.025873899459838867e+00,3.542784452438354492e-01,-7.647449523210525513e-02,9.358137249946594238e-01,6.954373717308044434e-01,2.456980228424072266e+00,-1.037945628166198730e+00,5.365038514137268066e-01,-2.274749755859375000e+00,4.742726981639862061e-01,3.892667293548583984e+00,1.304281473159790039e+00,5.064417719841003418e-01,-2.672826051712036133e-01,7.480711936950683594e-01,-1.351953744888305664e+00,1.212355494499206543e-01,-4.044773578643798828e-01,7.300965785980224609e-01,1.476642727851867676e+00,1.722127795219421387e+00,1.127398967742919922e+00,1.309104442596435547e+00,-8.095561861991882324e-01,3.732869923114776611e-01,9.660197496414184570e-01,6.792235188186168671e-03,3.610160946846008301e-01,-2.610809803009033203e-01,3.122177124023437500e-01,1.882645010948181152e+00,2.805682718753814697e-01,1.080130338668823242e-01,1.706948280334472656e+00,2.333004027605056763e-01,-1.816650927066802979e-01,4.883320257067680359e-02,-9.527239799499511719e-01,-2.550819516181945801e-01,-2.118058949708938599e-01,-1.653938174247741699e+00
9.855779409408569336e-01,-9.239383935928344727e-01,-1.922514557838439941e+00,-7.000278681516647339e-02,-1.004886150360107422e+00,8.229764550924301147e-02,3.617303669452667236e-01,-1.532177090644836426e+00,3.281203806400299072e-01,-2.848062038421630859e+00,-1.242935895919799805e+00,-7.426593899726867676e-01,3.017828762531280518e-01,1.471837043762207031e+00,-5.614525079727172852e-01,-6.654632091522216797e-01,-2.682727873325347900e-01,3.886482715606689453e-01,9.165635108947753906e-01,2.801497280597686768e-01,1.460124015808105469e+00,5.860719084739685059e-01,-4.452518224716186523e-01,-2.327395975589752197e-01,2.480433434247970581e-01,4.124238491058349609e-01,-1.142656326293945312e+00,-2.240774154663085938e+00,-1.359055340290069580e-01,-1.975719779729843140e-01,-3.807483911514282227e-01,1.746760129928588867e+00,-1.351189374923706055e+00,-4.621464312076568604e-01,-2.480097770690917969e+00,5.470712184906005859e-01,-5.264171957969665527e-01,-1.323770731687545776e-01,3.233708441257476807e-01,2.121022224426269531e+00,-1.006992936134338379e+00,1.068295836448669434e-01,1.459449172019958496e+00,-4.337311983108520508e-01,2.437886893749237061e-01,2.618925571441650391e-01,-1.115197420120239258e+00,9.109411239624023438e-01,1.651162952184677124e-01,-9.053010940551757812e-01,-1.736339479684829712e-01,2.245988696813583374e-01,-6.233957782387733459e-02,-1.924618184566497803e-01,-1.482495188713073730e+00,5.227119922637939453e-01,-1.422691583633422852e+00,8.934117555618286133e-01,2.575770020484924316e-01,-7.346627712249755859e-01,-1.169384360313415527e+00,-9.339426755905151367e-01,9.916841983795166016e-01,-3.217723965644836426e-01,-1.398526877164840698e-01,2.715318202972412109e+00,-2.987910509109497070e-01,-9.671432375907897949e-01,1.034587919712066650e-01,-1.166431188583374023e+00,-6.444975137710571289e-01,9.112934023141860962e-02,-1.268132448196411133e+00,1.440435290336608887e+00,7.636122107505798340e-01,1.041548967361450195e+00,1.221692919731140137e+00,2.367442697286605835e-01,4.723269343376159668e-01,9.697487950325012207e-02,-9.081397652626037598e-01,1.009004592895507812e+00,-1.040581464767456055e+00,7.994531393051147461e-01,-9.148210287094116211e-01,1.124488711357116699e+00,-6.382764577865600586e-01,2.690403759479522705e-01,-2.092705726623535156e+00,-8.023214936256408691e-01,-4.458452761173248291e-01,-1.835844159126281738e+00,3.084638714790344238e-01,-7.722625136375427246e-01,2.272781133651733398e-01,-4.093998074531555176e-01,-1.188850522041320801e+00,-1.970364809036254883e+00,6.704907417297363281e-01,-1.251602411270141602e+00
-9.027495384216308594e-01,2.622740268707275391e-01,-9.661275744438171387e-01,1.155722498893737793e+00,-2.283240258693695068e-01,-1.333714127540588379e+00,-2.572462260723114014e-01,2.120863437652587891e+00,1.172017812728881836e+00,-1.560694456100463867e+00,3.433393239974975586e-01,2.796491384506225586e-01,-2.875395298004150391e+00,-1.273824572563171387e+00,1.163060545921325684e+00,-1.038572788238525391e+00,2.094222754240036011e-01,-1.315233588218688965e+00,-1.581186801195144653e-01,-2.611241042613983154e-01,-8.345723152160644531e-01,1.233299851417541504e+00,1.837160587310791016e-01,6.796077489852905273e-01,1.611109972000122070e+00,1.656476616859436035e+00,-1.220500111579895020e+00,5.255803465843200684e-01,-1.478822976350784302e-01,1.688284754753112793e+00,-6.789669394493103027e-01,5.779047012329101562e-01,-5.328575968742370605e-01,-1.154021620750427246e+00,-3.740112483501434326e-01,-1.835638761520385742e+00,-2.184399217367172241e-01,2.163636684417724609e+00,-1.661873310804367065e-01,2.108284950256347656e+00,-7.402117252349853516e-01,6.894593834877014160e-01,-3.170458078384399414e-01,1.809392809867858887e+00,-1.484964370727539062e+00,-8.857212662696838379e-01,3.348092138767242432e-01,-1.269030570983886719e+00,-1.312672615051269531e+00,6.027752161026000977e-01,-2.243239283561706543e-01,4.853678643703460693e-01,7.771301269531250000e-01,6.792311668395996094e-01,8.136187791824340820e-01,-9.997537136077880859e-01,1.974228322505950928e-01,-6.776513904333114624e-02,-2.517847120761871338e-01,-9.571486115455627441e-01,1.168599426746368408e-01,-9.109586477279663086e-01,-9.231743812561035156e-01,1.179205060005187988e+00,-1.257176697254180908e-01,5.936329364776611328e-01,-1.304398298263549805e+00,-3.425292968750000000e-01,-1.304950952529907227e+00,-5.212538838386535645e-01,6.812089681625366211e-01,-1.095669388771057129e+00,-5.138929560780525208e-02,9.134165048599243164e-01,4.607552196830511093e-03,1.179344058036804199e+00,1.026982069015502930e+00,-8.805934786796569824e-01,2.570979893207550049e-01,9.509709477424621582e-01,8.485785722732543945e-01,-3.654471039772033691e-01,-4.977276548743247986e-02,-1.702467083930969238e+00,3.934128880500793457e-01,1.002348661422729492e+00,1.271350145339965820e+00,-5.484993457794189453e-01,3.457950055599212646e-01,-1.145019173622131348e+00,-2.812339305877685547e+00,-1.140109658241271973e+00,4.384807646274566650e-01,-1.122907876968383789e+00,1.242044806480407715e+00,-7.556061148643493652e-01,-1.184638619422912598e+00,1.566892147064208984e+00,-5.872852206230163574e-01,6.541451811790466309e-01
1.367222666740417480e+00,-2.065975219011306763e-01,6.009292602539062500e-01,-3.950942754745483398e-01,-4.886701405048370361e-01,-4.689911305904388428e-01,-2.087844163179397583e-01,-7.003669440746307373e-02,1.015077114105224609e+00,1.048557758331298828e-01,-1.375151157379150391e+00,-5.734815001487731934e-01,-7.883365750312805176e-01,3.533858954906463623e-01,-4.988780245184898376e-02,4.682399332523345947e-01,5.682611465454101562e-01,-1.067632675170898438e+00,-1.131867647171020508e+00,-1.897070854902267456e-01,1.558914184570312500e+00,-3.660054802894592285e-01,-1.035838007926940918e+00,6.300966441631317139e-02,1.431558251380920410e+00,2.977904975414276123e-01,1.057549566030502319e-01,-2.294869571924209595e-01,7.473353147506713867e-01,4.070855975151062012e-01,-1.623907685279846191e+00,-2.019351243972778320e+00,-9.692454338073730469e-01,-1.062072440981864929e-01,1.207226991653442383e+00,-9.886938333511352539e-01,-8.304889202117919922e-01,-7.009520530700683594e-01,-1.364618301391601562e+00,6.682004332542419434e-01,1.691841483116149902e+00,-1.333551883697509766e+00,1.090116381645202637e+00,7.433817386627197266e-01,-9.643095135688781738e-01,2.248219490051269531e+00,8.817537426948547363e-01,7.722834497690200806e-02,-3.029704280197620392e-02,1.478144049644470215e+00,-2.266800642013549805e+00,1.777398467063903809e+00,8.855937421321868896e-02,-4.490755498409271240e-01,7.272289991378784180e-01,-1.505825996398925781e+00,9.176564812660217285e-01,-5.277925133705139160e-01,-6.958012282848358154e-02,4.211032986640930176e-01,4.656354188919067383e-01,1.482483267784118652e+00,-1.371214389801025391e+00,2.199716120958328247e-01,6.713350862264633179e-02,1.402068883180618286e-01,6.072086095809936523e-01,7.940580844879150391e-01,2.398939579725265503e-01,-9.769993424415588379e-01,1.974502205848693848e-01,4.758560657501220703e-01,4.901669621467590332e-01,1.144542932510375977e+00,2.841537594795227051e-01,2.678779602050781250e+00,1.788998246192932129e-01,3.444058895111083984e-01,4.975352883338928223e-01,1.377740502357482910e-01,-9.598658233880996704e-02,-1.950635433197021484e+00,-9.004808068275451660e-01,-3.105038106441497803e-01,-9.409018754959106445e-01,5.421637743711471558e-02,-7.398362755775451660e-01,1.210198760032653809e+00,-1.735611259937286377e-01,9.485802054405212402e-01,-1.440914422273635864e-01,-6.690270304679870605e-01,6.033232212066650391e-01,-6.956001520156860352e-01,1.726718991994857788e-01,1.288980960845947266e+00,-1.388598680496215820e-01,-6.584879010915756226e-02,1.410164356231689453e+00,-6.100864410400390625e-01
-8.180062174797058105e-01,3.705064952373504639e-01,1.463630199432373047e+00,6.091461181640625000e-01,-4.696696698665618896e-01,1.057248950004577637e+00,-1.097742676734924316e+00,3.408397734165191650e-01,5.084422603249549866e-02,1.391223192214965820e+00,8.078430891036987305e-01,9.145038202404975891e-03,3.609961867332458496e-01,-7.249951362609863281e-01,-1.142465353012084961e+00,-5.991250276565551758e-02,1.069505214691162109e+00,5.791264772415161133e-01,-6.764867901802062988e-01,-5.374717712402343750e-01,-5.555080175399780273e-01,-1.222811818122863770e+00,4.477427899837493896e-01,9.364207386970520020e-01,-1.929776370525360107e-02,-3.332190215587615967e-01,1.813642144203186035e+00,-4.582340121269226074e-01,-2.083383083343505859e+00,1.331578493118286133e+00,-6.981149911880493164e-01,1.560640484094619751e-01,-2.992242574691772461e-01,7.791856527328491211e-01,6.305445730686187744e-02,1.273015975952148438e+00,9.730154275894165039e-01,-4.932162538170814514e-02,-7.971721291542053223e-01,-1.365251183509826660e+00,-9.185134768486022949e-01,-7.292494773864746094e-01,-3.284832835197448730e-01,1.331029534339904785e+00,6.419904828071594238e-01,-6.877670884132385254e-01,-1.813952207565307617e+00,6.546494960784912109e-01,4.782541189342737198e-03,-9.484449028968811035e-01,-4.469058215618133545e-01,2.304732084274291992e+00,1.594065278768539429e-01,1.537240505218505859e+00,-2.421961724758148193e-01,-3.096330881118774414e+00,8.521502837538719177e-03,-8.524351119995117188e-01,3.407938480377197266e-01,1.403052568435668945e+00,-1.163709402084350586e+00,8.472011089324951172e-01,-4.439570009708404541e-01,1.729499250650405884e-01,1.133710861206054688e+00,1.138292074203491211e+00,1.434065341949462891e+00,6.008111834526062012e-01,-2.411636114120483398e-01,6.217632293701171875e-01,9.903329610824584961e-01,1.269330084323883057e-01,3.914368748664855957e-01,-3.709433376789093018e-01,-1.373637080192565918e+00,-9.296830743551254272e-02,2.285016059875488281e+00,2.872946262359619141e+00,3.720173239707946777e-01,-2.283308506011962891e+00,-1.706990599632263184e-01,-1.176830530166625977e+00,9.429015517234802246e-01,2.406707525253295898e+00,5.398680567741394043e-01,-4.857033789157867432e-01,8.558931946754455566e-01,-3.862653374671936035e-01,-8.433437347412109375e-01,1.773108124732971191e+00,-1.069703817367553711e+00,-1.977244317531585693e-01,2.920843064785003662e-01,1.475748062133789062e+00,-1.051673293113708496e+00,-1.839389085769653320e+00,8.609032034873962402e-01,-1.185500383377075195e+00,4.017775356769561768e-01,-8.691294789314270020e-01
-5.570161342620849609e-01,4.521927237510681152e-01,-3.960609138011932373e-01,4.944647252559661865e-01,7.638937830924987793e-01,-3.563284575939178467e-01,4.796873629093170166e-01,-3.187642395496368408e-01,1.477199316024780273e+00,1.285946130752563477e+00,-9.032086133956909180e-01,1.942395269870758057e-01,-4.845393598079681396e-01,7.218683362007141113e-01,-1.296271234750747681e-01,-3.711233139038085938e-01,-7.004901170730590820e-01,-8.014824390411376953e-01,1.227291107177734375e+00,-4.368611276149749756e-01,-3.234179913997650146e-01,1.457690447568893433e-01,9.665278792381286621e-01,5.946275591850280762e-01,6.595073938369750977e-01,6.825513839721679688e-01,1.429299235343933105e+00,7.937142252922058105e-01,4.598194062709808350e-01,2.685936987400054932e-01,-5.448788404464721680e-01,-5.638973116874694824e-01,7.918779850006103516e-01,-2.782145142555236816e-01,4.612100720405578613e-01,-1.419008374214172363e+00,-3.620418012142181396e-01,-3.341745585203170776e-02,-1.670088291168212891e+00,-5.243768692016601562e-01,3.930760622024536133e-01,1.427295804023742676e+00,-1.311041563749313354e-01,1.026805639266967773e+00,3.035252727568149567e-02,-5.530879497528076172e-01,-9.727662056684494019e-02,-1.123883247375488281e+00,6.397594213485717773e-01,-6.172776222229003906e-01,-3.051998317241668701e-01,-4.136947989463806152e-01,-1.319340944290161133e+00,-3.428255021572113037e-01,-9.423527121543884277e-02,5.136998370289802551e-02,9.229266047477722168e-01,-4.140877723693847656e-01,4.245975315570831299e-01,-1.176716208457946777e+00,1.079142764210700989e-01,-2.876524329185485840e-01,-4.423169493675231934e-01,1.318456411361694336e+00,-9.214504361152648926e-01,-3.833205699920654297e-01,-3.141669631004333496e-01,-4.912460744380950928e-01,-2.028104543685913086e+00,-2.328454017639160156e+00,1.334167838096618652e+00,-1.997018754482269287e-01,3.097971081733703613e-01,-2.961993217468261719e-02,1.074414372444152832e+00,1.179232835769653320e+00,-1.323726534843444824e+00,-7.850266695022583008e-01,5.144613385200500488e-01,-4.194765388965606689e-01,-9.206756949424743652e-01,2.909432053565979004e-01,3.921888023614883423e-02,7.983714342117309570e-03,4.790901541709899902e-01,-1.689664721488952637e-01,-1.125155925750732422e+00,-6.782533526420593262e-01,-3.953010961413383484e-02,1.384032249450683594e+00,-7.789589762687683105e-01,-2.071730852127075195e+00,-9.564230442047119141e-01,2.533026337623596191e-01,1.466695666313171387e-01,1.922940015792846680e-01,-1.143535614013671875e+00,1.190881252288818359e+00,-4.134610593318939209e-01,1.421204805374145508e+00
1.754383087158203125e+00,1.908548623323440552e-01,-1.028599619865417480e+00,-3.435092866420745850e-01,-1.022239923477172852e+00,6.029247641563415527e-01,-1.111071825027465820e+00,6.886016726493835449e-01,1.457990854978561401e-01,-6.669305562973022461e-01,1.026603206992149353e-01,-1.261862754821777344e+00,4.661625623703002930e-01,-9.794645309448242188e-01,-5.287927985191345215e-01,7.957272529602050781e-01,-1.238201379776000977e+00,-6.729828119277954102e-01,-1.915262699127197266e+00,2.052398204803466797e+00,1.097990870475769043e+00,8.117851614952087402e-01,1.452558398246765137e+00,-1.439899921417236328e+00,8.525770902633666992e-01,1.867777705192565918e+00,7.583659887313842773e-01,3.567681461572647095e-02,-1.648013591766357422e-01,1.859516859054565430e+00,-5.090178847312927246e-01,8.160772323608398438e-01,-1.273473381996154785e+00,6.094590425491333008e-01,1.386970281600952148e+00,8.623722195625305176e-01,-9.927016496658325195e-01,-4.840397238731384277e-01,5.295761823654174805e-01,3.164229094982147217e-01,5.291461572051048279e-02,-8.327785879373550415e-02,-1.276489615440368652e+00,8.841429352760314941e-01,-1.156029224395751953e+00,-2.033752441406250000e+00,-1.276837706565856934e+00,-5.100961923599243164e-01,1.525970101356506348e+00,1.125420570373535156e+00,-8.754650950431823730e-01,-3.085196018218994141e-01,1.308361887931823730e+00,5.155967473983764648e-01,-6.741233915090560913e-02,1.273163706064224243e-01,3.088445663452148438e-01,2.318986415863037109e+00,3.867855966091156006e-01,-7.717241644859313965e-01,-5.969117283821105957e-01,-1.226524859666824341e-01,-6.770831346511840820e-01,3.714430928230285645e-01,-1.556556820869445801e+00,-6.647349596023559570e-01,1.365656971931457520e+00,1.498212218284606934e+00,7.228083610534667969e-01,-3.505343198776245117e-01,-9.053233861923217773e-01,6.543629765510559082e-01,4.296624064445495605e-01,-7.405809760093688965e-01,1.251267939805984497e-01,9.518849849700927734e-01,8.053931593894958496e-02,-1.452389597892761230e+00,-1.177242025732994080e-01,-1.358193993568420410e+00,-3.392023146152496338e-01,-8.364740759134292603e-02,3.320282995700836182e-01,-2.392159223556518555e+00,3.864727318286895752e-01,-4.994738698005676270e-01,-4.795225802809000015e-03,6.866315007209777832e-01,-1.015260696411132812e+00,-3.381535410881042480e-01,9.553273916244506836e-01,1.915391087532043457e-01,-4.684835970401763916e-01,-1.873764097690582275e-01,1.516828536987304688e-01,-1.969063580036163330e-01,1.426695942878723145e+00,4.380729794502258301e-01,-8.629258275032043457e-01,5.307877063751220703e-01
8.586417138576507568e-02,-1.536690473556518555e+00,3.250836133956909180e-01,1.625332832336425781e+00,-5.783400535583496094e-01,-9.202021956443786621e-01,8.716745972633361816e-01,2.763966917991638184e-01,4.740417897701263428e-01,-6.316444873809814453e-01,-3.785239160060882568e-01,2.714871056377887726e-02,5.010071992874145508e-01,1.149196743965148926e+00,1.390918254852294922e+00,8.338514566421508789e-01,-2.019385814666748047e+00,1.233362779021263123e-01,3.130005300045013428e-01,2.012649327516555786e-01,-2.196395546197891235e-01,5.116497874259948730e-01,5.304992198944091797e-01,1.111822724342346191e+00,4.122327268123626709e-01,1.041688203811645508e+00,-1.363886594772338867e+00,-1.626734256744384766e+00,-1.034898400306701660e+00,5.457848310470581055e-01,4.599868357181549072e-01,-1.133376717567443848e+00,8.789743185043334961e-01,-1.005655169486999512e+00,-4.054147899150848389e-01,2.262861132621765137e-01,-4.442910552024841309e-01,-1.228576153516769409e-01,5.571104288101196289e-01,-5.115381479263305664e-01,8.200495839118957520e-01,5.533730983734130859e-01,-1.962542384862899780e-01,-2.258412986993789673e-01,4.298156797885894775e-01,-3.929584324359893799e-01,3.826694190502166748e-01,4.577032625675201416e-01,-1.144606247544288635e-01,1.384641528129577637e+00,-5.965772271156311035e-01,-8.372933268547058105e-01,-1.445080518722534180e+00,2.375031232833862305e+00,-1.753503918647766113e+00,7.975621819496154785e-01,1.639355897903442383e+00,1.028446078300476074e+00,1.134500727057456970e-01,1.494468212127685547e+00,-4.083172678947448730e-01,4.483286738395690918e-01,-4.808915555477142334e-01,-3.242899477481842041e-02,7.386533617973327637e-01,-1.482532024383544922e+00,-1.295716613531112671e-01,5.670139789581298828e-01,-1.375712752342224121e+00,-8.476000279188156128e-02,8.648648858070373535e-01,5.371154099702835083e-02,-7.259379625320434570e-01,-9.493372440338134766e-01,1.405795335769653320e+00,1.152852058410644531e+00,8.687935471534729004e-01,-7.744643688201904297e-01,-4.066271781921386719e-01,1.252362728118896484e-01,5.119525641202926636e-02,-9.138704538345336914e-01,4.518934488296508789e-01,-1.977820135653018951e-02,6.950118541717529297e-01,-6.102125048637390137e-01,-4.363208413124084473e-01,-8.652061223983764648e-02,-3.806937336921691895e-01,-6.653032302856445312e-01,-2.497461795806884766e+00,1.958838939666748047e+00,1.353430151939392090e-01,4.318012297153472900e-01,6.098963022232055664e-01,4.569435417652130127e-01,1.030377075076103210e-01,1.963314414024353027e-01,-1.350584387779235840e+00,5.156714916229248047e-01
6.289661675691604614e-02,-1.544830918312072754e+00,2.054560184478759766e-01,2.063025951385498047e+00,8.451813459396362305e-01,-1.236821055412292480e+00,-1.292202472686767578e-01,1.435779690742492676e+00,-6.166506186127662659e-02,-8.932023048400878906e-01,1.192968845367431641e+00,1.121729493141174316e+00,1.946232557296752930e+00,-8.541415929794311523e-01,2.726472616195678711e-01,1.590327978134155273e+00,9.605888724327087402e-01,-3.024245053529739380e-02,3.583444595336914062e+00,-4.160464927554130554e-02,1.696160435676574707e-01,-1.671931445598602295e-01,-6.170225739479064941e-01,4.253235161304473877e-01,-7.274307012557983398e-01,-6.449159383773803711e-01,4.938582479953765869e-01,-2.955946326255798340e-01,-7.156929969787597656e-01,1.306541442871093750e+00,2.140252113342285156e+00,2.628569602966308594e-01,1.947071433067321777e+00,-9.113045334815979004e-01,-6.575466394424438477e-01,-2.761849462985992432e-01,1.355312705039978027e+00,1.022816538810729980e+00,3.784757852554321289e-01,-5.090011954307556152e-01,1.976318508386611938e-01,3.152463138103485107e-01,1.198434829711914062e+00,6.982111930847167969e-01,1.877222418785095215e+00,-1.120778441429138184e+00,-5.303933620452880859e-01,-2.461499929428100586e+00,1.376002430915832520e+00,-2.439008206129074097e-01,-1.594761729240417480e+00,-7.666944265365600586e-01,2.177611827850341797e+00,8.609090447425842285e-01,1.113639920949935913e-01,9.145565629005432129e-01,9.489996433258056641e-01,1.351830959320068359e+00,-8.678023517131805420e-02,1.291956424713134766e+00,-6.324063539505004883e-01,-1.715449690818786621e-01,-1.302139043807983398e+00,-5.639683604240417480e-01,-5.058162808418273926e-01,2.602238357067108154e-01,-6.513987481594085693e-02,-7.397432327270507812e-01,-1.606427431106567383e+00,4.492630064487457275e-01,1.008743196725845337e-01,-1.911841511726379395e+00,7.646098732948303223e-01,4.038293361663818359e-01,-4.223407506942749023e-01,2.125270813703536987e-01,1.250430494546890259e-01,-1.761148571968078613e-01,1.161443471908569336e+00,-1.552212387323379517e-01,8.711033463478088379e-01,3.264959454536437988e-01,-1.042698398232460022e-01,6.788248419761657715e-01,5.419808626174926758e-01,1.741024374961853027e+00,-2.327437639236450195e+00,4.553984105587005615e-01,-3.485023081302642822e-01,1.617424726486206055e+00,-1.458307743072509766e+00,1.387067288160324097e-01,5.925324559211730957e-01,-3.520662337541580200e-02,-4.482458531856536865e-01,-7.733873724937438965e-01,1.036762833595275879e+00,8.812833428382873535e-01,-1.833170652389526367e+00,-1.083569526672363281e+00
6.425514221191406250e-01,-5.443369150161743164e-01,2.396066665649414062e+00,-1.106957435607910156e+00,5.689934492111206055e-01,4.189941585063934326e-01,7.166915535926818848e-01,1.240675806999206543e+00,1.653649568557739258e+00,5.658124685287475586e-01,-4.042568430304527283e-02,-6.697376966476440430e-01,-3.424933254718780518e-01,3.192422389984130859e-01,-4.098871946334838867e-01,1.205650210380554199e+00,-6.601064801216125488e-01,-1.261736154556274414e-01,-6.154928207397460938e-01,-1.584299683570861816e+00,-5.513662099838256836e-01,-2.559117078781127930e-01,-5.392701029777526855e-01,1.308558225631713867e+00,-7.941707372665405273e-01,1.114845991134643555e+00,1.215113103389739990e-01,1.576531887054443359e+00,-1.526445150375366211e+00,-6.946312785148620605e-01,1.248169660568237305e+00,1.286617159843444824e+00,-2.412282675504684448e-02,2.958241403102874756e-01,5.515652298927307129e-01,-1.111939668655395508e+00,-7.727232575416564941e-01,1.901599019765853882e-01,-3.659248054027557373e-01,-2.848347723484039307e-01,-1.839732229709625244e-01,-3.993255645036697388e-02,3.051716387271881104e-01,1.534387707710266113e+00,-6.535739302635192871e-01,-1.125561356544494629e+00,5.300500988960266113e-01,-1.252659559249877930e+00,5.131084844470024109e-02,1.872365355491638184e+00,-3.225095868110656738e-01,-5.026568770408630371e-01,1.537486910820007324e+00,-4.750711023807525635e-01,8.615274429321289062e-01,4.723877012729644775e-01,4.589734077453613281e-01,6.480312943458557129e-01,-7.823925018310546875e-01,3.910491466522216797e-01,-2.280334681272506714e-01,-1.812365770339965820e+00,1.317494988441467285e+00,1.443874686956405640e-01,-1.939954042434692383e+00,-4.409916400909423828e-01,-7.950133681297302246e-01,4.106470644474029541e-01,-2.589638829231262207e-01,1.545240879058837891e+00,-5.704747140407562256e-02,-3.093985021114349365e-01,-2.024909019470214844e+00,-4.692572951316833496e-01,-8.824608325958251953e-01,1.415624976158142090e+00,-2.162309587001800537e-01,-1.275297880172729492e+00,-5.487204343080520630e-02,1.328658163547515869e-01,4.914945363998413086e-01,-1.419002056121826172e+00,1.597019910812377930e+00,-1.561100959777832031e+00,-4.374586939811706543e-01,-2.183356285095214844e-01,1.147684574127197266e+00,6.878103613853454590e-01,-1.704158902168273926e+00,-2.265010774135589600e-01,1.492208123207092285e+00,-1.067175064235925674e-02,1.180087447166442871e+00,2.444428682327270508e+00,1.260044932365417480e+00,7.150712013244628906e-01,1.010444402694702148e+00,-1.013558387756347656e+00,-2.345632463693618774e-01,-8.905755877494812012e-01
-6.532891392707824707e-01,9.247221052646636963e-02,2.300948835909366608e-02,1.285193264484405518e-01,-6.554293036460876465e-01,-4.609145224094390869e-01,2.311024814844131470e-01,1.108585000038146973e+00,1.468634724617004395e+00,8.236451148986816406e-01,9.317119717597961426e-01,-2.245007991790771484e+00,-8.445919752120971680e-01,-1.313325643539428711e+00,-1.152198195457458496e+00,3.086780570447444916e-02,2.855767309665679932e-01,-1.020952582359313965e+00,-8.748003244400024414e-01,6.855404376983642578e-01,5.735028386116027832e-01,2.246273607015609741e-01,3.929801285266876221e-01,2.641967535018920898e-01,-1.311369776725769043e+00,2.097869962453842163e-01,1.134563207626342773e+00,-1.381624817848205566e+00,5.768328905105590820e-01,1.122480154037475586e+00,1.030787825584411621e-01,1.051736712455749512e+00,9.845682978630065918e-01,-1.315146803855895996e+00,-5.696872621774673462e-02,5.292807817459106445e-01,4.519531130790710449e-02,5.893474221229553223e-01,-4.140821397304534912e-01,-1.978932023048400879e-01,-2.152272313833236694e-01,3.699451088905334473e-01,9.888846874237060547e-01,1.524588465690612793e-01,4.723197817802429199e-01,-7.974256873130798340e-01,8.375713229179382324e-02,8.376566767692565918e-01,-1.300535440444946289e+00,5.523551106452941895e-01,1.396686315536499023e+00,-4.267745018005371094e-01,1.510616064071655273e+00,2.698265016078948975e-01,-8.701691031455993652e-01,9.432626366615295410e-01,3.290485739707946777e-01,2.386902570724487305e+00,-5.084143280982971191e-01,9.123405814170837402e-02,1.316958785057067871e+00,-1.190074682235717773e+00,-1.309319213032722473e-02,1.539402246475219727e+00,-1.963612884283065796e-01,4.711426794528961182e-01,-4.132803529500961304e-02,-1.497354269027709961e+00,4.460455775260925293e-01,-1.034143686294555664e+00,-1.179718598723411560e-01,-1.144062161445617676e+00,1.364218294620513916e-01,1.582811594009399414e+00,-7.612870335578918457e-01,7.583311200141906738e-01,7.651018500328063965e-01,-5.024669170379638672e-01,1.233134627342224121e+00,-1.314152240753173828e+00,-6.776505708694458008e-01,1.542363464832305908e-01,-1.416423201560974121e+00,-1.967738866806030273e-01,4.770855009555816650e-01,-7.319229841232299805e-01,1.765218615531921387e+00,-8.375378847122192383e-01,-1.977094858884811401e-01,-1.331241488456726074e+00,7.542805075645446777e-01,-3.700045347213745117e-01,2.877640426158905029e-01,2.707623243331909180e-01,5.268474817276000977e-01,1.167064070701599121e+00,-3.620459735393524170e-01,-2.136251479387283325e-01,-1.790225356817245483e-01,-1.437999844551086426e+00
-2.884009480476379395e-01,6.725031882524490356e-02,1.698462665081024170e-01,-1.236484885215759277e+00,9.178923368453979492e-01,5.288351774215698242e-01,-9.009548276662826538e-02,-6.375746130943298340e-01,-3.165448009967803955e-01,-4.211730957031250000e-01,1.485629320144653320e+00,-1.193822100758552551e-01,-7.718501091003417969e-01,-1.224575400352478027e+00,-2.823525965213775635e-01,-1.116910651326179504e-01,1.487090706825256348e+00,-9.434483200311660767e-02,-9.441738724708557129e-01,5.826039314270019531e-01,-5.659894943237304688e-01,1.448675990104675293e-01,-4.812433421611785889e-01,1.175257444381713867e+00,-8.045702576637268066e-01,-4.874728322029113770e-01,6.115171909332275391e-01,-6.945004221051931381e-03,1.449925899505615234e-01,8.893080353736877441e-01,-5.805963873863220215e-01,-2.489585578441619873e-01,-1.511136889457702637e+00,1.982108354568481445e-01,-8.089157342910766602e-01,-4.051868915557861328e-01,4.330698028206825256e-02,-3.378035426139831543e-01,-8.603198528289794922e-01,5.437974333763122559e-01,-2.044773250818252563e-01,4.512406513094902039e-02,5.379706025123596191e-01,8.035766333341598511e-02,1.431861370801925659e-01,5.110255628824234009e-02,-1.656125187873840332e+00,-9.275113940238952637e-01,-1.208159923553466797e+00,-4.581223428249359131e-01,9.500041604042053223e-01,-4.235016107559204102e-01,-1.484559416770935059e+00,1.021096348762512207e+00,2.885553240776062012e-01,1.169187545776367188e+00,5.700824856758117676e-01,1.159488320350646973e+00,1.954970955848693848e+00,7.082418799400329590e-01,1.106096267700195312e+00,1.372869908809661865e-01,1.539989829063415527e+00,5.428311824798583984e-01,3.051958978176116943e-01,-4.277679026126861572e-01,1.380565404891967773e+00,1.908565402030944824e+00,1.486113667488098145e-01,9.297396540641784668e-01,-7.190478444099426270e-01,3.657344818115234375e+00,-3.392756283283233643e-01,-8.151348233222961426e-01,-3.545486330986022949e-01,1.136056780815124512e+00,-9.612488150596618652e-01,-7.596003264188766479e-02,1.893651112914085388e-02,-1.362957239151000977e+00,1.497357964515686035e+00,4.707547724246978760e-01,3.129128217697143555e-01,1.747138619422912598e+00,4.765872061252593994e-01,1.044446825981140137e+00,6.211701035499572754e-02,4.943418875336647034e-02,-2.161798179149627686e-01,4.151944518089294434e-01,-1.369528055191040039e+00,-2.287052392959594727e+00,-8.536022901535034180e-01,-1.226040959358215332e+00,-2.974752709269523621e-02,-8.190126158297061920e-03,-1.768324494361877441e+00,6.985079646110534668e-01,-5.166147351264953613e-01,2.714739143848419189e-01
-7.753978371620178223e-01,1.451676845550537109e+00,-1.031964063644409180e+00,3.231948241591453552e-02,-1.554315567016601562e+00,-6.818484067916870117e-01,-4.271375834941864014e-01,9.440215229988098145e-01,-1.068451881408691406e+00,-7.292413711547851562e-01,6.898509263992309570e-01,2.845821678638458252e-01,5.277556777000427246e-01,7.915082573890686035e-01,3.263759016990661621e-01,-5.623915195465087891e-01,-5.100198984146118164e-01,3.601933240890502930e+00,-7.599944472312927246e-01,3.047918677330017090e-01,-5.029412358999252319e-02,7.242127656936645508e-01,1.738343834877014160e+00,2.133912801742553711e+00,1.575467705726623535e+00,7.806463837623596191e-01,-1.429258584976196289e+00,1.188982367515563965e+00,1.400943517684936523e+00,1.436641514301300049e-01,3.288120329380035400e-01,-5.771516263484954834e-02,-2.133502811193466187e-01,-1.313850283622741699e-01,8.514526486396789551e-01,-6.358991861343383789e-01,-6.951470375061035156e-01,8.873957395553588867e-01,-4.565722644329071045e-01,1.015635672956705093e-02,-1.354642391204833984e+00,-7.077187895774841309e-01,1.062124893069267273e-01,7.392868995666503906e-01,1.010630726814270020e+00,2.638626694679260254e-01,7.619327902793884277e-01,4.749204516410827637e-01,7.688220143318176270e-01,1.915703862905502319e-01,1.196557283401489258e-01,-1.574183344841003418e+00,-6.263207197189331055e-01,5.279239416122436523e-01,9.607263803482055664e-01,-1.297829747200012207e+00,7.948318719863891602e-01,1.561320185661315918e+00,7.106580734252929688e-01,1.045642137527465820e+00,5.857688188552856445e-01,1.345692038536071777e+00,1.984833478927612305e-01,5.828446149826049805e-01,-5.238033533096313477e-01,-2.781358659267425537e-01,-1.015751957893371582e+00,-1.343350648880004883e+00,3.927372395992279053e-01,1.860757231712341309e+00,7.590590715408325195e-01,2.628405988216400146e-01,-1.060821175575256348e+00,-1.387844085693359375e+00,-1.086743235588073730e+00,-5.487777590751647949e-01,-9.113581776618957520e-01,-2.911387979984283447e-01,-3.167179822921752930e-01,8.509840816259384155e-02,-4.321448802947998047e-01,-2.206393718719482422e+00,-4.978980422019958496e-01,-1.274238526821136475e-01,1.469033956527709961e-01,-1.144749999046325684e+00,-1.758127808570861816e-01,-1.787501454353332520e+00,7.851071357727050781e-01,1.790568828582763672e-01,-4.426152706146240234e-01,-2.070694684982299805e+00,1.063166931271553040e-01,-5.576819777488708496e-01,6.463662385940551758e-01,6.883090734481811523e-01,-1.013847470283508301e+00,-8.574134707450866699e-01,-8.030749857425689697e-02,-1.139724016189575195e+00
-1.237758159637451172e+00,2.708489820361137390e-02,-3.318208158016204834e-01,3.325268328189849854e-01,-1.657542288303375244e-01,1.024591326713562012e+00,-2.855399250984191895e-01,-1.133181691169738770e+00,-3.092554509639739990e-01,-3.436523973941802979e-01,-1.170964479446411133e+00,-3.028701245784759521e-01,3.704372048377990723e-01,1.032502651214599609e+00,-6.402789950370788574e-01,1.350478768348693848e+00,3.348195850849151611e-01,9.166410565376281738e-01,-4.701621234416961670e-01,1.174329891800880432e-01,-3.900351226329803467e-01,-1.121299862861633301e+00,-1.341393947601318359e+00,-2.113683670759201050e-01,9.755328893661499023e-01,4.699617922306060791e-01,-1.868155598640441895e-01,-2.119938284158706665e-01,-2.092863470315933228e-01,9.421861171722412109e-01,3.535499274730682373e-01,-3.521229326725006104e-01,-2.136540710926055908e-01,4.867325127124786377e-01,-1.682740002870559692e-01,-1.202345967292785645e+00,1.650578022003173828e+00,1.052105333656072617e-02,1.758999347686767578e+00,1.269999742507934570e+00,-1.433847546577453613e+00,-2.265946269035339355e-01,-1.565471529960632324e+00,-7.325692772865295410e-01,-1.385709494352340698e-01,-2.069070816040039062e+00,-5.134449601173400879e-01,-1.322429060935974121e+00,1.609064698219299316e+00,-1.335667490959167480e+00,-1.106092214584350586e+00,1.248904705047607422e+00,-7.020767927169799805e-01,7.305337190628051758e-01,8.552038669586181641e-01,8.020266890525817871e-02,1.379355639219284058e-01,1.359584927558898926e-01,1.222945928573608398e+00,1.048323988914489746e+00,2.478259056806564331e-01,-8.808872699737548828e-01,4.841902852058410645e-02,-2.758725881576538086e+00,8.053444027900695801e-01,1.145809412002563477e+00,-2.796148538589477539e+00,-1.147265076637268066e+00,-4.331043064594268799e-01,-9.777079224586486816e-01,7.136619687080383301e-01,3.781930804252624512e-01,1.301355719566345215e+00,-1.702770292758941650e-01,-4.864296913146972656e-01,7.031016945838928223e-01,-4.380845129489898682e-01,-1.284369587898254395e+00,-8.238760232925415039e-01,-6.966248154640197754e-01,1.804629325866699219e+00,-4.304123818874359131e-01,1.057182252407073975e-01,-3.147954642772674561e-01,-6.734183430671691895e-01,-7.300234436988830566e-01,-2.292440459132194519e-02,-3.527356386184692383e-01,2.234797716140747070e+00,4.457838088274002075e-02,-1.900811672210693359e+00,-3.405696153640747070e-01,-5.530861020088195801e-01,-2.522189140319824219e+00,-1.660406291484832764e-01,3.876506984233856201e-01,-6.331002116203308105e-01,1.023084402084350586e+00,1.716338396072387695e+00,-2.680469751358032227e-01
7.482029199600219727e-01,1.788473278284072876e-01,3.440328836441040039e-01,-8.480186462402343750e-01,-2.089400887489318848e-01,-7.384245395660400391e-01,7.697415351867675781e-01,-1.618042707443237305e+00,1.362752076238393784e-02,1.932533085346221924e-01,-3.695386946201324463e-01,-2.777865231037139893e-01,8.880476355552673340e-01,1.751781553030014038e-01,9.329467266798019409e-02,1.413849353790283203e+00,3.533653914928436279e-01,2.465295940637588501e-01,1.750744581222534180e+00,-1.049894452095031738e+00,-1.017686128616333008e+00,2.028620243072509766e+00,-9.959328770637512207e-01,2.087175101041793823e-01,2.965494990348815918e-01,9.457301348447799683e-03,-1.013036608695983887e+00,9.135907143354415894e-02,-1.794949322938919067e-01,-4.078613519668579102e-01,9.654803276062011719e-01,-9.829527139663696289e-01,3.331961929798126221e-01,1.888842284679412842e-01,1.648723363876342773e+00,-1.701182276010513306e-01,-1.299017310142517090e+00,6.262403130531311035e-01,-2.003071755170822144e-01,5.952866077423095703e-01,1.177332043647766113e+00,1.071537137031555176e+00,1.120674729347229004e+00,-1.866915225982666016e+00,1.885769814252853394e-01,6.434506177902221680e-01,4.391590654850006104e-01,-1.149127721786499023e+00,-1.633935123682022095e-01,1.364213079214096069e-01,2.065908759832382202e-01,1.214991211891174316e+00,1.382674455642700195e+00,1.910405039787292480e+00,6.173955798149108887e-01,4.954143241047859192e-02,-5.985202789306640625e-01,4.693306982517242432e-01,1.866254568099975586e+00,2.560477852821350098e-01,-2.438488975167274475e-02,1.536465048789978027e+00,1.666954278945922852e+00,-3.625043928623199463e-01,-1.497397422790527344e+00,1.827387511730194092e-01,1.169147253036499023e+00,-7.437314987182617188e-01,-1.054706335067749023e+00,-8.465346693992614746e-01,-3.685627281665802002e-01,-1.142256617546081543e+00,-2.137832641601562500e+00,3.417707681655883789e-01,-1.434093117713928223e+00,-5.207074880599975586e-01,-4.207622110843658447e-01,-6.859124302864074707e-01,1.287421703338623047e+00,8.292848467826843262e-01,-3.184875547885894775e-01,7.878051400184631348e-01,4.625774174928665161e-02,-1.156209707260131836e+00,1.245428994297981262e-01,6.749232411384582520e-01,8.567000627517700195e-01,8.714515566825866699e-01,2.329457551240921021e-01,-1.756036996841430664e+00,8.041938543319702148e-01,-1.535284399986267090e+00,-1.639704227447509766e+00,1.759109497070312500e+00,1.402380466461181641e+00,-2.226289510726928711e+00,-1.171536326408386230e+00,2.489917725324630737e-01,-2.153194397687911987e-01,-1.107029438018798828e+00
-2.204062491655349731e-01,8.728371858596801758e-01,1.475761532783508301e+00,-6.618217825889587402e-01,2.674374341964721680e+00,-1.198328256607055664e+00,2.181572318077087402e-01,6.498417854309082031e-01,-8.388964533805847168e-01,7.307707667350769043e-01,5.098706483840942383e-01,4.489249736070632935e-02,1.498835086822509766e-01,-4.519791007041931152e-01,-2.862739801406860352e+00,-1.492381453514099121e+00,2.358950972557067871e-01,-5.776620283722877502e-02,4.439232945442199707e-01,5.257665514945983887e-01,-3.576334714889526367e-01,1.404111981391906738e+00,-7.008364796638488770e-01,-1.042894244194030762e+00,3.458770513534545898e-01,9.688412547111511230e-01,8.014122843742370605e-01,5.456034541130065918e-01,-1.366722226142883301e+00,-1.122219204902648926e+00,-6.652581095695495605e-01,-8.001805841922760010e-02,1.743758767843246460e-01,-1.530539274215698242e+00,1.200755357742309570e+00,2.014975547790527344e+00,5.939275026321411133e-01,2.459742724895477295e-01,-3.333335220813751221e-01,-1.718242526054382324e+00,-1.079428315162658691e+00,-2.145865261554718018e-01,-1.861928820610046387e+00,9.279825687408447266e-01,-4.346257448196411133e-01,1.082665443420410156e+00,-5.066564679145812988e-01,-1.760107517242431641e+00,-9.534729719161987305e-01,1.737521171569824219e+00,-1.133225798606872559e+00,-1.280478954315185547e+00,-1.024784803390502930e+00,-7.889881134033203125e-01,6.974980235099792480e-01,5.272067785263061523e-01,1.300778388977050781e-01,-9.539547562599182129e-01,-3.856458365917205811e-01,2.032320201396942139e-01,-6.763408780097961426e-01,8.247436285018920898e-01,1.623032569885253906e+00,-1.745979189872741699e-01,5.751203298568725586e-01,-6.515523195266723633e-01,8.512063622474670410e-01,-2.910142838954925537e-01,7.582321166992187500e-01,5.725963711738586426e-01,-1.935902595520019531e+00,-7.556443661451339722e-02,8.714743256568908691e-01,8.253244161605834961e-01,-3.092360198497772217e-01,6.772086024284362793e-01,-4.414187967777252197e-01,-6.606857180595397949e-01,-3.083226382732391357e-01,1.025677919387817383e+00,9.657925367355346680e-01,-2.100159883499145508e+00,9.890720248222351074e-02,3.628835380077362061e-01,1.193096876144409180e+00,5.018510222434997559e-01,6.437537819147109985e-02,-1.265195846557617188e+00,-9.828326702117919922e-01,-3.078130483627319336e-01,2.421121597290039062e+00,-2.561349153518676758e+00,1.539210677146911621e+00,-3.573772609233856201e-01,7.377617359161376953e-01,-2.172715902328491211e+00,-1.861360222101211548e-01,2.226901799440383911e-02,1.066647410392761230e+00,-4.697146117687225342e-01
1.099105477333068848e+00,1.800972819328308105e+00,4.716379046440124512e-01,1.018677115440368652e+00,1.054671883583068848e+00,3.788662254810333252e-01,-3.303362131118774414e-01,-1.788750886917114258e-01,1.240280121564865112e-01,-3.711343407630920410e-01,-1.686880290508270264e-01,5.498969182372093201e-02,1.542541623115539551e+00,-2.030963301658630371e-01,-1.828619986772537231e-01,-1.208794191479682922e-01,-1.311405897140502930e+00,-8.019744157791137695e-01,6.289439201354980469e-01,-8.930077552795410156e-01,-7.222983241081237793e-02,2.827991843223571777e-01,4.613900780677795410e-01,7.869015336036682129e-01,-7.423387467861175537e-02,1.607557773590087891e+00,1.649059914052486420e-02,1.162903785705566406e+00,-4.809244871139526367e-01,2.048417568206787109e+00,7.927524447441101074e-01,3.738713562488555908e-01,3.820986449718475342e-01,4.772837758064270020e-01,5.552940368652343750e-01,-2.226335525512695312e+00,-5.631212145090103149e-03,1.169175744056701660e+00,-1.894485712051391602e+00,-1.406166672706604004e+00,1.121101975440979004e+00,5.692559480667114258e-01,-1.211951076984405518e-01,1.021856784820556641e+00,-1.740126252174377441e+00,7.517004609107971191e-01,-6.750574707984924316e-01,1.230526924133300781e+00,-1.811505794525146484e+00,1.826495170593261719e+00,-5.753345489501953125e-01,1.650457382202148438e+00,-1.156652927398681641e+00,-7.301684021949768066e-01,6.088342070579528809e-01,2.657499611377716064e-01,3.564341962337493896e-01,-4.866194128990173340e-01,-3.080442190170288086e+00,-5.444614887237548828e-01,1.657995462417602539e+00,-9.997396171092987061e-02,-5.884016156196594238e-01,4.112960025668144226e-02,-7.134168148040771484e-01,-8.510682582855224609e-01,-2.039147615432739258e+00,5.481765866279602051e-01,6.797436475753784180e-01,-6.738501191139221191e-01,1.216699361801147461e+00,1.095837280154228210e-01,-2.465310811996459961e+00,-1.204616352915763855e-01,-2.792363166809082031e-01,1.673588514328002930e+00,-3.011049926280975342e-01,-2.048584222793579102e+00,9.281953424215316772e-02,-1.790555000305175781e+00,2.605852484703063965e-01,-7.015087008476257324e-01,4.764083623886108398e-01,1.497002840042114258e+00,1.446396470069885254e+00,-1.716415762901306152e+00,-1.262488722801208496e+00,5.429241657257080078e-01,4.372277557849884033e-01,-3.487598299980163574e-01,7.649937868118286133e-01,9.716835021972656250e-01,-1.620322465896606445e+00,-2.092817306518554688e+00,-1.531403779983520508e+00,1.507081687450408936e-01,1.913876533508300781e-01,9.093304872512817383e-01,-1.146491169929504395e+00,-1.001644730567932129e-01
2.911819517612457275e-01,9.318413138389587402e-01,5.243940949440002441e-01,9.322550296783447266e-01,8.305629491806030273e-01,3.597007095813751221e-01,7.767296396195888519e-03,-1.562677860260009766e+00,-2.870844304561614990e-01,1.664236903190612793e+00,-2.671723663806915283e-01,-3.952372074127197266e-02,4.248484969139099121e-01,-1.223318129777908325e-01,-3.228459060192108154e-01,6.526440382003784180e-01,8.551205396652221680e-01,1.134307384490966797e-01,9.329236745834350586e-01,8.454254269599914551e-01,-4.076105356216430664e-02,1.371402591466903687e-01,6.165977120399475098e-01,-4.161024987697601318e-01,-5.014402270317077637e-01,4.301930367946624756e-01,-1.592490673065185547e+00,9.185499697923660278e-02,-5.598625540733337402e-01,-6.778412461280822754e-01,3.739903569221496582e-01,6.939128786325454712e-02,3.366795480251312256e-01,2.742566466331481934e-01,-8.765118122100830078e-01,-2.450282335281372070e+00,-3.849532902240753174e-01,1.056106090545654297e+00,1.895283460617065430e-01,-1.364358812570571899e-01,-6.816722154617309570e-01,-2.345757037401199341e-01,-1.586508750915527344e+00,-1.591264724731445312e+00,-5.161848068237304688e-01,7.538906931877136230e-01,-5.536777377128601074e-01,-1.694886237382888794e-01,-9.194356799125671387e-01,-5.185873508453369141e-01,-7.999971508979797363e-01,-1.283647298812866211e+00,7.488294243812561035e-01,6.966673135757446289e-01,8.985151052474975586e-01,-1.975005865097045898e-01,-9.887731075286865234e-01,-8.609935045242309570e-01,4.737217724323272705e-01,-1.553548872470855713e-01,1.234490513801574707e+00,1.416901111602783203e+00,2.416428178548812866e-01,8.938921689987182617e-01,3.450775444507598877e-01,-9.815775156021118164e-01,-1.822531670331954956e-01,-3.620736002922058105e-01,2.266991615295410156e+00,9.544413685798645020e-01,3.986566066741943359e-01,2.143741607666015625e+00,9.057043790817260742e-01,-1.057084083557128906e+00,-4.194723963737487793e-01,6.838496923446655273e-01,-1.517415046691894531e+00,8.326674103736877441e-01,2.080491542816162109e+00,1.963858306407928467e-01,-2.555861175060272217e-01,-1.494501113891601562e+00,4.942286014556884766e-01,-6.473805308341979980e-01,-4.966644048690795898e-01,-1.908990889787673950e-01,9.698524326086044312e-02,-2.004256725311279297e+00,7.832096219062805176e-01,-6.909807771444320679e-02,-2.334751039743423462e-01,-2.861566469073295593e-02,2.129512548446655273e+00,-1.504379510879516602e+00,-1.266445994377136230e+00,1.126981854438781738e+00,1.356668233871459961e+00,4.566390812397003174e-01,-4.990749657154083252e-01,-1.054606065154075623e-01
1.366527557373046875e+00,4.845119416713714600e-01,-3.831662535667419434e-01,-1.665006399154663086e+00,-4.783861935138702393e-01,-4.639905691146850586e-01,6.598545908927917480e-01,-5.386447906494140625e-01,8.345564603805541992e-01,-2.781352996826171875e+00,2.080404311418533325e-01,4.223804175853729248e-01,1.641150265932083130e-01,8.768892288208007812e-02,3.161321580410003662e-01,-5.912841558456420898e-01,6.112587451934814453e-01,-1.472239732742309570e+00,4.861735999584197998e-01,-3.866432607173919678e-01,4.573262110352516174e-02,-1.553997635841369629e+00,-2.462804794311523438e+00,7.709704041481018066e-01,-1.649457216262817383e+00,-9.846793413162231445e-01,3.842304348945617676e-01,-2.135376632213592529e-01,-1.853267312049865723e+00,3.815767914056777954e-02,-9.775447845458984375e-01,-8.797716498374938965e-01,3.200272619724273682e-01,4.027156531810760498e-01,-8.243399858474731445e-01,-2.714002430438995361e-01,2.150204032659530640e-01,-1.233640313148498535e+00,-2.046319842338562012e-01,-7.644652724266052246e-01,1.956221938133239746e+00,1.288303136825561523e+00,1.293640613555908203e+00,7.056925296783447266e-01,1.719586849212646484e+00,-4.251904785633087158e-01,2.015100717544555664e-01,-1.693300902843475342e-01,3.017670810222625732e-01,2.079662680625915527e-01,3.571816086769104004e-01,-9.101460576057434082e-01,1.735550999641418457e+00,1.182492256164550781e+00,3.266874253749847412e-01,-1.539620637893676758e+00,3.646339476108551025e-01,-2.835427522659301758e-01,-1.852028489112854004e+00,-6.914525628089904785e-01,6.516160964965820312e-01,2.396865189075469971e-01,-1.470628142356872559e+00,8.042775392532348633e-01,7.525827884674072266e-01,-9.879183173179626465e-01,-4.313073307275772095e-02,1.131462097167968750e+00,-9.272496700286865234e-01,-4.291972815990447998e-01,4.351042211055755615e-01,1.195979118347167969e+00,1.588099837303161621e+00,-1.950702667236328125e+00,9.267262183129787445e-03,1.388288855552673340e+00,9.862104058265686035e-01,1.002807259559631348e+00,1.497940897941589355e+00,-4.760434627532958984e-01,-9.538382291793823242e-01,-2.061025619506835938e+00,-1.590486168861389160e+00,9.975316524505615234e-01,-8.717370629310607910e-01,-1.342854499816894531e+00,1.577393174171447754e+00,1.472187876701354980e+00,6.715203076601028442e-02,6.693805456161499023e-01,-2.241830378770828247e-01,5.996819734573364258e-01,-5.909773707389831543e-01,1.187857866287231445e+00,-3.413519263267517090e-01,-6.958018541336059570e-01,-4.981660246849060059e-01,-1.790922582149505615e-01,4.164016246795654297e-01,2.961129248142242432e-01
-1.043524071574211121e-01,1.706254839897155762e+00,9.881855845451354980e-01,-2.024810075759887695e+00,3.254292905330657959e-01,-4.724845588207244873e-01,-1.400222420692443848e+00,-3.544802665710449219e-01,-1.240085005760192871e+00,1.386063575744628906e+00,3.825272321701049805e-01,2.291242033243179321e-01,2.282091379165649414e+00,2.063512951135635376e-01,-1.875397205352783203e+00,5.999150276184082031e-01,1.259934186935424805e+00,1.201575696468353271e-01,2.909197472035884857e-03,5.888423323631286621e-01,1.556767344474792480e+00,6.926767826080322266e-01,-2.774381637573242188e-02,-3.736833930015563965e-01,-6.066015958786010742e-01,1.083717718720436096e-01,-3.277807831764221191e-01,1.026941776275634766e+00,6.588590741157531738e-01,-2.540683150291442871e-01,-6.057397723197937012e-01,-1.078861594200134277e+00,-1.723338365554809570e+00,2.389827072620391846e-01,-1.068547129631042480e+00,-4.990366399288177490e-01,-5.490002632141113281e-01,-1.524160027503967285e+00,1.014948248863220215e+00,-7.297672629356384277e-01,-9.946891665458679199e-02,-1.919439554214477539e+00,1.095257520675659180e+00,-9.720126986503601074e-01,2.521286487579345703e+00,7.139794528484344482e-02,-1.094947934150695801e+00,1.154883265495300293e+00,-1.365858793258666992e+00,1.408811956644058228e-01,1.286614179611206055e+00,-1.788651049137115479e-01,-1.000061631202697754e+00,6.041953563690185547e-01,5.014585852622985840e-01,-1.778214424848556519e-01,-4.500963985919952393e-01,-1.633787274360656738e+00,9.106952548027038574e-01,-1.678627878427505493e-01,6.532990336418151855e-01,-2.255474567413330078e+00,-1.619022727012634277e+00,4.642328321933746338e-01,-7.807675600051879883e-01,-2.243564844131469727e+00,5.002073943614959717e-02,-6.392314434051513672e-01,1.312849402427673340e+00,-5.376285687088966370e-02,7.452251911163330078e-01,2.951476275920867920e-01,-1.267918348312377930e+00,-7.036408185958862305e-01,-7.040364146232604980e-01,1.065723657608032227e+00,-1.298788040876388550e-01,1.674336314201354980e+00,6.445531249046325684e-01,1.744008064270019531e+00,-3.928237557411193848e-01,-1.012826919555664062e+00,1.624677181243896484e+00,-6.142577156424522400e-02,1.727110594511032104e-01,-2.069672197103500366e-01,-1.501958370208740234e+00,4.983947873115539551e-01,8.994518518447875977e-01,7.845583558082580566e-01,-4.125526547431945801e-02,-1.417421340942382812e+00,-9.073908925056457520e-01,2.058308601379394531e+00,5.963847413659095764e-02,2.110883891582489014e-01,2.591238737106323242e+00,-1.167004108428955078e+00,-2.809006452560424805e+00,8.105204105377197266e-01
-4.630605578422546387e-01,5.787882208824157715e-01,-1.016353249549865723e+00,-8.060625195503234863e-01,-6.742422580718994141e-01,-5.224953293800354004e-01,2.383810468018054962e-02,-1.736463308334350586e+00,-5.172851681709289551e-01,1.037250757217407227e+00,1.383009314537048340e+00,-2.012896060943603516e+00,1.203914642333984375e+00,-6.945987939834594727e-01,-6.866858601570129395e-01,6.340191364288330078e-01,-9.452196359634399414e-01,9.753153920173645020e-01,2.210573107004165649e-02,2.402318269014358521e-02,-9.596435427665710449e-01,-7.166845202445983887e-01,4.164495766162872314e-01,4.331953823566436768e-01,1.029927730560302734e+00,-9.621489048004150391e-01,-4.064193367958068848e-01,-4.831787049770355225e-01,1.904935956001281738e+00,-3.435767292976379395e-01,1.160834312438964844e+00,-8.787708282470703125e-01,-1.541939139366149902e+00,1.297648996114730835e-01,2.242196798324584961e-01,-7.657522335648536682e-03,8.704811334609985352e-01,-3.593564629554748535e-01,-8.051241189241409302e-02,1.643331944942474365e-01,-1.312348097562789917e-01,7.844638079404830933e-02,3.188954293727874756e-02,6.934411525726318359e-01,2.482848614454269409e-01,-2.221827983856201172e+00,-2.074701935052871704e-01,-1.414192080497741699e+00,8.233773112297058105e-01,-4.895922914147377014e-02,-7.355920076370239258e-01,-1.227227151393890381e-01,9.840946197509765625e-01,-5.136514902114868164e-01,3.597840964794158936e-01,2.277990058064460754e-02,-1.927093416452407837e-01,-1.416676044464111328e+00,-1.545548081398010254e+00,-6.279891729354858398e-01,2.236509799957275391e+00,2.292566746473312378e-02,-1.116222023963928223e+00,-1.677694916725158691e+00,1.346529126167297363e-01,-1.507854759693145752e-01,-3.328089714050292969e-01,7.398303747177124023e-01,-1.032105311751365662e-01,1.839457303285598755e-01,4.162359237670898438e-01,8.296030759811401367e-01,-9.433659911155700684e-01,1.193059802055358887e+00,8.075087517499923706e-02,6.914185285568237305e-01,-1.703659892082214355e+00,3.253973126411437988e-01,-4.450182616710662842e-01,-1.262534499168395996e+00,-6.137537360191345215e-01,1.351782679557800293e+00,1.138070940971374512e+00,5.044977664947509766e-01,1.130867362022399902e+00,-1.361217260360717773e+00,8.608952164649963379e-01,1.526504874229431152e+00,-4.943402111530303955e-01,-7.897968292236328125e-01,5.148880928754806519e-02,1.083599328994750977e+00,-6.672762632369995117e-01,1.021198272705078125e+00,3.734506964683532715e-01,5.754265785217285156e-01,6.128004789352416992e-01,1.606879234313964844e+00,-2.011511564254760742e+00,-4.288402386009693146e-03
5.859177708625793457e-01,9.264914989471435547e-01,7.386517524719238281e-01,1.021867513656616211e+00,9.392722696065902710e-02,-2.545001208782196045e-01,-7.517204880714416504e-01,1.541747152805328369e-01,-1.422002017498016357e-01,7.141113877296447754e-01,-1.855691432952880859e+00,7.928439415991306305e-03,1.738147586584091187e-01,5.286002159118652344e-01,5.715494155883789062e-01,1.128940939903259277e+00,3.584770262241363525e-01,8.257150650024414062e-02,4.097422063350677490e-01,5.872963666915893555e-01,2.156253606081008911e-01,2.287711352109909058e-01,-1.510399818420410156e+00,-7.012925148010253906e-01,-3.393853306770324707e-01,1.659671515226364136e-01,-1.592105776071548462e-01,-9.478638172149658203e-01,7.879699766635894775e-02,1.690491884946823120e-01,-1.599981188774108887e+00,-6.461206078529357910e-01,-1.336827039718627930e+00,1.370410203933715820e+00,3.680855929851531982e-01,-8.311592340469360352e-01,6.989732384681701660e-01,-9.883306622505187988e-01,1.583518862724304199e+00,-2.135525703430175781e+00,6.474499702453613281e-01,-1.226975440979003906e+00,-5.796738266944885254e-01,-1.165858387947082520e+00,7.596807926893234253e-02,4.325581192970275879e-01,1.086923032999038696e-01,-7.051899433135986328e-01,9.106470942497253418e-01,8.123333454132080078e-01,-1.916507929563522339e-01,-8.412135243415832520e-01,2.751128971576690674e-01,-2.828058302402496338e-01,-9.247311353683471680e-01,1.023787632584571838e-01,2.249774694442749023e+00,1.288005232810974121e+00,-1.051765441894531250e+00,-1.337395429611206055e+00,2.132567405700683594e+00,-1.664326190948486328e-01,-8.328647352755069733e-03,-4.608531296253204346e-02,-8.215901255607604980e-02,4.264370203018188477e-01,-8.280258774757385254e-01,8.335177302360534668e-01,-2.059244960546493530e-01,6.828580796718597412e-02,2.213991880416870117e-01,3.224488198757171631e-01,-1.182704716920852661e-01,1.896934747695922852e+00,8.523621559143066406e-01,-7.610759139060974121e-02,-3.371485769748687744e-01,-7.422326505184173584e-02,2.066537857055664062e+00,-2.935740351676940918e-01,7.036143541336059570e-01,9.993291497230529785e-01,-6.147653236985206604e-02,-1.502366542816162109e+00,8.883705735206604004e-01,-9.003176540136337280e-02,2.895843982696533203e-01,-6.610431075096130371e-01,-1.433442831039428711e+00,4.922448098659515381e-01,-1.609859913587570190e-01,-9.227371811866760254e-01,5.745879411697387695e-01,7.781890630722045898e-01,-1.789084434509277344e+00,-8.382770419120788574e-01,-7.939578890800476074e-01,5.444416403770446777e-01,6.032736897468566895e-01,-1.443377733230590820e-01
-6.846796721220016479e-02,-1.507267117500305176e+00,-1.659874916076660156e-01,1.715834736824035645e-01,-2.632291801273822784e-02,-7.437007427215576172e-01,-1.433686137199401855e+00,-3.061847984790802002e-01,-2.765870690345764160e-01,1.136217594146728516e+00,-8.673591613769531250e-01,-4.149163663387298584e-01,-1.929348707199096680e-01,-1.640587925910949707e+00,-2.671739831566810608e-02,-5.103031992912292480e-01,1.790426254272460938e+00,-2.284276187419891357e-01,-1.670177578926086426e-01,-7.987094521522521973e-01,8.534979820251464844e-01,-3.950537443161010742e-01,8.075137138366699219e-01,-1.609946370124816895e+00,-3.622752726078033447e-01,1.578714728355407715e+00,3.417226374149322510e-01,-6.076657176017761230e-01,3.025871038436889648e+00,9.969314336776733398e-01,-4.240493178367614746e-01,1.414589643478393555e+00,3.978059291839599609e-01,-4.134746491909027100e-01,-4.871382713317871094e-01,-1.618360519409179688e+00,3.199573233723640442e-02,9.562682509422302246e-01,-3.868888914585113525e-01,-6.915887594223022461e-01,4.509196579456329346e-01,1.451059341430664062e+00,-5.939638614654541016e-01,3.031562268733978271e-01,1.779192328453063965e+00,8.778541088104248047e-01,-4.155870676040649414e-01,-1.486562728881835938e+00,-1.055447310209274292e-01,6.297002434730529785e-01,-5.273696780204772949e-01,-1.061176538467407227e+00,-6.781085133552551270e-01,3.892286717891693115e-01,1.246527552604675293e+00,-1.497426509857177734e+00,7.114672660827636719e-01,-2.096862792968750000e+00,-8.732852339744567871e-01,2.056491613388061523e+00,6.168046593666076660e-01,-3.459601104259490967e-01,-4.317655265331268311e-01,5.682641267776489258e-01,7.096595764160156250e-01,1.266801953315734863e+00,1.307720303535461426e+00,-7.680828571319580078e-01,-9.577275514602661133e-01,5.341904759407043457e-01,-3.596598282456398010e-03,-1.299174189567565918e+00,1.480919718742370605e+00,1.273807764053344727e+00,1.586756855249404907e-01,-2.466813176870346069e-01,-1.228433609008789062e+00,-2.030398249626159668e-01,5.545761585235595703e-01,-3.495495021343231201e-01,1.540703698992729187e-02,4.674953222274780273e-01,1.281625270843505859e+00,1.623783230781555176e+00,7.649965286254882812e-01,-1.079902291297912598e+00,9.763157963752746582e-01,1.278778463602066040e-01,-9.433414041996002197e-02,-4.622765481472015381e-01,-1.565627753734588623e-01,-6.717468500137329102e-01,-8.185532093048095703e-01,3.466154336929321289e-01,3.477770984172821045e-01,-5.915927290916442871e-01,8.635945618152618408e-02,-8.547452688217163086e-01,-2.139610648155212402e-01,-8.202394843101501465e-01
6.200842261314392090e-01,1.562690377235412598e+00,-3.104518055915832520e-01,8.921449780464172363e-01,1.274852037429809570e+00,6.968674063682556152e-01,5.404272675514221191e-01,1.758560299873352051e+00,7.530050873756408691e-01,6.030982732772827148e-01,-3.493911027908325195e-01,1.994094103574752808e-01,-9.254586100578308105e-01,-1.221117854118347168e+00,1.095087409019470215e+00,1.075806975364685059e+00,-1.573025226593017578e+00,-5.662021636962890625e-01,-1.315804958343505859e+00,-4.499423205852508545e-01,-7.010552287101745605e-02,-1.095601636916399002e-02,-1.641763687133789062e+00,-6.132510304450988770e-01,-1.493940711021423340e+00,1.109788060188293457e+00,6.637005805969238281e-01,1.341270446777343750e+00,-2.996735870838165283e-01,-8.992532491683959961e-01,-4.521206617355346680e-01,2.004521369934082031e+00,-1.891159296035766602e+00,4.969658851623535156e-01,2.115022987127304077e-01,-1.531957089900970459e-01,-4.268620312213897705e-01,4.101822972297668457e-01,7.337314486503601074e-01,-8.363544195890426636e-02,-1.386025667190551758e+00,-1.599851608276367188e+00,-1.994598269462585449e+00,1.127085924148559570e+00,-5.583040714263916016e-01,-4.604075103998184204e-02,-7.820647954940795898e-01,1.096143364906311035e+00,5.196400284767150879e-01,-8.203266859054565430e-01,1.035570144653320312e+00,-2.784713506698608398e+00,1.358408480882644653e-01,-6.204829216003417969e-01,6.430735588073730469e-01,-1.005615949630737305e+00,-1.751343488693237305e+00,7.655538320541381836e-01,-4.823268204927444458e-02,1.123817563056945801e+00,-2.975999712944030762e-01,-9.474822282791137695e-01,9.155865013599395752e-02,-2.498398303985595703e+00,-6.942997872829437256e-02,3.696161508560180664e-01,-1.873001098632812500e+00,7.133123278617858887e-01,-1.415063738822937012e+00,3.198166787624359131e-01,4.288346692919731140e-02,-1.902480274438858032e-01,-2.021638393402099609e+00,-1.798305213451385498e-01,-2.673341989517211914e+00,1.058039903640747070e+00,-2.110707759857177734e+00,1.147029757499694824e+00,9.677247405052185059e-01,9.970726072788238525e-02,2.408092468976974487e-02,-1.203203439712524414e+00,1.940741837024688721e-01,-8.140695095062255859e-01,-1.100054532289505005e-01,-9.093762040138244629e-01,-8.252848982810974121e-01,-3.947400748729705811e-01,1.419202446937561035e+00,5.478852391242980957e-01,1.382193922996520996e+00,-1.213212728500366211e+00,1.105005502700805664e+00,-2.623773179948329926e-02,-2.287023514509201050e-01,-2.518887996673583984e+00,8.759809732437133789e-01,3.617559373378753662e-01,4.677227698266506195e-03,1.473452448844909668e+00
-2.069114595651626587e-01,6.186826229095458984e-01,-7.607442736625671387e-01,-1.178394794464111328e+00,-8.405476808547973633e-01,-4.889026880264282227e-01,3.762618303298950195e-01,7.575678229331970215e-01,1.080911993980407715e+00,3.313024342060089111e-02,6.804004907608032227e-01,-1.281493067741394043e+00,1.033486723899841309e+00,-1.231617212295532227e+00,-7.311375141143798828e-01,2.692043185234069824e-01,1.305782675743103027e+00,1.467564105987548828e-01,1.194641180336475372e-02,-1.805078051984310150e-02,-3.954169154167175293e-01,-1.519788205623626709e-01,-1.991263985633850098e+00,1.066228508949279785e+00,2.319310754537582397e-01,1.967496633529663086e+00,-1.461572051048278809e+00,2.656503021717071533e-01,8.587745428085327148e-01,2.066816806793212891e+00,-6.753798723220825195e-01,9.328102469444274902e-01,1.035751938819885254e+00,-5.220509767532348633e-01,3.381210863590240479e-01,1.190216898918151855e+00,-7.753237485885620117e-01,1.409428119659423828e+00,-9.748512506484985352e-01,-5.478230118751525879e-01,-1.770288199186325073e-01,9.866809844970703125e-01,-9.568020701408386230e-02,3.019554913043975830e-01,1.082358241081237793e+00,1.203020572662353516e+00,-1.009952187538146973e+00,-1.342354178428649902e+00,-3.664752840995788574e-01,1.225597500801086426e+00,2.270642220973968506e-01,-1.035790801048278809e+00,-7.806082367897033691e-01,9.070562124252319336e-01,6.415654420852661133e-01,-7.748346328735351562e-01,7.747151255607604980e-01,-8.060101419687271118e-02,1.152728080749511719e+00,2.812160253524780273e-01,1.025602221488952637e+00,4.745093882083892822e-01,-2.492804527282714844e-01,8.823937177658081055e-01,-4.824813306331634521e-01,-2.428753077983856201e-01,-4.213458895683288574e-01,9.755535721778869629e-01,-5.926375836133956909e-02,-2.171549081802368164e+00,5.532664060592651367e-01,-2.134507596492767334e-01,-1.075686812400817871e+00,-1.655271291732788086e+00,1.357346773147583008e-01,2.189245074987411499e-01,7.518290877342224121e-01,-6.193556189537048340e-01,1.314089059829711914e+00,1.108564496040344238e+00,-3.526199460029602051e-01,4.720211923122406006e-01,1.480786442756652832e+00,5.634257793426513672e-01,2.042911648750305176e-01,-7.567141652107238770e-01,1.026762127876281738e+00,2.567614912986755371e-01,6.741079092025756836e-01,-1.251444101333618164e+00,-9.207031726837158203e-01,5.859576165676116943e-02,6.857671737670898438e-01,4.727593064308166504e-02,7.318712770938873291e-02,-2.891779899597167969e+00,2.325230091810226440e-01,4.174259603023529053e-01,1.081937670707702637e+00,1.713423371315002441e+00
-1.764347434043884277e+00,-2.211728841066360474e-01,7.965048551559448242e-01,7.759349346160888672e-01,6.044153571128845215e-01,5.518451333045959473e-01,-4.579772949218750000e-01,7.025083303451538086e-01,-1.626611113548278809e+00,-2.437086254358291626e-01,6.647820472717285156e-01,1.511177569627761841e-01,1.821066811680793762e-02,9.499012827873229980e-01,-2.350238896906375885e-02,4.539647996425628662e-01,8.326329588890075684e-01,-9.159957766532897949e-01,1.787870049476623535e+00,1.991250962018966675e-01,-1.548736333847045898e+00,1.903225183486938477e-01,1.104257106781005859e+00,-1.848002970218658447e-01,3.988041076809167862e-03,1.993403196334838867e+00,7.152174115180969238e-01,1.040858626365661621e+00,6.484530568122863770e-01,-3.035997971892356873e-02,-2.336689233779907227e+00,1.384938001632690430e+00,-5.407509207725524902e-01,-5.633658766746520996e-01,-4.599472135305404663e-02,-2.216716557741165161e-01,9.635606408119201660e-01,-7.553294301033020020e-01,3.241937160491943359e-01,1.757380515336990356e-01,4.201541468501091003e-02,-1.175773739814758301e+00,-6.461567282676696777e-01,1.405853509902954102e+00,2.065921723842620850e-01,-2.046820878982543945e+00,1.577085375785827637e+00,8.584267497062683105e-01,2.473266422748565674e-02,1.531065225601196289e+00,7.973561882972717285e-01,8.823135495185852051e-01,1.371259808540344238e+00,-4.602962732315063477e-01,-8.967591822147369385e-02,1.034960389137268066e+00,1.741340756416320801e-01,-1.353706717491149902e+00,-2.360285669565200806e-01,8.428277969360351562e-01,6.616823077201843262e-01,-5.017852187156677246e-01,1.318379521369934082e+00,1.400049328804016113e-01,8.849849104881286621e-01,6.698105335235595703e-01,-2.925451993942260742e-01,-7.499727606773376465e-01,-7.079612016677856445e-01,1.956836134195327759e-01,-1.490092158317565918e+00,-8.117296695709228516e-01,8.039948940277099609e-01,-3.577079772949218750e-01,4.166493415832519531e-01,5.336213707923889160e-01,1.824984908103942871e+00,-1.169527411460876465e+00,2.456446364521980286e-02,3.121288716793060303e-01,-2.008881092071533203e+00,1.258487582206726074e+00,6.043298169970512390e-02,-4.610824584960937500e-01,-3.308129608631134033e-01,4.939433932304382324e-01,1.154690027236938477e+00,-1.293557882308959961e+00,-7.642956823110580444e-02,-1.145348072052001953e+00,1.598206639289855957e+00,-1.571117639541625977e+00,-6.509191989898681641e-01,1.316861629486083984e+00,-1.084852576255798340e+00,7.984566688537597656e-01,-5.301926732063293457e-01,-7.490363121032714844e-01,2.077595472335815430e+00,-7.216192483901977539e-01
1.845421910285949707e+00,6.633086800575256348e-01,-2.093420028686523438e-01,-1.701658815145492554e-01,-2.661213576793670654e-01,-6.803276538848876953e-01,-2.191021740436553955e-01,-4.183714389801025391e-01,-4.450651705265045166e-01,-1.666774272918701172e+00,1.321166038513183594e+00,-5.407036542892456055e-01,1.317202091217041016e+00,5.514552593231201172e-01,1.044004261493682861e-01,-3.825825154781341553e-01,5.057717561721801758e-01,1.163251757621765137e+00,-6.623539328575134277e-01,-1.621458083391189575e-01,-3.724417686462402344e-01,1.163132429122924805e+00,2.998327016830444336e-01,3.074037432670593262e-01,5.284422636032104492e-01,-3.257051110267639160e-01,-2.509694337844848633e+00,-2.842050552368164062e+00,-5.710571408271789551e-01,-1.208307623863220215e+00,2.436677962541580200e-01,-1.538363218307495117e+00,-5.369946360588073730e-01,7.587317228317260742e-01,2.185901165008544922e+00,8.217555284500122070e-01,1.319388866424560547e+00,9.732766151428222656e-01,1.240828156471252441e+00,-1.391009092330932617e+00,-1.565816402435302734e+00,-1.251488685607910156e+00,5.800449252128601074e-01,-1.237203001976013184e+00,5.570309162139892578e-01,-8.474842905998229980e-01,-6.450335979461669922e-01,1.133474946022033691e+00,9.281940460205078125e-01,7.436186671257019043e-01,-1.280317544937133789e+00,1.077502012252807617e+00,-1.112259984016418457e+00,9.081165194511413574e-01,1.480982422828674316e+00,-1.719522327184677124e-01,-1.284136652946472168e+00,7.978355139493942261e-02,-5.391495823860168457e-01,-1.603741049766540527e+00,-6.081398129463195801e-01,-1.214761212468147278e-01,3.566967844963073730e-01,-3.398297727108001709e-01,-1.352516651153564453e+00,1.060534477233886719e+00,-6.210114806890487671e-02,-7.242836356163024902e-01,5.791488289833068848e-01,2.558922290802001953e+00,-1.473967790603637695e+00,-1.557376027107238770e+00,1.011382460594177246e+00,8.678643964231014252e-03,3.985550627112388611e-02,4.664719402790069580e-01,2.399068474769592285e-01,1.116258651018142700e-01,-1.350787878036499023e+00,3.628348931670188904e-02,-5.452620387077331543e-01,-1.626582145690917969e-01,-1.582762151956558228e-01,1.622446179389953613e-01,-6.939656734466552734e-01,-4.399434328079223633e-01,-7.384960651397705078e-01,-2.984457015991210938e-01,-6.026278734207153320e-01,-3.178088068962097168e-01,2.823986411094665527e-01,-8.617534637451171875e-01,-1.256700038909912109e+00,-4.021690189838409424e-01,3.302655741572380066e-02,-7.367475330829620361e-02,-4.165850281715393066e-01,2.922972738742828369e-01,-5.106870085000991821e-04,8.343411684036254883e-01
1.568347811698913574e-01,5.007920861244201660e-01,-5.477766990661621094e-01,-1.886737585067749023e+00,-9.805129170417785645e-01,1.610811114311218262e+00,1.253946125507354736e-01,-4.140758886933326721e-02,8.202333450317382812e-01,-1.347671151161193848e-01,-6.927815731614828110e-03,3.479411602020263672e-01,-4.696280360221862793e-01,1.704590916633605957e+00,4.559086263179779053e-01,1.180988997220993042e-01,1.247942566871643066e+00,1.498373448848724365e-01,-7.987433671951293945e-01,-1.158320307731628418e+00,-1.462268710136413574e+00,-8.497368693351745605e-01,-4.098522290587425232e-02,6.292658448219299316e-01,3.673396110534667969e-01,4.626627638936042786e-02,1.730035066604614258e+00,1.246052384376525879e+00,-2.398431599140167236e-01,-1.057655453681945801e+00,-2.241988331079483032e-01,6.320167779922485352e-01,1.113557338714599609e+00,1.353276818990707397e-01,-8.777831196784973145e-01,-4.923887848854064941e-01,4.827884733676910400e-01,1.439398646354675293e+00,8.708737492561340332e-01,1.283476829528808594e+00,1.809607982635498047e+00,-2.556515038013458252e-01,4.183671176433563232e-01,-5.356839895248413086e-01,8.874520659446716309e-01,1.853634715080261230e+00,1.352474927902221680e+00,-8.671569824218750000e-02,1.039716482162475586e+00,7.241268157958984375e-01,8.788915872573852539e-01,-1.176666542887687683e-01,4.713556468486785889e-01,-4.554099738597869873e-01,1.034519553184509277e+00,6.259601116180419922e-01,-1.748057603836059570e+00,-3.651542663574218750e-01,-4.977013468742370605e-01,2.813650295138359070e-02,1.019519209861755371e+00,9.228526949882507324e-01,-1.577598571777343750e+00,4.031740427017211914e-01,4.932969063520431519e-02,-1.993334054946899414e+00,6.157218217849731445e-01,-6.544953584671020508e-01,-1.506205648183822632e-01,4.187914133071899414e-01,-7.809246182441711426e-01,-1.942678213119506836e+00,1.054714918136596680e+00,-3.253342211246490479e-01,-6.914999485015869141e-01,6.098335981369018555e-01,1.302403092384338379e+00,-1.064239144325256348e+00,-2.098502814769744873e-01,-5.089800953865051270e-01,-3.387150764465332031e-01,6.043034195899963379e-01,3.195420801639556885e-01,1.630217432975769043e+00,3.035237789154052734e-01,1.103133440017700195e+00,1.033109068870544434e+00,-1.956814289093017578e+00,5.441890954971313477e-01,8.172627687454223633e-01,5.150563120841979980e-01,9.275945425033569336e-01,5.950755998492240906e-02,7.833438515663146973e-01,9.955732822418212891e-01,-2.772189378738403320e-01,-4.041423797607421875e-01,-2.573219835758209229e-01,-1.359325051307678223e+00,-5.648661255836486816e-01
-4.594468474388122559e-01,-6.680461168289184570e-01,7.582558989524841309e-01,1.346271276473999023e+00,-9.208256751298904419e-02,-3.797784149646759033e-01,-2.512387037277221680e+00,-1.054171919822692871e+00,1.411011099815368652e+00,1.523733735084533691e-01,-5.016821026802062988e-01,2.027849555015563965e-01,-1.340433806180953979e-01,1.087519168853759766e+00,2.674167394638061523e+00,-9.725083112716674805e-01,1.085736274719238281e+00,2.654424607753753662e-01,2.114890575408935547e+00,-1.406007647514343262e+00,-5.551854372024536133e-01,-1.049806118011474609e+00,-7.797572612762451172e-01,7.947650551795959473e-01,3.006205260753631592e-01,-1.066842913627624512e+00,8.658285439014434814e-02,7.911054044961929321e-02,-7.008647322654724121e-01,-4.881602823734283447e-01,-7.340911030769348145e-01,5.637837052345275879e-01,-1.695844411849975586e+00,-1.527232646942138672e+00,-1.046755444258451462e-02,9.646487236022949219e-01,-4.645048379898071289e-01,-5.842913389205932617e-01,2.416983127593994141e+00,-7.780617475509643555e-01,-2.349495649337768555e+00,-1.404908537864685059e+00,-3.125973939895629883e-01,-1.021613836288452148e+00,4.013877213001251221e-01,1.290426254272460938e-01,1.099897265434265137e+00,1.258298277854919434e+00,1.087562918663024902e+00,1.404184818267822266e+00,-2.390207767486572266e+00,-1.679632067680358887e+00,-4.991709291934967041e-01,-2.397143989801406860e-01,4.466085731983184814e-01,-8.159495592117309570e-01,-1.498263716697692871e+00,-2.005969434976577759e-01,-8.381648659706115723e-01,1.411327123641967773e-01,-1.659702539443969727e+00,1.013340711593627930e+00,1.982656419277191162e-01,1.919026374816894531e+00,1.767094731330871582e-01,-3.022068738937377930e+00,2.977022668346762657e-04,-9.600352048873901367e-01,4.152004122734069824e-01,1.857457458972930908e-01,1.525772213935852051e+00,-1.765259385108947754e+00,-2.566182315349578857e-01,1.782694697380065918e+00,-6.642275452613830566e-01,1.263770580291748047e+00,-8.910880684852600098e-01,-1.048637866973876953e+00,-1.732181072235107422e+00,1.207261800765991211e+00,-1.148124694824218750e+00,3.464511036872863770e-01,5.272473767399787903e-02,1.624890327453613281e+00,1.317306041717529297e+00,-2.046752214431762695e+00,-1.541522026062011719e+00,-5.102285146713256836e-01,-9.737968444824218750e-01,1.094363257288932800e-02,-1.151416659355163574e+00,1.193251729011535645e+00,-2.091958820819854736e-01,8.091190457344055176e-01,4.105928838253021240e-01,1.226455688476562500e+00,5.964247584342956543e-01,2.153357505798339844e+00,-1.021527051925659180e+00,1.654832124710083008e+00
1.215487718582153320e+00,8.337260037660598755e-02,2.169112414121627808e-01,1.500189900398254395e-01,-2.061068415641784668e-01,-1.058998033404350281e-01,-8.508979529142379761e-02,1.295593738555908203e+00,1.368606567382812500e+00,1.599686145782470703e-01,4.672221839427947998e-01,5.500703454017639160e-01,-1.107798457145690918e+00,5.949704647064208984e-01,7.177683115005493164e-01,8.218675255775451660e-01,-1.017507195472717285e+00,3.074528574943542480e-01,6.676764488220214844e-01,-1.362063288688659668e+00,6.318961977958679199e-01,6.335160136222839355e-01,6.732790470123291016e-01,2.062691211700439453e+00,5.664809942245483398e-01,-1.347352385520935059e+00,-9.569864869117736816e-01,-2.455849386751651764e-02,-1.125749230384826660e+00,6.195749044418334961e-01,-1.121481657028198242e+00,1.462884396314620972e-01,-1.086339429020881653e-01,-1.031784772872924805e+00,-6.581848263740539551e-01,6.817943453788757324e-01,-2.503235936164855957e-01,-3.310421705245971680e-01,3.968921005725860596e-01,-8.193416595458984375e-01,-2.213814973831176758e+00,-1.324734836816787720e-01,8.627388477325439453e-01,-6.873969435691833496e-01,4.581787288188934326e-01,-1.006500840187072754e+00,-3.712360262870788574e-01,-1.127679824829101562e+00,-4.764987528324127197e-01,1.311041861772537231e-01,-8.126865029335021973e-01,-9.919439256191253662e-02,1.446971654891967773e+00,-4.937097132205963135e-01,2.122156620025634766e+00,8.659554719924926758e-01,5.350579619407653809e-01,-3.134662210941314697e-01,-6.122927665710449219e-01,-2.550383806228637695e-01,-4.884844720363616943e-01,1.051910161972045898e+00,-1.103477716445922852e+00,3.179766535758972168e-01,3.420187532901763916e-01,2.087170481681823730e-01,-7.498608827590942383e-01,-6.114676594734191895e-01,1.868304982781410217e-02,-1.730651110410690308e-01,-1.376360177993774414e+00,1.664701223373413086e+00,3.408539593219757080e-01,9.773362278938293457e-01,2.021431177854537964e-01,5.457944273948669434e-01,7.556177973747253418e-01,-2.383831888437271118e-01,-3.015036880970001221e-02,2.194164097309112549e-01,-1.473094582557678223e+00,-8.283405303955078125e-01,-9.901623129844665527e-01,8.911933302879333496e-01,-1.994883418083190918e-01,7.005165815353393555e-01,-3.345776498317718506e-01,-4.557764828205108643e-01,-1.088572859764099121e+00,7.814063429832458496e-01,-1.211264014244079590e+00,1.953935995697975159e-02,-1.191208243370056152e+00,1.310352385044097900e-01,1.665606349706649780e-01,-2.565553665161132812e+00,4.513367712497711182e-01,-1.232820272445678711e+00,5.267760157585144043e-02,-3.191709995269775391e+00
6.788401603698730469e-01,-1.802730798721313477e+00,9.369709342718124390e-02,-6.799944639205932617e-01,-3.199490904808044434e-01,-1.115854620933532715e+00,-2.276387214660644531e+00,1.034465879201889038e-01,-5.210118293762207031e-01,2.403700351715087891e-01,-3.322599828243255615e-01,-9.526543319225311279e-03,-6.732052564620971680e-01,1.281261205673217773e+00,-1.943788766860961914e+00,-3.982611000537872314e-01,7.013061642646789551e-02,-2.756018042564392090e-01,-2.734795808792114258e-01,2.739088535308837891e-01,-2.050518095493316650e-01,-2.405656099319458008e+00,-1.056132078170776367e+00,7.113636732101440430e-01,-7.044807076454162598e-01,1.458000302314758301e+00,2.218358278274536133e+00,-5.558022856712341309e-01,3.558552563190460205e-01,-1.608752131462097168e+00,-1.619612425565719604e-01,-7.673788666725158691e-01,1.423030138015747070e+00,-2.289303302764892578e+00,-2.713513076305389404e-01,-1.967431664466857910e+00,1.318080544471740723e+00,-1.045134961605072021e-01,-1.106450080871582031e+00,1.034212589263916016e+00,1.277033925056457520e+00,-9.926900267601013184e-01,-2.860217690467834473e-01,6.898998022079467773e-01,7.026279568672180176e-01,-1.909858733415603638e-01,8.001882433891296387e-01,-2.034094333648681641e-01,-2.560108304023742676e-01,2.283562660217285156e+00,7.186895608901977539e-01,4.898105263710021973e-01,-1.348434925079345703e+00,1.947740554809570312e+00,8.999802917242050171e-02,-1.189679265022277832e+00,-1.783866286277770996e-01,-8.767697811126708984e-01,1.244327425956726074e+00,3.218810260295867920e-01,-2.864923715591430664e+00,3.521866202354431152e-01,-1.591720223426818848e+00,-4.334059357643127441e-01,-7.905255556106567383e-01,-1.031603813171386719e+00,-5.035638213157653809e-01,8.136853575706481934e-01,2.758329212665557861e-01,-3.447523415088653564e-01,8.121283054351806641e-01,2.744906246662139893e-01,-2.718535959720611572e-01,1.315388202667236328e+00,9.525737911462783813e-02,1.138368487358093262e+00,2.681738436222076416e-01,-1.642743945121765137e+00,4.635513126850128174e-01,9.585493803024291992e-01,-2.997666895389556885e-01,1.373119235038757324e+00,-7.853386402130126953e-01,1.226224303245544434e+00,-7.991579771041870117e-01,1.030824184417724609e+00,3.097433567047119141e+00,-4.550514519214630127e-01,2.262003123760223389e-01,1.273583173751831055e+00,-2.776725530624389648e+00,-3.990454971790313721e-01,8.836948275566101074e-01,-5.539910793304443359e-01,-9.004864692687988281e-01,-2.188683509826660156e+00,2.805690467357635498e-01,3.971288800239562988e-01,-9.826340675354003906e-01,5.784431695938110352e-01
-1.311136364936828613e+00,1.109080314636230469e+00,-1.679675698280334473e+00,-8.423306941986083984e-01,8.592241406440734863e-01,1.449818462133407593e-01,-9.341719746589660645e-02,1.016658544540405273e-01,3.004552721977233887e-01,7.474706768989562988e-01,-5.968285799026489258e-01,2.254883572459220886e-02,-4.341040849685668945e-01,-4.252036809921264648e-01,-2.750466167926788330e-01,-8.017110228538513184e-01,1.643573641777038574e+00,1.126706004142761230e+00,-1.270332336425781250e+00,-1.770211383700370789e-02,-8.906047940254211426e-01,-2.614427804946899414e-01,-1.404814720153808594e-01,-3.044757619500160217e-02,-5.018368363380432129e-01,2.229454755783081055e+00,-2.284862846136093140e-01,-1.961521148681640625e+00,9.220328181982040405e-02,2.942854166030883789e-01,5.682501196861267090e-01,-3.750441074371337891e-01,-3.132999241352081299e-01,1.893720179796218872e-01,-1.735253214836120605e+00,1.851879954338073730e+00,8.055639863014221191e-01,-3.434330821037292480e-01,9.701411128044128418e-01,-7.664232254028320312e-01,1.454883337020874023e+00,-1.545495867729187012e+00,-2.037142038345336914e+00,1.537640541791915894e-01,-2.813632041215896606e-02,-8.485434651374816895e-01,-6.182600855827331543e-01,-4.698102176189422607e-01,3.810957670211791992e-01,7.325556278228759766e-01,2.199568599462509155e-01,3.888491913676261902e-02,-1.509178876876831055e+00,1.545567870140075684e+00,-1.300311326980590820e+00,8.394435644149780273e-01,4.915756285190582275e-01,4.405727982521057129e-01,1.017847418785095215e+00,1.872721672058105469e+00,-8.202595114707946777e-01,-1.966925978660583496e+00,6.653390359133481979e-03,1.764825284481048584e-01,-1.759945154190063477e+00,1.894714087247848511e-01,6.114918738603591919e-02,7.005425691604614258e-01,-3.820109367370605469e-01,2.924409210681915283e-01,1.451277852058410645e+00,-2.229422092437744141e+00,5.912525057792663574e-01,-1.751433372497558594e+00,-6.275919675827026367e-01,-4.907610416412353516e-01,1.914895653724670410e+00,-6.694623231887817383e-01,-2.056335806846618652e-01,-8.671825528144836426e-01,5.594849586486816406e-01,4.023509025573730469e-01,-5.066270008683204651e-02,4.296393096446990967e-01,9.017184972763061523e-01,8.367480635643005371e-01,1.871631294488906860e-01,3.205730319023132324e-01,-8.035454154014587402e-02,-1.100086420774459839e-01,2.805006690323352814e-02,-2.542411386966705322e-01,2.427865564823150635e-01,5.639014244079589844e-01,6.383705139160156250e-02,1.999094635248184204e-01,-2.135062694549560547e+00,1.347179532051086426e+00,1.394329667091369629e+00,8.866248130798339844e-01
-7.979632019996643066e-01,3.920607566833496094e-01,-5.809183120727539062e-01,-6.147615313529968262e-01,1.413393616676330566e+00,-4.209380224347114563e-02,-2.020117521286010742e+00,-1.337881922721862793e+00,-7.267467379570007324e-01,1.250793337821960449e-01,-9.665852785110473633e-01,4.249405562877655029e-01,-1.806025624275207520e+00,-4.553380310535430908e-01,1.343618799000978470e-02,4.659754335880279541e-01,-1.089820027351379395e+00,1.221872091293334961e+00,-9.502404332160949707e-01,1.198126912117004395e+00,-4.569141566753387451e-01,-1.432470917701721191e+00,1.145988553762435913e-01,-4.783070683479309082e-01,9.240954369306564331e-02,-1.724021196365356445e+00,-4.186373949050903320e-01,-2.888202965259552002e-01,-3.632262647151947021e-01,-3.054768741130828857e-01,1.260900855064392090e+00,-1.030783057212829590e+00,1.241549015045166016e+00,-8.945551514625549316e-01,5.133622288703918457e-01,1.639596939086914062e+00,2.309599161148071289e+00,6.969724893569946289e-01,1.245879650115966797e+00,-8.917024135589599609e-01,1.410116553306579590e+00,1.899795420467853546e-02,1.193099856376647949e+00,7.706616520881652832e-01,1.076009497046470642e-01,-2.794274091720581055e-01,1.431438475847244263e-01,7.598478198051452637e-01,-8.289109468460083008e-01,8.441897034645080566e-01,8.567797541618347168e-01,7.103035449981689453e-01,2.909794449806213379e-01,-3.738031983375549316e-01,-7.818121314048767090e-01,-4.599179923534393311e-01,1.242607235908508301e+00,4.517737329006195068e-01,7.240504026412963867e-01,-5.578570365905761719e-01,1.222496747970581055e+00,-1.998167335987091064e-01,1.099350094795227051e+00,2.232736110687255859e+00,2.107891559600830078e+00,2.223799705505371094e+00,1.110740564763545990e-02,-2.330582380294799805e+00,5.822926163673400879e-01,-4.323722124099731445e-01,9.345089644193649292e-02,-4.896100983023643494e-02,-1.434919595718383789e+00,-7.151849269866943359e-01,-1.773233532905578613e+00,2.810988724231719971e-01,-1.719200164079666138e-01,-2.365865260362625122e-01,-8.168656229972839355e-01,-1.467819929122924805e+00,8.019039630889892578e-01,1.434079766273498535e+00,3.216741561889648438e+00,-5.149758458137512207e-01,-2.817219793796539307e-01,-1.701080322265625000e+00,-8.028843998908996582e-01,8.869847059249877930e-01,3.351980149745941162e-01,7.472754120826721191e-01,-1.327435672283172607e-01,1.229888647794723511e-01,-9.561567306518554688e-01,-1.280967593193054199e+00,-7.674571871757507324e-01,1.716958045959472656e+00,1.584801554679870605e+00,1.497365713119506836e+00,5.203528329730033875e-02,5.657790303230285645e-01
-4.815177321434020996e-01,2.804836258292198181e-02,4.158509075641632080e-01,-2.435462027788162231e-01,-4.111674129962921143e-01,1.563256382942199707e-01,4.302955269813537598e-01,-1.179366946220397949e+00,6.730959415435791016e-01,5.098295211791992188e-01,-8.281922340393066406e-01,-7.016991972923278809e-01,7.357667088508605957e-01,7.808764576911926270e-01,3.048000037670135498e-01,5.605716109275817871e-01,-9.678912907838821411e-02,-1.456444740295410156e+00,1.269652992486953735e-01,1.511054277420043945e+00,-6.076309457421302795e-02,5.696692466735839844e-01,-2.032179355621337891e+00,1.177714467048645020e-01,-5.658767223358154297e-01,3.151912614703178406e-02,-5.718032121658325195e-01,5.718941092491149902e-01,8.362580537796020508e-01,-1.997183084487915039e+00,-1.072303280234336853e-01,1.443207383155822754e+00,-7.402647137641906738e-01,-1.468901991844177246e+00,4.135173559188842773e-01,8.429702520370483398e-01,1.282050371170043945e+00,-1.462368369102478027e+00,-2.051483243703842163e-01,1.456757664680480957e+00,-1.967666864395141602e+00,-1.485306501388549805e+00,-1.358367800712585449e+00,8.829727768898010254e-01,2.117846012115478516e-01,-1.068341359496116638e-01,3.104297220706939697e-01,7.052072882652282715e-01,-1.263848304748535156e+00,-3.038857936859130859e+00,-3.404931426048278809e-01,-9.959517121315002441e-01,4.573349356651306152e-01,-1.138316631317138672e+00,3.091360032558441162e-01,1.240081071853637695e+00,-3.393662720918655396e-02,-1.662404894828796387e+00,-4.175969064235687256e-01,-3.047549724578857422e-01,1.176782131195068359e+00,3.209537565708160400e-01,-8.930709362030029297e-01,-7.375170588493347168e-01,-2.534806251525878906e+00,3.262481689453125000e-01,1.092257738113403320e+00,1.182671189308166504e+00,-1.459185481071472168e+00,-9.914605617523193359e-01,2.281199693679809570e+00,-1.006477594375610352e+00,-1.566972732543945312e-01,-2.478697538375854492e+00,-4.790201187133789062e-01,2.264700978994369507e-01,-1.402877092361450195e+00,-2.587071657180786133e-01,6.144339442253112793e-01,-4.827848449349403381e-02,6.503411531448364258e-01,8.021603822708129883e-01,-4.290511310100555420e-01,1.879381984472274780e-01,4.518733322620391846e-01,2.995142340660095215e-01,9.659126996994018555e-01,3.149439394474029541e-01,-1.707316040992736816e+00,-4.120212793350219727e-01,2.380059361457824707e-01,-1.939649810083210468e-04,-6.138231158256530762e-01,-1.704443991184234619e-01,-2.771770060062408447e-01,-8.711813688278198242e-01,-2.357156753540039062e+00,-2.656890630722045898e+00,6.340740919113159180e-01,5.297585576772689819e-02
-5.310094356536865234e-01,1.270275354385375977e+00,1.406292915344238281e+00,-6.301606893539428711e-01,1.435921907424926758e+00,-8.525867462158203125e-01,-1.332876563072204590e+00,8.762874603271484375e-01,-5.854722857475280762e-01,1.979660749435424805e+00,5.875020027160644531e-01,-1.584312468767166138e-01,3.400184810161590576e-01,-1.551473021507263184e+00,-3.242823779582977295e-01,-2.010532766580581665e-01,-5.381704568862915039e-01,-1.528073906898498535e+00,-1.285528779029846191e+00,2.330441623926162720e-01,2.531410753726959229e-01,1.539958417415618896e-01,8.632910251617431641e-01,1.015725731849670410e+00,-3.437853753566741943e-01,1.948163360357284546e-01,-5.662439465522766113e-01,2.487504333257675171e-01,3.159738779067993164e-01,-8.076109290122985840e-01,1.010044813156127930e+00,1.112852215766906738e+00,-3.496323823928833008e-01,2.130337804555892944e-01,-1.458536267280578613e+00,4.684940278530120850e-01,9.825719594955444336e-01,1.299149870872497559e+00,7.469593733549118042e-02,-5.814942121505737305e-01,-3.292868137359619141e-01,-2.629348337650299072e-01,-1.731048107147216797e+00,-1.927514195442199707e+00,9.445024132728576660e-01,-1.748668104410171509e-01,1.279610037803649902e+00,-7.184938788414001465e-01,-6.670575737953186035e-01,-6.539685726165771484e-01,-2.099536180496215820e+00,3.170427381992340088e-01,1.417189002037048340e+00,-1.706676483154296875e-01,-1.340215325355529785e+00,7.202510237693786621e-01,-1.500661969184875488e-01,-1.829972505569458008e+00,5.840065479278564453e-01,-3.772026598453521729e-01,-6.262666583061218262e-01,1.193442225456237793e+00,-8.184449672698974609e-01,1.703754067420959473e+00,6.045771837234497070e-01,1.205548405647277832e+00,-1.512745976448059082e+00,1.529975980520248413e-01,-9.426274895668029785e-01,1.274194121360778809e-01,9.361582398414611816e-01,-1.511730790138244629e+00,1.697005480527877808e-01,7.471589446067810059e-01,1.446275860071182251e-01,-1.632976293563842773e+00,-1.509199023246765137e+00,7.351438403129577637e-01,1.044844269752502441e+00,3.916643559932708740e-01,2.060991525650024414e+00,1.117550253868103027e+00,-3.170461416244506836e+00,6.381049752235412598e-01,1.189917802810668945e+00,1.361877918243408203e+00,7.677285671234130859e-01,3.022222518920898438e-01,6.710671633481979370e-02,1.825639247894287109e+00,9.446453452110290527e-01,5.258271694183349609e-01,-2.788821160793304443e-01,9.397881627082824707e-01,-2.060415893793106079e-01,-4.508183300495147705e-01,1.116524577140808105e+00,-7.538545131683349609e-01,-2.452616930007934570e+00,-8.071088790893554688e-01
6.491038203239440918e-01,-7.988442182540893555e-01,1.157471090555191040e-01,1.378334999084472656e+00,2.183919697999954224e-01,1.304135084152221680e+00,-3.344760239124298096e-01,-2.722812592983245850e-01,4.877915605902671814e-02,2.132156491279602051e-01,-1.244549274444580078e+00,1.356104850769042969e+00,-4.344540536403656006e-01,-1.225086927413940430e+00,4.283496737480163574e-02,-2.027298450469970703e+00,-1.765987396240234375e+00,5.352684855461120605e-01,-1.931182026863098145e+00,-2.888592183589935303e-01,1.286391496658325195e+00,-9.675248265266418457e-01,8.593642711639404297e-01,9.997676610946655273e-01,-4.853959083557128906e-01,-5.089952349662780762e-01,9.363735318183898926e-01,6.801131647080183029e-03,-1.022952675819396973e+00,-1.091263175010681152e+00,1.237664580345153809e+00,-1.464384675025939941e+00,1.461823463439941406e+00,8.897058367729187012e-01,-8.681006729602813721e-03,-5.322557091712951660e-01,6.237115859985351562e-01,-4.360602200031280518e-01,-2.460940629243850708e-01,-8.662661910057067871e-02,-2.348552942276000977e+00,1.392773151397705078e+00,-4.450251162052154541e-01,1.136853322386741638e-01,-3.553909063339233398e-01,2.768181562423706055e-01,-8.321276903152465820e-01,1.114456430077552795e-01,-1.456505179405212402e+00,1.935951828956604004e+00,2.523941099643707275e-01,-1.402965188026428223e+00,5.929498076438903809e-01,-6.551260948181152344e-01,5.071371793746948242e-01,4.514376819133758545e-02,-2.053918361663818359e+00,3.907566368579864502e-01,-6.087086796760559082e-01,-1.804486036300659180e+00,2.716149687767028809e-01,-7.109335660934448242e-01,-1.663832366466522217e-02,4.699809551239013672e-01,2.623819410800933838e-01,8.662651777267456055e-01,-4.637479484081268311e-01,8.694968819618225098e-01,1.447582244873046875e+00,1.357090950012207031e+00,5.407768487930297852e-01,-1.605590939521789551e+00,2.864149332046508789e+00,8.014558553695678711e-01,2.837193012237548828e-01,-2.095845460891723633e+00,-7.164136171340942383e-01,-6.562159061431884766e-01,9.662013053894042969e-01,3.118340015411376953e+00,7.792453765869140625e-01,1.470899581909179688e-01,-1.768243789672851562e+00,-4.961524605751037598e-01,-1.566107869148254395e+00,-4.413287341594696045e-01,-1.266022682189941406e+00,3.058416247367858887e-01,6.630831360816955566e-01,5.410858988761901855e-01,4.546799659729003906e-01,-1.215766444802284241e-01,-1.144247412681579590e+00,2.120081782341003418e-01,-8.798073530197143555e-01,1.215058088302612305e+00,-8.777465224266052246e-01,-1.346014291048049927e-01,-9.938017278909683228e-02,5.315417647361755371e-01
9.795672297477722168e-01,-7.282699346542358398e-01,-5.868577361106872559e-01,9.330489635467529297e-01,-1.133255884051322937e-01,-4.098331034183502197e-01,-1.508648633956909180e+00,-1.364154338836669922e+00,-1.263438910245895386e-01,-6.426265090703964233e-02,-4.116499125957489014e-01,-1.458867192268371582e+00,9.039704501628875732e-02,-1.511187076568603516e+00,2.944385707378387451e-01,-3.513482809066772461e-01,-6.319209337234497070e-01,-4.410500824451446533e-01,5.414744615554809570e-01,-3.441279381513595581e-02,1.658799052238464355e-01,1.391256809234619141e+00,-8.588260412216186523e-01,1.555792689323425293e+00,1.150259017944335938e+00,-1.398968696594238281e+00,-4.712146520614624023e-01,1.486354827880859375e+00,-9.867514371871948242e-01,1.220285058021545410e+00,5.778230428695678711e-01,4.647572934627532959e-01,2.530620805919170380e-02,1.800458431243896484e+00,-9.555992484092712402e-01,9.484010338783264160e-01,-8.555880784988403320e-01,-8.985766172409057617e-01,-7.848411202430725098e-01,-1.491453051567077637e+00,5.683186650276184082e-01,-1.004667356610298157e-01,-8.559514284133911133e-01,1.442942142486572266e+00,5.679659247398376465e-01,-1.480312943458557129e+00,2.933240532875061035e-01,-1.127045392990112305e+00,-1.060985803604125977e+00,-1.913274765014648438e+00,-2.719074010848999023e+00,2.236609697341918945e+00,2.633860409259796143e-01,-3.900801539421081543e-01,1.819529756903648376e-02,-1.807676911354064941e+00,-1.449605822563171387e-01,-2.398635745048522949e-01,-2.671863079071044922e+00,6.488183736801147461e-01,-7.797337770462036133e-01,2.464204281568527222e-01,-3.350709974765777588e-01,-3.212496638298034668e-02,-1.810125350952148438e+00,2.258970260620117188e+00,2.469700574874877930e-01,-3.215954303741455078e-01,-7.203075289726257324e-02,8.353075385093688965e-01,-1.865924835205078125e+00,-4.319255053997039795e-01,4.831303060054779053e-01,-1.253418684005737305e+00,-1.234251976013183594e+00,-1.292545199394226074e+00,-1.115311384201049805e+00,-4.272486567497253418e-01,1.095288276672363281e+00,1.934334635734558105e-01,2.007705926895141602e+00,3.706105053424835205e-01,6.721934080123901367e-01,-1.358912229537963867e+00,3.148805201053619385e-01,2.248010635375976562e+00,-7.843900918960571289e-01,-1.145287871360778809e+00,-5.622516870498657227e-01,-5.962623357772827148e-01,-4.504158794879913330e-01,-6.960215568542480469e-01,1.324397921562194824e+00,8.257559537887573242e-01,-1.661501228809356689e-01,6.941296458244323730e-01,1.228044554591178894e-01,-8.094615340232849121e-01,-1.483511924743652344e+00,-1.410475373268127441e+00
-1.940509796142578125e+00,7.603982090950012207e-01,-1.306262612342834473e+00,-6.167628765106201172e-01,-1.507668197154998779e-01,5.961422324180603027e-01,3.698935806751251221e-01,1.087769627571105957e+00,4.209670424461364746e-01,-4.049707055091857910e-01,5.221368074417114258e-01,1.664015054702758789e+00,1.789192795753479004e+00,4.810070097446441650e-01,3.994263410568237305e-01,-1.004216670989990234e+00,-5.025977492332458496e-01,1.813688576221466064e-01,1.833642959594726562e+00,1.239336505532264709e-01,4.148030281066894531e-01,-2.323873758316040039e+00,9.669786095619201660e-01,1.432726025581359863e+00,-4.103216230869293213e-01,-6.057224273681640625e-01,-1.249881505966186523e+00,1.479603171348571777e+00,7.909033894538879395e-01,-3.978644311428070068e-01,-9.920063018798828125e-01,2.052281856536865234e+00,3.195641040802001953e-01,1.455753207206726074e+00,9.325312972068786621e-01,-5.500413775444030762e-01,1.542143151164054871e-02,1.317212700843811035e+00,4.092260301113128662e-01,-1.016748622059822083e-01,-4.473664760589599609e-01,-8.066657185554504395e-01,-1.059413075447082520e+00,1.239133477210998535e+00,1.649392843246459961e+00,1.382126927375793457e+00,3.902077972888946533e-01,1.679873585700988770e+00,-9.711617231369018555e-01,8.199027776718139648e-01,-3.344771265983581543e-01,9.058710932731628418e-01,-1.607015967369079590e+00,-9.746957421302795410e-01,7.468384504318237305e-01,4.409954547882080078e-01,1.483522057533264160e-01,1.335235238075256348e+00,9.020091891288757324e-01,-1.176414042711257935e-01,-3.889138698577880859e-01,5.922484025359153748e-02,3.710473477840423584e-01,8.280137926340103149e-02,1.313528865575790405e-01,-2.045209258794784546e-01,-1.441738128662109375e+00,4.692976474761962891e-01,1.176094114780426025e-01,1.407972931861877441e+00,1.322101894766092300e-02,-3.939051926136016846e-01,-2.076682329177856445e+00,-7.015650272369384766e-01,-2.322408437728881836e+00,-1.433736920356750488e+00,-1.769314646720886230e+00,-2.931441366672515869e-01,8.243892192840576172e-01,2.389164417982101440e-01,-6.087071299552917480e-01,4.179545640945434570e-01,4.788509309291839600e-01,-9.603234529495239258e-01,1.136756896972656250e+00,-2.368048280477523804e-01,-1.725447028875350952e-01,-1.522996544837951660e+00,7.383988704532384872e-03,3.508852422237396240e-02,5.606808066368103027e-01,-6.650516986846923828e-01,-3.661196827888488770e-01,1.084042549133300781e+00,8.578796684741973877e-02,-5.797206163406372070e-01,1.112717866897583008e+00,4.459559321403503418e-01,7.556017041206359863e-01,-7.891082167625427246e-01
-1.322581052780151367e+00,2.108976364135742188e+00,2.413634210824966431e-01,1.000114917755126953e+00,-9.245913475751876831e-02,1.658248752355575562e-01,-8.686787486076354980e-01,-9.030007719993591309e-01,-1.467052459716796875e+00,-1.158830285072326660e+00,6.411091685295104980e-01,1.443886756896972656e+00,5.733143910765647888e-02,-1.753504425287246704e-01,1.780735373497009277e+00,-2.175528526306152344e+00,4.696377813816070557e-01,7.593603730201721191e-01,-5.691240429878234863e-01,-7.520175576210021973e-01,7.916452735662460327e-02,3.500244021415710449e-01,-5.047827959060668945e-01,-1.101498246192932129e+00,-7.102054357528686523e-01,2.079793512821197510e-01,5.389046669006347656e-01,4.087037742137908936e-01,1.172369793057441711e-01,-1.166381359100341797e+00,-1.548890471458435059e+00,8.033189177513122559e-01,2.494465410709381104e-01,-2.753432393074035645e-01,-1.723763942718505859e+00,1.333568543195724487e-01,-7.279801964759826660e-01,-3.974778950214385986e-01,-7.413796782493591309e-01,-2.882909476757049561e-01,6.985742598772048950e-02,-1.120059967041015625e+00,1.896503448486328125e+00,1.283139348030090332e+00,3.783715665340423584e-01,7.413376569747924805e-01,-3.587818145751953125e+00,-3.295195698738098145e-01,-2.111090660095214844e+00,-6.669729351997375488e-01,2.495637834072113037e-01,6.011930704116821289e-01,9.713581800460815430e-01,1.057696342468261719e+00,1.290132403373718262e+00,-9.604038298130035400e-02,1.273576170206069946e-01,-5.439892411231994629e-01,-8.130651116371154785e-01,7.683740258216857910e-01,-6.564913392066955566e-01,-1.542078256607055664e-01,4.665710031986236572e-01,-9.972929954528808594e-01,1.485255002975463867e+00,1.146631166338920593e-01,-4.895299077033996582e-01,2.180340766906738281e+00,7.511101365089416504e-01,9.098159074783325195e-01,-9.062802195549011230e-01,-7.539375126361846924e-02,2.246866464614868164e+00,-6.363467574119567871e-01,7.022530306130647659e-03,7.124701142311096191e-01,-8.252716064453125000e-01,2.088799953460693359e+00,1.720553517341613770e+00,2.870677232742309570e+00,1.516541719436645508e+00,1.285675525665283203e+00,-8.151682615280151367e-01,1.817452788352966309e+00,1.272281885147094727e+00,1.644201636314392090e+00,2.289191037416458130e-01,1.822677552700042725e-01,2.523437738418579102e-01,1.875625550746917725e-01,-4.245733916759490967e-01,-7.072354853153228760e-02,1.307863950729370117e+00,1.673354387283325195e+00,1.451346755027770996e+00,4.312452375888824463e-01,-1.582992523908615112e-01,9.557108283042907715e-01,-1.975737065076828003e-01,1.617075204849243164e+00
1.064946413040161133e+00,5.543837547302246094e-01,1.623226851224899292e-01,-2.054546833038330078e+00,-1.958714246749877930e+00,1.181164860725402832e+00,1.847066879272460938e-01,-1.125551104545593262e+00,3.998483344912528992e-02,-3.420042991638183594e-01,-1.225808024406433105e+00,3.673587739467620850e-01,-4.759235978126525879e-01,6.232104897499084473e-01,-1.241494178771972656e+00,1.155964583158493042e-01,-5.301143527030944824e-01,-1.057638153433799744e-01,-3.226338028907775879e-01,4.914115965366363525e-01,1.104762792587280273e+00,-4.788532853126525879e-01,-6.864933371543884277e-01,2.684104442596435547e-01,-2.625713050365447998e-01,-6.668900847434997559e-01,-4.696880280971527100e-01,-2.358096599578857422e+00,-1.610856652259826660e+00,-1.069417953491210938e+00,-3.705726563930511475e-02,1.006256461143493652e+00,-7.101560235023498535e-01,-1.617129206657409668e+00,-2.083315134048461914e+00,2.256340503692626953e+00,1.916024684906005859e+00,-1.107874065637588501e-01,3.238754272460937500e-01,7.267980575561523438e-01,8.150522112846374512e-01,-4.906086027622222900e-01,-4.549250602722167969e-01,6.779521703720092773e-01,-4.397460222244262695e-01,-1.212776660919189453e+00,-1.151583790779113770e+00,-5.860679596662521362e-02,-5.439416170120239258e-01,-7.468345165252685547e-01,6.225701570510864258e-01,-6.993427872657775879e-01,-1.077774286270141602e+00,1.100737333297729492e+00,-2.327310562133789062e+00,-1.432889819145202637e+00,1.095228791236877441e+00,3.268970549106597900e-02,-9.308325052261352539e-01,-2.189837694168090820e+00,-1.331199109554290771e-01,2.021175622940063477e-01,1.065131545066833496e+00,9.942606091499328613e-01,6.916067600250244141e-01,-6.789996623992919922e-01,2.276149243116378784e-01,-1.699677467346191406e+00,-6.978125572204589844e-01,-1.779213547706604004e-01,-1.269028544425964355e+00,-1.915028840303421021e-01,-8.676375746726989746e-01,-5.371518135070800781e-01,-4.686675593256950378e-02,2.353700250387191772e-01,-7.594549059867858887e-01,-8.932418376207351685e-02,3.051928281784057617e-01,-6.204379796981811523e-01,-1.876405626535415649e-01,2.610880136489868164e-01,3.508757352828979492e-01,-1.678624749183654785e+00,1.708588838577270508e+00,-1.623581767082214355e+00,-7.054154276847839355e-01,-2.042311280965805054e-01,-5.690710544586181641e-01,1.526767611503601074e+00,8.813814520835876465e-01,1.290046572685241699e+00,4.217630997300148010e-02,3.488585054874420166e-01,-5.243283510208129883e-01,1.208410739898681641e+00,-1.218372225761413574e+00,-3.491046428680419922e-01,-1.163362264633178711e+00,6.462857723236083984e-01
-6.141805648803710938e-01,2.163421511650085449e-01,-7.343841344118118286e-02,-2.754563987255096436e-01,-1.130907610058784485e-01,-8.427934050559997559e-01,-1.854104101657867432e-01,1.683166265487670898e+00,-1.234046578407287598e+00,-1.341011524200439453e+00,3.220582902431488037e-01,6.002643704414367676e-01,6.246283650398254395e-01,2.681397497653961182e-01,-7.629030942916870117e-01,-3.842560946941375732e-01,2.819339513778686523e+00,-1.271189898252487183e-01,-9.672166109085083008e-01,-2.764111161231994629e-01,1.481526438146829605e-02,-6.236713528633117676e-01,-1.141116023063659668e+00,6.376129388809204102e-01,5.485509037971496582e-01,4.747001826763153076e-01,9.139615297317504883e-01,6.756820082664489746e-01,-9.068974852561950684e-01,-6.031733751296997070e-01,4.137725830078125000e-01,-2.226645201444625854e-01,1.726232528686523438e+00,1.960879750549793243e-02,-1.411095857620239258e+00,-1.921457946300506592e-01,-5.643491744995117188e-01,-1.493019312620162964e-01,-4.744569212198257446e-02,6.995912194252014160e-01,2.590478181838989258e+00,-9.866110682487487793e-01,-5.064266920089721680e-01,-1.870560348033905029e-01,3.688493967056274414e-01,-6.469748020172119141e-01,-5.832031369209289551e-01,3.588404357433319092e-01,-4.398192167282104492e-01,1.768153607845306396e-01,5.813726782798767090e-01,3.318682312965393066e-01,-1.863749861717224121e+00,-1.015663862228393555e+00,-5.511461496353149414e-01,1.390962600708007812e+00,5.170806869864463806e-02,-1.262095451354980469e+00,6.691208481788635254e-01,2.977237462997436523e+00,-1.201840877532958984e+00,-1.770473599433898926e+00,1.398890018463134766e+00,-1.027833104133605957e+00,-1.695312619209289551e+00,4.992517828941345215e-01,1.274229407310485840e+00,6.490172147750854492e-01,-3.723526298999786377e-01,-1.699576675891876221e-01,5.649921298027038574e-01,-4.939561486244201660e-01,7.271060943603515625e-01,-1.385789990425109863e+00,8.819545060396194458e-02,-5.410461425781250000e-01,-4.257645905017852783e-01,-3.928022086620330811e-01,-9.560447186231613159e-02,1.395912289619445801e+00,-1.985921382904052734e+00,1.542804390192031860e-01,-1.418322682380676270e+00,2.397313117980957031e+00,3.776986002922058105e-01,5.990808010101318359e-01,-1.663235306739807129e+00,-1.190603017807006836e+00,-2.172230958938598633e+00,6.608564853668212891e-01,4.348820149898529053e-01,1.724090576171875000e-01,-1.420147657394409180e+00,-9.363751113414764404e-02,4.555769860744476318e-01,3.762026727199554443e-01,-6.025341805070638657e-03,-1.262815237045288086e+00,1.109541878104209900e-01,-1.391282200813293457e+00
-4.544477909803390503e-02,-3.675067722797393799e-01,9.687874913215637207e-01,3.196981251239776611e-01,-6.660120487213134766e-01,7.398913055658340454e-02,1.052408695220947266e+00,1.413509368896484375e+00,-3.063808009028434753e-02,-2.629808485507965088e-01,2.787311315536499023e+00,5.810995772480964661e-02,2.591614484786987305e+00,-8.365580439567565918e-01,-3.397225737571716309e-01,1.714416146278381348e+00,1.056893229484558105e+00,-1.025209188461303711e+00,3.866766095161437988e-01,1.075634002685546875e+00,-4.709831178188323975e-01,-5.087074041366577148e-01,-8.312724828720092773e-01,-1.197902441024780273e+00,-6.213570237159729004e-01,-1.436929464340209961e+00,-8.585219085216522217e-02,-4.500059485435485840e-01,2.050234079360961914e+00,-5.117180943489074707e-01,1.298525214195251465e+00,-1.510720014572143555e+00,4.657519161701202393e-01,-2.174248099327087402e-01,7.434639334678649902e-02,-2.320209890604019165e-01,-7.884497046470642090e-01,6.588528156280517578e-01,-1.194009780883789062e-01,1.789101362228393555e-01,6.785466074943542480e-01,-8.988910913467407227e-01,2.133579969406127930e+00,2.067909717559814453e+00,6.722213700413703918e-03,-6.529167890548706055e-01,-2.295535802841186523e-02,8.571321368217468262e-01,3.712692856788635254e-01,-2.202845335006713867e+00,-9.586363434791564941e-01,-1.018728852272033691e+00,1.055442094802856445e+00,-4.407522678375244141e-01,1.982593655586242676e+00,1.379267454147338867e+00,-3.577633202075958252e-01,-1.502295374870300293e+00,-4.011913537979125977e-01,-1.220063686370849609e+00,2.661093510687351227e-02,1.609054803848266602e+00,-1.286183476448059082e+00,-9.201366305351257324e-01,5.725563168525695801e-01,4.014753103256225586e-01,6.539815068244934082e-01,2.690087080001831055e+00,-4.942631125450134277e-01,5.216253399848937988e-01,-6.199778243899345398e-02,-1.391006588935852051e+00,-2.097637653350830078e+00,-1.137781143188476562e+00,1.131893515586853027e+00,4.044367074966430664e-01,-1.704875707626342773e+00,2.941133454442024231e-02,5.983532667160034180e-01,-1.878895878791809082e+00,-2.154093384742736816e-01,5.008793473243713379e-01,-3.027477264404296875e-01,-1.253746986389160156e+00,-1.908115267753601074e+00,2.316611289978027344e+00,-2.879554271697998047e+00,4.194487035274505615e-01,8.430150896310806274e-02,1.653179287910461426e+00,1.539869189262390137e+00,-2.108855485916137695e+00,-1.393092155456542969e+00,5.671129226684570312e-01,-1.468005627393722534e-01,6.137475967407226562e-01,-3.217974603176116943e-01,4.662787318229675293e-01,1.206431269645690918e+00,-6.019787788391113281e-01
3.456279039382934570e-01,1.295376777648925781e+00,-9.767822027206420898e-01,1.240814208984375000e+00,1.370730064809322357e-02,4.232777655124664307e-01,7.135766148567199707e-01,-1.509807467460632324e+00,-4.017853736877441406e-01,-6.171969175338745117e-01,-4.883231595158576965e-02,9.800449013710021973e-01,7.102932780981063843e-02,-7.903554439544677734e-01,1.004886105656623840e-01,3.626541793346405029e-01,-6.753206253051757812e-01,1.672903180122375488e+00,-1.545168757438659668e+00,2.167989611625671387e-01,3.623109459877014160e-01,4.445179104804992676e-01,-8.595833778381347656e-01,-1.064646467566490173e-01,5.006017088890075684e-01,1.051722049713134766e+00,-1.701033353805541992e+00,5.379459261894226074e-01,1.244511604309082031e+00,7.708613276481628418e-01,-7.915694713592529297e-01,-1.196167469024658203e+00,1.116335034370422363e+00,7.238006591796875000e-01,-1.267242878675460815e-01,2.545393705368041992e-01,-7.534039616584777832e-01,1.680950224399566650e-01,-2.233341217041015625e+00,1.563878953456878662e-01,8.394956588745117188e-01,-6.430821865797042847e-02,-6.853755116462707520e-01,-5.883775353431701660e-01,-5.814967155456542969e-01,-3.716580867767333984e-01,1.321182131767272949e+00,8.010458946228027344e-01,5.385508015751838684e-02,-4.520440995693206787e-01,-4.274368584156036377e-01,-1.502792477607727051e+00,-5.263097882270812988e-01,-6.902847886085510254e-01,4.306871592998504639e-01,-6.371933221817016602e-01,-2.879830300807952881e-01,-1.221242770552635193e-01,1.395484924316406250e+00,5.033462643623352051e-01,-7.744118571281433105e-03,-1.265484094619750977e-01,7.618350982666015625e-01,1.094947934150695801e+00,-9.049122333526611328e-01,-9.173866510391235352e-01,1.063329815864562988e+00,-5.145372152328491211e-01,-4.907580316066741943e-01,-1.264948487281799316e+00,1.597696423530578613e+00,-1.603227406740188599e-01,-1.355414628982543945e+00,1.743088364601135254e+00,-3.322338461875915527e-01,1.560245394706726074e+00,-1.638938426971435547e+00,-1.089774370193481445e+00,-2.362041324377059937e-01,1.120579361915588379e+00,-8.812461048364639282e-02,1.248597651720046997e-01,-3.846234828233718872e-02,-1.044856548309326172e+00,-7.061581611633300781e-01,-1.639594137668609619e-01,-8.086782097816467285e-01,-9.512878060340881348e-01,1.368825912475585938e+00,-6.437696516513824463e-02,-1.182088613510131836e+00,-3.068036139011383057e-01,7.116123437881469727e-01,-1.038435176014900208e-01,1.510210394859313965e+00,-1.225209981203079224e-01,2.093432188034057617e+00,-5.227258801460266113e-02,-8.542255312204360962e-02,-1.613682270050048828e+00
3.185483217239379883e-01,-8.479139804840087891e-01,3.248901665210723877e-01,8.058411478996276855e-01,2.591837346553802490e-01,-1.385544776916503906e+00,-2.244222611188888550e-01,-1.012943148612976074e+00,1.788321137428283691e+00,2.226668447256088257e-01,-1.918320953845977783e-01,-1.534092426300048828e-01,1.305254399776458740e-01,-2.532914280891418457e-01,1.587655663490295410e+00,3.536991775035858154e-01,1.194976642727851868e-01,5.251563191413879395e-01,1.560394287109375000e+00,-2.713291883468627930e+00,-3.269943594932556152e-02,1.080681085586547852e+00,-3.747430816292762756e-02,5.633000135421752930e-01,-1.368140339851379395e+00,4.505148828029632568e-01,-2.318474769592285156e+00,-2.468569278717041016e+00,-2.889009714126586914e-01,4.872795343399047852e-01,2.959743440151214600e-01,3.749958276748657227e-01,-7.840123772621154785e-01,-1.369617938995361328e+00,-1.372878909111022949e+00,2.144726276397705078e+00,-1.691015720367431641e+00,-2.932039499282836914e-01,1.321564674377441406e+00,-1.293799400329589844e+00,1.961281538009643555e+00,-6.763274073600769043e-01,9.176798462867736816e-01,5.560253262519836426e-01,-6.961078643798828125e-01,2.532350063323974609e+00,1.008148550987243652e+00,-2.954759597778320312e-01,3.338972032070159912e-01,-3.965854048728942871e-01,-1.453795790672302246e+00,1.238057732582092285e+00,-4.515880346298217773e-01,-6.574732810258865356e-02,-1.966281771659851074e+00,8.814992010593414307e-02,-1.316373586654663086e+00,1.799165159463882446e-01,-1.257032752037048340e-01,-4.323691725730895996e-01,3.647891283035278320e-01,-3.384129703044891357e-01,8.662299513816833496e-01,-1.508465170860290527e+00,6.219421625137329102e-01,-6.866843998432159424e-02,-1.793095946311950684e+00,2.827000617980957031e-02,1.036049365997314453e+00,-8.407833576202392578e-01,-5.710362195968627930e-01,4.772263169288635254e-01,1.579654932022094727e+00,3.698641061782836914e-01,5.076985359191894531e-01,-8.363444805145263672e-01,-1.126996994018554688e+00,-5.229673981666564941e-01,6.376913785934448242e-01,2.205434560775756836e+00,-1.370341479778289795e-01,-1.703488826751708984e+00,-5.371503829956054688e-01,-2.184693664312362671e-01,-5.085611939430236816e-01,-8.858356475830078125e-01,-8.443875908851623535e-01,1.938807368278503418e-01,-1.460874974727630615e-01,-2.944052219390869141e-01,1.277474522590637207e+00,-2.884911894798278809e-01,1.267525076866149902e+00,7.566213011741638184e-01,2.201694488525390625e+00,2.187029123306274414e-01,7.858165502548217773e-01,9.369564652442932129e-01,1.248878911137580872e-01,5.243074893951416016e-01
-5.514302253723144531e-01,-5.305727124214172363e-01,6.124115586280822754e-01,4.409690499305725098e-01,9.533935189247131348e-01,8.338554501533508301e-01,1.121883273124694824e+00,3.813101947307586670e-01,8.261463642120361328e-01,-6.972519159317016602e-01,-2.233777046203613281e+00,4.768648371100425720e-02,3.612761497497558594e-01,-1.003710508346557617e+00,-2.966217517852783203e+00,1.526063203811645508e+00,1.720623135566711426e+00,1.508782505989074707e+00,1.140170693397521973e+00,1.805554628372192383e+00,-1.661848068237304688e+00,-4.645016789436340332e-01,5.118781328201293945e-01,1.053518056869506836e+00,-2.199746482074260712e-02,1.224711686372756958e-01,1.489608883857727051e+00,7.328131198883056641e-01,-6.225515604019165039e-01,-8.521095514297485352e-01,-1.016440033912658691e+00,6.012835502624511719e-01,-1.366323232650756836e+00,-5.515556335449218750e-01,-6.749720871448516846e-02,-3.540144562721252441e-01,-9.621320962905883789e-01,-1.202312111854553223e+00,1.014872789382934570e+00,-1.638892650604248047e+00,-2.434412688016891479e-01,1.089267373085021973e+00,-8.752985000610351562e-01,-9.382840394973754883e-01,2.557051479816436768e-01,-2.992944419384002686e-01,1.062292456626892090e+00,3.457278013229370117e-01,-8.958342671394348145e-01,-3.026684820652008057e-01,7.631619572639465332e-01,5.056582093238830566e-01,-6.179392337799072266e-01,2.436344623565673828e+00,-2.937731146812438965e-01,-8.398148417472839355e-01,-2.040470577776432037e-02,1.488542318344116211e+00,-1.414897918701171875e+00,-1.220262125134468079e-01,-5.551983118057250977e-01,-7.087782621383666992e-01,-1.188055276870727539e-01,1.855798840522766113e+00,4.730567932128906250e-01,1.447130203247070312e+00,-2.248219490051269531e+00,2.109220027923583984e-01,-9.410117268562316895e-01,-1.413568973541259766e+00,2.411145925521850586e+00,-5.219195485115051270e-01,4.354452490806579590e-01,1.030530452728271484e+00,-1.997802734375000000e+00,-2.532320320606231689e-01,1.075359284877777100e-01,-4.613114893436431885e-01,-2.880853414535522461e-01,1.721219301223754883e+00,-4.897536337375640869e-01,2.009660720825195312e+00,-1.136783719062805176e+00,8.011265397071838379e-01,1.534575462341308594e+00,4.527573287487030029e-01,-1.560648798942565918e+00,-3.753439188003540039e-01,5.027555823326110840e-01,-3.838626146316528320e-01,4.547208547592163086e-01,2.236562967300415039e+00,7.797477245330810547e-01,-4.070380628108978271e-01,8.805637359619140625e-01,4.917207658290863037e-01,1.864884495735168457e+00,-1.256140947341918945e+00,-1.387204170227050781e+00,-1.106136798858642578e+00
-1.890570640563964844e+00,-1.494030594825744629e+00,-1.061722755432128906e+00,1.934552192687988281e-01,-2.000338077545166016e+00,1.917487025260925293e+00,8.131206035614013672e-02,3.405683934688568115e-01,3.241368383169174194e-02,2.838768362998962402e-01,-2.197198718786239624e-01,6.406077742576599121e-01,8.722206354141235352e-01,-1.019183635711669922e+00,2.348708659410476685e-01,7.813452482223510742e-01,4.584835469722747803e-01,1.789632812142372131e-02,-1.945170640945434570e+00,-2.780890762805938721e-01,-1.367276668548583984e+00,-5.966422706842422485e-02,6.184931471943855286e-02,-7.951014637947082520e-01,-3.028376102447509766e-01,3.962502181529998779e-01,-1.653517127037048340e+00,-6.343129873275756836e-01,-1.114210933446884155e-01,-3.777914941310882568e-01,1.285517662763595581e-01,2.954518049955368042e-02,-7.186691761016845703e-01,-2.055289268493652344e+00,6.807017326354980469e-01,1.784661114215850830e-01,-1.153536558151245117e+00,2.437304705381393433e-01,-1.462206095457077026e-01,1.152382969856262207e+00,1.719694614410400391e+00,4.990554451942443848e-01,-1.774836063385009766e+00,4.814403057098388672e-01,9.898906350135803223e-01,4.638140797615051270e-01,1.003491878509521484e+00,1.247209191322326660e+00,-1.168916106224060059e+00,1.475604534149169922e+00,1.276831388473510742e+00,-7.139644622802734375e-01,-1.933217644691467285e-01,-5.853333473205566406e-01,-8.309895396232604980e-01,8.762695193290710449e-01,-3.804403841495513916e-01,5.713157355785369873e-02,-8.457192778587341309e-01,4.947628974914550781e-01,-2.405847072601318359e+00,-6.644274592399597168e-01,-2.910764217376708984e-01,1.286770343780517578e+00,-1.083272457122802734e+00,6.816674470901489258e-01,2.076559782028198242e+00,-6.107969284057617188e-01,2.598156630992889404e-01,-9.305724501609802246e-01,-7.070685923099517822e-02,-2.225795835256576538e-01,6.841864585876464844e-01,1.618994832038879395e+00,1.747289150953292847e-01,4.483450055122375488e-01,-1.088805317878723145e+00,9.613944888114929199e-01,8.236294388771057129e-01,7.628080844879150391e-01,-1.187927842140197754e+00,-1.675823569297790527e+00,7.856639623641967773e-01,1.792243123054504395e+00,2.301065921783447266e+00,7.610051631927490234e-01,-3.825179636478424072e-01,-1.673892021179199219e+00,-7.464915513992309570e-01,9.333066940307617188e-01,-1.903455257415771484e+00,-1.350452780723571777e+00,-7.005956172943115234e-01,-2.218535095453262329e-01,-1.686545461416244507e-01,-4.535873532295227051e-01,8.762850761413574219e-01,6.851496547460556030e-02,-2.296008169651031494e-01,5.729346871376037598e-01
1.848391890525817871e-01,9.179179370403289795e-02,1.416198015213012695e+00,3.090991079807281494e-01,-4.330615699291229248e-01,-1.781203031539916992e+00,1.464238524436950684e+00,-2.271827906370162964e-01,1.640892744064331055e+00,1.394856333732604980e+00,-4.696133136749267578e-01,1.662004709243774414e+00,1.814030408859252930e-01,1.911024332046508789e+00,-6.184018850326538086e-01,3.107289671897888184e-01,1.496204018592834473e+00,1.401561856269836426e+00,5.403824448585510254e-01,3.563203811645507812e-01,-2.788977622985839844e+00,-1.053169846534729004e+00,1.185117363929748535e+00,-7.708544135093688965e-01,7.973233461380004883e-01,9.186227321624755859e-01,-5.732575654983520508e-01,6.250771880149841309e-01,-1.882624030113220215e-01,4.713076949119567871e-01,-7.522562146186828613e-01,-3.693792819976806641e-01,-1.634459495544433594e+00,2.288051605224609375e+00,-3.397000432014465332e-01,-1.447827696800231934e+00,6.624371409416198730e-01,1.559849977493286133e+00,7.830413579940795898e-01,-1.747856974601745605e+00,-5.300251841545104980e-01,1.746271610260009766e+00,-9.500815272331237793e-01,-2.195651054382324219e+00,-1.014559626579284668e+00,7.384595274925231934e-02,-1.149951815605163574e+00,1.048278331756591797e+00,-8.361048102378845215e-01,1.128695487976074219e+00,6.024441495537757874e-02,1.475613117218017578e+00,7.552040815353393555e-01,1.007997766137123108e-01,-1.069749951362609863e+00,-3.304298222064971924e-01,1.496087551116943359e+00,-8.887060284614562988e-01,1.656314492225646973e+00,-1.360874295234680176e+00,-1.451561689376831055e+00,-2.500987052917480469e+00,-2.290360927581787109e-01,1.059244155883789062e+00,-2.510173618793487549e-01,-1.744298815727233887e+00,-1.446264982223510742e+00,-3.228036463260650635e-01,-2.440667629241943359e+00,-1.901398301124572754e-01,-1.894712299108505249e-01,2.036802172660827637e-01,-3.555481433868408203e-01,1.579065680503845215e+00,-1.647297620773315430e+00,6.636420488357543945e-01,1.333020329475402832e-01,4.574437141418457031e-01,-2.009516477584838867e+00,2.169357776641845703e+00,-5.983390808105468750e-01,1.120836973190307617e+00,-1.058342218399047852e+00,-1.254673957824707031e+00,5.526698231697082520e-01,5.498299598693847656e-01,7.424326539039611816e-01,7.927924990653991699e-01,1.468399643898010254e+00,1.190396666526794434e+00,6.462680101394653320e-01,8.917623758316040039e-01,-3.775674700736999512e-01,8.450431376695632935e-02,8.020602911710739136e-02,1.013606667518615723e+00,1.266618371009826660e+00,-1.810921907424926758e+00,2.592229843139648438e-01,5.630964040756225586e-01
8.242313861846923828e-01,-1.180849909782409668e+00,1.749594092369079590e+00,3.292158246040344238e-01,1.001549720764160156e+00,1.394243001937866211e+00,6.182076930999755859e-01,-8.339403867721557617e-01,-6.142835021018981934e-01,1.078412055969238281e+00,5.800643563270568848e-01,1.297160983085632324e+00,-6.558055430650711060e-02,-7.091132998466491699e-01,1.114773228764533997e-01,-8.275058865547180176e-01,-1.089740544557571411e-02,-1.286028861999511719e+00,9.353293180465698242e-01,1.802579998970031738e+00,-1.120328456163406372e-01,-5.908527374267578125e-01,4.224479496479034424e-01,1.261540889739990234e+00,-1.297006130218505859e+00,1.156743407249450684e+00,-5.996420979499816895e-01,-1.425665497779846191e+00,-3.175729215145111084e-01,-1.011087059974670410e+00,-8.991625308990478516e-01,-2.110496044158935547e+00,-1.512752324342727661e-01,9.353145360946655273e-01,9.517625570297241211e-01,-1.805620789527893066e+00,6.466662287712097168e-01,8.523169159889221191e-01,1.336750864982604980e+00,6.535356640815734863e-01,-5.846406221389770508e-01,-5.116637945175170898e-01,8.501304388046264648e-01,-4.866907373070716858e-02,2.778872549533843994e-01,-3.621548712253570557e-01,-6.302513480186462402e-01,4.344809055328369141e-01,1.322402119636535645e+00,1.242427825927734375e+00,-5.986046977341175079e-03,6.315593719482421875e-01,-6.127861738204956055e-01,-7.051392793655395508e-01,-1.536019563674926758e+00,1.231464982032775879e+00,-1.220029711723327637e+00,2.548343837261199951e-01,-9.753427505493164062e-01,1.109959006309509277e+00,1.350342750549316406e+00,7.184307575225830078e-01,1.202893733978271484e+00,-7.356204390525817871e-01,1.341038465499877930e+00,2.015946626663208008e+00,1.800383567810058594e+00,-1.305480122566223145e+00,1.017349600791931152e+00,2.186723947525024414e+00,-1.286215931177139282e-01,1.820131182670593262e+00,-5.325348973274230957e-01,-6.546448469161987305e-01,6.182270646095275879e-01,-5.061550736427307129e-01,-1.640025973320007324e+00,1.871961802244186401e-01,-9.466189891099929810e-02,7.255532145500183105e-01,2.928958892822265625e+00,-1.829106450080871582e+00,6.065476536750793457e-01,-2.359865009784698486e-01,-5.373961925506591797e-01,5.642297863960266113e-01,-4.633939266204833984e-01,1.335587501525878906e-01,1.423581957817077637e+00,3.357612192630767822e-01,-7.366983890533447266e-01,1.223494648933410645e+00,7.710208296775817871e-01,1.282946586608886719e+00,-2.756295800209045410e-01,-4.275564849376678467e-01,-3.050624430179595947e-01,-7.481438517570495605e-01,2.644121050834655762e-01,1.827173948287963867e+00
-1.168236017227172852e+00,3.065756320953369141e+00,-4.618507623672485352e-02,1.067741632461547852e+00,2.164961576461791992e+00,-3.084511458873748779e-01,-3.464487940073013306e-02,-5.014444589614868164e-01,7.599180936813354492e-01,5.950220823287963867e-01,-4.167205691337585449e-01,5.446742177009582520e-01,-8.542904257774353027e-01,-2.407431900501251221e-01,-4.891272187232971191e-01,1.433504819869995117e+00,-1.011999130249023438e+00,-1.407263159751892090e+00,1.733745455741882324e+00,7.667598724365234375e-01,4.727546870708465576e-02,5.916407108306884766e-01,3.157553076744079590e-01,-8.100424408912658691e-01,-1.078742623329162598e+00,9.088471531867980957e-02,3.756642043590545654e-01,2.175327092409133911e-01,-2.996259033679962158e-01,1.695496797561645508e+00,-4.480997025966644287e-01,7.267286777496337891e-01,-8.946807384490966797e-01,-9.989547133445739746e-01,2.959754765033721924e-01,-1.941820859909057617e+00,-1.854667998850345612e-02,-5.974908471107482910e-01,1.734766066074371338e-01,6.615802049636840820e-01,8.162037283182144165e-02,1.363272219896316528e-01,5.906164646148681641e-01,-1.570181846618652344e-01,2.049696207046508789e+00,6.953114271163940430e-01,-6.366671919822692871e-01,1.214495599269866943e-01,-9.393206238746643066e-01,1.101592034101486206e-01,8.272197246551513672e-01,8.693797886371612549e-02,1.033907413482666016e+00,1.693886518478393555e+00,-1.249374598264694214e-01,4.694263041019439697e-01,2.292374372482299805e-01,-4.981860518455505371e-02,-1.015258282423019409e-01,-1.498055100440979004e+00,1.071226954460144043e+00,7.481395006179809570e-01,1.279681622982025146e-01,6.782354712486267090e-01,-4.016872048377990723e-01,5.457755327224731445e-01,-1.016096472740173340e+00,-8.322944641113281250e-01,6.589286327362060547e-01,3.419223725795745850e-01,2.235851436853408813e-01,-2.982703149318695068e-01,2.463687211275100708e-01,2.460264563560485840e-01,5.690184235572814941e-01,5.004178881645202637e-01,-5.175381898880004883e-01,2.522005140781402588e-01,1.062436699867248535e+00,-1.683051705360412598e+00,-1.039757370948791504e+00,1.031914472579956055e+00,-4.435202777385711670e-01,1.464566588401794434e-01,6.834426522254943848e-01,1.485884338617324829e-01,4.737818539142608643e-01,-5.847823023796081543e-01,1.160255596041679382e-01,6.732240915298461914e-01,-1.107844352722167969e+00,-1.063338994979858398e+00,8.076305985450744629e-01,-8.285664916038513184e-01,1.363418698310852051e+00,-7.078654766082763672e-01,-2.772748768329620361e-01,-3.585955798625946045e-01,-5.350273251533508301e-01,-1.012790203094482422e+00
-3.918864428997039795e-01,4.346802830696105957e-02,1.342754244804382324e+00,8.027638792991638184e-01,2.527768909931182861e-01,-5.705277919769287109e-01,-1.604149103164672852e+00,-1.124483197927474976e-01,1.000709176063537598e+00,-4.507470428943634033e-01,-1.040907382965087891e+00,1.778359293937683105e+00,-6.423743367195129395e-01,1.397279739379882812e+00,1.564965724945068359e+00,-1.246741414070129395e+00,2.594582080841064453e+00,-1.649690151214599609e+00,7.459064126014709473e-01,-5.479294657707214355e-01,-1.872891545295715332e+00,-1.059523582458496094e+00,-3.726323843002319336e-01,9.405160546302795410e-01,2.510687410831451416e-01,2.034909009933471680e+00,5.881599187850952148e-01,1.719407916069030762e+00,-6.838909387588500977e-01,-1.005606532096862793e+00,-1.493630409240722656e+00,2.389542579650878906e+00,1.081040620803833008e+00,8.359738439321517944e-02,3.846452385187149048e-02,2.491084784269332886e-01,7.334011793136596680e-01,-1.571398377418518066e+00,1.368163585662841797e+00,-1.706270456314086914e+00,-7.401046156883239746e-02,-1.165461316704750061e-01,6.275502443313598633e-01,1.135007977485656738e+00,-1.373418688774108887e+00,-3.480277359485626221e-01,-6.646798253059387207e-01,1.827062517404556274e-01,2.105784267187118530e-01,2.456739991903305054e-01,-1.344079613685607910e+00,1.642636805772781372e-01,-5.876941680908203125e-01,-1.241605401039123535e+00,-4.525927007198333740e-01,7.676757574081420898e-01,5.404820442199707031e-01,-5.374825000762939453e-01,-2.072860300540924072e-01,-1.649960577487945557e-01,-1.057767033576965332e+00,-1.141425371170043945e+00,-1.195302605628967285e+00,4.790762066841125488e-01,-1.327245354652404785e+00,1.036994159221649170e-01,1.622170209884643555e+00,2.034235477447509766e+00,2.886910736560821533e-02,7.416325211524963379e-01,1.005353212356567383e+00,-8.873209357261657715e-01,-4.125406146049499512e-01,2.263008058071136475e-01,9.384553432464599609e-01,1.031093522906303406e-01,-9.003622084856033325e-02,-8.566867113113403320e-01,-1.394228339195251465e-01,2.156895637512207031e+00,7.741472125053405762e-01,7.172545790672302246e-01,-1.464200139045715332e+00,1.006169676780700684e+00,8.883389830589294434e-01,7.809782028198242188e-01,9.238977916538715363e-03,8.682519197463989258e-01,-4.529819488525390625e-01,-7.761639952659606934e-01,-5.816394686698913574e-01,5.251084566116333008e-01,9.217402935028076172e-01,2.266051173210144043e-01,-7.065182924270629883e-01,1.353878498077392578e+00,-1.719731450080871582e+00,3.151839971542358398e-01,8.266621232032775879e-01,-5.341881513595581055e-01
3.734147548675537109e-01,-1.339506387710571289e+00,2.605539560317993164e-01,-1.479579806327819824e+00,-3.477493822574615479e-01,4.635341465473175049e-01,1.390402197837829590e+00,2.246985584497451782e-01,-1.186368346214294434e+00,-2.506046369671821594e-02,-1.012460947036743164e+00,-6.036924719810485840e-01,4.801997840404510498e-01,6.183014512062072754e-01,-9.931614398956298828e-01,-2.052526772022247314e-01,3.672993183135986328e-01,-8.549622893333435059e-01,1.455346941947937012e+00,1.239849209785461426e+00,-4.903804063796997070e-01,-2.019617259502410889e-01,1.264845132827758789e+00,1.330937623977661133e+00,5.793786048889160156e-01,-2.032270282506942749e-01,2.423182249069213867e+00,7.907495498657226562e-01,-4.434322714805603027e-01,-1.411068797111511230e+00,9.269188046455383301e-01,-1.757409930229187012e+00,1.851386204361915588e-02,1.524388074874877930e+00,-9.664771556854248047e-01,-5.046560764312744141e-01,1.046021699905395508e+00,-2.319734096527099609e+00,-8.194308876991271973e-01,-2.007833421230316162e-01,6.335334181785583496e-01,4.334408938884735107e-01,1.771778166294097900e-01,7.060947418212890625e-01,3.257430791854858398e-01,-8.791148662567138672e-01,3.987744748592376709e-01,-3.308933675289154053e-01,-1.731264352798461914e+00,-1.185360908508300781e+00,-7.432220578193664551e-01,1.063280329108238220e-01,-2.244828194379806519e-01,4.468296766281127930e-01,1.266647696495056152e+00,-9.564872980117797852e-01,-4.191711246967315674e-01,5.081182718276977539e-01,-4.372044503688812256e-01,1.100168824195861816e+00,3.430421948432922363e-01,2.657909393310546875e-01,-7.959711551666259766e-01,5.555158853530883789e-01,-2.764541506767272949e-01,-9.211044907569885254e-01,-6.251074671745300293e-01,-3.911380469799041748e-01,-6.027798652648925781e-01,2.508920431137084961e+00,-1.095297932624816895e+00,-3.578217029571533203e-01,1.363465487957000732e-01,-7.269096374511718750e-02,-4.214076697826385498e-01,1.710649281740188599e-01,7.438675761222839355e-01,-2.622673511505126953e-01,1.004850506782531738e+00,2.402143716812133789e+00,2.388755679130554199e-01,9.135743379592895508e-01,-7.119151353836059570e-01,-7.134812474250793457e-01,-3.036685466766357422e+00,8.275319933891296387e-01,-2.372184842824935913e-01,-6.782863140106201172e-01,-1.161050081253051758e+00,-3.232352137565612793e-01,1.851699650287628174e-01,1.281182646751403809e+00,-1.411921828985214233e-01,6.398345232009887695e-01,8.779369294643402100e-03,-3.327030539512634277e-01,-7.967633008956909180e-01,-6.150945425033569336e-01,1.229772567749023438e-01,-6.271601319313049316e-01
3.452197611331939697e-01,-1.551569700241088867e+00,5.943065881729125977e-01,1.510676980018615723e+00,-4.131360054016113281e-01,7.207090854644775391e-01,2.272008061408996582e-01,3.891462385654449463e-01,-2.165262252092361450e-01,1.201833710074424744e-01,5.465776920318603516e-01,1.242997050285339355e-01,-9.355896711349487305e-01,1.228805065155029297e+00,1.905143111944198608e-01,4.843458905816078186e-02,-1.380941867828369141e-01,-1.244701504707336426e+00,7.902165055274963379e-01,-8.498704433441162109e-01,2.222442179918289185e-01,1.090871170163154602e-01,-4.648468494415283203e-01,6.050168275833129883e-01,-1.201103091239929199e+00,1.827589035034179688e+00,3.418271541595458984e-01,1.867713212966918945e+00,-1.258295297622680664e+00,-1.891410470008850098e+00,-1.605740040540695190e-01,-9.783227443695068359e-01,1.096026420593261719e+00,-1.793956518173217773e+00,2.806901633739471436e-01,5.807693004608154297e-01,4.879146814346313477e-01,5.533101558685302734e-01,-6.143928170204162598e-01,-7.909995620138943195e-04,8.954198658466339111e-02,-1.050101280212402344e+00,-7.417789697647094727e-01,1.085457324981689453e+00,-1.466042876243591309e+00,-4.329043924808502197e-01,6.210060715675354004e-01,-1.538430929183959961e+00,-8.593369126319885254e-01,1.397183179855346680e+00,5.909078121185302734e-01,1.635420560836791992e+00,-6.694682240486145020e-01,5.954312682151794434e-01,-1.722057580947875977e+00,9.426021575927734375e-01,6.045266985893249512e-01,5.619943514466285706e-02,-1.341866850852966309e+00,-1.508300304412841797e+00,-1.612174808979034424e-01,6.881830096244812012e-01,-1.659066915512084961e+00,1.203502416610717773e+00,5.383815169334411621e-01,-6.188998818397521973e-01,-7.227739095687866211e-01,8.489165306091308594e-01,1.011822581291198730e+00,-6.119492650032043457e-01,6.852406263351440430e-01,1.154251694679260254e+00,-4.634873569011688232e-01,-6.219152212142944336e-01,-7.502738237380981445e-01,1.424478888511657715e+00,-1.191589117050170898e+00,1.364083588123321533e-01,-1.426288604736328125e+00,8.040075302124023438e-01,-7.583929300308227539e-01,-1.134748578071594238e+00,-5.233879685401916504e-01,1.288491129875183105e+00,-1.276566535234451294e-01,-1.255452990531921387e+00,-1.509082168340682983e-01,1.068836599588394165e-01,-9.716374278068542480e-01,-1.417917609214782715e+00,7.278463244438171387e-02,1.079048275947570801e+00,-2.289088249206542969e+00,-6.928842663764953613e-01,-2.968265414237976074e-01,-3.399909138679504395e-01,-8.152340650558471680e-01,8.410112857818603516e-01,1.096227914094924927e-01,-8.944671750068664551e-01
8.432352542877197266e-01,-8.715131282806396484e-01,6.967241764068603516e-01,-9.169059991836547852e-02,3.423522412776947021e-02,1.467384815216064453e+00,1.348034501075744629e+00,2.029668539762496948e-01,3.667330145835876465e-01,-5.006680488586425781e-01,-3.723891079425811768e-01,-8.235627412796020508e-01,-3.373642861843109131e-01,1.022588849067687988e+00,1.018267154693603516e+00,2.706360816955566406e-01,-1.135856628417968750e+00,-1.992833375930786133e+00,7.601242661476135254e-01,1.729596406221389771e-01,-7.591349482536315918e-01,1.788821257650852203e-02,1.001500487327575684e+00,-1.889322519302368164e+00,7.675170898437500000e-02,-3.197993636131286621e-01,1.228916272521018982e-01,2.167201638221740723e-01,-5.982680320739746094e-01,-1.109417319297790527e+00,5.353401899337768555e-01,-1.272138118743896484e+00,6.497690826654434204e-02,1.264146089553833008e+00,-1.080395355820655823e-01,1.127060890197753906e+00,5.773724913597106934e-01,-7.712393999099731445e-01,9.527403116226196289e-01,5.361218452453613281e-01,4.255526065826416016e-01,7.660533189773559570e-01,3.048944771289825439e-01,-1.086713075637817383e+00,-9.846400618553161621e-01,-7.248575687408447266e-01,1.133906021714210510e-01,4.323391318321228027e-01,-6.113424301147460938e-01,-7.316910028457641602e-01,-3.532399237155914307e-01,-2.222492545843124390e-01,-1.393063366413116455e-01,-1.417829871177673340e+00,5.971590876579284668e-01,2.777815461158752441e-01,-9.106833487749099731e-02,-1.121801495552062988e+00,7.581551671028137207e-01,-1.372332274913787842e-01,-1.350362896919250488e+00,5.629315972328186035e-01,-7.096709012985229492e-01,5.748140215873718262e-01,-8.103029727935791016e-01,-3.089682161808013916e-01,1.081844806671142578e+00,-3.188941180706024170e-01,8.173099160194396973e-01,-8.908914327621459961e-01,6.164166927337646484e-01,-2.417784690856933594e+00,8.415746092796325684e-01,-1.413316488265991211e+00,-1.090235352516174316e+00,6.449047327041625977e-01,-9.179686903953552246e-01,2.770919352769851685e-02,4.698289334774017334e-01,8.059133887290954590e-01,4.057032763957977295e-01,-3.128973245620727539e-01,4.279918968677520752e-01,1.132593631744384766e+00,2.137641608715057373e-02,-9.912059307098388672e-01,-2.864423952996730804e-02,4.523555338382720947e-01,-5.081425905227661133e-01,3.361842036247253418e-01,-9.691603481769561768e-02,-4.160061180591583252e-01,-2.144433021545410156e+00,-1.184458136558532715e+00,1.371694326400756836e+00,2.834795475006103516e+00,-1.122851490974426270e+00,-1.794696927070617676e+00,-1.259447693824768066e+00,-5.465598702430725098e-01
-6.977127194404602051e-01,-3.790994361042976379e-02,1.977042555809020996e-01,-4.335825443267822266e-01,-4.192527830600738525e-01,4.548538327217102051e-01,-2.228981852531433105e-01,1.078370451927185059e+00,1.048090577125549316e+00,9.243958592414855957e-01,4.486219286918640137e-01,1.160726904869079590e+00,8.541140556335449219e-01,-1.225593328475952148e+00,-1.274401068687438965e+00,1.644965820014476776e-02,3.929688334465026855e-01,-6.163972616195678711e-01,-2.150788903236389160e-01,-2.087546586990356445e-01,-8.070871829986572266e-01,1.546377897262573242e+00,5.796598196029663086e-01,1.440041303634643555e+00,-6.062877774238586426e-01,-8.061559796333312988e-01,-4.277869462966918945e-01,-1.076745271682739258e+00,8.178457021713256836e-01,-1.350069284439086914e+00,-2.850980460643768311e-01,-5.950013995170593262e-01,2.953655831515789032e-02,-1.254269480705261230e+00,-5.572223663330078125e-01,1.528601795434951782e-01,-9.403453469276428223e-01,-8.360985517501831055e-01,-1.113984584808349609e+00,-4.745464622974395752e-01,-1.362497210502624512e-01,1.051811352372169495e-01,1.661985278129577637e+00,1.096568107604980469e+00,6.138030886650085449e-01,1.657334566116333008e-01,-1.558797717094421387e+00,1.129967689514160156e+00,-8.678196072578430176e-01,-6.738039851188659668e-01,-1.550571203231811523e+00,1.120351701974868774e-01,-9.240395426750183105e-01,1.513845324516296387e+00,-1.530293934047222137e-02,5.030004382133483887e-01,-2.152640521526336670e-01,-3.157627582550048828e+00,-4.934657514095306396e-01,3.736955821514129639e-01,-1.195298910140991211e+00,2.479566782712936401e-01,-1.300789475440979004e+00,-7.568926811218261719e-01,1.459062337875366211e+00,7.689523100852966309e-01,-9.851680397987365723e-01,-1.302134275436401367e+00,7.176964078098535538e-03,-1.358253508806228638e-01,2.744460999965667725e-01,-3.698363900184631348e-01,-7.277936339378356934e-01,1.609095096588134766e+00,1.767758846282958984e+00,3.100288808345794678e-01,2.472575455904006958e-01,-4.125458896160125732e-01,-1.542616128921508789e+00,4.614604711532592773e-01,-6.941130757331848145e-01,-1.600731611251831055e+00,6.321333646774291992e-01,-7.594802975654602051e-01,-5.221696496009826660e-01,-1.402938008308410645e+00,7.245411872863769531e-01,1.462976694107055664e+00,-4.884577989578247070e-01,-7.182621955871582031e-01,5.456719994544982910e-01,-2.338150262832641602e+00,-1.340491175651550293e+00,5.147002935409545898e-01,-1.203179836273193359e+00,-1.946732878684997559e+00,-1.434745311737060547e+00,8.692064285278320312e-01,-9.283815324306488037e-02,2.541001141071319580e-01
4.732870161533355713e-01,5.710449814796447754e-01,-8.670996427536010742e-01,1.338923215866088867e+00,3.689430356025695801e-01,-3.960589170455932617e-01,-1.696309089660644531e+00,7.028676867485046387e-01,3.095138072967529297e+00,8.255120366811752319e-02,4.142444729804992676e-01,7.655643224716186523e-01,9.997119903564453125e-01,7.962746620178222656e-01,3.236291706562042236e-01,-7.253263592720031738e-01,6.780865192413330078e-01,-1.560715317726135254e+00,-3.196831047534942627e-02,2.589275836944580078e-01,8.328168094158172607e-02,2.822756767272949219e-01,6.949614882469177246e-01,-1.337235122919082642e-01,-3.197453171014785767e-02,2.464568018913269043e-01,-1.240469589829444885e-01,-1.884249091148376465e+00,4.406508207321166992e-01,-1.129093617200851440e-01,1.499536514282226562e+00,5.722013711929321289e-01,2.478840388357639313e-02,8.492993563413619995e-02,2.076619625091552734e+00,-1.008137702941894531e+00,2.476909160614013672e+00,-1.575063616037368774e-01,-1.045142412185668945e+00,3.345520496368408203e-01,-1.188863515853881836e+00,-4.875512421131134033e-01,1.471349596977233887e+00,-1.483873605728149414e+00,5.025522112846374512e-01,-2.675067484378814697e-01,-3.552516549825668335e-02,6.694859862327575684e-01,-9.498924016952514648e-01,3.545220475643873215e-03,5.463593602180480957e-01,-1.183086156845092773e+00,-1.211189866065979004e+00,5.469081997871398926e-01,1.058481812477111816e+00,2.716322839260101318e-01,5.298957228660583496e-01,2.936912477016448975e-01,-5.853702425956726074e-01,-1.652440130710601807e-01,6.684835553169250488e-01,3.246125578880310059e-01,1.664493083953857422e+00,-9.905498027801513672e-01,-3.061750829219818115e-01,9.413052201271057129e-01,8.126333951950073242e-01,-1.819139420986175537e-01,5.340403318405151367e-01,-1.013142466545104980e+00,1.258798837661743164e+00,-2.286229282617568970e-01,-9.633598327636718750e-01,1.656397879123687744e-01,-2.169052809476852417e-01,7.444500923156738281e-01,-3.170466721057891846e-01,-4.278844296932220459e-01,1.908982396125793457e+00,9.138907790184020996e-01,-4.725947082042694092e-01,-2.480176985263824463e-01,1.079326868057250977e-01,-1.951142251491546631e-01,1.412877559661865234e+00,-7.948634028434753418e-02,-1.334030747413635254e+00,-2.002946287393569946e-01,6.160717085003852844e-02,-1.745027154684066772e-01,-1.353755593299865723e-01,-5.553455352783203125e-01,1.338299632072448730e+00,-2.815486788749694824e-01,-1.198681712150573730e+00,-8.739118576049804688e-01,1.156209260225296021e-01,6.722377985715866089e-02,1.111178994178771973e+00,-1.577414274215698242e+00
-1.978204846382141113e+00,-5.931147933006286621e-02,7.099196314811706543e-01,-2.127946913242340088e-01,7.189106941223144531e-01,-2.906985282897949219e-01,1.069138050079345703e+00,5.791068077087402344e-01,-1.554158627986907959e-01,-1.841219328343868256e-02,1.934084773063659668e+00,1.511373281478881836e+00,-1.773084521293640137e+00,-4.552007466554641724e-02,3.016912937164306641e-01,-3.414717614650726318e-01,1.202561974525451660e+00,7.765998840332031250e-01,-1.279597997665405273e+00,-1.358390748500823975e-01,-1.516591906547546387e+00,-1.012449145317077637e+00,-2.611550390720367432e-01,-7.044224143028259277e-01,1.883487701416015625e-01,-2.007479667663574219e+00,1.881129741668701172e-01,9.781525135040283203e-01,1.806692719459533691e+00,-1.085395887494087219e-01,-8.403260707855224609e-01,-3.215643465518951416e-01,5.653067231178283691e-01,-1.957352042198181152e+00,3.361758291721343994e-01,1.298372745513916016e+00,-1.057419776916503906e+00,3.573435917496681213e-02,6.760960817337036133e-01,-8.321220278739929199e-01,-8.149268031120300293e-01,-3.434148132801055908e-01,-4.660582244396209717e-01,-9.470375776290893555e-01,5.490773320198059082e-01,1.687268853187561035e+00,-4.728684127330780029e-01,-1.320200681686401367e+00,-2.338103251531720161e-03,-8.840141296386718750e-01,7.282927036285400391e-01,-6.263165920972824097e-02,-1.875803947448730469e+00,5.350263118743896484e-01,-1.696641087532043457e+00,2.146642446517944336e+00,-2.476139545440673828e+00,-1.078461483120918274e-01,-5.508659780025482178e-02,-2.167154848575592041e-01,-1.283806800842285156e+00,2.547186613082885742e-01,7.471639197319746017e-03,-4.237182140350341797e-01,-6.539215445518493652e-01,2.602793872356414795e-01,1.456272602081298828e+00,-1.275728642940521240e-01,-4.665529131889343262e-01,1.465733170509338379e+00,-1.700761765241622925e-01,-6.297687292098999023e-01,-1.343938946723937988e+00,-1.638299584388732910e+00,-9.146309494972229004e-01,-2.016919374465942383e+00,-4.732083380222320557e-01,-8.977558016777038574e-01,-3.540261685848236084e-01,-1.884355247020721436e-01,1.842113137245178223e-01,5.675275325775146484e-01,2.015140771865844727e+00,-1.898251175880432129e+00,1.503590583801269531e+00,-1.685668528079986572e-02,2.361073493957519531e+00,-7.192007899284362793e-01,-2.333264350891113281e+00,-8.559150695800781250e-01,1.250471025705337524e-01,9.276522397994995117e-01,-1.250968337059020996e+00,-1.027079582214355469e+00,-1.957593858242034912e-01,-7.732291221618652344e-01,1.270304083824157715e+00,-1.019412159919738770e+00,4.178079366683959961e-01,-1.509090900421142578e+00
-1.255777329206466675e-01,-4.771618843078613281e-01,1.080288410186767578e+00,1.586661577224731445e+00,8.687833547592163086e-01,-2.839113473892211914e-01,1.269412875175476074e+00,-6.052560210227966309e-01,1.353111565113067627e-01,3.889071643352508545e-01,1.481844186782836914e+00,-2.706874012947082520e-01,-1.303923875093460083e-01,-2.809973061084747314e-01,-1.548285961151123047e+00,-4.800991117954254150e-01,2.034809589385986328e+00,1.515148673206567764e-02,-1.055715203285217285e+00,1.700276017189025879e+00,1.845516115427017212e-01,3.722959160804748535e-01,8.178341984748840332e-01,-7.895233035087585449e-01,-1.724706768989562988e+00,-6.408285498619079590e-01,2.092898786067962646e-01,-1.688588857650756836e+00,-4.298583030700683594e+00,6.120197772979736328e-01,2.553639411926269531e-01,-4.054998159408569336e-01,-1.531700849533081055e+00,-1.351214647293090820e-01,5.587245151400566101e-02,8.531571626663208008e-01,1.645307421684265137e+00,1.105898976325988770e+00,1.285377144813537598e+00,6.524245142936706543e-01,-5.957726016640663147e-02,-4.673627912998199463e-01,-8.078715205192565918e-01,-5.613169074058532715e-01,1.004411578178405762e+00,-1.989879488945007324e+00,1.860709339380264282e-01,1.399260163307189941e+00,1.359420895576477051e+00,-7.647572159767150879e-01,4.644516408443450928e-01,1.156844258308410645e+00,1.097881674766540527e+00,-7.752099633216857910e-01,-5.655699968338012695e-01,-3.525455892086029053e-01,8.248534053564071655e-02,-6.163053214550018311e-02,-3.761253356933593750e-01,-2.944923877716064453e+00,-6.987019777297973633e-01,-8.990602940320968628e-02,2.532568931579589844e+00,5.739083290100097656e-01,1.306861519813537598e+00,-2.118183612823486328e+00,1.602961063385009766e+00,-1.796205401420593262e+00,-2.802187763154506683e-02,4.974010288715362549e-01,5.140705108642578125e-01,-1.371515631675720215e+00,-2.287598133087158203e+00,-1.514212340116500854e-01,2.926860190927982330e-02,1.113500833511352539e+00,6.571881473064422607e-02,-5.850850343704223633e-01,5.373287796974182129e-01,1.276034712791442871e+00,-1.293160200119018555e+00,3.617080152034759521e-01,-1.365831732749938965e+00,1.630848795175552368e-01,8.874173462390899658e-02,-4.020321071147918701e-01,-2.013203144073486328e+00,3.587694466114044189e-02,-8.638371825218200684e-01,4.574353992938995361e-01,-6.687634587287902832e-01,2.097530961036682129e-01,-1.645670086145401001e-01,-1.165125250816345215e+00,-1.309679746627807617e-01,-6.695895195007324219e-01,1.093955755233764648e+00,-2.480990648269653320e+00,1.788816004991531372e-01,1.450050622224807739e-01
-2.717106640338897705e-01,-1.977379322052001953e+00,1.715649127960205078e+00,5.086362957954406738e-01,1.781432509422302246e+00,2.184736967086791992e+00,8.772992491722106934e-01,1.300423622131347656e+00,4.064884185791015625e-01,-1.638157606124877930e+00,-6.748743653297424316e-01,1.458999633789062500e+00,1.461814939975738525e-01,-1.330394387245178223e+00,6.641774773597717285e-01,6.879308819770812988e-01,-1.011091709136962891e+00,-5.238558053970336914e-01,-1.066159486770629883e+00,-8.891575336456298828e-01,4.754561483860015869e-01,2.360931634902954102e+00,-2.710415124893188477e-01,1.558896899223327637e+00,-1.166763186454772949e+00,7.003516554832458496e-01,2.363643050193786621e-01,-1.720086038112640381e-01,-9.039165973663330078e-01,-8.928310871124267578e-01,4.090943932533264160e-02,2.610081732273101807e-01,-7.364640235900878906e-01,-1.159586071968078613e+00,-8.315880298614501953e-01,1.339216470718383789e+00,1.118335485458374023e+00,8.145243525505065918e-01,-1.826679706573486328e+00,7.476204037666320801e-01,-6.017166376113891602e-01,1.461091518402099609e+00,-4.615765511989593506e-01,6.927958130836486816e-01,8.504674434661865234e-01,4.424278140068054199e-01,2.604500293731689453e+00,-9.401477575302124023e-01,4.798425734043121338e-01,7.450655698776245117e-01,1.374805808067321777e+00,9.451518058776855469e-01,-1.229563236236572266e+00,-1.823820471763610840e+00,1.785684973001480103e-01,-7.882675528526306152e-02,-6.704025864601135254e-01,-1.108428359031677246e+00,-1.492005884647369385e-01,-6.172944325953722000e-03,2.132887095212936401e-01,-1.514807462692260742e+00,1.903602719306945801e+00,2.288096845149993896e-01,2.143813818693161011e-01,-8.753044605255126953e-01,-7.605176568031311035e-01,-9.229192137718200684e-01,3.827985823154449463e-01,-3.889199197292327881e-01,4.843140840530395508e-01,-1.042160987854003906e+00,-3.062262237071990967e-01,5.127412080764770508e-01,6.033992171287536621e-01,-9.499599933624267578e-01,-1.397340297698974609e+00,9.309589862823486328e-01,5.562501549720764160e-01,3.500175178050994873e-01,1.316477775573730469e+00,1.181813716888427734e+00,-1.477310299873352051e+00,1.601798772811889648e+00,7.386650443077087402e-01,-6.690487265586853027e-01,-4.646962881088256836e-01,-1.187118887901306152e+00,-5.894648432731628418e-01,1.749598026275634766e+00,-4.216992557048797607e-01,4.438275694847106934e-01,-3.439170122146606445e-01,-1.111284136772155762e+00,-8.118729591369628906e-01,7.752055525779724121e-01,-4.224439859390258789e-01,5.843014717102050781e-01,-6.311197280883789062e-01,5.009558200836181641e-01
1.045596003532409668e+00,3.410189747810363770e-01,-1.422310233116149902e+00,1.969017505645751953e+00,1.272492408752441406e+00,7.848129272460937500e-01,-2.014664173126220703e+00,-1.068984270095825195e+00,-1.129302978515625000e+00,-4.263867139816284180e-01,-2.617799639701843262e-01,4.728687405586242676e-01,-3.476921916007995605e-01,1.873176358640193939e-02,-8.871943950653076172e-01,-1.529515981674194336e-01,1.266016721725463867e+00,9.249249696731567383e-01,-2.539399147033691406e+00,-1.240696460008621216e-01,-7.453382015228271484e-01,3.416410461068153381e-02,1.869054675102233887e+00,-8.395396918058395386e-02,-2.056241273880004883e+00,-4.016739726066589355e-01,7.105481028556823730e-01,-7.100767493247985840e-01,2.254457175731658936e-01,1.545050263404846191e+00,-2.859458327293395996e-01,-2.400345802307128906e-01,2.544842064380645752e-01,-1.104590177536010742e+00,-1.521261215209960938e+00,-6.333829760551452637e-01,-9.063400626182556152e-01,-1.267129421234130859e+00,-1.256167173385620117e+00,-1.362865924835205078e+00,6.260413527488708496e-01,2.574158191680908203e+00,-9.819948673248291016e-02,-1.018349051475524902e+00,-1.157953262329101562e+00,1.395040273666381836e+00,2.077541649341583252e-01,-6.100218296051025391e-01,-9.935189485549926758e-01,-1.448961254209280014e-02,-1.194582343101501465e+00,-6.522594690322875977e-01,-3.798843920230865479e-01,-1.547188907861709595e-01,-5.765685439109802246e-01,-1.206856131553649902e+00,2.102007389068603516e+00,1.310270428657531738e+00,1.625581830739974976e-02,-1.371620893478393555e+00,3.045862913131713867e-01,-7.686262018978595734e-03,-1.142359733581542969e+00,2.664614617824554443e-01,-1.004707574844360352e+00,-8.755888938903808594e-01,8.175366520881652832e-01,-3.945257961750030518e-01,-5.920267105102539062e-01,6.288464069366455078e-01,-1.013761997222900391e+00,-1.816005825996398926e+00,3.130672872066497803e-01,-2.030973732471466064e-01,-3.051932811737060547e+00,-6.017439365386962891e-01,5.077201724052429199e-01,-2.967227995395660400e-01,-1.548074960708618164e+00,2.781818211078643799e-01,-2.233950853347778320e+00,5.799874663352966309e-01,1.730011463165283203e+00,-1.912605315446853638e-01,8.054025173187255859e-01,4.122748970985412598e-01,-5.298793315887451172e-01,1.315870642662048340e+00,-1.229957222938537598e+00,8.167614340782165527e-01,-7.107748389244079590e-01,-6.933678388595581055e-01,-7.065628767013549805e-01,-7.461592555046081543e-01,-6.540595293045043945e-01,2.526488006114959717e-01,-1.790488511323928833e-01,8.437827229499816895e-01,6.741835474967956543e-01,-1.078714013099670410e+00
-2.098833918571472168e-01,4.467523992061614990e-01,4.736638367176055908e-01,-5.176795125007629395e-01,8.475525975227355957e-01,1.582846522331237793e+00,4.025323316454887390e-02,3.269168436527252197e-01,4.560113549232482910e-01,1.754137277603149414e+00,4.772435128688812256e-01,6.268445253372192383e-01,-4.249840080738067627e-01,2.922600507736206055e-01,-1.540768146514892578e-01,-2.527180016040802002e-01,-8.860209584236145020e-01,-7.733902931213378906e-01,6.612924337387084961e-01,-2.368082761764526367e+00,-4.178075492382049561e-01,8.527175188064575195e-01,-6.990993618965148926e-01,-2.671742439270019531e+00,-1.750720977783203125e+00,-5.788822174072265625e-01,4.692929685115814209e-01,-7.023828625679016113e-01,3.609039783477783203e-01,9.142141342163085938e-01,-5.616843700408935547e-03,-3.940749168395996094e-01,-6.047058477997779846e-02,-2.442611455917358398e-01,1.654644608497619629e+00,4.136254489421844482e-01,6.564860343933105469e-01,-1.023361086845397949e+00,5.486620664596557617e-01,-1.061393976211547852e+00,5.627290606498718262e-01,-2.757685482501983643e-01,-1.221176907420158386e-01,7.647070884704589844e-01,1.040936946868896484e+00,-7.232481837272644043e-01,1.574442386627197266e+00,-7.642870545387268066e-01,-8.366119861602783203e-01,1.180563345551490784e-01,9.791254401206970215e-01,-1.521467417478561401e-01,5.483982339501380920e-02,1.564108207821846008e-02,-3.676529526710510254e-01,1.158876419067382812e+00,-1.492823600769042969e+00,-2.132157325744628906e+00,-1.422217249870300293e+00,2.380631268024444580e-01,2.679006159305572510e-01,-2.671752274036407471e-01,-6.296185255050659180e-01,8.746272921562194824e-01,-5.101886764168739319e-02,-5.243444442749023438e-01,-1.321794748306274414e+00,5.514462590217590332e-01,1.154339790344238281e+00,5.879579186439514160e-01,-1.778755903244018555e+00,-2.762749791145324707e-01,-1.432244896888732910e+00,1.218674302101135254e+00,-1.573460549116134644e-01,1.922653317451477051e-01,-1.337810993194580078e+00,-6.374326944351196289e-01,-2.809279263019561768e-01,8.279771208763122559e-01,3.728592069819569588e-03,-1.599611878395080566e+00,-5.256797075271606445e-01,1.857706665992736816e+00,1.226526856422424316e+00,2.023954093456268311e-01,-1.538397669792175293e+00,1.527186483144760132e-01,5.701517462730407715e-01,-1.050637364387512207e+00,1.374842375516891479e-01,-1.755046129226684570e+00,1.990077137947082520e+00,-1.842651516199111938e-01,-1.385361671447753906e+00,3.448861539363861084e-01,-2.168188095092773438e+00,-5.949054956436157227e-01,5.685923695564270020e-01,4.614265561103820801e-01
-1.025351047515869141e+00,-1.221942901611328125e+00,-1.548549175262451172e+00,-5.447088479995727539e-01,9.948785305023193359e-01,-3.811890184879302979e-01,1.120750069618225098e+00,7.815890312194824219e-01,4.950268268585205078e-01,1.588330745697021484e+00,6.535924077033996582e-01,4.722902178764343262e-02,1.053700566291809082e+00,-3.322517275810241699e-01,-5.042984485626220703e-01,-2.902766764163970947e-01,7.976531982421875000e-01,9.953379631042480469e-01,-4.849660396575927734e-01,-4.567886292934417725e-01,-3.967792987823486328e-01,-2.087991088628768921e-01,2.533781826496124268e-01,1.312720775604248047e+00,2.311706840991973877e-01,5.067913532257080078e-01,7.063314914703369141e-01,-1.030023217201232910e+00,1.330364346504211426e+00,2.368533849716186523e+00,-1.612994074821472168e-01,5.798630118370056152e-01,6.176403760910034180e-01,1.627742052078247070e+00,3.301210701465606689e-01,1.896219551563262939e-01,1.154786348342895508e+00,-4.147138297557830811e-01,-1.237057209014892578e+00,2.471596449613571167e-01,2.223419189453125000e+00,-2.159720897674560547e+00,4.372483491897583008e-01,1.706775277853012085e-02,-7.572651505470275879e-01,2.551771402359008789e-01,3.777717053890228271e-01,1.107265353202819824e+00,-1.112243905663490295e-01,2.348732709884643555e+00,-1.496387481689453125e+00,-7.589118480682373047e-01,-2.814183712005615234e+00,1.960216641426086426e+00,-1.984334290027618408e-01,2.564088106155395508e+00,-1.017324805259704590e+00,-3.088864386081695557e-01,2.763905525207519531e-01,-1.578395605087280273e+00,6.069157719612121582e-01,-1.127825975418090820e+00,3.207738995552062988e-01,1.801088333129882812e+00,-6.112719178199768066e-01,-1.802144050598144531e+00,-1.415150314569473267e-01,6.447961926460266113e-01,7.436750531196594238e-01,6.702639460563659668e-01,3.054757714271545410e-01,1.391405463218688965e+00,1.853930473327636719e+00,2.120339870452880859e+00,-7.593756318092346191e-01,-1.655944883823394775e-01,-5.882630944252014160e-01,-1.155822634696960449e+00,7.884790897369384766e-01,-4.200865924358367920e-01,-1.029837727546691895e+00,1.941079616546630859e+00,8.290386199951171875e-01,-1.623641103506088257e-01,-1.181414961814880371e+00,-8.199458122253417969e-01,1.679303884506225586e+00,-3.864752054214477539e-01,1.399339556694030762e+00,6.981512904167175293e-01,-4.289729893207550049e-01,2.278964817523956299e-01,-5.392897725105285645e-01,3.213289380073547363e-01,-1.017785221338272095e-01,7.867254018783569336e-01,-1.167348861694335938e+00,1.031499028205871582e+00,-1.172398701310157776e-01,-9.007792919874191284e-02
-8.450031280517578125e-01,1.015382409095764160e+00,1.271672606468200684e+00,-3.505136966705322266e-01,1.722458153963088989e-01,-3.397107720375061035e-01,7.502920627593994141e-01,-6.680567562580108643e-02,-4.842474460601806641e-01,4.490023851394653320e-01,9.615579843521118164e-01,8.901472091674804688e-01,-8.206256628036499023e-01,-1.410924494266510010e-01,6.948351263999938965e-01,4.623154699802398682e-01,-4.421270489692687988e-01,7.358331680297851562e-01,-1.591418981552124023e+00,1.065896451473236084e-01,1.972973942756652832e-01,6.306250095367431641e-01,1.198415383696556091e-01,1.186539530754089355e-01,-2.099999666213989258e+00,2.292124181985855103e-01,-1.928406596183776855e+00,2.552109956741333008e+00,-6.530637741088867188e-01,7.945894598960876465e-01,-3.519297838211059570e-01,2.084825038909912109e-01,4.312021136283874512e-01,-9.899132847785949707e-01,-1.107805252075195312e+00,6.723258644342422485e-02,-1.815135031938552856e-01,-4.414043426513671875e-01,3.965544104576110840e-01,1.376398801803588867e+00,6.050760746002197266e-01,6.501166820526123047e-01,1.595121502876281738e+00,-1.104654908180236816e+00,-6.198920607566833496e-01,9.447798728942871094e-01,8.609852790832519531e-01,1.867620706558227539e+00,1.136220693588256836e+00,-9.215065240859985352e-01,-2.798464298248291016e-01,-1.103140830993652344e+00,-1.626078225672245026e-02,1.979640722274780273e+00,2.032099068164825439e-01,-3.110603094100952148e-01,-1.482804775238037109e+00,-8.667486906051635742e-01,-6.260837912559509277e-01,-3.074424266815185547e-01,-3.537574410438537598e-01,-6.919872760772705078e-01,-3.905946314334869385e-01,1.151450350880622864e-01,-6.565200686454772949e-01,3.837876319885253906e-01,2.169585227966308594e+00,-9.373307228088378906e-01,-1.845257878303527832e-01,6.803072690963745117e-01,7.515771389007568359e-01,2.512198984622955322e-01,2.063442021608352661e-01,9.950387477874755859e-01,2.106561183929443359e+00,-1.899180650711059570e+00,8.489374518394470215e-01,1.537340760231018066e+00,-6.703500747680664062e-01,2.158994436264038086e+00,1.090688347816467285e+00,-2.547908067703247070e+00,-7.984018921852111816e-01,3.794426918029785156e-01,1.255610942840576172e+00,-3.944874927401542664e-02,6.214342713356018066e-01,-5.916855931282043457e-01,-3.218874568119645119e-03,9.257791042327880859e-01,-9.775816202163696289e-01,-1.476107239723205566e-01,6.843634247779846191e-01,6.337386965751647949e-01,5.184569954872131348e-01,-1.288329958915710449e+00,-1.123026490211486816e+00,-2.510082423686981201e-01,-5.328919887542724609e-01,-4.118015170097351074e-01
-1.703441143035888672e-01,-2.957014441490173340e-01,2.398591935634613037e-01,1.803470730781555176e+00,-2.438440561294555664e+00,3.156573474407196045e-01,4.834794402122497559e-01,-4.633205533027648926e-01,1.544822931289672852e+00,3.937602937221527100e-01,1.296213269233703613e-01,3.670595288276672363e-01,-1.834141373634338379e+00,1.320965409278869629e+00,-7.252675890922546387e-01,-1.060495615005493164e+00,-1.978868484497070312e+00,4.850126802921295166e-03,-1.145508587360382080e-01,-3.260342180728912354e-01,2.041190147399902344e+00,-9.384562373161315918e-01,-8.035225868225097656e-01,2.422468550503253937e-02,-4.474361836910247803e-01,-3.747502565383911133e-01,-6.434075832366943359e-01,-5.854811668395996094e-01,2.010220736265182495e-01,-1.479438304901123047e+00,1.120075225830078125e+00,2.497551441192626953e+00,-6.092728376388549805e-01,4.077722132205963135e-01,1.034391298890113831e-01,-4.214576184749603271e-01,1.568787992000579834e-01,3.707678020000457764e-01,1.265360474586486816e+00,-6.702081114053726196e-02,-2.345589846372604370e-01,-1.240368857979774475e-01,-3.653679192066192627e-01,-4.012168049812316895e-01,-8.796615004539489746e-01,-1.059420108795166016e+00,5.424520373344421387e-01,1.196300864219665527e+00,-8.824792504310607910e-01,4.136506617069244385e-01,-7.899817824363708496e-01,-1.425366401672363281e-01,-1.257163286209106445e+00,1.386736273765563965e+00,5.226924419403076172e-01,-1.031494021415710449e+00,-5.446212887763977051e-01,-1.842025041580200195e+00,-2.495796918869018555e+00,-5.784221291542053223e-01,-6.657271087169647217e-02,3.591861128807067871e-01,-5.749573707580566406e-01,-1.090329408645629883e+00,-6.897683441638946533e-02,9.645024687051773071e-02,-1.755936384201049805e+00,1.224604725837707520e+00,6.007856726646423340e-01,4.562269747257232666e-01,2.351027876138687134e-01,1.363575458526611328e+00,1.292882561683654785e+00,9.074019640684127808e-02,4.498184323310852051e-01,-3.752250075340270996e-01,-4.620291292667388916e-01,-2.155679941177368164e+00,2.133345127105712891e+00,8.782512545585632324e-01,-4.997937753796577454e-02,-6.712683439254760742e-01,-3.801947236061096191e-01,-7.055534720420837402e-01,-2.025251150131225586e+00,-1.349169135093688965e+00,4.936226010322570801e-01,3.922046422958374023e-01,1.319707155227661133e+00,-7.636901140213012695e-01,2.608932495117187500e+00,-3.341993093490600586e-01,-1.191661834716796875e+00,8.808203339576721191e-01,3.862611055374145508e-01,6.472589373588562012e-01,3.739289045333862305e-01,-5.661081671714782715e-01,-1.915254712104797363e+00,-2.318431377410888672e+00
5.027125477790832520e-01,1.015516877174377441e+00,8.274124264717102051e-01,2.180855751037597656e+00,2.380886524915695190e-01,-2.222136974334716797e+00,2.739398777484893799e-01,6.409841179847717285e-01,1.529713511466979980e+00,9.204545021057128906e-01,-2.222408056259155273e-01,-1.914278149604797363e+00,2.063083946704864502e-01,7.908562421798706055e-01,3.226977109909057617e+00,-1.594719767570495605e+00,1.663330078125000000e+00,2.533859312534332275e-01,3.201705515384674072e-01,-2.257642030715942383e+00,1.203690886497497559e+00,-7.432413101196289062e-02,8.822715282440185547e-01,-1.587285995483398438e+00,-1.146952867507934570e+00,4.742925167083740234e-01,-2.132967710494995117e+00,6.018124893307685852e-02,-1.665291070938110352e+00,1.144574046134948730e+00,6.594387888908386230e-01,5.794565081596374512e-01,8.127273917198181152e-01,-1.432152390480041504e+00,1.794440597295761108e-01,8.247223496437072754e-01,-2.478423416614532471e-01,7.223638892173767090e-01,2.185036242008209229e-01,-7.689158320426940918e-01,-2.139489352703094482e-01,5.496661663055419922e-01,1.229798793792724609e+00,-1.632536172866821289e+00,-3.222464025020599365e-01,5.424479246139526367e-01,-3.749855160713195801e-01,-3.796214759349822998e-01,1.687631845474243164e+00,-1.133975028991699219e+00,5.032275319099426270e-01,3.996364176273345947e-01,-2.211375951766967773e+00,1.696334600448608398e+00,-1.557726383209228516e+00,-7.372311353683471680e-01,8.580839633941650391e-01,3.751021325588226318e-01,-1.685558915138244629e+00,-4.349609315395355225e-01,3.701845407485961914e-01,-1.486291766166687012e+00,-8.103103637695312500e-01,1.903740286827087402e+00,1.321057200431823730e+00,8.007956743240356445e-01,-1.039943575859069824e+00,-1.368316411972045898e+00,2.021515369415283203e+00,1.545459270477294922e+00,4.794949889183044434e-01,9.561801552772521973e-01,-1.369059681892395020e+00,6.752892732620239258e-01,1.158314466476440430e+00,-1.643981575965881348e+00,1.040569067001342773e+00,-1.678975462913513184e+00,-2.407779693603515625e-01,4.085420817136764526e-02,-6.972759217023849487e-02,1.752327799797058105e+00,1.155413508415222168e+00,1.654874801635742188e+00,1.782670259475708008e+00,-9.074842929840087891e-01,4.437384903430938721e-01,-1.954138278961181641e-01,1.402968049049377441e+00,2.905519306659698486e-01,1.103135824203491211e+00,3.316690325736999512e-01,4.868741929531097412e-01,-2.590860426425933838e-01,-5.880205035209655762e-01,2.312056869268417358e-01,1.743561267852783203e+00,-8.974741101264953613e-01,-6.369607448577880859e-01,-1.962174922227859497e-01
6.926546096801757812e-01,1.346633303910493851e-02,-2.130509465932846069e-01,7.091519236564636230e-01,2.649285078048706055e+00,1.670868396759033203e+00,-1.744679808616638184e-01,-1.065501213073730469e+00,1.185189127922058105e+00,9.784867763519287109e-01,-2.743046879768371582e-01,6.269363760948181152e-01,6.227368712425231934e-01,-5.182861089706420898e-01,-5.152670741081237793e-01,-7.785238623619079590e-01,1.832065939903259277e+00,-9.852593392133712769e-02,-7.388491928577423096e-02,4.475622251629829407e-02,-5.796247720718383789e-01,-9.674746394157409668e-01,3.864444494247436523e-01,1.405296206474304199e+00,-4.185233116149902344e-01,1.450077891349792480e+00,-5.540738701820373535e-01,2.062365710735321045e-01,7.961489558219909668e-01,-1.965073347091674805e+00,-1.345492154359817505e-01,1.357634831219911575e-02,-7.198323011398315430e-01,8.780341148376464844e-01,1.802161097526550293e+00,2.126299887895584106e-01,6.403229236602783203e-01,5.949367880821228027e-01,-1.797592520713806152e+00,6.150726079940795898e-01,1.085565686225891113e+00,4.119206685572862625e-03,7.170012593269348145e-01,7.199891209602355957e-01,-3.955353498458862305e-01,2.350640594959259033e-01,7.885583639144897461e-01,-5.485823154449462891e-01,-1.939392924308776855e+00,1.121763825416564941e+00,9.924684762954711914e-01,-5.909496545791625977e-02,-4.421824812889099121e-01,9.056007266044616699e-01,1.020887613296508789e+00,-4.133443534374237061e-01,-3.891997337341308594e-01,-2.671100378036499023e+00,8.923474550247192383e-01,2.405289858579635620e-01,-1.243180871009826660e+00,-1.676065206527709961e+00,-6.287473253905773163e-03,-4.810269474983215332e-01,4.037980735301971436e-01,1.543967008590698242e+00,-1.576754093170166016e+00,-6.241083145141601562e-01,3.625945150852203369e-01,-6.202725768089294434e-01,-1.047308072447776794e-01,1.059980392456054688e+00,-1.082480549812316895e-01,1.615144610404968262e+00,4.858850240707397461e-01,-8.320690393447875977e-01,-4.336819350719451904e-01,4.297937452793121338e-01,-3.529447317123413086e-01,-9.409340023994445801e-01,-3.831416964530944824e-01,6.907384991645812988e-01,2.225871682167053223e-01,-3.115248680114746094e-01,-1.092823073267936707e-01,-9.004915952682495117e-01,1.200949192047119141e+00,-6.337014436721801758e-01,-3.008917160332202911e-02,-1.131454229354858398e+00,6.788317561149597168e-01,4.117938578128814697e-01,-6.475701928138732910e-01,-1.007454276084899902e+00,-3.903705775737762451e-01,8.618692755699157715e-01,-1.533175468444824219e+00,4.092008769512176514e-01,-7.514131665229797363e-01,-1.261876970529556274e-01
8.128032088279724121e-01,6.497086882591247559e-01,1.812266588211059570e+00,1.592527031898498535e+00,1.087202057242393494e-01,-1.365578532218933105e+00,-1.972449421882629395e-01,1.598332881927490234e+00,6.894117593765258789e-01,6.053631901741027832e-01,1.926355659961700439e-01,5.876331925392150879e-01,1.439652442932128906e+00,4.720689654350280762e-01,-4.994451403617858887e-01,3.721993565559387207e-01,-5.509641170501708984e-01,6.989644169807434082e-01,5.703858733177185059e-01,4.325890839099884033e-01,-1.048786878585815430e+00,1.614407300949096680e+00,-3.574782311916351318e-01,-7.885072231292724609e-01,2.663590312004089355e-01,-8.590138703584671021e-02,-1.601966500282287598e+00,1.139213368296623230e-01,2.978955507278442383e-01,-9.163620471954345703e-01,8.775336742401123047e-01,8.217107057571411133e-01,-8.774657249450683594e-01,9.931628406047821045e-02,-7.306709289550781250e-01,8.085737824440002441e-01,-1.928215473890304565e-01,1.107118606567382812e+00,2.865297794342041016e-01,6.815566420555114746e-01,7.023779749870300293e-01,-3.857201635837554932e-01,5.829499959945678711e-01,-5.519128963351249695e-02,2.100545763969421387e-01,-3.816608488559722900e-01,9.445906281471252441e-01,-4.029187262058258057e-01,1.466354250907897949e+00,1.096578836441040039e+00,1.141470313072204590e+00,5.174885988235473633e-01,-1.891802430152893066e+00,-4.102659523487091064e-01,-9.574222564697265625e-02,2.242442131042480469e+00,4.184383153915405273e-01,-1.417159199714660645e+00,-2.325881958007812500e+00,-7.276798486709594727e-01,1.102733850479125977e+00,2.155426740646362305e-01,1.952123284339904785e+00,1.932164549827575684e+00,1.366512775421142578e-01,-9.750624001026153564e-02,-7.082418203353881836e-01,6.135626435279846191e-01,3.361907601356506348e-01,-5.835851281881332397e-02,-5.824586749076843262e-01,-7.940433174371719360e-02,4.846780896186828613e-01,1.308319211006164551e+00,-1.012218594551086426e+00,4.851890206336975098e-01,-5.775337815284729004e-01,2.283548861742019653e-01,-1.076331019401550293e+00,-7.992822676897048950e-02,9.920035302639007568e-02,-5.882447361946105957e-01,1.023657083511352539e+00,2.227678298950195312e-01,-1.385491013526916504e+00,3.962142765522003174e-01,-3.898051977157592773e-01,1.751537442207336426e+00,-6.305707693099975586e-01,2.919110953807830811e-01,5.930022001266479492e-01,-1.533601284027099609e+00,-7.952321767807006836e-01,-1.407686769962310791e-01,2.035569995641708374e-01,-1.194101050496101379e-01,1.474273920059204102e+00,1.068702220916748047e+00,-3.448062539100646973e-01,-7.608864307403564453e-01
3.537722826004028320e-01,-8.787029236555099487e-02,-2.844718992710113525e-01,-1.003957629203796387e+00,6.193704009056091309e-01,-7.288433909416198730e-01,-3.722055852413177490e-01,-4.489077627658843994e-01,1.893130660057067871e+00,-1.769213795661926270e+00,-6.681595742702484131e-02,-2.453682720661163330e-01,-1.296592950820922852e+00,-2.240466117858886719e+00,2.360750287771224976e-01,-1.578945040702819824e+00,8.790515661239624023e-01,-9.251584410667419434e-01,-8.936003446578979492e-01,-4.216280877590179443e-01,-4.615775048732757568e-01,-1.083810925483703613e+00,-1.598678946495056152e+00,5.830440521240234375e-01,3.266562521457672119e-01,-1.808018386363983154e-01,-4.938843548297882080e-01,-4.640256762504577637e-01,-1.319391876459121704e-01,3.493694663047790527e-01,2.607124447822570801e-01,5.483126640319824219e-01,-6.450027823448181152e-01,5.485236048698425293e-01,-3.260783553123474121e-01,-7.548400163650512695e-01,-1.442893505096435547e+00,1.335900783538818359e+00,6.101580858230590820e-01,3.627603352069854736e-01,-8.396002054214477539e-01,-1.250666230916976929e-01,-5.258399844169616699e-01,-4.110081493854522705e-01,9.671135991811752319e-02,4.886612668633460999e-02,5.826635956764221191e-01,-3.267395198345184326e-01,-1.465654850006103516e+00,1.313033998012542725e-01,4.414951205253601074e-01,-9.201751947402954102e-01,-1.493944883346557617e+00,1.192542091012001038e-01,-5.430192947387695312e-01,1.741558462381362915e-01,-1.006575208157300949e-02,4.820711612701416016e-01,-2.075196743011474609e+00,2.019720226526260376e-01,1.042614102363586426e+00,2.135673910379409790e-01,1.607086136937141418e-02,4.263677000999450684e-01,9.204261898994445801e-01,-2.664791941642761230e-01,-6.337997913360595703e-01,5.277417302131652832e-01,-7.231254577636718750e-01,-3.525982201099395752e-01,1.389049649238586426e+00,-1.791519224643707275e-01,9.382416009902954102e-01,-2.841720283031463623e-01,-1.373545050621032715e+00,-5.901663303375244141e-01,-1.374123811721801758e+00,-1.500124454498291016e+00,1.813665330410003662e-01,3.211189508438110352e-01,-8.806887865066528320e-01,2.267498254776000977e+00,5.233265757560729980e-01,1.920348644256591797e+00,3.361696600914001465e-01,-5.690746754407882690e-02,1.860920906066894531e+00,2.697381675243377686e-01,8.828022480010986328e-01,-4.213104844093322754e-01,-3.365492522716522217e-01,1.447394937276840210e-01,1.016905829310417175e-01,2.351742029190063477e+00,5.355131253600120544e-02,7.585295289754867554e-02,1.606938838958740234e-01,-3.554452359676361084e-01,-9.404600262641906738e-01,1.210996031761169434e+00
-4.254696071147918701e-01,3.672827966511249542e-03,-5.060143470764160156e-01,-7.058411836624145508e-02,6.905459761619567871e-01,2.705616950988769531e-01,1.161359190940856934e+00,-2.267254292964935303e-01,8.894233107566833496e-01,1.282509043812751770e-02,-1.197413325309753418e+00,7.323279380798339844e-01,-7.078288793563842773e-01,-1.195619225502014160e+00,-5.904974341392517090e-01,-1.272939205169677734e+00,-1.200716495513916016e+00,5.373811721801757812e-01,-5.283697843551635742e-01,1.378050327301025391e+00,-5.574364066123962402e-01,-7.716363668441772461e-02,-1.069300174713134766e+00,-1.436693072319030762e+00,1.743811666965484619e-01,-1.671263575553894043e+00,-3.976751267910003662e-01,4.311636984348297119e-01,1.148161768913269043e+00,4.705662429332733154e-01,-2.300373464822769165e-02,4.063634276390075684e-01,6.652487516403198242e-01,8.455022573471069336e-01,3.647955060005187988e-01,2.296894073486328125e+00,-3.817179426550865173e-02,1.702166438102722168e+00,-3.177493214607238770e-01,1.507157683372497559e+00,5.593466162681579590e-01,1.130262613296508789e+00,1.358181238174438477e+00,-1.647680521011352539e+00,3.371308147907257080e-01,1.038051247596740723e+00,-1.885802626609802246e+00,-2.217368602752685547e+00,-3.937761485576629639e-01,9.158905744552612305e-01,-2.857747077941894531e-01,1.481201410293579102e+00,3.277584314346313477e-01,-2.126533269882202148e+00,7.099148035049438477e-01,7.756439447402954102e-01,4.950569868087768555e-01,1.423368930816650391e+00,6.681628525257110596e-02,-3.011186361312866211e+00,-4.074631929397583008e-01,-5.017407611012458801e-02,1.977682113647460938e-01,-6.562028825283050537e-02,-8.341295123100280762e-01,-1.231588125228881836e+00,3.168138861656188965e-01,2.373762130737304688e-01,-8.439365029335021973e-01,-5.729544162750244141e-01,-1.603154778480529785e+00,-2.125316381454467773e+00,8.614181280136108398e-01,5.348006635904312134e-02,1.307619571685791016e+00,7.692397832870483398e-01,9.749609827995300293e-01,1.004292607307434082e+00,-7.508433461189270020e-01,9.082473516464233398e-01,2.086665630340576172e-01,1.786470293998718262e+00,7.545058131217956543e-01,-5.562552213668823242e-01,-2.759973704814910889e-01,6.341707706451416016e-02,-1.453813612461090088e-01,1.605715990066528320e+00,1.790572106838226318e-01,-1.523908853530883789e+00,-5.476514697074890137e-01,1.238299906253814697e-01,4.382702112197875977e-01,8.808983564376831055e-01,-9.979645013809204102e-01,1.172805547714233398e+00,5.721943378448486328e-01,-1.677921056747436523e+00,-2.084015458822250366e-01,3.484249114990234375e-02
1.900602936744689941e+00,-6.518465280532836914e-01,1.474627971649169922e+00,2.667756378650665283e-01,1.671263694763183594e+00,-2.730106413364410400e-01,-1.017685055732727051e+00,3.838615715503692627e-01,-8.181489109992980957e-01,-8.580503612756729126e-02,5.237433314323425293e-01,8.141835927963256836e-01,-1.406030774116516113e+00,-6.772255301475524902e-01,-1.758685111999511719e-01,-1.706746101379394531e+00,1.372161269187927246e+00,1.477523207664489746e+00,5.407569408416748047e-01,1.528370857238769531e+00,-1.282323956489562988e+00,-1.001613378524780273e+00,7.670183777809143066e-01,1.390888571739196777e+00,-9.392480850219726562e-01,-1.009500622749328613e+00,1.363101124763488770e+00,-1.492446184158325195e+00,8.800656795501708984e-01,-1.041550636291503906e-01,1.639093458652496338e-01,-3.719250559806823730e-01,-1.478581309318542480e+00,1.116110444068908691e+00,-2.782871387898921967e-02,5.018508434295654297e-01,-2.473777532577514648e-01,-2.292636036872863770e-01,-1.023916125297546387e+00,-1.606791163794696331e-03,-5.953232049942016602e-01,-1.547678261995315552e-01,6.218037605285644531e-01,-8.390469104051589966e-02,-7.075250148773193359e-01,6.357939243316650391e-01,-5.118089318275451660e-01,-4.798969328403472900e-01,-4.828618466854095459e-02,-8.580630421638488770e-01,1.928093075752258301e+00,-2.637919187545776367e-01,2.998203784227371216e-02,1.575548648834228516e-01,4.870481044054031372e-02,-6.447828412055969238e-01,3.742120563983917236e-01,-1.252462148666381836e+00,6.412177085876464844e-01,-1.018213510513305664e+00,-2.219414263963699341e-01,-2.010387927293777466e-01,-1.554143071174621582e+00,-4.988660514354705811e-01,9.203020334243774414e-01,2.599192619323730469e+00,-4.673436284065246582e-01,-1.102502942085266113e+00,-1.122978210449218750e+00,7.897484302520751953e-01,6.246785074472427368e-02,-5.784580111503601074e-01,1.137309312820434570e+00,7.718443870544433594e-01,-2.725835144519805908e-01,-7.519400715827941895e-01,5.022032931447029114e-02,3.271729350090026855e-01,3.181460797786712646e-01,9.775144457817077637e-01,-2.389593571424484253e-01,2.285382598638534546e-01,7.211464643478393555e-01,-1.170670866966247559e+00,1.954684495925903320e+00,7.847869396209716797e-01,2.494941353797912598e-01,5.882587432861328125e-01,2.915563993155956268e-02,8.300132751464843750e-01,7.270547747611999512e-01,-6.188688278198242188e-01,-2.954896166920661926e-02,-1.227525249123573303e-01,1.546079754829406738e+00,-2.422306239604949951e-01,-4.584040641784667969e-01,-9.197608828544616699e-01,-2.568579912185668945e+00,-1.445578217506408691e+00
4.777468442916870117e-01,-2.052299261093139648e+00,-1.637298315763473511e-01,-7.462207078933715820e-01,1.809373259544372559e+00,-1.240435123443603516e+00,1.180230140686035156e+00,1.549444317817687988e+00,1.492917180061340332e+00,3.715662062168121338e-01,-1.253189563751220703e+00,-9.405013918876647949e-01,-2.190517902374267578e+00,-2.314817905426025391e-01,-9.231735467910766602e-01,8.993324041366577148e-01,8.669355511665344238e-01,-3.629511892795562744e-01,-5.257037281990051270e-01,-7.816522121429443359e-01,1.446734189987182617e+00,-9.022986888885498047e-01,5.594447255134582520e-01,4.339027404785156250e-02,-1.955431342124938965e+00,-9.873777627944946289e-02,3.363700211048126221e-01,2.531999647617340088e-01,-1.131671071052551270e+00,-1.438449144363403320e+00,1.436717152595520020e+00,4.656836986541748047e-01,-9.871733784675598145e-01,1.789156913757324219e+00,3.295605257153511047e-02,7.318498492240905762e-01,1.304241120815277100e-01,-6.242860555648803711e-01,-2.336254417896270752e-01,2.403512001037597656e-01,-8.926740288734436035e-01,1.388547182083129883e+00,9.362021684646606445e-01,-4.308030307292938232e-01,7.669402360916137695e-01,-1.136714816093444824e+00,2.483819723129272461e-01,-6.701709628105163574e-01,-3.435254096984863281e-02,-8.062486052513122559e-01,1.403350591659545898e+00,1.351450383663177490e-01,-5.261435508728027344e-01,-2.899263203144073486e-01,-5.188581347465515137e-01,-2.924483120441436768e-01,8.570394515991210938e-01,1.913834333419799805e+00,-1.474611759185791016e+00,1.512486338615417480e-01,1.088220477104187012e+00,6.643219590187072754e-01,-1.910354852676391602e+00,1.095756530761718750e+00,-6.487103551626205444e-02,-1.616837739944458008e+00,1.385609626770019531e+00,-7.850956916809082031e-01,2.167214266955852509e-02,-1.526296377182006836e+00,-1.604192405939102173e-01,4.108891785144805908e-01,-5.724943280220031738e-01,3.569172024726867676e-01,8.551579117774963379e-01,-1.868351846933364868e-01,-6.808816194534301758e-01,-1.345682740211486816e+00,-3.946191966533660889e-01,-2.853097319602966309e-01,-4.784692525863647461e-01,6.147992014884948730e-01,-7.984258532524108887e-01,-1.093350529670715332e+00,-1.767905354499816895e-01,-4.937548041343688965e-01,-1.147776097059249878e-02,-3.809979856014251709e-01,-6.173250675201416016e-01,1.318254947662353516e+00,8.297679424285888672e-01,3.083222731947898865e-02,6.688852906227111816e-01,1.446749418973922729e-01,-1.282086670398712158e-01,4.084145426750183105e-01,-1.303195118904113770e+00,7.251715064048767090e-01,-5.980517864227294922e-01,-6.669843792915344238e-01
-6.409436464309692383e-01,3.521418571472167969e-01,5.208342671394348145e-01,2.121646165847778320e+00,-5.275833606719970703e-02,-9.506700634956359863e-01,9.989327788352966309e-01,-9.258891940116882324e-01,2.253464221954345703e+00,9.320889115333557129e-01,-3.141128301620483398e+00,-6.874558166600763798e-04,-6.009148359298706055e-01,-1.860678434371948242e+00,1.091855242848396301e-01,7.323760986328125000e-01,-1.105363845825195312e+00,-4.311102628707885742e-01,-3.229259252548217773e-01,2.474528700113296509e-01,-9.454352259635925293e-01,2.909316539764404297e+00,-3.934395611286163330e-01,7.167807221412658691e-01,-3.846300542354583740e-01,9.620440006256103516e-02,1.286300778388977051e+00,-1.305867433547973633e-01,1.028027176856994629e+00,1.419836044311523438e+00,-9.191540479660034180e-01,4.597339928150177002e-01,6.126349419355392456e-02,1.548521637916564941e+00,1.609357893466949463e-01,1.442794054746627808e-01,1.532033443450927734e+00,-4.498974233865737915e-02,-2.445233911275863647e-01,1.377779006958007812e+00,-4.096938371658325195e-01,-1.315692543983459473e+00,3.116580247879028320e-01,-1.954927325248718262e+00,-1.207144260406494141e+00,2.495134770870208740e-01,-4.896672442555427551e-03,5.320159792900085449e-01,1.172154769301414490e-01,1.212334871292114258e+00,1.032829955220222473e-01,-9.150093793869018555e-01,9.721230268478393555e-01,1.744291745126247406e-02,1.108500242233276367e+00,2.603255510330200195e-01,-9.449869394302368164e-02,-8.555515408515930176e-01,-1.396910786628723145e+00,-1.395269393920898438e+00,-6.727274656295776367e-01,-1.059065088629722595e-01,4.108775854110717773e-01,-1.187401294708251953e+00,-1.900951504707336426e+00,2.545002996921539307e-01,4.812132418155670166e-01,1.165547072887420654e-01,8.734188079833984375e-01,1.421273946762084961e-01,-7.740085124969482422e-01,-1.360763788223266602e+00,-4.234498441219329834e-01,-1.258488744497299194e-01,-1.642265200614929199e+00,4.405958652496337891e-01,-2.035660296678543091e-01,-1.309725284576416016e+00,-4.188034534454345703e-01,-2.854500710964202881e-02,-2.311164587736129761e-01,-1.204740762710571289e+00,1.774433851242065430e-01,-1.116113781929016113e+00,-8.280115127563476562e-01,1.502005100250244141e+00,2.252696752548217773e+00,3.866369426250457764e-01,-1.300650119781494141e+00,-5.432940721511840820e-01,-5.524029731750488281e-01,-1.735987186431884766e+00,1.437618851661682129e+00,2.561822831630706787e-01,8.974152207374572754e-01,5.643569827079772949e-01,-2.176924705505371094e+00,2.984372079372406006e-01,3.158069550991058350e-01,8.659683465957641602e-01
-4.978183805942535400e-01,-8.558877110481262207e-01,-9.645564556121826172e-01,-8.763890713453292847e-02,-1.155264854431152344e+00,1.280090332031250000e+00,-1.269482634961605072e-02,-1.786402016878128052e-01,-2.335219383239746094e-01,1.484547138214111328e+00,1.543069034814834595e-01,9.839705824851989746e-01,-5.037163496017456055e-01,1.327419638633728027e+00,1.438040852546691895e+00,8.042108416557312012e-01,5.771803259849548340e-01,-4.575013816356658936e-01,-5.505225807428359985e-02,-7.969059944152832031e-01,1.505295634269714355e+00,5.387458801269531250e-01,-4.796942770481109619e-01,1.143397569656372070e+00,1.200206279754638672e+00,3.071992993354797363e-01,6.670250296592712402e-01,9.766352772712707520e-01,6.417215801775455475e-03,4.386778175830841064e-01,3.246034979820251465e-01,-9.922965764999389648e-01,4.149686396121978760e-01,1.378966808319091797e+00,-1.899567842483520508e-01,3.485902547836303711e-01,1.664072036743164062e+00,2.887338161468505859e+00,7.833669185638427734e-01,2.872159242630004883e+00,1.386465191841125488e+00,9.441111087799072266e-01,6.627438664436340332e-01,-9.060046076774597168e-01,3.572380244731903076e-01,9.937154650688171387e-01,-1.454077005386352539e+00,4.968251585960388184e-01,-5.045177936553955078e-01,2.351307123899459839e-01,6.515396237373352051e-01,-9.218199849128723145e-01,-1.378442496061325073e-01,7.838570475578308105e-01,-1.354336380958557129e+00,7.079346179962158203e-01,-1.171875715255737305e+00,9.003329873085021973e-01,1.565297484397888184e+00,1.250527858734130859e+00,2.130757719278335571e-01,-3.099601268768310547e-01,8.685261011123657227e-01,4.161965250968933105e-01,1.048419356346130371e+00,-1.012048602104187012e+00,-7.620842456817626953e-01,1.457029342651367188e+00,4.806913435459136963e-01,4.047201275825500488e-01,-9.505507349967956543e-01,-4.963237643241882324e-01,-1.459969401359558105e+00,6.290283799171447754e-01,4.983812272548675537e-01,1.028054118156433105e+00,1.857128292322158813e-01,-4.691353533416986465e-03,-5.360915660858154297e-01,-1.404239535331726074e+00,-8.739750385284423828e-01,9.589239358901977539e-01,1.172813653945922852e+00,-7.581048011779785156e-01,1.118244767189025879e+00,1.934014320373535156e+00,-3.260740995407104492e+00,-2.803823351860046387e-01,2.190282493829727173e-01,8.749352693557739258e-01,-1.808025240898132324e-01,2.965981066226959229e-01,-8.702017664909362793e-01,-6.307193040847778320e-01,-1.535490393638610840e+00,-3.810043931007385254e-01,-1.193517327308654785e+00,-5.039994716644287109e-01,-1.230479124933481216e-02,-1.336078494787216187e-01
-1.766908168792724609e+00,1.788800358772277832e+00,-8.951052278280258179e-02,4.200155436992645264e-01,-1.967496424913406372e-01,2.452915608882904053e-01,5.614590644836425781e-02,-8.515530824661254883e-01,-1.631283521419391036e-04,6.190450787544250488e-01,3.030305914580821991e-02,-1.185791850090026855e+00,-2.544432580471038818e-01,-2.943065762519836426e-01,1.025046110153198242e+00,8.565676808357238770e-01,1.136454224586486816e+00,8.246971964836120605e-01,6.135379672050476074e-01,-1.187115907669067383e-02,7.244908809661865234e-01,8.720526695251464844e-01,-2.768812775611877441e-01,-1.163252949714660645e+00,-8.783507943153381348e-01,1.565629601478576660e+00,-7.702514529228210449e-01,-1.821055561304092407e-01,4.266178905963897705e-01,1.525230407714843750e-01,1.872215986251831055e+00,-2.090715914964675903e-01,3.813770040869712830e-02,8.747633099555969238e-01,-1.718410015106201172e+00,-1.230992555618286133e+00,5.400601625442504883e-01,-9.212255477905273438e-01,-2.069703102111816406e+00,2.091307878494262695e+00,-3.150513768196105957e-01,-5.382601022720336914e-01,-1.897321701049804688e+00,1.360289603471755981e-01,6.996509432792663574e-02,1.775489896535873413e-01,-7.516514658927917480e-01,-4.751804843544960022e-02,-4.430788159370422363e-01,3.784022629261016846e-01,5.282815098762512207e-01,7.877327799797058105e-01,1.744275689125061035e+00,-1.282108187675476074e+00,-6.939856410026550293e-01,5.201949179172515869e-02,-8.391431570053100586e-01,1.468416154384613037e-01,1.928399652242660522e-01,-9.251182079315185547e-01,-1.799242615699768066e+00,-8.168804049491882324e-01,-1.442962527275085449e+00,-3.082522451877593994e-01,-6.734071373939514160e-01,2.978106774389743805e-02,5.864145159721374512e-01,1.893741339445114136e-01,-6.375241875648498535e-01,5.851734876632690430e-01,7.153325080871582031e-01,2.350951582193374634e-01,1.229782938957214355e+00,9.668885469436645508e-01,-5.023655891418457031e-01,3.909358754754066467e-02,-1.677966117858886719e+00,1.366871714591979980e+00,-6.171311736106872559e-01,8.116074604913592339e-04,3.195432424545288086e-01,1.547918438911437988e+00,-5.100803971290588379e-01,-5.635674297809600830e-02,-9.433594942092895508e-01,-1.618800640106201172e+00,-1.997934222221374512e+00,-1.071594238281250000e+00,-2.388860657811164856e-02,-5.393826365470886230e-01,1.581462383270263672e+00,1.103409051895141602e+00,7.615712285041809082e-01,-9.157905578613281250e-01,2.208669900894165039e+00,6.038079261779785156e-01,5.724893808364868164e-01,-6.646158695220947266e-01,1.127704858779907227e+00,1.619298696517944336e+00
-2.964360117912292480e-01,-4.862664937973022461e-01,9.394225478172302246e-01,-5.247638821601867676e-01,1.136089086532592773e+00,2.870809733867645264e-01,-8.874283730983734131e-02,-3.599102199077606201e-01,-3.393687009811401367e-01,1.610217541456222534e-01,-6.139855384826660156e-01,9.942814111709594727e-01,-1.002964138984680176e+00,-9.946642518043518066e-01,6.961637139320373535e-01,-8.522863388061523438e-01,-9.805904626846313477e-01,2.405083894729614258e+00,5.852528214454650879e-01,-1.240045905113220215e+00,7.613547444343566895e-01,5.504984781146049500e-02,-3.898937106132507324e-01,4.145016372203826904e-01,-5.177609324455261230e-01,-8.032893538475036621e-01,8.488637208938598633e-01,-9.399309009313583374e-02,1.041573360562324524e-01,4.994755387306213379e-01,-8.137095570564270020e-01,-1.237609505653381348e+00,9.688503146171569824e-01,-1.345282793045043945e-01,-8.476738333702087402e-01,1.485629916191101074e+00,1.119213342666625977e+00,1.228638887405395508e+00,1.957976937294006348e+00,5.891286134719848633e-01,8.876286745071411133e-01,3.474973142147064209e-01,9.510288238525390625e-01,5.871002078056335449e-01,1.404993653297424316e+00,-6.760165691375732422e-01,1.472482562065124512e+00,1.086179018020629883e+00,2.758495807647705078e-01,6.054595485329627991e-02,1.819880604743957520e-01,3.461256623268127441e-01,7.128283381462097168e-01,-3.714722990989685059e-01,1.531397819519042969e+00,-2.632385790348052979e-01,-3.058397769927978516e-01,-7.065935730934143066e-01,2.887458801269531250e-01,-3.022730350494384766e-01,-1.271493196487426758e+00,-3.764874339103698730e-01,4.917965829372406006e-01,-1.191687881946563721e-01,1.655229628086090088e-01,-5.836103558540344238e-01,-8.437423706054687500e-01,9.828792512416839600e-02,8.946243524551391602e-01,4.605286717414855957e-01,1.123800992965698242e+00,8.389223814010620117e-01,1.012335538864135742e+00,4.365768656134605408e-02,1.854342937469482422e+00,1.088500916957855225e-01,-5.113691091537475586e-01,-1.313003182411193848e+00,-1.624048203229904175e-01,4.804520308971405029e-01,6.299434304237365723e-01,-3.419072628021240234e-01,8.661620616912841797e-01,-1.231418490409851074e+00,-1.880982071161270142e-01,1.064426183700561523e+00,1.005996465682983398e+00,-7.016137242317199707e-01,-1.581214308738708496e+00,-7.821800112724304199e-01,4.246330857276916504e-01,-3.414722084999084473e-01,-1.167766213417053223e+00,-8.006270527839660645e-01,2.054247617721557617e+00,1.303242802619934082e+00,3.755409121513366699e-01,1.125511050224304199e+00,-7.239409536123275757e-02,1.441195368766784668e+00
-5.432147383689880371e-01,4.308695495128631592e-01,-1.012805327773094177e-01,-8.206554055213928223e-01,7.517486214637756348e-01,1.034490823745727539e+00,-3.608487173914909363e-02,-1.299034476280212402e+00,9.634134173393249512e-01,1.066423654556274414e+00,-1.113346934318542480e+00,1.081572175025939941e+00,-1.059853807091712952e-01,4.330001771450042725e-01,1.262547731399536133e+00,-3.718020021915435791e-01,-1.807129144668579102e+00,-1.054231047630310059e+00,2.951074540615081787e-01,-4.752174019813537598e-02,5.262892246246337891e-01,2.626928567886352539e+00,-5.942805856466293335e-02,-3.398831784725189209e-01,9.035161733627319336e-01,-9.881207346916198730e-01,-5.730676054954528809e-01,8.435478210449218750e-01,7.838292717933654785e-01,-1.965312473475933075e-02,9.625651240348815918e-01,-1.558357238769531250e+00,1.871843576431274414e+00,1.977033615112304688e+00,-1.772067070007324219e+00,9.128913283348083496e-01,-4.447605013847351074e-01,-9.126226902008056641e-01,-1.170162200927734375e+00,-3.631137683987617493e-02,-1.303101480007171631e-01,6.180952191352844238e-01,1.123049557209014893e-01,7.204546332359313965e-01,2.285244464874267578e+00,2.662799358367919922e-01,-5.079552158713340759e-02,-8.948051333427429199e-01,-6.780142784118652344e-01,6.765788197517395020e-01,-1.120537742972373962e-01,-4.911653995513916016e-01,2.529238164424896240e-02,1.114507317543029785e+00,-1.077420353889465332e+00,-1.900674961507320404e-02,-1.798917174339294434e+00,-8.009387850761413574e-01,4.229916632175445557e-01,-5.017452836036682129e-01,-7.856344580650329590e-01,4.239897429943084717e-02,9.897696971893310547e-01,-1.279747366905212402e+00,1.071898460388183594e+00,1.735483050346374512e+00,1.180872917175292969e+00,-1.944029778242111206e-01,-3.805244863033294678e-01,3.958362340927124023e-01,3.459774851799011230e-01,1.964113354682922363e+00,-8.628013730049133301e-01,6.608183383941650391e-01,4.936534166336059570e-01,-5.000807642936706543e-01,3.835506737232208252e-01,1.425123929977416992e+00,-8.745585083961486816e-01,9.136960506439208984e-01,-2.731440663337707520e-01,-1.543699860572814941e+00,-1.113981246948242188e+00,1.746191829442977905e-01,3.601111471652984619e-01,-7.994091510772705078e-01,-5.982244610786437988e-01,-1.341671347618103027e+00,-4.779541194438934326e-01,-6.642857193946838379e-01,-1.625416278839111328e+00,-3.333547115325927734e-01,1.053324460983276367e+00,-8.492566347122192383e-01,-6.392747759819030762e-01,1.915267467498779297e+00,-1.191404461860656738e+00,1.476002693176269531e+00,-1.536329984664916992e+00,-1.310365080833435059e+00
1.499485254287719727e+00,-1.064978599548339844e+00,-2.865372002124786377e-01,-9.769262075424194336e-01,-4.518355727195739746e-01,-1.328575491905212402e+00,2.681598663330078125e-01,-4.488892257213592529e-01,-7.588213086128234863e-01,-1.547527194023132324e+00,-6.086143255233764648e-01,1.987077295780181885e-02,8.109599351882934570e-01,-1.065748929977416992e+00,1.854338884353637695e+00,8.067061305046081543e-01,5.057639479637145996e-01,-8.748729825019836426e-01,-9.023871421813964844e-01,-1.808123350143432617e+00,-9.983487427234649658e-02,-1.000394582748413086e+00,-9.141126871109008789e-01,1.886732697486877441e+00,-1.048998385667800903e-01,-1.147945895791053772e-01,5.730580687522888184e-01,-5.722208619117736816e-01,-1.489484906196594238e+00,-5.949231982231140137e-02,-4.161801934242248535e-01,1.686457514762878418e+00,5.118362903594970703e-01,1.138041138648986816e+00,-6.843801140785217285e-01,5.331425070762634277e-01,9.337610602378845215e-01,-6.832432746887207031e-01,-4.413948655128479004e-01,8.304049074649810791e-02,-1.516708433628082275e-01,-2.514535427093505859e+00,-1.890596747398376465e+00,-6.347600221633911133e-01,-7.747570872306823730e-01,4.067597985267639160e-01,2.216836929321289062e+00,7.432737946510314941e-01,-6.416249275207519531e-01,3.078778088092803955e-01,-2.079580351710319519e-02,-3.429551422595977783e-01,-4.209736585617065430e-01,1.111246824264526367e+00,2.026713848114013672e+00,2.765583992004394531e+00,-1.389154434204101562e+00,-2.149809449911117554e-01,-8.392948508262634277e-01,1.128955006599426270e+00,6.792626380920410156e-01,1.171657666563987732e-01,-1.055302500724792480e+00,9.999069571495056152e-01,-7.326366901397705078e-01,2.947190031409263611e-02,1.482578039169311523e+00,-2.457813359797000885e-02,1.616701841354370117e+00,-4.631807506084442139e-01,-4.046273529529571533e-01,-9.620549678802490234e-01,5.227966308593750000e-01,-1.640891432762145996e+00,1.249786853790283203e+00,-1.551383495330810547e+00,-9.374343752861022949e-01,-6.593873500823974609e-01,9.766194820404052734e-01,3.487248718738555908e-01,2.098149061203002930e-01,9.559211134910583496e-01,-1.236932992935180664e+00,7.399942278861999512e-01,-1.630685687065124512e+00,-3.147939443588256836e-01,-2.941205799579620361e-01,1.315996199846267700e-01,-1.769728660583496094e+00,5.081096887588500977e-01,3.283059298992156982e-01,-1.827288150787353516e+00,7.497907876968383789e-01,-5.224847197532653809e-01,1.021090269088745117e+00,-1.182045117020606995e-01,2.003451436758041382e-01,-7.530753612518310547e-01,-8.447462916374206543e-01,5.412548780441284180e-01
-2.281707763671875000e+00,1.335425019264221191e+00,1.598879247903823853e-01,-4.985094964504241943e-01,1.140169024467468262e+00,5.385170578956604004e-01,-1.727830052375793457e+00,-4.369096364825963974e-03,2.321566641330718994e-01,1.449752807617187500e+00,-2.206288836896419525e-02,1.337733864784240723e+00,1.110425114631652832e+00,4.294087886810302734e-01,4.287596046924591064e-02,1.771286010742187500e+00,1.059649139642715454e-01,-6.387552618980407715e-02,1.173721551895141602e+00,3.332449793815612793e-01,7.612324357032775879e-01,1.360603213310241699e+00,7.373993396759033203e-01,-1.285598278045654297e-01,9.058727025985717773e-01,2.568956613540649414e-01,-1.154468178749084473e+00,3.274374902248382568e-01,1.519851326942443848e+00,1.239368557929992676e+00,2.469375133514404297e+00,-3.075302019715309143e-02,3.825878202915191650e-01,-1.188742518424987793e+00,1.391723752021789551e-01,6.328067779541015625e-01,-5.357630848884582520e-01,-3.875034451484680176e-01,2.814908266067504883e+00,-6.443322300910949707e-01,-1.779725909233093262e+00,-1.010013461112976074e+00,2.054638862609863281e-01,-2.464222349226474762e-02,1.929618954658508301e+00,9.375767707824707031e-01,-3.285367190837860107e-01,1.457276463508605957e+00,-8.454639315605163574e-01,1.004888042807579041e-01,9.039032459259033203e-01,-1.431310892105102539e+00,3.115374147891998291e-01,-6.506906151771545410e-01,-5.674835443496704102e-01,-1.002239063382148743e-01,-2.611405253410339355e-01,-9.981309175491333008e-01,-6.640499085187911987e-02,-5.380523204803466797e-01,6.664420962333679199e-01,-1.084771990776062012e+00,-1.918943971395492554e-01,-1.368080735206604004e+00,2.147817611694335938e-01,2.310046195983886719e+00,-1.399755597114562988e+00,-1.749717831611633301e+00,1.291193246841430664e+00,1.482621431350708008e+00,1.567133218050003052e-01,2.799426555633544922e+00,1.887607693672180176e+00,2.803152501583099365e-01,-2.168655097484588623e-01,-8.100598454475402832e-01,-3.432248532772064209e-01,-1.102920174598693848e+00,2.649859189987182617e+00,7.166765928268432617e-01,-5.005662441253662109e-01,-4.606379196047782898e-02,-5.597496777772903442e-02,-1.785021573305130005e-01,-8.385688662528991699e-01,-1.501321792602539062e-01,-6.444204449653625488e-01,2.261474132537841797e-01,2.399614155292510986e-01,5.226027965545654297e-01,-5.680668354034423828e-01,-1.833727598190307617e+00,5.005020499229431152e-01,1.425220012664794922e+00,-1.445624589920043945e+00,-6.889681220054626465e-01,-9.419382214546203613e-01,-1.782467961311340332e+00,-1.670152187347412109e+00,-1.917897224426269531e+00
-8.380125164985656738e-01,-2.244847863912582397e-01,-1.493824839591979980e+00,1.495800256729125977e+00,7.080014944076538086e-01,-7.967079430818557739e-02,-2.568157613277435303e-01,-1.435974717140197754e+00,1.258316278457641602e+00,4.787197113037109375e-01,3.001653850078582764e-01,-9.356428384780883789e-01,-1.126293659210205078e+00,1.607795804738998413e-02,1.038967728614807129e+00,-1.003901124000549316e+00,3.000813722610473633e-01,-6.891269683837890625e-01,1.352110147476196289e+00,-1.790221095085144043e+00,-4.419259727001190186e-01,5.159966349601745605e-01,1.112894192337989807e-01,-1.412044286727905273e+00,-1.096033811569213867e+00,1.089628100395202637e+00,4.152992069721221924e-01,1.295555949211120605e+00,-1.056208252906799316e+00,-2.138016700744628906e+00,1.168073654174804688e+00,-7.406395673751831055e-01,8.883298635482788086e-01,-2.319662719964981079e-01,1.980700731277465820e+00,5.565058588981628418e-01,-1.592706561088562012e+00,5.183560252189636230e-01,-2.263725757598876953e+00,1.321892380714416504e+00,-1.020007431507110596e-01,-4.748441278934478760e-01,-1.375978112220764160e+00,3.580481708049774170e-01,-9.076299071311950684e-01,2.207830667495727539e+00,-2.158126085996627808e-01,1.475085496902465820e+00,1.135641932487487793e+00,1.875971704721450806e-01,6.240245103836059570e-01,1.921121925115585327e-01,-2.012281119823455811e-01,1.299957334995269775e-01,-6.621180772781372070e-01,-7.185438275337219238e-02,-1.430950045585632324e+00,-1.053567886352539062e+00,-3.239801526069641113e-01,-5.358581542968750000e-01,1.587968617677688599e-01,-1.923618316650390625e-01,1.702417492866516113e+00,-1.819613814353942871e+00,-5.053023099899291992e-01,-6.101939827203750610e-02,-8.853963762521743774e-02,4.781618714332580566e-01,1.398067712783813477e+00,1.581638455390930176e+00,1.746360182762145996e+00,1.248716935515403748e-01,1.315390020608901978e-01,7.266130447387695312e-01,1.494863390922546387e+00,-9.549010992050170898e-01,-1.298765182495117188e+00,-1.529132604598999023e+00,-9.179419279098510742e-02,1.474524378776550293e+00,8.471969515085220337e-02,1.555110141634941101e-02,-1.389355510473251343e-01,7.407599091529846191e-01,-1.003015637397766113e+00,-7.720558047294616699e-01,-1.152498483657836914e+00,-1.086952805519104004e+00,8.156466484069824219e-02,6.399854272603988647e-02,1.936365365982055664e+00,-3.668263256549835205e-01,3.242200016975402832e-01,-6.578770279884338379e-01,7.180162668228149414e-01,-4.306410253047943115e-01,1.256459504365921021e-01,1.912888526916503906e+00,7.223384976387023926e-01,-5.027554035186767578e-01
1.859703809022903442e-01,-7.785693407058715820e-01,1.755123972892761230e+00,-1.272144079208374023e+00,2.532208561897277832e-01,9.972788095474243164e-01,-1.395646631717681885e-01,1.093562245368957520e+00,-4.517457783222198486e-01,1.340762734413146973e+00,1.807019710540771484e+00,-1.172088265419006348e+00,-1.244479417800903320e+00,7.803182601928710938e-01,1.622221469879150391e+00,1.048323869705200195e+00,-6.056055426597595215e-01,-5.976461246609687805e-02,7.585827112197875977e-01,-7.166007161140441895e-01,8.160565495491027832e-01,8.691748976707458496e-01,-1.815133571624755859e+00,1.189497590065002441e+00,-1.598428606986999512e+00,-3.954952955245971680e-01,-8.466670513153076172e-01,1.292702257633209229e-01,5.804358124732971191e-01,-4.628107845783233643e-01,5.645129680633544922e-01,1.156396031379699707e+00,6.425237059593200684e-01,4.499343037605285645e-01,-9.590449184179306030e-02,8.324518203735351562e-01,-4.048439264297485352e-01,-3.763773739337921143e-01,-9.033419489860534668e-01,-6.921375989913940430e-01,6.693994402885437012e-01,8.809565901756286621e-01,7.748124748468399048e-02,9.498180150985717773e-01,3.366661667823791504e-01,-1.145561933517456055e+00,-5.094270110130310059e-01,1.278657317161560059e+00,1.864654868841171265e-01,2.152128145098686218e-02,1.855594635009765625e+00,-9.332855939865112305e-01,1.308546662330627441e-01,-9.481478929519653320e-01,-4.021623134613037109e-01,-1.364078998565673828e+00,-1.028776526451110840e+00,-9.241847395896911621e-01,2.212905645370483398e+00,5.948948860168457031e-01,-8.483262062072753906e-01,-9.817660450935363770e-01,-1.119704365730285645e+00,3.835360407829284668e-01,6.861564517021179199e-01,3.713442981243133545e-01,-1.488546490669250488e+00,-8.736321926116943359e-01,-1.319736838340759277e+00,-1.140429735183715820e+00,-7.615612745285034180e-01,-1.643433809280395508e+00,-4.640198945999145508e-01,9.132801294326782227e-01,6.036545634269714355e-01,-6.744148731231689453e-01,-1.364834070205688477e+00,-3.516074419021606445e-01,2.534876167774200439e-01,1.325883865356445312e-01,-2.443211227655410767e-01,9.953485727310180664e-01,-9.029428362846374512e-01,-1.020985960960388184e+00,2.601600289344787598e-01,2.212067365646362305e+00,8.344098925590515137e-01,9.404230117797851562e-01,5.252183079719543457e-01,-1.475795984268188477e+00,8.171133995056152344e-01,-3.668730258941650391e-01,-3.731657564640045166e-01,3.924417495727539062e-01,-9.663549661636352539e-01,1.275030255317687988e+00,3.289954960346221924e-01,1.761999964714050293e+00,-1.235247850418090820e+00,-6.203792989253997803e-02
1.562047958374023438e+00,-6.074014902114868164e-01,-8.413562178611755371e-01,-5.251395702362060547e-01,1.560911536216735840e+00,2.028878927230834961e+00,3.543963134288787842e-01,-1.392986059188842773e+00,2.077182680368423462e-01,9.341716766357421875e-01,7.009853720664978027e-01,-2.225668430328369141e+00,-7.390282154083251953e-01,-1.316655725240707397e-01,1.222926750779151917e-01,7.517734169960021973e-01,-4.587263166904449463e-01,-1.008523225784301758e+00,-9.415361881256103516e-01,9.489349722862243652e-01,1.702418923377990723e-01,-1.209272623062133789e+00,6.788724660873413086e-01,-1.241167306900024414e+00,3.086881637573242188e-01,4.504266977310180664e-01,2.206471748650074005e-02,-1.483414530754089355e+00,1.498294830322265625e+00,-8.212403059005737305e-01,9.323952198028564453e-01,3.525016605854034424e-01,-1.220933437347412109e+00,5.600793957710266113e-01,1.847410649061203003e-01,-1.389530181884765625e+00,2.369210720062255859e-01,9.311950802803039551e-01,-4.155640006065368652e-01,-2.100120782852172852e+00,1.104783892631530762e+00,1.564507007598876953e+00,5.585513114929199219e-01,-1.323901891708374023e+00,5.905445814132690430e-01,-6.521856784820556641e-01,-4.049117565155029297e-01,-2.730147540569305420e-01,4.104169607162475586e-01,-1.586172819137573242e+00,9.434242844581604004e-01,7.068893313407897949e-02,-1.196764111518859863e+00,6.342257857322692871e-01,1.205101907253265381e-01,1.073768496513366699e+00,-9.850296974182128906e-01,1.358903050422668457e+00,-3.125914633274078369e-01,1.572535485029220581e-01,1.712154984474182129e+00,3.537546992301940918e-01,1.420105546712875366e-01,3.506346046924591064e-01,5.500795841217041016e-01,-1.533907055854797363e-01,1.334998130798339844e+00,-6.349753141403198242e-01,6.846486777067184448e-02,1.831672191619873047e-01,-4.330670237541198730e-01,-1.280049562454223633e+00,1.783349156379699707e+00,-7.845184803009033203e-01,7.158632874488830566e-01,2.202976942062377930e-01,-7.190732359886169434e-01,-1.998830795288085938e+00,-3.951355218887329102e-01,1.655790507793426514e-01,4.425935074687004089e-02,2.763274610042572021e-01,1.479637771844863892e-01,-5.497443675994873047e-01,6.864853501319885254e-01,-1.994392156600952148e+00,-4.794865548610687256e-01,2.746629118919372559e-01,-1.025848627090454102e+00,-1.137216806411743164e+00,-1.317666769027709961e+00,6.421648263931274414e-01,-1.047941669821739197e-01,-1.353667676448822021e-01,1.127795219421386719e+00,2.353998422622680664e-01,-2.380605697631835938e+00,-7.182034254074096680e-01,1.257786273956298828e+00,8.033846616744995117e-01
7.832086682319641113e-01,3.384308423846960068e-03,-5.637928247451782227e-01,-7.964827418327331543e-01,-1.776155680418014526e-01,-9.383554458618164062e-01,4.190220534801483154e-01,-7.910225987434387207e-01,-3.596583306789398193e-01,-9.626370072364807129e-01,1.152195096015930176e+00,2.675755023956298828e-01,-2.105494588613510132e-01,2.242275714874267578e+00,1.602256059646606445e+00,1.099977254867553711e+00,-7.512130737304687500e-01,-1.121705412864685059e+00,8.492880151607096195e-04,-7.440357804298400879e-01,8.623894453048706055e-01,-3.942519128322601318e-01,1.349351167678833008e+00,-1.143235564231872559e+00,-1.581590622663497925e-01,1.055440902709960938e+00,7.208371907472610474e-02,-4.824429452419281006e-01,3.352556526660919189e-01,3.914107978343963623e-01,9.979994595050811768e-02,6.456275582313537598e-01,4.435577094554901123e-01,-1.830592900514602661e-01,3.181118667125701904e-01,-1.261045217514038086e+00,1.521601438522338867e+00,-1.952097862958908081e-01,4.518304765224456787e-02,1.181280054152011871e-02,-4.716779589653015137e-01,2.280469089746475220e-01,4.785822629928588867e-01,-2.470872402191162109e+00,1.028988361358642578e-01,3.675263226032257080e-01,6.749603748321533203e-01,1.657183766365051270e+00,-1.458510875701904297e+00,1.287399381399154663e-01,5.255373716354370117e-01,-2.295928001403808594e+00,7.257537543773651123e-02,-3.912082910537719727e-01,-8.178136348724365234e-01,-2.507971763610839844e+00,-6.720707416534423828e-01,-6.445073485374450684e-01,-1.073902606964111328e+00,2.981975115835666656e-02,-6.482756137847900391e-01,1.876448541879653931e-01,1.024617671966552734e+00,8.623062372207641602e-01,2.289191447198390961e-02,4.807124137878417969e-01,-1.382003903388977051e+00,-7.418319582939147949e-02,2.166613638401031494e-01,8.177977800369262695e-01,-1.310162305831909180e+00,-8.899678289890289307e-02,2.051179409027099609e-01,-1.643563866615295410e+00,-1.039152979850769043e+00,-1.439481973648071289e-01,-8.694811463356018066e-01,6.416216492652893066e-01,-1.046999767422676086e-01,-9.598915576934814453e-01,1.607509255409240723e+00,3.670717179775238037e-01,8.731659054756164551e-01,2.289995700120925903e-01,-4.515416324138641357e-01,-3.189118802547454834e-01,-2.329689860343933105e-01,4.117682874202728271e-01,1.246758818626403809e+00,-1.685321688652038574e+00,1.735972642898559570e+00,6.353274583816528320e-01,-9.210125803947448730e-01,-1.529619216918945312e+00,-7.947548627853393555e-01,-1.102826237678527832e+00,2.038105010986328125e+00,-2.835629582405090332e-01,-2.051136016845703125e+00,-1.333769321441650391e+00
4.979099631309509277e-01,4.689199924468994141e-01,-2.290392816066741943e-01,7.529348880052566528e-02,-8.700674772262573242e-01,-1.197746634483337402e+00,-9.456989169120788574e-01,-1.509843021631240845e-01,5.570272207260131836e-01,-1.741657972335815430e+00,-1.717348098754882812e-01,-5.743877887725830078e-01,1.794226884841918945e+00,7.432891130447387695e-01,2.049833089113235474e-01,-2.260881185531616211e+00,-1.232342496514320374e-01,9.609666466712951660e-01,-7.292004674673080444e-02,-1.448824763298034668e+00,2.627556920051574707e-01,-1.004611253738403320e+00,-4.089505672454833984e-01,-4.151412248611450195e-01,-1.308981418609619141e+00,-2.841946184635162354e-01,-7.734307646751403809e-02,-6.376934051513671875e-01,-2.006259746849536896e-02,-3.263872861862182617e-01,-1.285245537757873535e+00,-2.958666682243347168e-01,-3.017943799495697021e-01,1.154317185282707214e-01,5.070775747299194336e-01,-1.190965399146080017e-01,-1.868499636650085449e+00,-8.683847188949584961e-01,-2.119493961334228516e+00,-2.897330522537231445e-01,-8.040567040443420410e-01,4.490841031074523926e-01,1.839113473892211914e+00,-2.734683752059936523e-01,3.223859369754791260e-01,-6.119204759597778320e-01,-1.371735930442810059e+00,-7.538886368274688721e-02,-4.640227258205413818e-01,-1.957427412271499634e-01,1.048403903841972351e-01,-3.752892315387725830e-01,1.119928956031799316e+00,-3.744737505912780762e-01,-6.823546290397644043e-01,7.368327975273132324e-01,-7.226504087448120117e-01,-4.695118069648742676e-01,-1.423275113105773926e+00,2.837351262569427490e-01,1.106839895248413086e+00,-4.812157154083251953e-01,1.438677668571472168e+00,9.574111700057983398e-01,7.281695604324340820e-01,4.706651866436004639e-01,-6.956219077110290527e-01,3.041277825832366943e-01,-6.398618817329406738e-01,1.948745608329772949e+00,-6.140707135200500488e-01,3.879259824752807617e-01,1.089401364326477051e+00,1.099816113710403442e-01,-1.801281332969665527e+00,-1.216478466987609863e+00,-1.437307715415954590e+00,7.933079600334167480e-01,6.393539905548095703e-01,2.985676825046539307e-01,7.996886372566223145e-01,3.097173273563385010e-01,7.147800326347351074e-01,-1.839681714773178101e-01,4.650306105613708496e-01,-8.439111709594726562e-01,3.232212066650390625e-01,-1.898019671440124512e+00,1.045262694358825684e+00,4.127329587936401367e-01,1.639371365308761597e-01,-3.321395814418792725e-01,-4.839143157005310059e-01,3.023474514484405518e-01,8.147879838943481445e-01,-3.989267647266387939e-01,-7.194824218750000000e-01,-1.288092374801635742e+00,3.614967763423919678e-01,-1.212249159812927246e+00
3.684389218688011169e-02,8.930584192276000977e-01,1.293279975652694702e-01,-1.692567169666290283e-01,-3.433717787265777588e-01,1.058484673500061035e+00,-1.049974322319030762e+00,4.131006300449371338e-01,8.923125863075256348e-01,1.356511592864990234e+00,1.282678961753845215e+00,-1.070400714874267578e+00,6.561391949653625488e-01,-1.933502435684204102e+00,1.472084403038024902e+00,9.704228639602661133e-01,-5.146633386611938477e-01,1.663895845413208008e+00,-1.639330685138702393e-01,5.585230588912963867e-01,3.087912797927856445e-01,6.846255660057067871e-01,2.113688707351684570e+00,-4.146453738212585449e-01,-3.152134716510772705e-01,1.014586538076400757e-01,-8.914296030998229980e-01,6.836305856704711914e-01,9.055764079093933105e-01,2.517111897468566895e-01,2.558991611003875732e-01,2.562689781188964844e-01,3.493665456771850586e-01,4.748086333274841309e-01,5.503435730934143066e-01,1.656257867813110352e+00,-7.481319308280944824e-01,-7.664957642555236816e-01,1.429164856672286987e-01,-7.650253176689147949e-02,-1.276837587356567383e+00,1.067410781979560852e-01,-5.425606966018676758e-01,3.533510267734527588e-01,2.261228412389755249e-01,9.998707175254821777e-01,-6.298241019248962402e-01,-7.691152691841125488e-01,3.093694448471069336e-01,2.140884548425674438e-01,-2.301840931177139282e-01,-7.032545208930969238e-01,-4.242351278662681580e-02,-5.989906787872314453e-01,1.511295914649963379e+00,2.173548489809036255e-01,2.952321767807006836e-01,2.125896453857421875e+00,-9.296309947967529297e-01,1.005373597145080566e+00,-3.519201874732971191e-01,1.149596087634563446e-02,-1.083870768547058105e+00,8.640204668045043945e-01,1.035033345222473145e+00,-2.389677911996841431e-01,-2.346626996994018555e+00,1.107517242431640625e+00,-3.775012493133544922e-01,-6.491520404815673828e-01,-1.195917725563049316e+00,-8.875827491283416748e-02,-4.358577132225036621e-01,1.060665369033813477e+00,7.042906433343887329e-02,-4.731483757495880127e-01,1.099431514739990234e+00,3.079306781291961670e-01,1.953597664833068848e-01,-1.064204812049865723e+00,-7.289089262485504150e-02,9.971135295927524567e-03,-2.628780901432037354e-01,7.011719942092895508e-01,8.047226667404174805e-01,-3.930500745773315430e-01,1.785920374095439911e-02,4.341284632682800293e-01,-9.133031368255615234e-01,-6.388708949089050293e-01,-3.689232468605041504e-01,-1.783169865608215332e+00,5.608289241790771484e-01,9.502202868461608887e-01,1.503570199012756348e+00,-4.326193332672119141e-01,1.680296361446380615e-01,-9.172571897506713867e-01,7.887354493141174316e-01,3.538755476474761963e-01
-1.046386241912841797e+00,-9.789062738418579102e-01,-2.525225281715393066e-01,2.546732664108276367e+00,1.559621810913085938e+00,1.125454977154731750e-01,-9.670680761337280273e-01,2.396771669387817383e+00,4.366346001625061035e-01,-1.888734996318817139e-01,6.941918134689331055e-01,-6.654875874519348145e-01,1.019039273262023926e+00,-3.005768358707427979e-01,-1.676014661788940430e+00,-1.342683911323547363e+00,1.219390988349914551e+00,6.418939679861068726e-02,8.333107829093933105e-02,3.020260930061340332e-01,6.446549892425537109e-01,-2.616275250911712646e-01,2.473151922225952148e+00,3.014088869094848633e-01,8.822794258594512939e-02,6.061886548995971680e-01,-6.914681941270828247e-02,4.565014541149139404e-01,3.565438985824584961e-01,-7.556874752044677734e-01,5.579569935798645020e-01,-3.288377523422241211e-01,7.628051042556762695e-01,3.354873955249786377e-01,-8.295980691909790039e-01,9.367818012833595276e-03,-3.857732117176055908e-01,6.282519549131393433e-02,-4.753048121929168701e-01,-1.404032707214355469e+00,-7.111309170722961426e-01,2.797846868634223938e-02,-5.349760055541992188e-01,1.510710597038269043e+00,-1.315079689025878906e+00,6.904097795486450195e-01,2.107630223035812378e-01,2.653980851173400879e-01,-9.991490840911865234e-01,1.287392228841781616e-01,4.051708281040191650e-01,-5.503327250480651855e-01,5.413077473640441895e-01,-8.436895608901977539e-01,4.104993939399719238e-01,1.565604090690612793e+00,2.451972484588623047e+00,-1.268072605133056641e+00,-5.484099686145782471e-02,3.272082209587097168e-01,7.620427757501602173e-02,-1.905436068773269653e-01,6.670635342597961426e-01,6.623267531394958496e-01,-3.457681536674499512e-01,-3.783653974533081055e-01,-1.780600428581237793e+00,4.488826990127563477e-01,2.443943738937377930e+00,6.130328029394149780e-02,-5.068284273147583008e-01,3.431840741541236639e-04,-1.349932909011840820e+00,9.705613255500793457e-01,-3.670204579830169678e-01,3.383132815361022949e-01,-1.212098121643066406e+00,9.527174234390258789e-01,1.146763324737548828e+00,-1.425299495458602905e-01,-2.226818084716796875e+00,-6.740229129791259766e-01,1.685493707656860352e+00,-8.892183303833007812e-01,1.572423696517944336e+00,1.698063760995864868e-01,6.094731092453002930e-01,-2.963494956493377686e-01,-6.278712749481201172e-01,-2.700114846229553223e-01,-1.021572232246398926e+00,1.820988178253173828e+00,-5.859009623527526855e-01,9.177608788013458252e-02,4.025076329708099365e-02,-3.153054043650627136e-02,1.036253049969673157e-01,-4.156725108623504639e-01,9.773949980735778809e-01,-4.409510791301727295e-01
-2.824531793594360352e-01,-1.055582046508789062e+00,-5.885095596313476562e-01,1.247641682624816895e+00,-2.952260076999664307e-01,7.777847647666931152e-01,-9.106845855712890625e-01,1.624472141265869141e+00,1.745359420776367188e+00,1.170685738325119019e-01,7.053490877151489258e-01,5.617356896400451660e-01,6.589926481246948242e-01,-2.412355422973632812e+00,-6.291810274124145508e-01,-2.486462742090225220e-01,-1.722379922866821289e+00,-1.529633998870849609e+00,8.202431797981262207e-01,-6.790208220481872559e-01,6.839483976364135742e-01,-6.859688162803649902e-01,-2.178298532962799072e-01,1.564727783203125000e+00,1.080070994794368744e-02,-1.044963955879211426e+00,1.545291423797607422e+00,-4.348633289337158203e-01,1.111268401145935059e+00,-2.631476223468780518e-01,8.634312152862548828e-01,8.024637103080749512e-01,-1.054919362068176270e+00,-1.847900003194808960e-01,1.000227093696594238e+00,2.051755666732788086e+00,1.075686931610107422e+00,-4.278246462345123291e-01,5.012279748916625977e-01,2.134603500366210938e+00,1.768674612045288086e+00,-1.371834039688110352e+00,-2.000555098056793213e-01,-3.809321820735931396e-01,-1.267245888710021973e+00,-1.841212064027786255e-01,9.552393555641174316e-01,-1.497446894645690918e+00,-5.210164785385131836e-01,1.359934926033020020e+00,-1.938022822141647339e-01,1.045656681060791016e+00,-1.574225537478923798e-02,9.198236465454101562e-02,1.325553894042968750e+00,-5.120230317115783691e-01,-1.108137130737304688e+00,-8.992263674736022949e-01,-7.264566421508789062e-01,6.980628371238708496e-01,-3.883826732635498047e-01,-4.144611954689025879e-01,-1.716834306716918945e-01,-4.714378416538238525e-01,-7.048149108886718750e-01,-1.866075396537780762e+00,-1.148360252380371094e+00,-5.211360454559326172e-01,6.921241879463195801e-01,1.256746768951416016e+00,-6.987191736698150635e-02,-9.020022749900817871e-01,7.353185415267944336e-01,2.111625671386718750e+00,5.943960547447204590e-01,-7.547218203544616699e-01,1.072319030761718750e+00,5.473609566688537598e-01,8.452664315700531006e-02,-8.873609304428100586e-01,1.106088876724243164e+00,7.228863239288330078e-01,3.892859518527984619e-01,3.926184400916099548e-02,-1.115181446075439453e+00,-1.256174147129058838e-01,1.509133458137512207e+00,-1.223263263702392578e+00,2.134022861719131470e-01,-1.347722768783569336e+00,1.294452071189880371e+00,8.261612057685852051e-01,1.172751426696777344e+00,-1.804856419563293457e+00,-1.545305609703063965e+00,-1.082279205322265625e+00,-5.456020310521125793e-02,-1.676990389823913574e-01,-5.781795978546142578e-01,-4.912441670894622803e-01
-8.804998397827148438e-01,-5.226045250892639160e-01,-1.803218245506286621e+00,-1.436641216278076172e+00,-1.054801940917968750e+00,-3.242832422256469727e-01,-1.253515005111694336e+00,1.729750186204910278e-01,-2.050721198320388794e-01,-1.264745831489562988e+00,-1.121829390525817871e+00,-2.193745821714401245e-01,-5.150894522666931152e-01,-5.202769041061401367e-01,4.562574326992034912e-01,4.935010075569152832e-01,1.307515740394592285e+00,6.717219352722167969e-01,-2.478735923767089844e+00,3.259858814999461174e-03,4.026429355144500732e-01,2.798562943935394287e-01,-1.053764224052429199e+00,-1.160523891448974609e-01,-2.522102117538452148e+00,7.970981001853942871e-01,-6.570928543806076050e-02,2.357220798730850220e-01,1.729307889938354492e+00,1.565396308898925781e+00,-5.709437131881713867e-01,7.670680284500122070e-01,-1.018426299095153809e+00,-1.620236396789550781e+00,1.790378570556640625e+00,8.217804431915283203e-01,1.201017498970031738e+00,5.721836686134338379e-01,6.105883717536926270e-01,1.624602079391479492e+00,1.510092020034790039e-01,1.006200194358825684e+00,-5.033186078071594238e-01,2.308223962783813477e+00,-4.278820753097534180e-01,-1.448755621910095215e+00,-1.058695554733276367e+00,-1.665892153978347778e-01,2.531482219696044922e+00,-5.133135914802551270e-01,1.049603104591369629e+00,1.514657020568847656e+00,-3.957191705703735352e-01,1.004417315125465393e-01,-9.710794091224670410e-01,-1.251259684562683105e+00,-9.015185236930847168e-01,1.210883617401123047e+00,-2.478530406951904297e+00,-3.662323355674743652e-01,5.562085509300231934e-01,-1.406258642673492432e-01,-3.124966025352478027e-01,-1.476337075233459473e+00,7.277728915214538574e-01,-1.696010529994964600e-01,-1.208093881607055664e+00,-8.507587313652038574e-01,-7.429888844490051270e-01,1.636955976486206055e+00,1.544994115829467773e+00,2.964096367359161377e-01,2.398062646389007568e-01,-8.059619069099426270e-01,-2.697074115276336670e-01,4.703229665756225586e-01,-5.883442759513854980e-01,-5.499453470110893250e-02,-1.169489741325378418e+00,1.669773340225219727e+00,1.634826540946960449e+00,3.469437360763549805e-01,-9.912222027778625488e-01,6.187834739685058594e-01,-1.011008262634277344e+00,-1.364906191825866699e+00,-1.478814244270324707e+00,-5.106019787490367889e-03,1.364042878150939941e+00,-2.765650749206542969e-01,-6.398889236152172089e-03,-1.157117724418640137e+00,-6.572996824979782104e-02,8.855934143066406250e-01,1.655430078506469727e+00,9.034847021102905273e-01,4.116430580615997314e-01,-2.845034003257751465e-01,7.972975969314575195e-01,4.958417415618896484e-01
-1.542990088462829590e+00,1.877914190292358398e+00,1.694215059280395508e+00,2.123312056064605713e-01,-4.942407310009002686e-01,-7.829973697662353516e-01,-3.865079283714294434e-01,2.475817054510116577e-01,9.283360242843627930e-01,8.314198255538940430e-01,7.477258890867233276e-02,-3.098871707916259766e-01,1.865909844636917114e-01,2.961678206920623779e-01,-1.084479764103889465e-01,1.672063916921615601e-01,2.201084136962890625e+00,7.113254070281982422e-01,-1.371052712202072144e-01,2.427537739276885986e-01,-1.415802687406539917e-01,-8.911046981811523438e-01,-6.104747056961059570e-01,8.920058608055114746e-01,-5.924342274665832520e-01,-7.827287316322326660e-01,-1.187277026474475861e-02,1.108964085578918457e+00,8.577088713645935059e-01,-3.154002428054809570e-01,-7.459884285926818848e-01,-1.288883209228515625e+00,8.112142682075500488e-01,-1.201063871383666992e+00,3.472166061401367188e-01,-5.037665963172912598e-01,-1.226597070693969727e+00,-1.233137369155883789e+00,-1.269418597221374512e-01,1.921576023101806641e+00,1.861090958118438721e-01,7.054407000541687012e-01,1.440756678581237793e+00,-1.213066339492797852e+00,-5.129699707031250000e-01,2.916332006454467773e+00,8.428382873535156250e-01,-1.463825464248657227e+00,6.497579813003540039e-01,-3.073805093765258789e+00,-1.503490328788757324e+00,-8.332220911979675293e-01,6.301144957542419434e-01,2.691950559616088867e+00,-1.720705479383468628e-01,-3.009141385555267334e-01,-1.245523810386657715e+00,-4.970709234476089478e-02,2.580642938613891602e+00,-7.326275706291198730e-01,1.179732561111450195e+00,1.921732664108276367e+00,-2.546160221099853516e-01,-6.533268094062805176e-01,5.801459550857543945e-01,1.784039735794067383e-01,-4.559468030929565430e-01,-4.887695908546447754e-01,8.012738823890686035e-02,-4.768674671649932861e-01,-3.301517292857170105e-02,3.194009780883789062e+00,1.478908181190490723e+00,1.352547764778137207e+00,2.923208475112915039e-01,-1.263873219490051270e+00,-1.891228407621383667e-01,1.017114520072937012e+00,2.833912372589111328e-01,-3.844164907932281494e-01,1.633188605308532715e+00,1.073464155197143555e+00,3.228797018527984619e-02,-5.343127846717834473e-01,4.485262557864189148e-02,-1.353114247322082520e+00,7.176352143287658691e-01,2.774253487586975098e-01,-1.981612443923950195e+00,-3.918575048446655273e-01,-1.885085850954055786e-01,-6.327790617942810059e-01,-8.636963963508605957e-01,1.592494726181030273e+00,1.963497638702392578e+00,4.772187173366546631e-01,-1.184235215187072754e+00,-1.309021830558776855e+00,-1.657066345214843750e-01,-1.657199144363403320e+00
1.007941603660583496e+00,4.213555157184600830e-02,-6.016211509704589844e-01,3.674208223819732666e-01,2.639842927455902100e-01,1.216557264328002930e+00,2.429493188858032227e+00,-3.961639404296875000e-01,-1.261088371276855469e+00,2.874696850776672363e-01,6.035465002059936523e-01,4.552271068096160889e-01,4.995951056480407715e-01,-3.717002868652343750e-01,-1.005707383155822754e+00,-5.339952707290649414e-01,-1.301866054534912109e+00,1.222857952117919922e+00,3.960078582167625427e-02,3.136995434761047363e-01,9.516335725784301758e-01,-2.514202594757080078e-01,-1.144146919250488281e+00,7.479684948921203613e-01,9.867648482322692871e-01,-1.050671219825744629e+00,-3.461824655532836914e-01,-8.803631067276000977e-01,-6.648578643798828125e-01,8.107308745384216309e-01,1.299677610397338867e+00,-1.342503786087036133e+00,-1.016128897666931152e+00,1.460977315902709961e+00,1.714944392442703247e-01,5.348910391330718994e-02,2.081519365310668945e+00,-1.902681440114974976e-01,2.135962963104248047e+00,-1.208271622657775879e+00,-2.439135313034057617e-01,1.495248317718505859e+00,5.791887044906616211e-01,1.864099979400634766e+00,1.749318540096282959e-01,1.188993811607360840e+00,-1.090954542160034180e-01,1.386529684066772461e+00,8.931877464056015015e-02,1.725791543722152710e-01,1.616880297660827637e+00,3.824516832828521729e-01,8.012182265520095825e-02,1.193040490150451660e+00,-1.907712668180465698e-01,1.945308446884155273e+00,-4.818842113018035889e-01,1.468163490295410156e+00,6.322323083877563477e-01,1.441553682088851929e-01,2.417161226272583008e+00,2.816325426101684570e+00,3.675204142928123474e-02,-1.966697096824645996e+00,-3.819641172885894775e-01,-1.242076516151428223e+00,3.958347737789154053e-01,7.616661787033081055e-01,-5.959204435348510742e-01,-1.169460639357566833e-01,-1.201038599014282227e+00,-3.101484477519989014e-01,-7.395156025886535645e-01,1.134605705738067627e-01,-5.139549970626831055e-01,1.068047404289245605e+00,9.898722171783447266e-01,-2.922904491424560547e+00,-2.657802104949951172e-01,6.517679095268249512e-01,-1.534585058689117432e-01,2.134280353784561157e-01,1.123522371053695679e-01,3.632163107395172119e-01,6.963630318641662598e-01,5.507774353027343750e-01,-1.310065150260925293e+00,4.813906252384185791e-01,5.779820084571838379e-01,-1.402416944503784180e+00,-2.216872125864028931e-01,-2.505522072315216064e-01,-7.565689682960510254e-01,6.490010619163513184e-01,-3.481864333152770996e-01,1.475442051887512207e+00,-3.462724983692169189e-01,-3.324031233787536621e-01,1.460677981376647949e-01,-7.777158021926879883e-01
-1.490086913108825684e+00,9.417102336883544922e-01,8.663273453712463379e-01,-1.019284248352050781e+00,1.172669172286987305e+00,-1.319654583930969238e+00,6.667515039443969727e-01,4.087004363536834717e-01,-3.044794201850891113e-01,1.316282272338867188e+00,-2.272044420242309570e-01,-1.339221596717834473e+00,-1.002003073692321777e+00,-9.079245850443840027e-03,4.234254062175750732e-01,1.378370881080627441e+00,2.497295439243316650e-01,-2.608938515186309814e-01,-1.830613464117050171e-01,-6.244310736656188965e-01,4.702924787998199463e-01,-6.604591608047485352e-01,-1.054844021797180176e+00,7.867761850357055664e-01,3.061786890029907227e-01,1.138295531272888184e+00,-6.485397815704345703e-01,2.700209319591522217e-01,1.043361425399780273e+00,1.430717825889587402e+00,3.253729343414306641e-01,-6.098558306694030762e-01,1.554411649703979492e+00,1.505378365516662598e+00,-5.114162564277648926e-01,5.351726412773132324e-01,2.215216159820556641e+00,4.797984063625335693e-01,-2.789716720581054688e-01,-2.459918260574340820e+00,-8.889370560646057129e-01,5.442385673522949219e-01,9.283289909362792969e-01,1.988844513893127441e+00,-9.336634278297424316e-01,1.678103357553482056e-01,2.155297845602035522e-01,-2.826561629772186279e-01,-5.617200732231140137e-01,-4.562097601592540741e-03,-1.339933872222900391e+00,-9.737782478332519531e-01,2.975778877735137939e-01,1.618221700191497803e-01,4.109000563621520996e-01,1.379744768142700195e+00,4.793983995914459229e-01,-1.660472512245178223e+00,-1.951275467872619629e+00,-4.654763340950012207e-01,-2.654637694358825684e-01,3.448611795902252197e-01,3.155679106712341309e-01,1.769945383071899414e+00,5.812376737594604492e-01,5.234209448099136353e-02,7.468119859695434570e-01,-2.727528810501098633e-01,1.811591535806655884e-01,9.597942829132080078e-01,1.730856299400329590e+00,1.489440649747848511e-01,1.202920675277709961e+00,8.655340224504470825e-02,-5.986742973327636719e-01,-1.720631271600723267e-01,-1.114669799804687500e+00,8.939300179481506348e-01,-3.458580970764160156e-01,-5.010352730751037598e-01,1.569531559944152832e+00,-7.636559009552001953e-01,-1.514654636383056641e+00,-1.838222742080688477e-01,3.977050185203552246e-01,-2.026297092437744141e+00,-1.015004396438598633e+00,1.628450870513916016e+00,4.326336085796356201e-01,1.972962021827697754e-01,-6.650861501693725586e-01,-7.149566411972045898e-01,-1.384723305702209473e+00,2.128998756408691406e+00,-1.952456355094909668e+00,-5.395143032073974609e-01,-2.748372316360473633e+00,-1.140410065650939941e+00,-1.401678286492824554e-02,-2.788857936859130859e+00
