4.962038695812225342e-01,3.050418496131896973e-01,-1.221846103668212891e+00,-6.011366099119186401e-02,-2.915028855204582214e-02,-2.426618486642837524e-01,-1.353524625301361084e-01,1.125000596046447754e+00,-4.984813928604125977e-01,-5.455196499824523926e-01,-5.181525647640228271e-02,1.097673416137695312e+00,-2.269944250583648682e-01,-6.179486513137817383e-01,-7.392291426658630371e-01,-1.539243102073669434e+00,8.402764201164245605e-01,-3.495686948299407959e-01,-2.919327318668365479e-01,7.688946127891540527e-01,9.229242801666259766e-01,-5.784048438072204590e-01,-3.508149087429046631e-01,1.646478474140167236e-01,-1.748427152633666992e+00,-1.103496074676513672e+00,-5.400504544377326965e-02,3.631033003330230713e-02,-4.467954337596893311e-01,2.744834899902343750e+00,4.124297499656677246e-01,-8.732476830482482910e-01,-1.770465075969696045e-01,1.844614595174789429e-01,-1.413177847862243652e+00,1.201016426086425781e+00,1.126042246818542480e+00,-8.804638683795928955e-02,1.356974244117736816e+00,1.372809767723083496e+00,-1.275791168212890625e+00,-4.902215301990509033e-01,-6.619280204176902771e-03,-1.574089646339416504e+00,3.167123198509216309e-01,1.433784246444702148e+00,3.699263632297515869e-01,7.085032463073730469e-01,9.684365987777709961e-02,-7.071606516838073730e-01,1.175025939941406250e+00,-3.034868538379669189e-01,7.202286720275878906e-01,-3.634960949420928955e-01,3.302812874317169189e-01,4.782786369323730469e-01,6.075819134712219238e-01,-1.099395036697387695e+00,1.024568080902099609e+00,-7.308709621429443359e-01,1.097453951835632324e+00,-1.088964343070983887e+00,6.667058467864990234e-01,-1.796249508857727051e+00,-5.894529819488525391e-01,-2.637349069118499756e-01,-8.822654485702514648e-01,-1.652945041656494141e+00,4.977661371231079102e-01,1.092318892478942871e+00,1.188276171684265137e+00,1.376437902450561523e+00,-2.588750422000885010e-01,-6.049277186393737793e-01,-1.470098257064819336e+00,-7.513086199760437012e-01,2.079117447137832642e-01,7.433181405067443848e-01,-1.156434059143066406e+00,-2.334616482257843018e-01,-6.860731840133666992e-01,5.952469110488891602e-01,-2.235654443502426147e-01,-8.488144725561141968e-02,-1.465515643358230591e-01,6.841532588005065918e-01,1.466182947158813477e+00,-5.319265723228454590e-01,-1.141103029251098633e+00,3.500400483608245850e-01,-3.824685215950012207e-01,-1.404589712619781494e-01,7.880589962005615234e-01,1.729017138481140137e+00,1.606521457433700562e-01,5.043476819992065430e-01,-3.670992851257324219e-01,6.793466806411743164e-01,5.366520881652832031e-01,-6.296898722648620605e-01
4.740328490734100342e-01,-1.399035692214965820e+00,-1.216274499893188477e-01,-8.628416657447814941e-01,1.473853588104248047e+00,-1.121841430664062500e+00,1.161806941032409668e+00,6.420781016349792480e-01,-1.285574287176132202e-01,2.368431687355041504e-01,2.595358788967132568e-01,-1.352249383926391602e-01,2.102513074874877930e+00,2.885020732879638672e+00,1.342557787895202637e+00,1.130217164754867554e-01,-6.525604724884033203e-01,-7.105706334114074707e-01,-1.832378655672073364e-01,-2.139208093285560608e-02,-1.658058017492294312e-01,-4.730347096920013428e-01,-4.356521368026733398e-01,1.490078330039978027e+00,6.703154444694519043e-01,-2.067996114492416382e-01,7.821122407913208008e-01,-2.587575316429138184e-01,1.319176673889160156e+00,8.346004486083984375e-01,-4.799337387084960938e-01,4.254481196403503418e-01,-8.925843834877014160e-01,1.390972174704074860e-02,8.616114258766174316e-01,1.612221598625183105e+00,9.152611494064331055e-01,1.529724746942520142e-01,-2.114386260509490967e-01,-1.327757686376571655e-01,-1.323554277420043945e+00,-9.532184004783630371e-01,1.235256195068359375e-01,-7.198248505592346191e-01,5.078463554382324219e-01,2.394735664129257202e-01,-7.568016052246093750e-01,5.880857110023498535e-01,-5.847210288047790527e-01,1.797942072153091431e-01,1.561952471733093262e+00,-1.720075964927673340e+00,1.009816408157348633e+00,5.592629313468933105e-02,1.020959205925464630e-02,2.008224487304687500e+00,2.427200973033905029e-01,-1.219467639923095703e+00,-6.998013257980346680e-01,-5.026233792304992676e-01,-1.304206904023885727e-02,-8.751609921455383301e-01,-1.165502667427062988e+00,4.918523728847503662e-01,-2.708159387111663818e-01,3.655855357646942139e-01,-1.466413855552673340e+00,6.654515862464904785e-02,9.221831560134887695e-01,-2.008966803550720215e-01,8.574725389480590820e-01,7.356089949607849121e-01,-1.746138781309127808e-01,1.311232298612594604e-01,-5.896946191787719727e-01,1.011524200439453125e-01,1.431685984134674072e-01,-6.511297821998596191e-01,1.573620200157165527e+00,-1.603617191314697266e+00,-1.572277307510375977e+00,-1.098292589187622070e+00,-4.798091650009155273e-01,2.997851669788360596e-01,-1.192687869071960449e+00,2.248334884643554688e-02,2.201290845870971680e+00,-1.190259218215942383e+00,4.863870739936828613e-01,-2.647699117660522461e-01,-1.399186134338378906e+00,-1.261913180351257324e+00,7.217581272125244141e-01,-7.433601021766662598e-01,6.297833919525146484e-01,-7.705025076866149902e-01,1.998719334602355957e+00,-9.919157028198242188e-01,-2.140364050865173340e-01,1.418182015419006348e+00
-1.520708918571472168e+00,-8.924821019172668457e-01,1.516859054565429688e+00,1.269127577543258667e-01,4.396771788597106934e-01,-1.230499267578125000e+00,6.932547092437744141e-01,1.494483947753906250e+00,-8.271068930625915527e-01,-1.847960710525512695e+00,-1.278498768806457520e-01,1.995462626218795776e-01,1.308693885803222656e+00,9.605493545532226562e-01,1.949664801359176636e-01,-8.171153068542480469e-01,-9.363095164299011230e-01,3.066030517220497131e-02,-2.086070328950881958e-01,7.114219665527343750e-02,-5.354823470115661621e-01,1.995386928319931030e-01,1.100985333323478699e-01,-1.179169893264770508e+00,3.552853316068649292e-02,-6.952357292175292969e-01,7.160221338272094727e-01,-1.763071298599243164e+00,3.500585258007049561e-01,-8.854752779006958008e-01,-1.898170709609985352e+00,1.023015618324279785e+00,-4.361258149147033691e-01,1.317651629447937012e+00,2.867228984832763672e-01,1.164151549339294434e+00,1.782220125198364258e+00,-9.526508301496505737e-02,-6.134520769119262695e-01,-1.267613768577575684e+00,-5.064504146575927734e-01,1.205960154533386230e+00,2.803582549095153809e-01,4.618400931358337402e-01,-1.621037960052490234e+00,-9.866228699684143066e-01,1.186960101127624512e+00,2.027271270751953125e+00,7.166304588317871094e-01,-4.070904254913330078e-01,1.251896470785140991e-01,2.323049068450927734e+00,-1.295600414276123047e+00,-3.713130354881286621e-01,-5.086438059806823730e-01,7.258142828941345215e-01,-1.100198984146118164e+00,-2.097665071487426758e-01,-1.620220243930816650e-01,-2.442296147346496582e-01,-1.081571578979492188e+00,-5.982150435447692871e-01,-9.227695465087890625e-01,8.280456662178039551e-01,-1.518258690834045410e+00,4.365251660346984863e-01,9.787861257791519165e-03,-1.133981943130493164e+00,8.263168334960937500e-01,1.900275230407714844e+00,-2.483541250228881836e+00,3.150240480899810791e-01,-8.570721745491027832e-01,1.161413937807083130e-01,1.726049423217773438e+00,1.741106808185577393e-01,5.684602260589599609e-02,7.227901369333267212e-02,-8.153038024902343750e-01,-3.359373509883880615e-01,8.355328440666198730e-01,-8.530884981155395508e-02,2.937154471874237061e-01,-8.035452961921691895e-01,-9.889556765556335449e-01,-1.527951002120971680e+00,-8.747869729995727539e-01,-3.153920173645019531e-01,-9.928708076477050781e-01,-4.392005801200866699e-01,-7.438039183616638184e-01,4.817413985729217529e-01,-6.167647242546081543e-01,8.759528398513793945e-01,7.804712057113647461e-01,-7.230632901191711426e-01,4.297773540019989014e-01,6.337729096412658691e-01,-1.099018216133117676e+00,-3.756853565573692322e-02
-4.436093270778656006e-01,4.946398735046386719e-02,1.411584496498107910e+00,-1.910494118928909302e-01,-4.380456209182739258e-01,-2.457896471023559570e-01,8.555505275726318359e-01,1.154374957084655762e+00,-7.316529154777526855e-01,-9.566215276718139648e-01,-2.156802713871002197e-01,-4.035246670246124268e-01,-4.307734072208404541e-01,-5.243843197822570801e-01,-1.334824442863464355e+00,-7.051141262054443359e-01,-5.684707760810852051e-01,1.479047060012817383e+00,5.045602917671203613e-01,2.044905662536621094e+00,4.771787226200103760e-01,-1.168895244598388672e+00,2.656620979309082031e+00,1.200496673583984375e+00,6.741767525672912598e-01,2.007558822631835938e+00,-1.238274335861206055e+00,-1.764210224151611328e+00,7.922230958938598633e-01,-9.683139324188232422e-01,-2.812581956386566162e-01,1.002281904220581055e+00,-5.929064154624938965e-01,-2.522420585155487061e-01,-1.407320499420166016e+00,-1.111864209175109863e+00,3.731848299503326416e-01,1.378832221031188965e+00,-7.947968840599060059e-01,8.181328177452087402e-01,-1.105648398399353027e+00,1.410801261663436890e-01,2.077770948410034180e+00,8.006441593170166016e-01,-2.266587615013122559e-01,4.578606486320495605e-01,-1.303985118865966797e+00,-7.079453468322753906e-01,-1.215752005577087402e+00,1.050500750541687012e+00,1.053974747657775879e+00,-7.444852963089942932e-03,3.938285112380981445e-01,-1.328019499778747559e+00,-1.354131340980529785e+00,2.534566521644592285e-01,-1.029634475708007812e+00,-1.313510775566101074e+00,-2.778909206390380859e-01,4.980340227484703064e-02,1.026081562042236328e+00,-1.853468865156173706e-01,5.062416195869445801e-01,1.979961514472961426e+00,4.111191630363464355e-01,1.533227443695068359e+00,3.561284244060516357e-01,-2.420670270919799805e+00,3.551031649112701416e-01,2.541660666465759277e-01,-1.226182341575622559e+00,-9.602513909339904785e-02,-5.727672576904296875e-01,-8.712515980005264282e-02,5.791375413537025452e-02,-1.040726423263549805e+00,6.431209444999694824e-01,-3.628111779689788818e-01,-2.910839021205902100e-01,2.712052762508392334e-01,-5.316889658570289612e-02,2.934431284666061401e-02,-3.370025157928466797e-01,-8.227355480194091797e-01,2.020039409399032593e-01,1.374398112297058105e+00,-1.591809391975402832e-01,-1.531081914901733398e+00,-7.752138376235961914e-01,-2.601450681686401367e-01,4.768970012664794922e-01,2.202048540115356445e+00,-7.740439176559448242e-01,4.368869066238403320e-01,2.282013297080993652e-01,-7.617206573486328125e-01,-6.022932529449462891e-01,-1.128095909953117371e-01,1.155814647674560547e+00,1.481633782386779785e+00
1.219286441802978516e+00,-1.470092177391052246e+00,1.402132153511047363e+00,-3.091102540493011475e-01,-2.202790230512619019e-01,-1.451996922492980957e+00,1.557622194290161133e+00,3.426058888435363770e-01,9.830846190452575684e-01,-7.084439992904663086e-01,1.191759586334228516e+00,9.475205838680267334e-02,-1.863837838172912598e-01,4.568345844745635986e-01,7.599381208419799805e-01,1.448762655258178711e+00,-9.996223449707031250e-01,2.532206177711486816e-01,7.367506623268127441e-01,1.377567648887634277e-02,1.213734984397888184e+00,1.974898129701614380e-01,-2.318696022033691406e+00,-2.452494621276855469e+00,-9.997224807739257812e-01,6.250343918800354004e-01,-2.572703838348388672e+00,-1.287580728530883789e+00,-1.407791972160339355e+00,-1.442523360252380371e+00,-7.397596240043640137e-01,1.612088978290557861e-01,5.988230705261230469e-01,-2.983013391494750977e-01,1.728570818901062012e+00,-1.175171852111816406e+00,1.508649468421936035e+00,-1.231676578521728516e+00,6.138867139816284180e-01,-1.450389146804809570e+00,6.296230107545852661e-02,-3.780454695224761963e-01,-8.757810592651367188e-01,-1.408658742904663086e+00,-3.028294146060943604e-01,1.101258471608161926e-01,3.134268522262573242e-01,-7.142013311386108398e-01,1.462831258773803711e+00,-4.639092385768890381e-01,-2.794706523418426514e-01,-9.880228638648986816e-01,-9.773966670036315918e-01,-7.282939553260803223e-01,-1.811659783124923706e-01,5.130751729011535645e-01,-9.030588865280151367e-01,-9.476541876792907715e-01,-3.263221085071563721e-01,-3.028398156166076660e-01,9.492848515510559082e-01,-4.011030197143554688e-01,2.231024503707885742e+00,-8.915752172470092773e-01,6.684135794639587402e-01,9.988130927085876465e-01,-4.108096063137054443e-01,-6.602010130882263184e-02,1.020339369773864746e+00,2.651995182037353516e+00,1.086543560028076172e+00,-1.074822545051574707e+00,-5.638982057571411133e-01,8.388124704360961914e-01,1.873749136924743652e+00,1.754462420940399170e-01,-1.782344341278076172e+00,6.555846333503723145e-01,-1.354393720626831055e+00,3.713913559913635254e-01,-7.353675961494445801e-01,6.202775239944458008e-02,1.207893155515193939e-02,-8.282270431518554688e-01,1.140118241310119629e+00,-4.101047813892364502e-01,1.446533203125000000e-01,-3.053065836429595947e-01,-2.570791244506835938e-01,4.748265743255615234e-01,-5.331702828407287598e-01,-7.811312675476074219e-01,1.178666353225708008e+00,4.978104308247566223e-02,-1.198950529098510742e+00,-8.844452351331710815e-02,4.810527265071868896e-01,-9.424948692321777344e-01,-3.780697584152221680e-01,1.024030447006225586e+00
1.616296291351318359e+00,-2.535405158996582031e-01,9.936563372611999512e-01,-9.625072479248046875e-01,-8.389083743095397949e-01,4.833261966705322266e-01,1.229517102241516113e+00,4.066789150238037109e-01,8.779843151569366455e-02,-1.657364368438720703e+00,1.083983257412910461e-01,1.657997488975524902e+00,1.794875741004943848e+00,2.276509761810302734e+00,1.206985592842102051e+00,-1.072761058807373047e+00,-2.118302434682846069e-01,6.976671516895294189e-02,1.863426715135574341e-01,-7.988539934158325195e-01,9.735829830169677734e-01,1.473026156425476074e+00,-9.004962444305419922e-01,9.146669507026672363e-01,-1.655748367309570312e+00,-1.417485594749450684e+00,-5.008421540260314941e-01,-3.731356263160705566e-01,-4.568543136119842529e-01,1.079986691474914551e+00,-5.657478570938110352e-01,3.625072240829467773e-01,1.939922422170639038e-01,-4.950802624225616455e-01,-2.451951265335083008e+00,-1.343153715133666992e+00,6.953026354312896729e-02,1.040298819541931152e+00,8.507175445556640625e-01,5.210458040237426758e-01,-4.923201203346252441e-01,-1.447440862655639648e+00,2.088765144348144531e+00,-2.140887022018432617e+00,9.710428714752197266e-01,-1.855190396308898926e+00,-2.816013574600219727e+00,-3.757158219814300537e-01,-3.488774225115776062e-02,-8.347228765487670898e-01,3.765645921230316162e-01,6.764943599700927734e-01,9.418347477912902832e-01,9.032478928565979004e-01,-4.875473678112030029e-01,-1.928798854351043701e-02,-1.418029785156250000e+00,-1.904491901397705078e+00,-8.645343184471130371e-01,1.189756274223327637e+00,-7.312605530023574829e-02,-1.368209719657897949e+00,-1.332478284835815430e+00,1.343246459960937500e+00,-5.093588232994079590e-01,3.042374253273010254e-01,1.374759525060653687e-01,1.056254386901855469e+00,7.672961950302124023e-01,-5.725962519645690918e-01,1.625813007354736328e+00,1.040387272834777832e+00,-9.544427394866943359e-01,2.541554570198059082e-01,-4.233722686767578125e-01,-4.464440941810607910e-01,-4.378771781921386719e-01,7.743237018585205078e-01,-5.340549945831298828e-01,1.757135272026062012e+00,-1.497144460678100586e+00,9.131829738616943359e-01,8.194497227668762207e-01,1.381275296211242676e+00,-5.417553782463073730e-01,-3.478896021842956543e-01,-4.992383122444152832e-01,2.749930024147033691e-01,-7.814583182334899902e-01,-6.308030486106872559e-01,1.613243341445922852e+00,-1.618286252021789551e+00,-7.904526591300964355e-02,-2.005931138992309570e-01,-4.019231200218200684e-01,-5.156533792614936829e-03,-1.280503906309604645e-02,4.291396141052246094e-01,-2.430110275745391846e-01,-3.883066475391387939e-01
1.852257132530212402e+00,-1.195761203765869141e+00,-1.168053507804870605e+00,-5.210311617702245712e-03,-1.390143990516662598e+00,-1.296229720115661621e+00,-8.220627307891845703e-01,2.203488796949386597e-01,-4.880866110324859619e-01,1.808283776044845581e-01,-4.673506319522857666e-01,-1.818660140037536621e+00,-1.686918854713439941e+00,-6.679162383079528809e-01,3.296883106231689453e-01,6.809443235397338867e-01,-5.610270500183105469e-01,-1.737658858299255371e+00,-1.975708246231079102e+00,-3.939921259880065918e-01,-1.502558231353759766e+00,-1.053965091705322266e+00,8.566091656684875488e-01,-1.987138748168945312e+00,-2.451025694608688354e-01,2.502744793891906738e-01,1.002385616302490234e+00,1.289290547370910645e+00,7.616765499114990234e-01,1.204465031623840332e+00,1.517073392868041992e+00,-6.788395047187805176e-01,4.403395056724548340e-01,-7.757514715194702148e-01,-3.534289896488189697e-01,-9.655016660690307617e-01,-1.031106948852539062e+00,-2.950367331504821777e-01,-3.770210742950439453e-01,-1.074038505554199219e+00,-3.004227578639984131e-02,5.538715124130249023e-01,1.425157040357589722e-01,1.619732975959777832e+00,-2.968809604644775391e-01,-5.029088631272315979e-02,4.803767204284667969e-01,-8.954778909683227539e-01,1.791983470320701599e-02,1.015587568283081055e+00,-1.257033467292785645e+00,-4.185200035572052002e-01,1.219549179077148438e-01,1.187718272209167480e+00,-1.689064204692840576e-01,1.283833265304565430e+00,5.682494044303894043e-01,-4.604230821132659912e-01,1.265607476234436035e+00,5.541356801986694336e-01,-8.542069792747497559e-01,-6.872786879539489746e-01,2.394424915313720703e+00,1.090309619903564453e+00,-1.129994750022888184e+00,1.056407451629638672e+00,2.929741740226745605e-01,-1.302294611930847168e+00,9.753524065017700195e-01,1.524518966674804688e+00,1.692801713943481445e+00,4.196565151214599609e-01,1.161073207855224609e+00,-1.438438296318054199e+00,-1.629619359970092773e+00,-6.639913320541381836e-01,-3.353364467620849609e-01,3.982103615999221802e-02,8.282740414142608643e-02,8.239960670471191406e-02,-1.507340788841247559e+00,2.800828516483306885e-01,2.205231189727783203e-01,1.062138795852661133e+00,1.049454569816589355e+00,4.796497523784637451e-02,6.383305788040161133e-01,3.392009139060974121e-01,1.522904157638549805e+00,-3.989040255546569824e-01,-2.165079832077026367e+00,-3.905544579029083252e-01,-1.288991093635559082e+00,-1.123301029205322266e+00,4.080957174301147461e-02,1.409281969070434570e+00,-7.714295387268066406e-01,-5.836291909217834473e-01,2.714744567871093750e+00,1.791986703872680664e+00
4.794834256172180176e-01,-2.042429894208908081e-01,1.114109605550765991e-01,8.540401607751846313e-02,2.908661067485809326e-01,-5.131264775991439819e-02,4.484525322914123535e-01,1.178874373435974121e+00,6.871677041053771973e-01,-3.800847530364990234e-01,-8.373233079910278320e-01,-2.255040407180786133e+00,1.231585144996643066e+00,1.117614388465881348e+00,-9.380775503814220428e-03,8.595792651176452637e-01,1.005108118057250977e+00,-3.348121047019958496e-01,5.837646126747131348e-01,-7.178397178649902344e-01,-1.089242815971374512e+00,1.571644544601440430e+00,-1.241753458976745605e+00,2.943111658096313477e-01,8.277115225791931152e-01,-1.993627429008483887e+00,6.573367118835449219e-01,9.677817821502685547e-01,1.840509772300720215e+00,-2.660828590393066406e+00,-1.049201965332031250e+00,-7.100698351860046387e-01,5.311670899391174316e-01,9.428124427795410156e-01,4.289144873619079590e-01,8.026795983314514160e-01,-1.259509563446044922e+00,-7.467951178550720215e-01,-6.661735773086547852e-01,-9.195871353149414062e-01,1.274217724800109863e+00,-1.155014157295227051e+00,1.851196885108947754e+00,1.793797731399536133e+00,8.307411074638366699e-01,6.479904651641845703e-01,8.314503431320190430e-01,-7.696561813354492188e-01,-5.662707686424255371e-01,1.778122425079345703e+00,-7.977371215820312500e-01,-1.375354766845703125e+00,-2.750088870525360107e-01,-5.361270308494567871e-01,1.284673213958740234e-01,4.768261313438415527e-01,6.429682970046997070e-01,-8.734699487686157227e-01,1.178967952728271484e+00,4.596833586692810059e-01,1.400008320808410645e+00,5.643649697303771973e-01,6.536972522735595703e-01,-1.677180051803588867e+00,3.682649433612823486e-01,5.565475225448608398e-01,2.332842350006103516e-01,-3.211984634399414062e-01,-2.126149415969848633e+00,-3.305388689041137695e-01,-2.565321922302246094e-01,2.647376060485839844e-01,4.806639850139617920e-01,1.283941030502319336e+00,1.187623441219329834e-01,-5.584158897399902344e-01,1.755437850952148438e+00,-6.386553049087524414e-01,-1.172410607337951660e+00,-1.449909210205078125e+00,-1.622691750526428223e+00,-1.203881502151489258e+00,-1.399191915988922119e-01,-1.262289404869079590e+00,5.061000585556030273e-01,-3.816676735877990723e-01,-3.928982019424438477e-01,-1.213811710476875305e-01,9.187955260276794434e-01,-7.611713409423828125e-01,-1.014544129371643066e+00,1.299509406089782715e+00,-3.854122459888458252e-01,-9.008321166038513184e-01,-2.078917622566223145e-01,5.614087581634521484e-01,-8.665800690650939941e-01,1.057558536529541016e+00,-8.976599574089050293e-01,-2.304109811782836914e+00
6.556099653244018555e-01,1.169021502137184143e-01,-1.507988691329956055e+00,-1.460062026977539062e+00,4.572138190269470215e-01,1.037294626235961914e+00,1.646084785461425781e+00,9.169077277183532715e-01,-6.040804386138916016e-01,7.978412508964538574e-01,-1.221522808074951172e+00,-2.096798419952392578e+00,1.200298309326171875e+00,2.447533011436462402e-01,-4.506466388702392578e-01,-9.003998637199401855e-01,1.290616989135742188e+00,2.753805816173553467e-01,1.389979869127273560e-01,-2.113273143768310547e+00,7.391722202301025391e-01,1.281279921531677246e+00,2.908459901809692383e-01,-9.344323873519897461e-01,-3.517787158489227295e-02,2.622753977775573730e-01,1.794371843338012695e+00,1.603443026542663574e+00,-1.372533202171325684e+00,1.808114051818847656e+00,-3.026629090309143066e-01,-1.295234560966491699e+00,1.204835772514343262e+00,6.675367951393127441e-01,-1.438034176826477051e+00,2.950759530067443848e-01,8.042901754379272461e-02,-1.476583927869796753e-01,1.515732884407043457e+00,5.205057859420776367e-01,-1.301698327064514160e+00,4.838241934776306152e-01,1.144281983375549316e+00,1.100281715393066406e+00,-1.322887063026428223e+00,5.874226689338684082e-01,-4.104404523968696594e-02,-8.211520314216613770e-01,-3.096022084355354309e-02,-8.938248753547668457e-01,6.457927823066711426e-02,2.091001987457275391e+00,-8.648310899734497070e-01,1.030210256576538086e+00,7.450633049011230469e-01,2.630860805511474609e+00,1.573996663093566895e+00,1.483771324157714844e+00,1.558254003524780273e+00,-1.407317042350769043e+00,1.498283296823501587e-01,-1.240130901336669922e+00,1.525075197219848633e+00,1.503119021654129028e-01,-3.103421032428741455e-01,1.519687294960021973e+00,-4.678391665220260620e-02,-1.371778607368469238e+00,-5.602829456329345703e-01,-2.437049597501754761e-01,1.176206350326538086e+00,2.678059339523315430e-01,-2.050464004278182983e-01,2.563372068107128143e-02,2.986346483230590820e+00,-1.822059869766235352e+00,7.042653560638427734e-01,7.492134571075439453e-01,9.655608981847763062e-02,1.160679012537002563e-01,8.689923286437988281e-01,4.944765567779541016e-01,-1.597598433494567871e+00,1.389604210853576660e+00,-5.028429254889488220e-02,1.003941893577575684e+00,-1.308898329734802246e+00,1.081419944763183594e+00,9.575752615928649902e-01,4.807827770709991455e-01,-3.996344804763793945e-01,4.287358820438385010e-01,4.629264771938323975e-01,1.869320034980773926e+00,3.994753360748291016e-01,2.835110723972320557e-01,-8.457399010658264160e-01,6.932319402694702148e-01,1.872480273246765137e+00,1.567038655281066895e+00
-5.385662913322448730e-01,9.622898101806640625e-01,5.409990549087524414e-01,2.395318597555160522e-01,-7.841464877128601074e-01,-6.637161970138549805e-01,-2.235707193613052368e-01,4.519319236278533936e-01,-1.329049110412597656e+00,-1.752629727125167847e-01,-6.004536747932434082e-01,6.416167616844177246e-01,-2.022630572319030762e-01,8.035455942153930664e-01,9.141883850097656250e-01,7.283775806427001953e-01,-4.204126000404357910e-01,-1.649265527725219727e+00,-2.660500109195709229e-01,1.095900759100914001e-01,4.337677732110023499e-02,-1.005323886871337891e+00,-1.654408097267150879e+00,-1.070909500122070312e+00,1.091669082641601562e+00,4.758153259754180908e-01,-5.575482249259948730e-01,3.054939210414886475e-01,2.566826343536376953e-02,8.923388123512268066e-01,-3.301214873790740967e-01,8.268959075212478638e-02,-4.510506987571716309e-01,7.662172615528106689e-02,1.920474410057067871e+00,-1.415715813636779785e+00,-7.568830251693725586e-01,1.362870573997497559e+00,-8.168178796768188477e-01,3.844540566205978394e-02,2.625632882118225098e-01,2.111296653747558594e+00,-2.209419757127761841e-01,3.041886985301971436e-01,-1.370170116424560547e-01,-3.596690297126770020e-01,3.726359903812408447e-01,1.103185176849365234e+00,-8.394833207130432129e-01,-1.008811831474304199e+00,5.240661501884460449e-01,6.849162578582763672e-01,1.072738021612167358e-01,-3.535897433757781982e-01,-1.616606593132019043e+00,-7.814514636993408203e-01,1.029553890228271484e+00,-1.062972664833068848e+00,1.385774970054626465e+00,-1.104872107505798340e+00,-1.326765775680541992e+00,1.523742675781250000e+00,-7.099379301071166992e-01,7.102420926094055176e-01,-1.708719283342361450e-01,-4.199306294322013855e-02,1.151308715343475342e-01,-5.417849868535995483e-02,-1.960169553756713867e+00,1.163886308670043945e+00,-1.220201015472412109e+00,6.368084251880645752e-02,-1.094651818275451660e+00,9.744237065315246582e-01,-2.174299955368041992e+00,1.090380311012268066e+00,-1.657675623893737793e+00,2.764596231281757355e-02,-1.205467820167541504e+00,9.001248478889465332e-01,8.138947486877441406e-01,-9.241663217544555664e-01,-5.420696735382080078e-01,-7.653467655181884766e-01,2.111819267272949219e+00,4.747776687145233154e-01,-9.356085658073425293e-01,5.880345590412616730e-03,-1.058336734771728516e+00,-2.411752223968505859e+00,-6.324023753404617310e-02,2.560662031173706055e-01,-2.178753614425659180e+00,7.060019373893737793e-01,-1.045657634735107422e+00,-2.290177196264266968e-01,-1.088024735450744629e+00,1.121573567390441895e+00,3.068513870239257812e-01,-6.677744984626770020e-01
-1.926945894956588745e-02,-9.220007658004760742e-01,1.232172012329101562e+00,-5.268912911415100098e-01,-6.871446371078491211e-01,7.895901203155517578e-01,-1.080793738365173340e-01,2.474572658538818359e+00,4.683713018894195557e-01,5.145337581634521484e-01,-6.018994450569152832e-01,-1.903360962867736816e+00,5.807062983512878418e-01,-1.792042329907417297e-02,1.521278381347656250e+00,4.122939407825469971e-01,-5.258942842483520508e-01,6.802800297737121582e-01,4.057957530021667480e-01,-1.904727101325988770e+00,9.035496115684509277e-01,-2.383983880281448364e-01,1.299547433853149414e+00,-1.332265138626098633e+00,-1.119733333587646484e+00,5.889281257987022400e-02,-9.928393363952636719e-01,-4.177682995796203613e-01,-1.345519065856933594e+00,1.426943182945251465e+00,-1.016527295112609863e+00,6.341921091079711914e-01,1.439505964517593384e-01,3.562747538089752197e-01,5.026811361312866211e-01,-2.496078461408615112e-01,9.816136956214904785e-01,2.271917611360549927e-01,8.511361479759216309e-01,1.091037392616271973e+00,3.693782538175582886e-02,-6.567332744598388672e-01,3.577197194099426270e-01,-2.527595758438110352e-01,-2.014762878417968750e+00,-1.867741823196411133e+00,1.608777344226837158e-01,-8.070387244224548340e-01,-1.392932653427124023e+00,6.418254226446151733e-02,3.585673868656158447e-01,1.697452664375305176e-01,-4.725062251091003418e-01,-4.227561950683593750e-01,7.139765471220016479e-02,-2.683584094047546387e-01,7.893497347831726074e-01,-2.025089502334594727e+00,-2.269119024276733398e+00,9.029653668403625488e-01,-3.952726423740386963e-01,2.920117080211639404e-01,2.335007041692733765e-01,-4.882904142141342163e-02,3.006456792354583740e-01,2.248525381088256836e+00,2.517261169850826263e-02,-4.027046561241149902e-01,6.517744064331054688e-01,1.512305378913879395e+00,-7.559177875518798828e-01,-1.172947764396667480e+00,8.260392546653747559e-01,-7.025085687637329102e-01,-5.615243688225746155e-02,-1.212661743164062500e+00,1.834115982055664062e-01,-9.756755828857421875e-01,1.329688549041748047e+00,-1.593826770782470703e+00,2.954094111919403076e-01,-3.654286563396453857e-01,-4.006645977497100830e-01,-8.793972134590148926e-01,-4.231005907058715820e-01,-1.360663533210754395e+00,-5.707428455352783203e-01,3.948202431201934814e-01,2.259601652622222900e-01,-1.042664766311645508e+00,-3.523993194103240967e-01,8.011202216148376465e-01,1.465157419443130493e-01,-1.515203595161437988e+00,-1.313234448432922363e+00,-4.900312125682830811e-01,5.972256660461425781e-01,-8.951728343963623047e-01,7.554887533187866211e-01,-1.234529316425323486e-01
-1.250850439071655273e+00,-8.285116553306579590e-01,-6.852611899375915527e-02,-4.572195112705230713e-01,-5.120900869369506836e-01,-7.672675251960754395e-01,-4.655753374099731445e-01,-1.407151073217391968e-01,-8.228744268417358398e-01,6.395176053047180176e-01,3.076699674129486084e-01,3.852528035640716553e-01,-3.065454959869384766e-01,-4.990448430180549622e-02,1.512672901153564453e-01,-1.621549725532531738e+00,-5.047581195831298828e-01,2.126089930534362793e-01,1.512133359909057617e+00,1.054707169532775879e+00,8.320165872573852539e-01,1.523668527603149414e+00,1.003469467163085938e+00,-5.680071711540222168e-01,8.530448377132415771e-02,-4.353191554546356201e-01,1.250369668006896973e+00,1.279401063919067383e+00,1.186153769493103027e+00,1.949111223220825195e+00,-3.120303452014923096e-01,1.880795478820800781e+00,-1.195535540580749512e+00,1.504152059555053711e+00,-1.563424587249755859e+00,2.402536273002624512e-01,-3.219556808471679688e-01,-1.149336993694305420e-01,-1.230811476707458496e+00,-2.029196977615356445e+00,-1.672441810369491577e-01,-5.867831110954284668e-01,-1.246743559837341309e+00,6.611998081207275391e-01,-1.229183793067932129e+00,2.862777560949325562e-02,5.307192802429199219e-01,9.934135079383850098e-01,-2.154528141021728516e+00,6.543075442314147949e-01,1.506026685237884521e-01,5.085297226905822754e-01,-1.446907669305801392e-01,-1.440994858741760254e+00,6.614853143692016602e-01,1.323838949203491211e+00,-1.016278982162475586e+00,-6.094093918800354004e-01,-1.254129875451326370e-02,1.458976149559020996e+00,-7.759339809417724609e-01,-1.732496142387390137e+00,-8.423797786235809326e-02,-8.784013390541076660e-01,1.548303365707397461e+00,-5.057533383369445801e-01,1.347358375787734985e-01,1.009885430335998535e+00,5.919179916381835938e-01,9.943005442619323730e-01,-2.368906885385513306e-01,-1.609778881072998047e+00,-1.137438058853149414e+00,2.983624041080474854e-01,-4.980442523956298828e-01,2.549160271883010864e-02,-1.452100992202758789e+00,-1.567487478256225586e+00,3.116380572319030762e-01,1.247890591621398926e+00,-8.541778475046157837e-02,2.896684408187866211e-01,-2.299545288085937500e+00,1.689580082893371582e+00,-1.676633954048156738e+00,1.408854275941848755e-01,1.777806282043457031e+00,1.235209226608276367e+00,-2.816881239414215088e-01,-1.002520173788070679e-01,6.065174937248229980e-01,-1.631355047225952148e+00,-3.027845621109008789e-01,1.289560049772262573e-01,1.252266287803649902e+00,9.969994425773620605e-01,1.071809530258178711e+00,1.251098752021789551e+00,2.054698169231414795e-01,-1.212944865226745605e+00
-3.026485145092010498e-01,9.643055796623229980e-01,5.871720314025878906e-01,-5.078135728836059570e-01,7.211580276489257812e-01,1.360975146293640137e+00,1.067781329154968262e+00,-6.261059641838073730e-02,8.854756951332092285e-01,-1.114923477172851562e+00,7.707214914262294769e-03,-1.676230788230895996e+00,3.984758257865905762e-02,2.115506887435913086e+00,-1.726353645324707031e+00,-3.719128072261810303e-01,2.360541105270385742e+00,-1.725758612155914307e-01,-3.095144629478454590e-01,-3.119345307350158691e-01,1.812957972288131714e-01,-2.083954811096191406e-01,-1.851361095905303955e-01,-1.486288547515869141e+00,1.182939857244491577e-01,4.989619255065917969e-01,5.974755808711051941e-02,-1.475952506065368652e+00,-4.445242285728454590e-01,9.167451262474060059e-01,-2.086546421051025391e+00,1.703083753585815430e+00,4.188537299633026123e-01,-1.010701417922973633e+00,4.933831989765167236e-01,-1.091904044151306152e+00,1.577130079269409180e+00,-1.774249792098999023e+00,-1.213895916938781738e+00,-8.614612221717834473e-01,-7.322621345520019531e-01,5.504284501075744629e-01,2.134662151336669922e+00,3.763613462448120117e+00,9.829158782958984375e-01,1.031284451484680176e+00,8.243665695190429688e-01,1.059306383132934570e+00,2.770495712757110596e-01,-1.190837100148200989e-01,3.081676959991455078e-01,-1.197112202644348145e+00,-1.053729534149169922e+00,-1.451084971427917480e+00,-6.774683594703674316e-01,3.181685507297515869e-02,3.822341263294219971e-01,5.356864333152770996e-01,-3.333113193511962891e+00,5.570888519287109375e-01,-1.273555994033813477e+00,1.450438737869262695e+00,9.627955555915832520e-01,-6.713669300079345703e-01,-5.785497426986694336e-01,-3.616787493228912354e-01,-1.170482039451599121e+00,-9.050177931785583496e-01,-3.148010671138763428e-01,-1.508370339870452881e-01,-8.462052345275878906e-01,1.260682344436645508e+00,1.138624548912048340e+00,-9.458065032958984375e-01,-4.700135588645935059e-01,-9.325492382049560547e-01,-2.274231612682342529e-01,8.293174952268600464e-02,-3.864976167678833008e-01,6.964966058731079102e-01,1.292861938476562500e+00,-2.278935909271240234e-01,-1.801483988761901855e+00,-2.460139691829681396e-01,-2.152107954025268555e+00,1.778919696807861328e+00,-1.563015937805175781e+00,5.244758725166320801e-02,9.483730792999267578e-01,-1.343599081039428711e+00,-6.457274556159973145e-01,-8.616964221000671387e-01,-1.103443354368209839e-01,1.024589836597442627e-01,1.026793003082275391e+00,-5.244750529527664185e-02,-4.917753934860229492e-01,-1.129077196121215820e+00,-1.164282560348510742e+00,-7.196537405252456665e-02
-1.397491246461868286e-01,-1.291280388832092285e+00,2.661051034927368164e+00,-7.384595870971679688e-01,-1.285415053367614746e+00,-6.479914784431457520e-01,1.608003526926040649e-01,-9.992008209228515625e-01,1.830870032310485840e+00,1.713593751192092896e-01,4.120585620403289795e-01,-3.635252118110656738e-01,-1.123273819684982300e-01,-1.175773262977600098e+00,-1.818498253822326660e+00,-2.282998800277709961e+00,7.188623547554016113e-01,2.029956877231597900e-01,3.564924001693725586e-01,9.846065640449523926e-01,-5.074948444962501526e-02,-2.891053557395935059e-01,2.562222480773925781e-01,9.897975623607635498e-02,-1.906289011240005493e-01,3.172806203365325928e-01,3.581073582172393799e-01,-1.367768764495849609e+00,-1.514199137687683105e+00,1.522438526153564453e+00,7.419987916946411133e-01,-1.605229377746582031e+00,8.487466573715209961e-01,2.430057525634765625e-02,-2.115967273712158203e+00,2.689810693264007568e-01,1.052243947982788086e+00,-6.187390685081481934e-01,-1.138623595237731934e+00,6.607757806777954102e-01,1.348920464515686035e+00,3.247272074222564697e-01,5.099077224731445312e-01,-2.767956554889678955e-01,-7.431710958480834961e-01,4.033609926700592041e-01,3.700741529464721680e-01,8.108589649200439453e-01,3.524469733238220215e-01,-1.606289505958557129e+00,-1.055872440338134766e+00,1.298962235450744629e+00,1.254697591066360474e-01,-6.480040550231933594e-01,-2.331985533237457275e-01,1.452959179878234863e-01,1.344395637512207031e+00,1.559304952621459961e+00,-3.719501495361328125e-01,-1.201318502426147461e+00,-1.136924326419830322e-01,6.792666316032409668e-01,-5.002442002296447754e-02,1.994701176881790161e-01,7.812505960464477539e-01,-1.906279087066650391e+00,5.451722815632820129e-02,-2.000890493392944336e+00,-1.558514833450317383e+00,4.374676048755645752e-01,9.077168107032775879e-01,1.308549284934997559e+00,-2.730914056301116943e-01,3.872545063495635986e-01,1.759062528610229492e+00,-1.535910665988922119e-01,-8.371003866195678711e-01,-6.426765322685241699e-01,-2.818117439746856689e-01,-1.863954365253448486e-01,1.716493964195251465e+00,1.268025994300842285e+00,1.683612316846847534e-01,-1.683075070381164551e+00,-7.217127084732055664e-01,3.699117898941040039e-01,-4.759395122528076172e-02,1.640625149011611938e-01,-1.552930474281311035e+00,-1.825764179229736328e+00,-1.418405652046203613e+00,8.237347602844238281e-01,-5.170166492462158203e-01,7.039768695831298828e-01,-9.923986792564392090e-01,-2.027818411588668823e-01,-6.377828717231750488e-01,-2.118096500635147095e-01,7.750496268272399902e-02,-5.668275356292724609e-01
9.888166189193725586e-01,7.998945713043212891e-01,-9.363448619842529297e-01,8.651275634765625000e-01,-1.018755584955215454e-01,-1.192355155944824219e+00,-3.639309406280517578e-01,1.101567387580871582e+00,-1.681797385215759277e+00,2.401165723800659180e+00,-2.076124191284179688e+00,6.350278258323669434e-01,1.252399563789367676e+00,2.284962683916091919e-01,2.244042418897151947e-02,2.798286378383636475e-01,1.007333874702453613e+00,-3.343731164932250977e-01,2.433082580566406250e+00,1.740162074565887451e-01,4.321824312210083008e-01,-6.388464570045471191e-01,3.922127485275268555e-01,-1.421454697847366333e-01,1.051284670829772949e+00,1.014059662818908691e+00,1.902186036109924316e+00,3.147099018096923828e-01,5.231058597564697266e-01,-2.183989584445953369e-01,-1.212371349334716797e+00,-1.229879617691040039e+00,9.706373810768127441e-01,1.717932149767875671e-02,-1.574230343103408813e-01,1.758538365364074707e+00,1.606596350669860840e+00,-2.893538177013397217e-01,-2.190741449594497681e-01,-2.491869449615478516e+00,-1.392156243324279785e+00,-1.712350964546203613e+00,-8.835092186927795410e-01,2.058549404144287109e+00,-7.641944289207458496e-01,1.103303074836730957e+00,1.350975036621093750e+00,8.807427287101745605e-01,-3.994291722774505615e-01,-2.306261777877807617e+00,-1.321497440338134766e+00,-1.753264069557189941e+00,8.745663762092590332e-01,2.588527202606201172e-01,3.455154299736022949e-01,-7.414430975914001465e-01,-4.582059681415557861e-01,-9.423245787620544434e-01,3.208574056625366211e-01,-3.479350805282592773e-01,-1.647120594978332520e+00,-2.654456347227096558e-02,2.722163200378417969e-01,-6.134930849075317383e-01,-9.609960317611694336e-01,3.383945524692535400e-01,1.107956171035766602e+00,3.355537652969360352e-01,1.011639118194580078e+00,-1.196652650833129883e-01,1.894648820161819458e-01,2.599353790283203125e+00,-6.472005248069763184e-01,6.716815233230590820e-01,5.697997212409973145e-01,8.814800977706909180e-01,-1.753533259034156799e-02,2.018526345491409302e-01,5.146750807762145996e-01,4.883767366409301758e-01,3.805044293403625488e-01,1.735317707061767578e-01,1.818595230579376221e-01,1.728393912315368652e+00,2.653472125530242920e-01,9.675002098083496094e-01,1.019974946975708008e+00,2.451174974441528320e+00,-1.628146320581436157e-01,3.970099687576293945e-01,-7.905476689338684082e-01,-1.296137571334838867e-01,-1.096421629190444946e-01,1.803526759147644043e+00,-9.921579957008361816e-01,1.021500349044799805e+00,1.555581688880920410e+00,-1.529504776000976562e+00,3.799269437789916992e+00,-1.111801028251647949e+00
-8.191514015197753906e-01,1.903071165084838867e+00,1.007118463516235352e+00,5.945658311247825623e-03,-5.307252332568168640e-02,1.095173880457878113e-01,-6.254307031631469727e-01,3.084934949874877930e-01,-1.417484641075134277e+00,-1.869615316390991211e-01,1.144787311553955078e+00,2.320290803909301758e-01,1.561091780662536621e+00,-1.022248983383178711e+00,-4.012861549854278564e-01,-1.724429845809936523e+00,1.303676366806030273e+00,-1.948314785957336426e+00,7.678388357162475586e-01,1.451565146446228027e+00,-1.723142743110656738e+00,1.286005377769470215e-01,-2.215624004602432251e-01,7.330640554428100586e-01,-8.202905058860778809e-01,-6.493361592292785645e-01,-7.890890240669250488e-01,-1.526375770568847656e+00,1.282059401273727417e-01,-1.267908573150634766e+00,-7.190982103347778320e-01,-8.124057054519653320e-01,3.474302291870117188e-01,2.771795392036437988e-01,6.284917145967483521e-02,7.178226113319396973e-01,-1.189648509025573730e+00,1.504267096519470215e+00,1.601665854454040527e+00,-4.670584797859191895e-01,4.008369445800781250e-01,-9.667564034461975098e-01,-1.197271466255187988e+00,8.848562836647033691e-01,4.918444454669952393e-01,5.240707397460937500e-01,1.186740159988403320e+00,-5.358443260192871094e-01,-1.606240987777709961e+00,7.775886058807373047e-01,4.305505752563476562e-01,-2.826390564441680908e-01,-8.587907552719116211e-01,-2.370241165161132812e+00,-8.097581863403320312e-01,2.238908410072326660e-01,7.773720622062683105e-01,-8.153061270713806152e-01,-6.366141140460968018e-02,-1.143698573112487793e+00,8.831708431243896484e-01,1.048232436180114746e+00,1.561729311943054199e+00,6.793573498725891113e-02,-1.613067626953125000e+00,-1.411799073219299316e+00,-1.484071969985961914e+00,-8.900079727172851562e-01,8.950335383415222168e-01,-2.385538443922996521e-02,-2.198451459407806396e-01,5.978332161903381348e-01,7.789905667304992676e-01,8.433488011360168457e-01,2.578167319297790527e-01,-1.127745628356933594e+00,2.473715692758560181e-02,9.679255485534667969e-01,-3.691146671772003174e-01,-1.187197327613830566e+00,6.547254920005798340e-01,-8.086443543434143066e-01,3.858150243759155273e-01,1.099288687109947205e-01,-8.797492980957031250e-01,-1.784021556377410889e-01,1.353921413421630859e+00,-1.520281314849853516e+00,-5.690729022026062012e-01,-1.703648567199707031e+00,1.351880073547363281e+00,-6.782529354095458984e-01,-8.537061214447021484e-01,-1.668870747089385986e-01,-8.630695343017578125e-01,4.255529027432203293e-03,6.124103665351867676e-01,1.892198801040649414e+00,-8.126395344734191895e-01,4.732555449008941650e-01
-1.790305227041244507e-01,-5.487636327743530273e-01,-1.463332176208496094e-01,1.268191576004028320e+00,1.095941424369812012e+00,-3.542892932891845703e-01,-2.370346307754516602e+00,-5.361841320991516113e-01,1.201866388320922852e+00,-1.522050499916076660e+00,5.911580920219421387e-01,-5.102509260177612305e-01,-6.770027279853820801e-01,1.311185598373413086e+00,8.131714463233947754e-01,-1.490917056798934937e-01,3.524357080459594727e-02,1.051703929901123047e+00,-1.967827439308166504e+00,-1.004666805267333984e+00,-8.415421247482299805e-01,-6.324356794357299805e-01,3.654125332832336426e-01,-1.983750797808170319e-02,-1.337243676185607910e+00,1.398211479187011719e+00,9.370155334472656250e-01,-4.833655655384063721e-01,5.188722163438796997e-02,-3.023506402969360352e-01,-3.432641327381134033e-01,5.232813954353332520e-01,8.152983784675598145e-01,-1.024472355842590332e+00,-6.386920213699340820e-01,2.341509103775024414e+00,1.266816973686218262e+00,-1.377676248550415039e+00,-1.009511470794677734e+00,-6.587572097778320312e-01,-2.784696221351623535e-01,-6.747478246688842773e-02,-8.715031743049621582e-01,-3.101654946804046631e-01,-1.432389140129089355e+00,-6.063058227300643921e-02,-6.163525581359863281e-01,-1.730829328298568726e-01,7.266612052917480469e-01,1.604206562042236328e+00,-9.036947041749954224e-02,8.633723855018615723e-01,8.038969039916992188e-01,-6.511090397834777832e-01,5.361444354057312012e-01,-5.579334497451782227e-01,-7.775112390518188477e-01,-3.953219652175903320e-01,4.007525742053985596e-01,-2.548894584178924561e-01,1.429302096366882324e+00,1.218072101473808289e-01,-2.262852042913436890e-01,4.481650292873382568e-01,9.088603258132934570e-01,4.130167365074157715e-01,-1.715819835662841797e+00,-3.199880123138427734e-01,-3.551454246044158936e-01,1.466729164123535156e+00,2.548150122165679932e-01,-8.040557503700256348e-01,6.889463067054748535e-01,-1.196916341781616211e+00,-3.975458741188049316e-01,6.812522560358047485e-02,6.407465338706970215e-01,1.816724389791488647e-01,-7.799479365348815918e-01,9.743329882621765137e-01,2.664553523063659668e-01,-2.577760696411132812e+00,1.295122504234313965e-01,-4.716894030570983887e-01,-5.161823630332946777e-01,-1.423558592796325684e+00,9.682925939559936523e-01,-1.711556077003479004e+00,2.159030675888061523e+00,1.009994745254516602e+00,-5.184906721115112305e-01,-4.327454268932342529e-01,-7.413707375526428223e-01,1.106634140014648438e+00,-1.143250226974487305e+00,-7.247082591056823730e-01,1.472244143486022949e+00,-6.665609478950500488e-01,-2.723947167396545410e-01,1.019670367240905762e+00
8.104730248451232910e-01,-2.087365835905075073e-02,1.360954284667968750e+00,5.864275693893432617e-01,2.006583690643310547e+00,9.416233748197555542e-02,-1.933526635169982910e+00,1.164198853075504303e-02,-3.136695325374603271e-01,-4.653283357620239258e-01,1.430684924125671387e+00,7.743666321039199829e-02,-9.344829320907592773e-01,2.527206838130950928e-01,-8.949437141418457031e-01,-7.925498485565185547e-01,-1.769086956977844238e+00,-5.473169684410095215e-01,3.347523212432861328e-01,-8.128322958946228027e-01,5.544508099555969238e-01,3.024986386299133301e-01,-1.138651967048645020e+00,1.772768259048461914e+00,-1.407261565327644348e-02,1.210401535034179688e+00,-5.871205925941467285e-01,2.693094909191131592e-01,-5.506960749626159668e-01,1.309804439544677734e+00,-3.118670582771301270e-01,-5.127993822097778320e-01,2.783378064632415771e-01,1.258448809385299683e-01,2.046530961990356445e+00,-4.244453907012939453e-01,-1.620353579521179199e+00,-4.476873576641082764e-02,9.996161796152591705e-03,8.252121210098266602e-01,-6.070961356163024902e-01,-3.902403265237808228e-02,-7.691809535026550293e-01,1.281544268131256104e-01,9.411799907684326172e-02,1.352608680725097656e+00,-1.239663958549499512e+00,-3.047892749309539795e-01,-7.323240041732788086e-01,-1.546182870864868164e+00,7.048445940017700195e-01,-4.172756075859069824e-01,1.426628828048706055e+00,3.280432224273681641e-01,6.680744290351867676e-01,-3.521800637245178223e-01,-3.565045595169067383e-01,-9.185511469841003418e-01,1.647063374519348145e+00,-3.384290933609008789e-01,1.298521399497985840e+00,8.939548134803771973e-01,2.765558958053588867e-01,-3.653476536273956299e-01,-6.127467751502990723e-01,-1.715450406074523926e+00,2.242932915687561035e-01,1.545297265052795410e+00,1.809893846511840820e+00,3.988286256790161133e-01,2.404681965708732605e-02,-6.889712065458297729e-02,1.460272073745727539e+00,-3.590523898601531982e-01,1.126694202423095703e+00,8.177711367607116699e-01,-1.958716034889221191e+00,-7.615939527750015259e-02,-7.834171056747436523e-01,-9.370510578155517578e-01,-1.906223058700561523e+00,1.168470621109008789e+00,8.047912120819091797e-01,-9.928911924362182617e-02,-1.277099370956420898e+00,-3.089513182640075684e-01,3.330977261066436768e-01,1.625025391578674316e+00,2.974873185157775879e-01,-3.758516907691955566e-01,8.322228789329528809e-01,-4.245698750019073486e-01,-6.275280714035034180e-01,-6.984404921531677246e-01,-1.816922903060913086e+00,-5.521113276481628418e-01,-9.445601105690002441e-01,-1.489878773689270020e+00,6.272101998329162598e-01,2.061270952224731445e+00
3.037242218852043152e-02,-1.050661683082580566e+00,3.170315325260162354e-01,6.902576088905334473e-01,6.318199634552001953e-01,-7.968350648880004883e-01,-1.587571740150451660e+00,8.808478116989135742e-01,-1.086572766304016113e+00,-2.444603145122528076e-01,1.326928939670324326e-02,-1.545207947492599487e-01,-1.207687616348266602e+00,6.988328099250793457e-01,5.586153864860534668e-01,1.303816318511962891e+00,6.179200410842895508e-01,1.488708019256591797e+00,-5.854029953479766846e-02,-2.387455463409423828e+00,-5.685682296752929688e-01,2.695431560277938843e-02,6.936561465263366699e-01,4.438086450099945068e-01,2.049022197723388672e+00,3.548623621463775635e-01,4.807023406028747559e-01,-6.493105888366699219e-01,-2.033180743455886841e-01,4.172199666500091553e-01,1.245090514421463013e-01,-1.669285446405410767e-01,3.847334384918212891e-01,-3.828103840351104736e-01,3.492651581764221191e-01,-7.535534501075744629e-01,-8.082629442214965820e-01,4.633947275578975677e-03,-9.957190752029418945e-01,-1.304416060447692871e+00,1.104068398475646973e+00,1.034994363784790039e+00,-1.867217421531677246e+00,5.902404189109802246e-01,-8.262573480606079102e-01,5.009854435920715332e-01,-3.153839409351348877e-01,6.100879050791263580e-03,1.301129341125488281e+00,1.251879215240478516e+00,3.575322329998016357e-01,1.606548666954040527e+00,1.290573596954345703e+00,-7.677577733993530273e-01,-1.373550593852996826e-01,3.340744495391845703e+00,1.356737136840820312e+00,-2.344162575900554657e-02,-2.309276014566421509e-01,1.185027286410331726e-01,6.532875299453735352e-01,2.289201915264129639e-01,-1.547761440277099609e+00,-1.150431871414184570e+00,1.699618816375732422e+00,7.317444682121276855e-01,-7.951357364654541016e-01,-3.411964178085327148e-01,1.150773763656616211e+00,8.665550351142883301e-01,-2.071922302246093750e+00,1.888430565595626831e-01,1.021148711442947388e-01,-4.458079636096954346e-01,-1.558228015899658203e+00,1.705888986587524414e+00,2.479288727045059204e-01,-1.488780528306961060e-01,1.898956596851348877e-01,-6.777642369270324707e-01,5.428577065467834473e-01,-7.214277386665344238e-01,-5.767812132835388184e-01,-2.517284154891967773e+00,-4.800924360752105713e-01,9.670357704162597656e-01,2.400183677673339844e+00,9.303187131881713867e-01,-1.799294948577880859e-01,3.044844865798950195e-01,-3.625782430171966553e-01,-6.716451048851013184e-01,3.564430475234985352e-01,-2.094541549682617188e+00,-1.920743882656097412e-01,-4.839822947978973389e-01,-1.097926974296569824e+00,8.550381064414978027e-01,-7.347218990325927734e-01,-3.929629921913146973e-01
8.205274343490600586e-01,-1.055340841412544250e-01,9.501188993453979492e-01,-1.495047807693481445e+00,1.465376466512680054e-01,1.323567032814025879e+00,-1.908542990684509277e+00,-5.675095915794372559e-01,-1.928719997406005859e+00,-2.725974321365356445e-01,9.209845662117004395e-01,-1.756796836853027344e+00,1.230279684066772461e+00,2.108006592607125640e-04,2.875155210494995117e-01,-1.232071757316589355e+00,8.962761759757995605e-01,-5.417158603668212891e-01,-2.612403333187103271e-01,-5.697186589241027832e-01,2.162456512451171875e-01,1.839554309844970703e+00,9.540376663208007812e-01,6.461882591247558594e-02,2.049037933349609375e+00,-5.583934187889099121e-01,1.283267736434936523e+00,-7.785436511039733887e-02,-2.158796489238739014e-01,1.092672944068908691e+00,-4.572710990905761719e-01,-1.097715139389038086e+00,-5.871820449829101562e-01,5.826987028121948242e-01,4.224527478218078613e-01,-1.203356981277465820e+00,-6.840749382972717285e-01,-6.973766684532165527e-01,2.055562734603881836e-01,2.014662325382232666e-01,9.241051971912384033e-02,-6.783104687929153442e-02,5.420215129852294922e-01,-2.651775777339935303e-01,4.996478259563446045e-01,-1.319259405136108398e-02,-8.758742809295654297e-01,-1.606188774108886719e+00,-1.192283630371093750e+00,-4.003675580024719238e-01,-5.638928413391113281e-01,8.597928285598754883e-01,2.678060770034790039e+00,1.101757526397705078e+00,2.861955761909484863e-01,4.223034679889678955e-01,-5.277736783027648926e-01,2.389607578516006470e-01,-1.658868640661239624e-01,7.498942017555236816e-01,1.087581753730773926e+00,2.807651460170745850e-01,-9.174118041992187500e-01,5.152322649955749512e-01,-2.492894828319549561e-01,1.095260620117187500e+00,-5.740026831626892090e-01,1.326147437095642090e+00,-1.315119028091430664e+00,-2.772070467472076416e-01,7.326365113258361816e-01,-7.242023944854736328e-01,-1.538566797971725464e-01,-4.036088287830352783e-01,1.756996661424636841e-01,-1.359090924263000488e+00,-7.227098941802978516e-02,1.315256506204605103e-01,1.245716333389282227e+00,-1.008858203887939453e+00,-1.889874458312988281e+00,-9.742090702056884766e-01,1.262355923652648926e+00,1.210650086402893066e+00,-1.522028595209121704e-01,-1.265325188636779785e+00,-2.605128884315490723e-01,-1.133844971656799316e+00,-1.412260413169860840e+00,-4.125346988439559937e-02,-2.562305629253387451e-01,-6.083873659372329712e-02,7.560999989509582520e-01,-1.089472532272338867e+00,-1.546846628189086914e+00,-5.411921739578247070e-01,3.442686796188354492e-01,-1.968230009078979492e+00,-8.371613025665283203e-01,2.050359547138214111e-01
-3.504395484924316406e-01,-8.266112208366394043e-01,1.003868460655212402e+00,-7.878715395927429199e-01,-6.640510559082031250e-01,2.089085876941680908e-01,9.690416976809501648e-03,-1.830803975462913513e-02,-1.559533238410949707e+00,-1.372578144073486328e-01,-6.061871051788330078e-01,1.083977818489074707e-01,4.086095094680786133e-01,5.458136796951293945e-01,4.642114043235778809e-01,-1.688349246978759766e-01,9.158925414085388184e-01,-1.453380882740020752e-01,-1.403213858604431152e+00,9.624248147010803223e-01,2.931603491306304932e-01,1.629840433597564697e-01,1.633726507425308228e-01,7.477768659591674805e-01,-1.307948112487792969e+00,-4.553421139717102051e-01,-3.925828337669372559e-01,-1.534658074378967285e+00,-5.923363566398620605e-01,6.803570985794067383e-01,3.031283617019653320e-01,-4.521117508411407471e-01,1.887732297182083130e-01,5.585251450538635254e-01,6.711305379867553711e-01,1.804172992706298828e+00,1.222431421279907227e+00,-1.431656002998352051e+00,-2.562295794486999512e-01,-3.391316160559654236e-02,-9.021798372268676758e-01,3.248512744903564453e-01,6.355584599077701569e-03,3.059017062187194824e-01,-1.955075025558471680e+00,5.379438400268554688e-01,-1.073912024497985840e+00,-1.235087394714355469e+00,2.020461082458496094e+00,9.851729869842529297e-02,-2.983145415782928467e-01,-9.597675800323486328e-01,1.018190503120422363e+00,-2.266183346509933472e-01,4.440020322799682617e-01,-2.198777675628662109e+00,7.677261233329772949e-01,-1.636894792318344116e-01,1.546283960342407227e+00,-3.740469217300415039e-01,-1.259676098823547363e+00,-3.815275132656097412e-01,-6.907647252082824707e-01,4.865313172340393066e-01,-8.838252425193786621e-01,-5.084276199340820312e-01,7.033120393753051758e-01,3.612976074218750000e-01,-1.294619083404541016e+00,-1.477253556251525879e+00,-6.402499079704284668e-01,-5.585619807243347168e-01,4.033891856670379639e-01,-1.258046150207519531e+00,-4.442001581192016602e-01,-1.144436225295066833e-01,4.949392005801200867e-02,1.405508518218994141e-01,-1.425841093063354492e+00,-2.231678366661071777e-02,-3.860831856727600098e-01,-6.957091093063354492e-01,-1.354910492897033691e+00,-1.637928009033203125e+00,5.478509664535522461e-01,2.644884586334228516e-01,-7.724132537841796875e-01,-6.070345640182495117e-01,2.349781841039657593e-01,-1.845664739608764648e+00,-5.730292797088623047e-01,1.466839313507080078e+00,-1.379357218742370605e+00,1.274455785751342773e+00,-6.946930289268493652e-02,9.503480195999145508e-01,-1.314363628625869751e-01,-1.322669267654418945e+00,-6.124171614646911621e-01,-5.431376695632934570e-01
-1.653892993927001953e+00,3.258417844772338867e-01,5.988448392599821091e-03,7.246164083480834961e-01,-6.922646164894104004e-01,-4.584872722625732422e-01,3.599016666412353516e-01,1.035999298095703125e+00,2.323542535305023193e-01,-4.827427566051483154e-01,7.957179546356201172e-01,6.657933592796325684e-01,-1.425242304801940918e+00,7.016255855560302734e-01,1.117877364158630371e+00,1.195386871695518494e-01,-6.545224785804748535e-01,-1.623383462429046631e-01,-9.710925817489624023e-01,1.498583316802978516e+00,5.095673799514770508e-01,-2.558923512697219849e-02,-1.740209817886352539e+00,3.656780719757080078e-01,-8.792254328727722168e-01,1.042365550994873047e+00,-1.406379193067550659e-01,-2.488176345825195312e+00,-1.667600154876708984e+00,-8.039034157991409302e-02,-1.119486689567565918e+00,7.550127506256103516e-01,2.827443480491638184e-01,1.149541258811950684e+00,5.927606821060180664e-01,-1.967113256454467773e+00,1.446199655532836914e+00,9.425371885299682617e-01,1.120004057884216309e+00,-1.005712270736694336e+00,2.355985343456268311e-01,1.179443001747131348e-01,4.412910342216491699e-01,3.361378610134124756e-01,-9.526106119155883789e-01,-6.770744323730468750e-01,1.802263140678405762e+00,-1.822607591748237610e-02,4.080438315868377686e-01,1.269289374351501465e+00,-4.344930052757263184e-01,7.431914806365966797e-01,8.507308363914489746e-01,5.285819768905639648e-01,-1.986909508705139160e-01,3.637052774429321289e-01,-1.723712205886840820e+00,9.486925601959228516e-01,1.225929856300354004e+00,9.411616325378417969e-01,1.997608184814453125e+00,-3.111501336097717285e-01,-4.448747932910919189e-01,-7.438101768493652344e-01,1.499603152275085449e+00,5.950533747673034668e-01,7.621486783027648926e-01,7.788268923759460449e-01,1.583137989044189453e+00,4.377245306968688965e-01,-5.762085318565368652e-01,-2.724461078643798828e+00,-5.353196263313293457e-01,-3.993676900863647461e-01,-3.084605932235717773e-01,-3.669126927852630615e-01,8.135681040585041046e-03,-8.672315478324890137e-01,6.593217849731445312e-01,1.108114838600158691e+00,-9.235448837280273438e-01,-9.501535892486572266e-01,1.998840689659118652e+00,-1.267846345901489258e+00,6.139619946479797363e-01,1.371024608612060547e+00,2.465066500008106232e-02,3.232873678207397461e-01,-1.704647064208984375e+00,7.134711146354675293e-01,6.203064918518066406e-01,2.353536933660507202e-01,-6.237331032752990723e-02,5.646033287048339844e-01,-1.622811436653137207e+00,1.131660416722297668e-01,1.748553663492202759e-02,1.503188848495483398e+00,1.279984235763549805e+00,-1.852412372827529907e-01
4.028203189373016357e-01,6.457592248916625977e-01,-6.435920596122741699e-01,-5.058531761169433594e-01,-6.160466670989990234e-01,-1.786597073078155518e-01,-3.663863837718963623e-01,-1.462895631790161133e+00,3.697898089885711670e-01,4.803297221660614014e-01,4.143898487091064453e-01,-9.839882254600524902e-01,-6.480088233947753906e-01,-1.483569741249084473e+00,-7.578421235084533691e-01,-1.174899458885192871e+00,1.701521515846252441e+00,6.274992823600769043e-01,-8.193544745445251465e-01,5.580303668975830078e-01,4.487345814704895020e-01,-9.635580182075500488e-01,8.708155900239944458e-02,-3.572426736354827881e-01,-1.364031434059143066e+00,-6.966621279716491699e-01,5.411011576652526855e-01,-3.094865679740905762e-01,6.594426035881042480e-01,1.055132389068603516e+00,1.111642479896545410e+00,5.286434888839721680e-01,-9.653572738170623779e-02,-5.882731080055236816e-01,4.688753485679626465e-01,-1.940069347620010376e-01,1.151900649070739746e+00,-7.887662649154663086e-01,-1.205706521868705750e-01,1.615273356437683105e+00,-6.379478573799133301e-01,-3.532325923442840576e-01,7.709265351295471191e-01,-7.192806154489517212e-02,8.532910794019699097e-02,8.991046547889709473e-01,2.594199478626251221e-01,-8.030073642730712891e-01,-9.635473489761352539e-01,-7.344431877136230469e-01,4.620554670691490173e-02,-7.804636955261230469e-01,2.024831324815750122e-01,-8.931090831756591797e-01,-5.395263433456420898e-02,6.442184448242187500e-01,-1.418028831481933594e+00,-5.773381590843200684e-01,1.832383155822753906e+00,9.953462481498718262e-01,-1.882515668869018555e+00,9.236299991607666016e-01,2.511847950518131256e-02,1.242027997970581055e+00,-2.812722325325012207e-01,-5.831208825111389160e-01,-1.172080636024475098e+00,-8.599073886871337891e-01,-5.500168800354003906e-01,4.020440578460693359e-01,9.180247187614440918e-01,-6.431342959403991699e-01,1.900690793991088867e+00,2.828430756926536560e-02,-6.996500492095947266e-01,1.856527328491210938e+00,-4.984151944518089294e-02,-6.079484820365905762e-01,-2.878874540328979492e-01,1.674403786659240723e+00,2.084327638149261475e-01,1.498380899429321289e+00,-5.258556604385375977e-01,-8.109067082405090332e-01,-5.204693078994750977e-01,-2.290952682495117188e+00,-9.211919307708740234e-01,-3.534634351730346680e+00,-5.061731338500976562e-01,6.651266217231750488e-01,-4.685007631778717041e-01,-1.457393169403076172e-01,-6.693162322044372559e-01,-3.205993771553039551e-01,8.729860782623291016e-01,-9.045491218566894531e-01,1.280637860298156738e+00,-1.307326674461364746e+00,1.301191806793212891e+00,-1.123220682144165039e+00
-7.059168070554733276e-02,-1.281737536191940308e-01,-1.483158469200134277e+00,4.076222181320190430e-01,9.378081560134887695e-01,-8.061577081680297852e-01,1.312877535820007324e-01,7.051800489425659180e-01,1.867356896400451660e-01,-8.814827203750610352e-01,7.453022003173828125e-01,-1.170436620712280273e+00,-3.914185166358947754e-01,-6.975893378257751465e-01,1.890794515609741211e+00,3.645604476332664490e-03,-6.114873886108398438e-01,-5.282601714134216309e-01,1.975340366363525391e+00,4.611170291900634766e-01,-2.215544926002621651e-03,1.291963934898376465e+00,-6.247754096984863281e-01,1.009935140609741211e+00,1.612556338310241699e+00,-6.745755076408386230e-01,2.500357925891876221e-01,-3.475352525711059570e-01,-4.410308301448822021e-01,-2.482284232974052429e-02,-1.346157789230346680e+00,2.327730506658554077e-01,2.700962543487548828e+00,-1.183345675468444824e+00,1.353146791458129883e+00,4.019878208637237549e-01,7.699253559112548828e-01,-2.589600160717964172e-02,1.182117819786071777e+00,1.476548910140991211e+00,-4.339352622628211975e-02,-6.799964308738708496e-01,2.685062885284423828e-01,-1.634638071060180664e+00,-4.176551699638366699e-01,-3.861601352691650391e-01,2.178309440612792969e+00,-1.067618846893310547e+00,7.168564200401306152e-01,-4.496921896934509277e-01,-2.883920371532440186e-01,-2.058590650558471680e+00,-1.680171728134155273e+00,-2.859001457691192627e-01,-3.056051209568977356e-02,-8.911730051040649414e-01,-1.126217126846313477e+00,2.963656902313232422e+00,-2.651337385177612305e-01,6.589184999465942383e-01,3.104107379913330078e-01,-4.982046410441398621e-02,7.775667905807495117e-01,4.735569953918457031e-01,-3.136845231056213379e-01,-6.558907032012939453e-01,1.909232139587402344e+00,-1.058742761611938477e+00,-1.479101061820983887e+00,-1.736993670463562012e+00,-4.832697510719299316e-01,1.926416158676147461e+00,-5.489107370376586914e-01,-3.143298327922821045e-01,6.082868576049804688e-01,-6.931892037391662598e-02,-1.321560621261596680e+00,1.070859789848327637e+00,-1.505965113639831543e+00,-3.541696071624755859e-01,-3.154676780104637146e-02,5.401430130004882812e-01,6.089405417442321777e-01,-5.484286546707153320e-01,2.152567625045776367e+00,-2.329482793807983398e+00,8.049607276916503906e-02,-1.657755970954895020e-01,6.424924135208129883e-01,-1.797529935836791992e+00,-7.024861574172973633e-01,-4.709056615829467773e-01,1.007633805274963379e+00,1.972382813692092896e-01,-3.622406721115112305e-01,-8.935251235961914062e-01,6.709807366132736206e-02,-1.437433004379272461e+00,-1.912255048751831055e+00,-1.431007146835327148e+00
-1.477663278579711914e+00,-4.189146459102630615e-01,9.025213122367858887e-01,3.956257402896881104e-01,-3.714377582073211670e-01,7.502683401107788086e-01,-1.560174942016601562e+00,9.142449498176574707e-01,1.724629878997802734e+00,7.375739812850952148e-01,2.385307312011718750e+00,-2.339707911014556885e-01,-5.789705514907836914e-01,1.515407443046569824e+00,-4.856410920619964600e-01,8.816555738449096680e-01,-1.291024446487426758e+00,-9.168189167976379395e-01,-4.022480547428131104e-01,7.788290977478027344e-01,1.097752377390861511e-01,-1.375133395195007324e+00,-1.325749754905700684e-01,-8.273451328277587891e-01,1.136227488517761230e+00,-4.439408779144287109e-01,7.268640398979187012e-01,-1.174835562705993652e+00,-4.562271237373352051e-01,-9.021329879760742188e-01,4.506501555442810059e-01,1.498584598302841187e-01,4.295123815536499023e-01,3.777263164520263672e-01,-2.979775071144104004e-01,-2.192907035350799561e-01,7.779149413108825684e-01,1.019390225410461426e-01,1.456291794776916504e+00,8.144320249557495117e-01,-1.631302982568740845e-01,-1.118203759193420410e+00,-1.779982089996337891e+00,1.042945981025695801e+00,3.578337132930755615e-01,8.888345956802368164e-01,-6.306720376014709473e-01,2.625251710414886475e-01,4.353940784931182861e-01,1.124612450599670410e+00,1.290467739105224609e+00,-2.350559711456298828e+00,-1.051752448081970215e+00,-6.541882753372192383e-01,-3.666301257908344269e-03,-8.261688053607940674e-02,1.125361204147338867e+00,1.318276047706604004e+00,-5.303129553794860840e-01,-5.967063903808593750e-01,-3.238599002361297607e-01,-1.870041251182556152e+00,-9.789801239967346191e-01,-1.743630021810531616e-01,9.217863082885742188e-01,-2.620638310909271240e-01,-6.314011663198471069e-02,8.801820874214172363e-01,-4.548654556274414062e-01,1.345973014831542969e-01,-8.603923320770263672e-01,1.356321215629577637e+00,1.161589473485946655e-01,2.507689595222473145e-01,-3.316027522087097168e-01,-1.517775356769561768e-01,8.892772197723388672e-01,-1.201237440109252930e+00,-8.088262081146240234e-01,3.488211333751678467e-01,2.082138538360595703e+00,1.131132960319519043e+00,5.777884125709533691e-01,4.110541641712188721e-01,-9.163843393325805664e-01,3.723892197012901306e-02,-5.803727507591247559e-01,-2.728510499000549316e-01,-5.271736979484558105e-01,2.138872146606445312e-01,7.517681121826171875e-01,-3.541289865970611572e-01,3.745163679122924805e-01,1.518261671066284180e+00,-4.879016578197479248e-01,1.386890411376953125e+00,-1.922878384590148926e+00,5.961331129074096680e-01,3.667691946029663086e-01,6.720669269561767578e-01
-1.906178593635559082e+00,-3.934643268585205078e-01,3.614917397499084473e-02,-1.656250715255737305e+00,-2.088819265365600586e+00,-1.439232110977172852e+00,7.980983853340148926e-01,-1.052718400955200195e+00,3.874254971742630005e-02,-9.496234059333801270e-01,1.307098567485809326e-01,-4.505456686019897461e-01,1.461181998252868652e+00,-1.847196221351623535e+00,1.459585428237915039e-01,-8.579237461090087891e-01,1.208550333976745605e+00,-2.470153570175170898e+00,2.465176135301589966e-01,-1.555509567260742188e+00,-1.351935982704162598e+00,1.130054354667663574e+00,1.347105860710144043e+00,-2.021196603775024414e+00,-2.346942387521266937e-02,9.033336639404296875e-01,-5.025922060012817383e-01,9.565560221672058105e-01,-3.738332912325859070e-02,-1.526272535324096680e+00,1.528100728988647461e+00,-8.437513560056686401e-02,2.609768390655517578e+00,7.442232370376586914e-01,1.259092390537261963e-01,-1.212573170661926270e+00,2.311728477478027344e+00,7.186248302459716797e-01,-6.404569745063781738e-01,1.066767811775207520e+00,6.343494057655334473e-01,1.489187717437744141e+00,-4.839786887168884277e-01,1.731280088424682617e+00,4.458580911159515381e-01,4.885300397872924805e-01,-3.635394871234893799e-01,5.076608061790466309e-02,-2.377551198005676270e-01,1.417573213577270508e+00,-1.817020058631896973e+00,-2.383714765310287476e-01,9.296434372663497925e-02,7.972235232591629028e-02,4.794614017009735107e-01,-1.439992070198059082e+00,2.365353107452392578e+00,-3.020663373172283173e-02,-4.187856614589691162e-01,-1.175554037094116211e+00,1.664114475250244141e+00,5.107509493827819824e-01,1.278737664222717285e+00,-1.098824739456176758e+00,5.603556036949157715e-01,1.406286835670471191e+00,-5.987367033958435059e-01,1.667543351650238037e-01,3.599757254123687744e-01,-8.244011402130126953e-01,1.718772053718566895e-01,-5.310543775558471680e-01,2.123123407363891602e-01,5.821636915206909180e-01,-3.772731497883796692e-02,-1.480938196182250977e+00,5.652204751968383789e-01,9.238052368164062500e-01,-4.422321170568466187e-02,-1.055521965026855469e+00,1.652983203530311584e-02,2.863630056381225586e-01,-1.810409784317016602e+00,8.170783519744873047e-01,9.324736148118972778e-02,1.740323901176452637e+00,-1.064659833908081055e+00,1.380272507667541504e+00,-1.359191179275512695e+00,2.689042091369628906e+00,1.627108931541442871e+00,-7.775878310203552246e-01,8.914948701858520508e-01,-7.108915448188781738e-01,2.581922113895416260e-01,1.095075607299804688e+00,1.404477477073669434e+00,1.084988236427307129e+00,2.675285935401916504e-01,1.071944117546081543e+00
-8.011845946311950684e-01,4.347216784954071045e-01,2.174625158309936523e+00,-9.413346052169799805e-01,-6.310275197029113770e-01,8.469063639640808105e-01,-1.827306985855102539e+00,-1.415670961141586304e-01,-2.711833417415618896e-01,-2.051553487777709961e+00,-9.252063632011413574e-01,-3.248372673988342285e-01,1.318785786628723145e+00,1.170035600662231445e-01,7.289950847625732422e-01,7.216853499412536621e-01,-7.740089893341064453e-01,-5.763052701950073242e-01,6.757858991622924805e-01,-1.509900093078613281e+00,3.014811277389526367e-01,-1.185685992240905762e+00,-4.054513573646545410e-01,-6.666470766067504883e-01,-5.046088695526123047e-01,6.236276030540466309e-01,-6.380714178085327148e-01,8.261126279830932617e-02,-1.601013898849487305e+00,1.635776281356811523e+00,7.340437769889831543e-01,1.387978553771972656e+00,-1.142789959907531738e+00,5.569285750389099121e-01,-1.551748275756835938e+00,-6.114783883094787598e-02,-1.735250353813171387e-01,-3.113981187343597412e-01,-1.077357649803161621e+00,7.664833664894104004e-01,4.530936777591705322e-01,7.556703686714172363e-01,-1.051930665969848633e+00,-7.684467434883117676e-01,7.342403531074523926e-01,3.697811365127563477e-01,2.722513377666473389e-01,-1.620668023824691772e-01,3.205718994140625000e-01,-4.600453004240989685e-02,-5.868538618087768555e-01,-1.845193356275558472e-01,-3.876231014728546143e-01,4.295558631420135498e-01,1.317150473594665527e+00,-8.283649086952209473e-01,1.407432556152343750e+00,8.861368298530578613e-01,-1.454036712646484375e+00,3.077242970466613770e-01,8.356522917747497559e-01,-1.195501685142517090e+00,1.776323914527893066e-01,1.840753316879272461e+00,9.333606362342834473e-01,1.737736821174621582e+00,9.207672476768493652e-01,1.279017686843872070e+00,-1.361033678054809570e+00,9.077267050743103027e-01,-7.135382890701293945e-01,1.056288003921508789e+00,-6.851419806480407715e-01,1.860874176025390625e+00,-1.782736629247665405e-01,9.288797974586486816e-01,-1.318980097770690918e+00,-2.847959518432617188e+00,-7.776018381118774414e-01,2.800101637840270996e-01,-7.050914168357849121e-01,-1.899073645472526550e-02,-1.004283428192138672e+00,-1.169836640357971191e+00,8.963887095451354980e-01,6.350673437118530273e-01,-5.308997631072998047e-01,-2.023931980133056641e+00,1.348933935165405273e+00,1.742795228958129883e+00,-1.389925032854080200e-01,-8.159226775169372559e-01,-2.827832289040088654e-02,1.473006844520568848e+00,-8.206818103790283203e-01,-5.808068811893463135e-02,-6.354520916938781738e-01,-1.320106983184814453e+00,-2.047288566827774048e-01,1.684263586997985840e+00
-9.344366788864135742e-01,-1.386197566986083984e+00,-8.564026653766632080e-02,-1.014695167541503906e+00,-1.638368487358093262e+00,-2.265755653381347656e+00,1.347933769226074219e+00,-1.267379164695739746e+00,3.765737414360046387e-01,-1.178102716803550720e-01,-1.349667757749557495e-01,-6.720829010009765625e-01,-1.365837693214416504e+00,-6.426535248756408691e-01,6.235990524291992188e-01,-5.013309717178344727e-01,-1.241314530372619629e+00,-5.459457635879516602e-03,-3.121238946914672852e-01,1.850597560405731201e-01,-9.929480552673339844e-01,1.462723374366760254e+00,-3.004226684570312500e+00,1.670984148979187012e+00,7.522950321435928345e-02,-7.339413762092590332e-01,6.269872784614562988e-01,2.941117584705352783e-01,2.535963654518127441e-01,3.463343679904937744e-01,-1.290419697761535645e+00,1.489348649978637695e+00,-2.437296658754348755e-01,-8.529289364814758301e-01,7.299268841743469238e-01,-5.327820777893066406e-01,1.870348863303661346e-02,-6.117105484008789062e-01,-5.695422887802124023e-01,4.766750335693359375e-01,-9.404897689819335938e-01,-7.432734593749046326e-03,1.096419334411621094e+00,4.965372383594512939e-01,1.816491335630416870e-01,2.967827320098876953e-01,-6.893280893564224243e-02,9.534054398536682129e-01,-1.080913096666336060e-01,2.495881468057632446e-01,-7.625132799148559570e-01,1.434570074081420898e+00,1.496190428733825684e+00,2.697031795978546143e-01,2.223144024610519409e-01,1.824799895286560059e+00,3.863407969474792480e-01,-7.639972567558288574e-01,-5.974280834197998047e-01,-5.232383012771606445e-01,-3.385196030139923096e-01,-6.424158811569213867e-01,8.900146484375000000e-01,8.702647686004638672e-01,-2.372371265664696693e-03,1.629927992820739746e+00,1.499818325042724609e+00,-3.737158179283142090e-01,-4.080251231789588928e-02,6.008350849151611328e-01,2.767039835453033447e-01,-7.030128836631774902e-01,-1.074224710464477539e+00,-7.512530684471130371e-02,5.002114176750183105e-01,-7.228859513998031616e-02,1.677185416221618652e+00,-1.065706089138984680e-01,5.794546604156494141e-01,5.766249895095825195e-01,-3.343139588832855225e-01,-5.455885529518127441e-01,8.437814712524414062e-01,6.004185229539871216e-02,-2.210202962160110474e-01,-3.771061450242996216e-02,-2.240218162536621094e+00,-1.350138902664184570e+00,5.228586792945861816e-01,7.172639966011047363e-01,-8.859591484069824219e-01,3.410732746124267578e-01,-6.445218324661254883e-01,4.877949357032775879e-01,6.861250996589660645e-01,1.081722378730773926e+00,4.474812373518943787e-02,4.999399781227111816e-01,-9.080142974853515625e-01,-8.111611008644104004e-02
6.416534781455993652e-01,-1.262943744659423828e+00,6.525709480047225952e-02,-1.655645668506622314e-01,-9.849450588226318359e-01,1.253396391868591309e+00,1.832652390003204346e-01,-8.496437072753906250e-01,1.333923816680908203e+00,1.314062118530273438e+00,-3.063059747219085693e-01,-1.120321303606033325e-01,1.233594417572021484e+00,2.493353933095932007e-01,-4.832535684108734131e-01,-1.050449967384338379e+00,-1.405504196882247925e-01,-1.732131600379943848e+00,7.289327979087829590e-01,-2.741002738475799561e-01,-7.419342994689941406e-01,7.704340815544128418e-01,-2.704195380210876465e-01,4.961386024951934814e-01,-4.255373477935791016e-01,-2.741274118423461914e+00,-4.726851880550384521e-01,-2.207489013671875000e-01,1.823915243148803711e-01,6.533033251762390137e-01,-5.498762130737304688e-01,1.669333457946777344e+00,2.200564742088317871e-01,-3.507424518465995789e-02,-1.340454816818237305e+00,9.814243912696838379e-01,-1.805911306291818619e-03,1.710998415946960449e-01,1.652016043663024902e+00,-9.720213711261749268e-02,-3.408927619457244873e-01,-1.277190566062927246e+00,1.896928399801254272e-01,2.096326828002929688e+00,1.071184039115905762e+00,8.125153183937072754e-01,8.828198909759521484e-02,-7.409497499465942383e-01,-7.001752257347106934e-01,-1.181125938892364502e-01,-2.399574071168899536e-01,-4.836827218532562256e-01,-4.105011820793151855e-01,-1.693159341812133789e+00,5.538453459739685059e-01,-6.502826809883117676e-01,2.945738434791564941e-01,-3.856731653213500977e-01,2.298245906829833984e+00,3.711606860160827637e-01,-6.370445489883422852e-01,1.521764159202575684e+00,-1.241563796997070312e+00,-1.054368376731872559e+00,-4.292494058609008789e-01,1.174854159355163574e+00,1.024512290954589844e+00,2.016044110059738159e-01,-6.273258924484252930e-01,4.330807030200958252e-01,-1.260715484619140625e+00,3.053302466869354248e-01,4.270646274089813232e-01,7.636858224868774414e-01,5.945794582366943359e-01,8.668248355388641357e-02,-1.696214318275451660e+00,-7.197377085685729980e-01,1.681887507438659668e+00,3.345059156417846680e-01,-8.830792903900146484e-01,-1.119137629866600037e-01,1.874852180480957031e+00,-6.264044642448425293e-01,-4.261256456375122070e-01,-6.636611223220825195e-01,1.078253269195556641e+00,3.335192501544952393e-01,8.115234971046447754e-01,-1.170953437685966492e-01,9.448658823966979980e-01,-3.668928891420364380e-02,-9.996369481086730957e-02,1.160551071166992188e+00,-3.747679591178894043e-01,-1.645892113447189331e-01,2.129212021827697754e-01,-8.496171832084655762e-01,-3.679181635379791260e-01,-1.941588401794433594e+00
1.895951747894287109e+00,-1.125658631324768066e+00,-5.163888931274414062e-01,1.026958584785461426e+00,2.717781364917755127e-01,1.972411870956420898e+00,-7.639231681823730469e-01,-7.414782047271728516e-01,-2.637048959732055664e-01,-7.403578609228134155e-02,1.272542774677276611e-01,3.484278619289398193e-01,6.280587315559387207e-01,-1.048226356506347656e+00,6.441851705312728882e-02,-2.655508518218994141e-01,7.130024433135986328e-01,-4.888126626610755920e-03,1.805601835250854492e+00,2.749460563063621521e-02,1.544320434331893921e-01,5.033622384071350098e-01,-8.412528038024902344e-02,-1.429385185241699219e+00,1.527660965919494629e+00,7.424081563949584961e-01,-1.240832090377807617e+00,9.877694249153137207e-01,4.275003075599670410e-01,-3.683665767312049866e-02,1.502812981605529785e+00,1.109174370765686035e+00,-2.873921766877174377e-02,-7.756787538528442383e-01,6.116666197776794434e-01,1.136600255966186523e+00,-1.803574562072753906e+00,1.275113105773925781e+00,8.203407526016235352e-01,3.391260504722595215e-01,-2.024689018726348877e-01,2.085828065872192383e+00,9.787941575050354004e-01,6.553827524185180664e-01,-1.574444025754928589e-01,1.961282372474670410e+00,1.104503393173217773e+00,-4.691185355186462402e-01,4.608721137046813965e-01,4.703043103218078613e-01,-7.030046582221984863e-01,-4.233068823814392090e-01,4.815638959407806396e-01,-1.103903353214263916e-01,-2.401212453842163086e+00,1.083195686340332031e+00,1.967773675918579102e+00,1.673820376396179199e+00,-2.215538173913955688e-01,-1.091561555862426758e+00,-9.415704607963562012e-01,-9.723740816116333008e-01,3.057758808135986328e-01,2.996689081192016602e-01,3.095521405339241028e-02,-6.157529354095458984e-01,-3.554221093654632568e-01,7.335408926010131836e-01,-1.120689868927001953e+00,1.780234456062316895e+00,-8.002651333808898926e-01,6.505854725837707520e-01,2.218862295150756836e+00,1.152263522148132324e+00,-6.011176109313964844e-01,-9.634364396333694458e-04,-1.492284178733825684e+00,-6.576341390609741211e-01,8.293560743331909180e-01,7.344493865966796875e-01,5.920100212097167969e-01,1.784718334674835205e-01,-1.864690929651260376e-01,4.607362449169158936e-01,-9.736296534538269043e-01,-1.334311366081237793e+00,8.992255479097366333e-02,5.955730080604553223e-01,-7.591114044189453125e-01,5.338037014007568359e-01,-2.624743580818176270e-01,-1.051765322685241699e+00,-1.994117200374603271e-01,-1.246348977088928223e+00,1.271286606788635254e+00,5.273392796516418457e-01,1.037168502807617188e+00,1.326779961585998535e+00,-9.829849749803543091e-02,-5.407242178916931152e-01
1.466250658035278320e+00,1.677257865667343140e-01,4.016627073287963867e-01,-1.579130291938781738e-01,1.437367796897888184e-01,-7.623564600944519043e-01,-5.273061394691467285e-01,3.522598445415496826e-01,7.777958363294601440e-02,1.915225237607955933e-01,-2.656781077384948730e-01,9.103340506553649902e-01,7.559268474578857422e-01,-1.728654950857162476e-01,7.547457516193389893e-02,-1.180796027183532715e+00,-1.061832547187805176e+00,1.274823069572448730e+00,3.583530187606811523e-01,3.234449028968811035e-01,6.329224705696105957e-01,2.087909281253814697e-01,6.337711811065673828e-01,-7.740178704261779785e-01,-6.617727875709533691e-01,-2.004213333129882812e+00,2.276412725448608398e+00,3.521635830402374268e-01,-2.244973659515380859e+00,5.537787079811096191e-01,-4.720804691314697266e-01,-7.468360662460327148e-01,-3.501922786235809326e-01,1.482225894927978516e+00,6.823885440826416016e-01,-4.016472697257995605e-01,5.271814465522766113e-01,-7.920460104942321777e-01,1.403514027595520020e+00,1.209686994552612305e+00,1.396795958280563354e-01,-2.045132517814636230e-01,-6.727677583694458008e-01,1.310508251190185547e+00,-3.020511567592620850e-01,3.049889802932739258e-01,-1.746272593736648560e-01,-2.657779693603515625e+00,1.029509782791137695e+00,1.152388602495193481e-01,-1.320058465003967285e+00,-7.533993124961853027e-01,6.173596717417240143e-03,9.754253625869750977e-01,-2.104016304016113281e+00,6.671880185604095459e-02,3.501579165458679199e-02,7.599871158599853516e-01,4.618221428245306015e-03,6.491643786430358887e-01,-1.354297876358032227e+00,1.462682604789733887e+00,8.918108344078063965e-01,-2.774431370198726654e-02,-6.126225590705871582e-01,6.337589621543884277e-01,8.271235823631286621e-01,6.230859160423278809e-01,-5.439727902412414551e-01,2.178497761487960815e-01,-2.107498943805694580e-01,-4.774755835533142090e-01,-5.578522682189941406e-01,2.091394960880279541e-01,4.324564337730407715e-01,7.665175199508666992e-01,1.609856128692626953e+00,-1.128510355949401855e+00,5.810069441795349121e-01,-2.434452027082443237e-01,1.593181252479553223e+00,3.398450836539268494e-02,-2.131615161895751953e+00,-7.732447385787963867e-01,-7.251247763633728027e-01,1.524279475212097168e+00,6.572064161300659180e-01,1.079204201698303223e+00,-1.952596187591552734e+00,-1.979575753211975098e-01,1.934435725212097168e+00,-5.380995273590087891e-01,3.330764770507812500e+00,-2.204150438308715820e+00,2.165786921977996826e-01,-9.336980581283569336e-01,-1.523845791816711426e+00,2.199128627777099609e+00,-1.470736503601074219e+00,2.817998826503753662e-01
4.174720495939254761e-02,-2.752882242202758789e-01,-7.535908222198486328e-01,-1.500649571418762207e+00,-4.132402539253234863e-01,1.369143009185791016e+00,6.479705125093460083e-02,1.444563567638397217e-01,1.919391751289367676e+00,5.959097295999526978e-02,1.154179811477661133e+00,5.744569301605224609e-01,8.793923258781433105e-01,4.197924733161926270e-01,2.018748521804809570e+00,-1.052387714385986328e+00,1.150339365005493164e+00,-2.348146289587020874e-01,-9.139778614044189453e-01,-9.716628193855285645e-01,2.182807177305221558e-01,8.177056312561035156e-01,-9.703833460807800293e-01,-1.780256390571594238e+00,-1.240500211715698242e-01,-1.069225192070007324e+00,2.554614245891571045e-01,-1.240133643150329590e+00,1.326954737305641174e-02,-7.379173040390014648e-01,-5.069455504417419434e-01,1.885233074426651001e-01,3.989014625549316406e-01,3.321431279182434082e-01,-6.385915875434875488e-01,4.128578901290893555e-01,3.757167756557464600e-01,-1.030237972736358643e-02,-6.195645928382873535e-01,1.165455222129821777e+00,1.474776983261108398e+00,-1.329786896705627441e+00,3.899949491024017334e-01,-1.302587509155273438e+00,6.828463673591613770e-01,-1.691737174987792969e+00,-1.658962726593017578e+00,-1.533226490020751953e+00,1.823559254407882690e-01,1.429816931486129761e-01,-7.662924528121948242e-01,9.562051892280578613e-01,-2.326494902372360229e-01,2.875522673130035400e-01,8.323181420564651489e-02,2.696236670017242432e-01,1.488771796226501465e+00,-9.071341156959533691e-01,-2.112193822860717773e+00,1.249524056911468506e-01,-8.697943687438964844e-01,-1.277229666709899902e+00,-1.201100826263427734e+00,1.206369876861572266e+00,-5.846722126007080078e-01,-1.348546504974365234e+00,1.009092479944229126e-01,-9.919919073581695557e-03,-1.078274607658386230e+00,1.238611221313476562e+00,-6.180328130722045898e-01,-1.418995261192321777e+00,2.417357265949249268e-01,-6.709007620811462402e-01,1.768320798873901367e+00,3.611496984958648682e-01,-1.732005625963211060e-01,-1.557676792144775391e+00,-5.787563920021057129e-01,-3.145290911197662354e-01,2.106248855590820312e+00,2.873226702213287354e-01,-6.680738925933837891e-01,-2.273072242736816406e+00,-1.141557216644287109e+00,4.363462030887603760e-01,1.589184403419494629e+00,6.935079097747802734e-01,6.989488005638122559e-01,1.783636957406997681e-01,-7.150603532791137695e-01,-1.030314862728118896e-01,-6.295357346534729004e-01,2.583777904510498047e-02,-2.151816844940185547e+00,-5.632613301277160645e-01,-1.840282440185546875e+00,-1.020790815353393555e+00,2.224251031875610352e+00,7.754241824150085449e-01
-9.395990371704101562e-01,5.256626605987548828e-01,-1.219717383384704590e+00,1.803929507732391357e-01,4.568102657794952393e-01,8.188597112894058228e-02,9.317396283149719238e-01,4.599106311798095703e-01,6.998214125633239746e-01,4.606300592422485352e-01,-1.144278883934020996e+00,8.936150372028350830e-02,1.626761078834533691e+00,1.000655218958854675e-01,-1.142626285552978516e+00,2.256941497325897217e-01,1.257794976234436035e+00,7.128868103027343750e-01,-1.493853330612182617e+00,-7.824910283088684082e-01,-8.724237680435180664e-01,3.218854665756225586e-01,1.744142651557922363e+00,6.451420783996582031e-01,-1.501675248146057129e+00,7.467085123062133789e-01,3.301176130771636963e-01,-9.903739690780639648e-01,1.756493806838989258e+00,-9.666316509246826172e-01,4.244824647903442383e-01,-7.837967276573181152e-01,6.875397562980651855e-01,2.807705402374267578e-01,8.070006370544433594e-01,9.448004364967346191e-01,-1.800326585769653320e+00,4.375230520963668823e-03,-2.480752468109130859e+00,-9.922848343849182129e-01,7.741385698318481445e-02,1.403053849935531616e-01,1.021169662475585938e+00,7.501085996627807617e-01,1.177371025085449219e+00,5.887891054153442383e-01,7.569701671600341797e-01,-8.982288837432861328e-01,-8.711528778076171875e-01,-1.540233016014099121e+00,-1.930101990699768066e+00,-6.355933547019958496e-01,-6.662875413894653320e-01,2.220821976661682129e-01,-4.693155586719512939e-01,-1.498829126358032227e-01,1.105704903602600098e+00,2.816642820835113525e-01,-3.574199080467224121e-01,-2.294976562261581421e-01,-1.935547590255737305e-01,-3.176166415214538574e-01,-2.889159917831420898e-01,-9.427589178085327148e-01,9.995679557323455811e-02,2.260383516550064087e-01,-1.009539246559143066e+00,-2.656576037406921387e-01,4.999217763543128967e-02,1.091688405722379684e-02,-7.090194821357727051e-01,-1.857446551322937012e+00,4.421529471874237061e-01,-1.488475322723388672e+00,-1.868237018585205078e+00,1.191427707672119141e+00,4.694901704788208008e-01,-1.832822859287261963e-01,1.418657064437866211e+00,1.243364140391349792e-01,3.233297765254974365e-01,-3.882702440023422241e-02,2.033274412155151367e+00,7.937418818473815918e-01,7.168377637863159180e-01,1.485263943672180176e+00,-7.886588573455810547e-01,9.297109842300415039e-01,-2.753436565399169922e-01,-6.852962374687194824e-01,-1.029996573925018311e-01,1.816851854324340820e+00,6.762275099754333496e-01,3.300236940383911133e+00,-5.280796810984611511e-02,-2.011628627777099609e+00,5.124903321266174316e-01,-1.238429665565490723e+00,2.045872926712036133e+00,1.248657107353210449e-01
6.795425415039062500e-01,-2.300402522087097168e-01,-9.647177457809448242e-01,-1.082371830940246582e+00,-1.991260498762130737e-01,-4.393068790435791016e+00,-3.915953934192657471e-01,-9.377484768629074097e-02,8.950575590133666992e-01,3.613335192203521729e-01,-6.890016794204711914e-01,-4.975777268409729004e-01,1.230552196502685547e+00,-4.325452819466590881e-02,1.608099699020385742e+00,1.089341759681701660e+00,4.895235598087310791e-02,-1.602662503719329834e-01,-1.193053722381591797e+00,-9.230572581291198730e-01,-1.516553640365600586e+00,1.578990697860717773e+00,9.131128787994384766e-01,6.916437149047851562e-01,1.099990844726562500e+00,1.570830643177032471e-01,-1.165279150009155273e+00,-7.844678163528442383e-01,-7.952519059181213379e-01,1.477286338806152344e+00,-2.397055625915527344e-01,4.145574867725372314e-01,-5.200291872024536133e-01,7.729812264442443848e-01,-1.631042480468750000e+00,1.408020853996276855e+00,1.697838306427001953e-01,-3.827448934316635132e-03,1.300476312637329102e+00,6.968158483505249023e-02,1.882133126258850098e+00,-1.875737011432647705e-01,1.713888287544250488e+00,1.033590808510780334e-01,4.921904951333999634e-02,-2.146833091974258423e-01,-8.578678369522094727e-01,3.119554221630096436e-01,1.943579614162445068e-01,9.767732024192810059e-02,-1.215585589408874512e+00,1.584634780883789062e-01,4.950637817382812500e-01,6.524315476417541504e-01,-5.445548295974731445e-01,-1.567453742027282715e+00,8.195720314979553223e-01,-7.723010182380676270e-01,9.529408216476440430e-01,5.714161992073059082e-01,1.184058666229248047e+00,1.667184114456176758e+00,-2.747854590415954590e-01,6.390193700790405273e-01,-4.026302397251129150e-01,1.667550325393676758e+00,-1.037217736244201660e+00,8.454282283782958984e-01,-2.264841645956039429e-01,1.118381023406982422e+00,1.884202837944030762e+00,-1.427027106285095215e+00,1.273475527763366699e+00,-2.499018907546997070e-01,-1.083617091178894043e+00,1.296332329511642456e-01,1.205159783363342285e+00,6.855895519256591797e-01,1.241310358047485352e+00,-5.699132084846496582e-01,2.543558776378631592e-01,-8.037109971046447754e-01,-7.250391840934753418e-01,1.835763454437255859e+00,-5.073477029800415039e-01,3.820202052593231201e-01,6.627663373947143555e-01,-8.829277753829956055e-01,-1.110363841056823730e+00,-1.064570307731628418e+00,2.665345668792724609e-01,-1.207903385162353516e+00,8.770041465759277344e-01,-1.344827175140380859e+00,-3.132286667823791504e-01,9.496222138404846191e-01,6.048318147659301758e-01,-9.994282126426696777e-01,1.241691410541534424e-01,-6.767784804105758667e-02
-5.082100629806518555e-01,1.676768898963928223e+00,7.779354453086853027e-01,-1.922665238380432129e+00,-2.279392257332801819e-02,-1.312716722488403320e+00,1.618684887886047363e+00,1.103148102760314941e+00,-1.533432751893997192e-01,-1.451798796653747559e+00,6.052883267402648926e-01,1.027569994330406189e-01,1.359578222036361694e-01,-2.241815328598022461e-01,1.090583205223083496e+00,7.708934694528579712e-02,1.931234478950500488e+00,-1.490626931190490723e+00,-2.277672737836837769e-01,-7.967664003372192383e-01,-1.459998339414596558e-01,2.297533452510833740e-01,-1.019969820976257324e+00,6.862416863441467285e-01,-1.059893727302551270e+00,-2.157364189624786377e-01,1.470408320426940918e+00,1.529168248176574707e+00,7.032417654991149902e-01,5.480036735534667969e-01,5.320062041282653809e-01,-9.080392122268676758e-01,1.569561839103698730e+00,1.613545775413513184e+00,-9.187664985656738281e-01,7.927456498146057129e-01,-4.355846941471099854e-01,2.301501929759979248e-01,-1.104967474937438965e+00,1.106087684631347656e+00,2.090769708156585693e-01,1.414066851139068604e-01,6.433385014533996582e-01,4.765911698341369629e-01,-5.831803083419799805e-01,-7.531909942626953125e-01,3.730520904064178467e-01,-5.065969228744506836e-01,-7.064582109451293945e-01,2.211111932992935181e-01,-1.751211881637573242e-01,-1.162411808967590332e+00,2.030466318130493164e+00,4.831719696521759033e-01,6.409443616867065430e-01,-6.804589629173278809e-01,4.302548468112945557e-01,-2.995787262916564941e-01,7.836644053459167480e-01,1.041464805603027344e+00,1.194643825292587280e-01,4.133517742156982422e-01,-7.217850089073181152e-01,-4.194347560405731201e-01,1.569444775581359863e+00,1.630492448806762695e+00,-9.732583761215209961e-01,-3.075731173157691956e-02,7.979398965835571289e-02,2.859387397766113281e-01,-1.354530215263366699e+00,-7.995866984128952026e-02,1.104293942451477051e+00,-1.190714120864868164e+00,-2.048837423324584961e+00,-1.368936896324157715e+00,-9.061541557312011719e-01,1.013268709182739258e+00,-2.267681658267974854e-01,1.062983199954032898e-01,-4.732731878757476807e-01,-1.084024310111999512e-01,3.489412367343902588e-01,1.338581323623657227e+00,-4.805015400052070618e-02,1.110855340957641602e+00,-1.408911030739545822e-02,1.857970714569091797e+00,-2.227933406829833984e-01,7.274873256683349609e-01,-1.722851991653442383e-01,-2.239837884902954102e+00,6.160153448581695557e-02,2.383049488067626953e+00,-1.089384630322456360e-01,1.096581459045410156e+00,-1.311715245246887207e-01,1.176503300666809082e+00,6.021681427955627441e-01,9.391615390777587891e-01
-1.069749593734741211e+00,1.188991904258728027e+00,1.362723469734191895e+00,7.768867611885070801e-01,-1.423221468925476074e+00,1.240532994270324707e+00,1.385160446166992188e+00,1.113488793373107910e+00,-2.603565156459808350e-01,1.951360464096069336e+00,-5.462514162063598633e-01,-1.171061277389526367e+00,7.480372190475463867e-01,-9.287515878677368164e-01,9.119228720664978027e-01,4.123619198799133301e-02,-7.686308771371841431e-02,-6.631442904472351074e-01,-1.986192315816879272e-01,2.467359304428100586e-01,-2.716433525085449219e+00,3.032698333263397217e-01,-7.130446434020996094e-01,3.602353632450103760e-01,-1.234162211418151855e+00,-8.129696846008300781e-01,2.588421404361724854e-01,-6.105405092239379883e-01,2.875089347362518311e-01,2.643809095025062561e-02,2.241876125335693359e-01,-1.518056988716125488e-01,5.576422065496444702e-02,-1.871116518974304199e+00,3.074824213981628418e-01,-2.305091358721256256e-02,-1.002952694892883301e+00,-7.068650126457214355e-01,-1.091964602470397949e+00,-4.722676426172256470e-02,-2.052395820617675781e+00,-8.918210268020629883e-01,-1.150809526443481445e+00,-2.996946096420288086e+00,-1.869834512472152710e-01,2.758145630359649658e-01,4.439285397529602051e-01,1.226673126220703125e+00,-6.385762095451354980e-01,9.716018289327621460e-02,-1.425291419029235840e+00,-1.125751256942749023e+00,9.335541129112243652e-01,1.721411824226379395e+00,-4.578380584716796875e-01,-1.108783721923828125e+00,3.313950076699256897e-02,-9.866988658905029297e-02,1.141106486320495605e+00,-1.155594348907470703e+00,1.415318131446838379e+00,-1.120345354080200195e+00,6.674147844314575195e-01,1.348821163177490234e+00,4.839514493942260742e-01,-7.807223200798034668e-01,1.371219635009765625e+00,9.036534428596496582e-01,-8.181182742118835449e-01,3.277999162673950195e-01,-1.769234061241149902e+00,-1.092071533203125000e+00,7.787230014801025391e-01,-1.781908392906188965e+00,1.030197460204362869e-02,1.924012660980224609e+00,2.613292694091796875e+00,-9.678582847118377686e-02,2.204332947731018066e-01,-8.555442094802856445e-01,1.278584003448486328e+00,7.118461132049560547e-01,2.509010210633277893e-02,-2.209303617477416992e+00,1.129147596657276154e-02,-4.163273870944976807e-01,3.194157183170318604e-01,-1.062478899955749512e+00,3.082863055169582367e-02,1.663988947868347168e+00,-8.060536980628967285e-01,2.131167948246002197e-01,2.465752363204956055e+00,-1.480030298233032227e+00,-9.193413853645324707e-01,-1.482402980327606201e-01,-1.948871731758117676e+00,9.258374571800231934e-02,-1.226364850997924805e+00,-1.208427101373672485e-01
1.667609438300132751e-02,1.036674141883850098e+00,-2.126203179359436035e-01,-1.669356465339660645e+00,1.017361879348754883e+00,-8.177254199981689453e-01,-5.716118216514587402e-01,-5.599639192223548889e-02,3.170369565486907959e-02,8.078983426094055176e-01,3.377735614776611328e-01,1.517540216445922852e+00,4.729142189025878906e-01,-1.883629202842712402e+00,-9.183589816093444824e-01,1.239188201725482941e-02,-8.949981927871704102e-01,8.492793440818786621e-01,-5.343724489212036133e-01,-1.178919315338134766e+00,-1.492905139923095703e+00,9.455390572547912598e-01,4.675963521003723145e-01,-9.939587712287902832e-01,-1.703369468450546265e-01,5.077953338623046875e-01,9.267629683017730713e-02,9.305003285408020020e-01,-3.235797882080078125e-01,-5.985877513885498047e-01,4.410235881805419922e-01,-6.443285346031188965e-01,2.199566125869750977e+00,-1.679606735706329346e-01,1.068116188049316406e+00,-8.447121828794479370e-02,-6.043538451194763184e-02,1.097913980484008789e+00,1.134049654006958008e+00,-1.080942153930664062e+00,-4.886046797037124634e-02,1.539358496665954590e+00,-8.059768080711364746e-01,-1.288922190666198730e+00,5.996167063713073730e-01,1.368282828480005264e-02,9.417822957038879395e-01,1.956714987754821777e+00,1.869219094514846802e-01,5.087739825248718262e-01,9.271255135536193848e-01,2.517167091369628906e+00,-1.464149117469787598e+00,6.457505822181701660e-01,-1.054112315177917480e+00,-2.257460504770278931e-01,-4.271263182163238525e-01,2.297079116106033325e-01,-1.890955418348312378e-01,3.747809827327728271e-01,2.403128296136856079e-01,2.430757582187652588e-01,-4.066103100776672363e-01,-1.129689693450927734e+00,4.331902042031288147e-02,7.756748795509338379e-01,2.779732458293437958e-02,2.194676637649536133e+00,-3.461158573627471924e-01,1.195352315902709961e+00,-7.317475676536560059e-01,1.080780148506164551e+00,8.855221867561340332e-01,-2.118897996842861176e-02,-1.258835941553115845e-01,8.433724045753479004e-01,2.191382646560668945e-01,-2.072370529174804688e+00,-1.121209979057312012e+00,-1.487971782684326172e+00,8.101777434349060059e-01,1.429782152175903320e+00,1.312257409095764160e+00,-1.078079938888549805e+00,-2.087671995162963867e+00,1.364904046058654785e+00,6.962434053421020508e-01,7.990742325782775879e-01,1.451814174652099609e+00,-1.321646451950073242e+00,1.426738262176513672e+00,8.085035681724548340e-01,8.157234191894531250e-01,-3.303024172782897949e-01,-1.676607131958007812e+00,7.808969616889953613e-01,-1.378563284873962402e+00,-1.787600964307785034e-01,1.748392581939697266e-01,-1.022736668586730957e+00
6.861881613731384277e-01,-1.068561196327209473e+00,-1.448991775512695312e+00,1.257930159568786621e+00,-1.562492251396179199e-01,5.659968852996826172e-01,7.379140257835388184e-01,-7.407865524291992188e-01,2.104739546775817871e-01,-6.929479837417602539e-01,-6.966680288314819336e-01,-1.046191930770874023e+00,5.718228220939636230e-01,-7.166955620050430298e-02,-3.271713256835937500e-01,1.481797695159912109e+00,2.971222102642059326e-01,1.367720067501068115e-01,-1.330872774124145508e+00,1.716619491577148438e+00,1.542787551879882812e+00,1.195809006690979004e+00,2.398268282413482666e-01,1.189954280853271484e+00,5.280548334121704102e-01,7.893176078796386719e-01,-8.059404492378234863e-01,2.576820373535156250e+00,-8.928366303443908691e-01,-1.837358474731445312e-01,-7.260780334472656250e-01,-4.897874891757965088e-01,-1.128299117088317871e+00,-1.227256655693054199e+00,-1.484823226928710938e+00,-1.941408634185791016e+00,7.168532609939575195e-01,-1.164753735065460205e-01,-5.398306846618652344e-01,2.545648336410522461e+00,4.218267202377319336e-01,-6.354008316993713379e-01,1.452415823936462402e+00,-1.665410876274108887e+00,-4.919408261775970459e-01,3.403516113758087158e-01,-7.504127621650695801e-01,3.228700160980224609e+00,2.931876420974731445e+00,8.961732983589172363e-01,9.767547249794006348e-01,4.078594744205474854e-01,-1.105849385261535645e+00,7.377065420150756836e-01,4.470316767692565918e-01,-2.498610913753509521e-01,-1.310023963451385498e-01,1.685397267341613770e+00,6.853331327438354492e-01,1.677589893341064453e+00,-8.607093691825866699e-01,-1.089272379875183105e+00,4.380109310150146484e-01,-7.766209244728088379e-01,6.598301529884338379e-01,-1.907013297080993652e+00,-5.792809724807739258e-01,2.342970371246337891e-01,2.267822027206420898e+00,-1.049224257469177246e+00,-1.034450173377990723e+00,-8.569275140762329102e-01,1.104643791913986206e-01,-2.613977491855621338e-01,2.674353718757629395e-01,-1.512768149375915527e+00,6.372220516204833984e-01,-4.550111591815948486e-01,1.205712482333183289e-01,9.176279306411743164e-01,3.113122880458831787e-01,9.467459321022033691e-01,1.461526274681091309e+00,-2.632214426994323730e-01,-1.683367490768432617e+00,-1.031431674957275391e+00,-1.187205910682678223e-01,1.235038638114929199e+00,2.267496138811111450e-01,2.760670185089111328e-01,-6.421327590942382812e-01,1.538434863090515137e+00,-2.241444110870361328e+00,9.401754140853881836e-01,5.219295620918273926e-01,-8.965952992439270020e-01,-5.303602814674377441e-01,-6.053719520568847656e-01,8.935229778289794922e-01,8.386096358299255371e-02
6.162129640579223633e-01,1.617925524711608887e+00,3.685600757598876953e-01,1.218585893511772156e-01,-3.246720433235168457e-01,6.418803930282592773e-01,-4.465997964143753052e-02,7.342727184295654297e-01,8.207639455795288086e-01,1.944570988416671753e-01,9.940313100814819336e-01,2.030443847179412842e-01,-2.899005413055419922e-01,1.914809942245483398e+00,1.574175953865051270e-01,-5.570555329322814941e-01,-1.111526608467102051e+00,-4.853120446205139160e-01,-1.084550261497497559e+00,9.950532317161560059e-01,1.358613491058349609e+00,-2.268785953521728516e+00,1.312754392623901367e+00,1.553592443466186523e+00,1.933505535125732422e+00,1.642714440822601318e-01,-1.278250575065612793e+00,-8.987343311309814453e-01,-1.774063110351562500e-01,9.732757806777954102e-01,-8.282910585403442383e-01,7.575048208236694336e-01,7.423013448715209961e-01,2.545806467533111572e-01,-1.622569322586059570e+00,-2.631349861621856689e-01,3.321885168552398682e-01,2.393710426986217499e-02,1.683435797691345215e+00,1.414982438087463379e+00,-8.273411542177200317e-02,-1.853227853775024414e+00,7.027258276939392090e-01,2.503116726875305176e-01,-4.522784650325775146e-01,-7.244721055030822754e-01,-1.004811406135559082e+00,2.071781158447265625e+00,6.979674696922302246e-01,-1.463735997676849365e-01,1.369079351425170898e-01,4.896804094314575195e-01,-7.643358707427978516e-01,-8.362874984741210938e-01,7.125532031059265137e-01,5.842389464378356934e-01,-5.733005404472351074e-01,1.208147048950195312e+00,-1.575899422168731689e-01,-3.837552070617675781e-01,-4.931574165821075439e-01,2.204309701919555664e-01,2.741610407829284668e-01,3.025705516338348389e-01,-2.716238975524902344e+00,2.167876720428466797e+00,2.313307762145996094e+00,7.132563591003417969e-01,3.770058155059814453e-01,6.817402839660644531e-01,6.419403851032257080e-02,-1.694605708122253418e+00,-9.703750610351562500e-01,1.129575014114379883e+00,1.933510780334472656e+00,-3.135811984539031982e-01,1.246099829673767090e+00,-4.247595071792602539e-01,-5.330519676208496094e-01,-2.189983367919921875e+00,-8.303310275077819824e-01,-1.503830552101135254e+00,-1.136676430702209473e+00,3.127682805061340332e-01,9.566972851753234863e-01,2.467790842056274414e-01,2.096059083938598633e+00,-6.022741198539733887e-01,3.088138401508331299e-01,1.106821537017822266e+00,7.398931980133056641e-01,3.149988129734992981e-02,-3.798468112945556641e-01,5.017443299293518066e-01,1.557518094778060913e-01,-5.670839548110961914e-01,1.399743318557739258e+00,2.905563414096832275e-01,-1.345322728157043457e-01,1.722179353237152100e-01
-2.566359341144561768e-01,2.978812158107757568e-01,7.206869721412658691e-01,-3.048913478851318359e-01,1.809200882911682129e+00,4.265541136264801025e-01,6.600692272186279297e-01,6.603087186813354492e-01,-2.836620509624481201e-01,3.450803831219673157e-02,1.768830418586730957e+00,1.332600042223930359e-02,3.368587791919708252e-01,-7.250306606292724609e-01,5.650461837649345398e-02,2.000903636217117310e-01,-1.464358270168304443e-01,-1.538960218429565430e+00,-8.977786302566528320e-01,-2.940504312515258789e+00,1.435576796531677246e+00,1.397658228874206543e+00,-1.295261859893798828e+00,-1.323944330215454102e+00,1.287005662918090820e+00,6.818842887878417969e-01,-2.463769435882568359e+00,-1.384918928146362305e+00,-1.028877854347229004e+00,-6.927717924118041992e-01,1.492542982101440430e+00,-6.695654392242431641e-01,-2.368854284286499023e-01,-7.254703044891357422e-01,1.928551197052001953e+00,-2.016519069671630859e+00,1.311072826385498047e+00,-6.407424807548522949e-01,4.550403058528900146e-01,1.998875737190246582e+00,7.809467911720275879e-01,5.732920765876770020e-01,-7.443029284477233887e-01,3.044440448284149170e-01,-1.588876366615295410e+00,-1.251647233963012695e+00,2.313208818435668945e+00,-7.569031119346618652e-01,-1.874218344688415527e+00,8.417278528213500977e-01,2.019281864166259766e+00,1.870078444480895996e-01,8.367382884025573730e-01,-6.588286757469177246e-01,2.775820195674896240e-01,-1.672250866889953613e+00,2.359672486782073975e-01,-5.862450599670410156e-01,1.819508969783782959e-01,3.440101742744445801e-01,3.304019570350646973e-01,-6.547725200653076172e-01,1.125267799943685532e-02,-1.172260195016860962e-01,1.146471738815307617e+00,1.328000664710998535e+00,-1.691121906042098999e-01,-2.705967664718627930e+00,6.963811516761779785e-01,8.804250508546829224e-02,-8.031087368726730347e-02,-6.639720201492309570e-01,6.860673427581787109e-01,-4.066011905670166016e-01,-1.790112853050231934e-01,-3.678555190563201904e-01,9.103727936744689941e-01,-1.032698154449462891e+00,1.220571637153625488e+00,-6.008522510528564453e-01,5.860144495964050293e-01,2.329451888799667358e-01,-2.040997028350830078e+00,2.772983610630035400e-01,-1.086113572120666504e+00,6.492532491683959961e-01,1.196520328521728516e+00,-1.604633450508117676e+00,-9.815173745155334473e-01,1.621199399232864380e-01,-2.738633006811141968e-02,5.294118523597717285e-01,9.753832817077636719e-01,9.454489350318908691e-01,4.737271368503570557e-01,-3.403030931949615479e-01,-1.123398780822753906e+00,-4.294680804014205933e-02,-1.017009377479553223e+00,-2.255731523036956787e-01
2.018332958221435547e+00,4.059855937957763672e-01,1.123567700386047363e+00,2.050529271364212036e-01,-9.125341773033142090e-01,9.382289648056030273e-02,-8.988772630691528320e-01,1.080638647079467773e+00,-1.001676201820373535e+00,-1.086258739233016968e-01,1.087156534194946289e+00,-6.224720478057861328e-01,-6.095915436744689941e-01,-3.147329986095428467e-01,9.973399043083190918e-01,1.174714088439941406e+00,-6.128357648849487305e-01,4.324099794030189514e-02,4.551033675670623779e-01,1.312669634819030762e+00,2.349303483963012695e+00,-2.217327594757080078e+00,-1.561463832855224609e+00,-1.454137265682220459e-01,-1.444291591644287109e+00,7.023189663887023926e-01,-6.644817441701889038e-02,-5.551502704620361328e-01,6.749817728996276855e-01,2.530864238739013672e+00,5.771095752716064453e-01,-1.090708188712596893e-02,-2.085944265127182007e-01,1.077424585819244385e-01,3.676620721817016602e-01,-1.173711061477661133e+00,-1.514925360679626465e+00,-1.776311516761779785e+00,-1.843811035156250000e+00,9.541404247283935547e-01,-1.967717111110687256e-01,-1.872164845466613770e+00,-4.850240349769592285e-01,-4.895665682852268219e-03,-2.531424760818481445e-01,-2.496728599071502686e-01,-4.164131581783294678e-01,1.277006506919860840e+00,5.229099988937377930e-01,-1.046734571456909180e+00,-3.611006736755371094e-01,-1.117656350135803223e+00,-1.243499875068664551e+00,1.270190328359603882e-01,-9.282273650169372559e-01,1.554118156433105469e+00,9.558111429214477539e-01,-7.957898378372192383e-01,-5.942305922508239746e-01,1.867826938629150391e+00,7.176253795623779297e-01,-1.305768731981515884e-02,-5.485203489661216736e-02,-5.331041812896728516e-01,8.037381172180175781e-01,3.422162681818008423e-02,-8.959723114967346191e-01,-1.400150537490844727e+00,-1.633689045906066895e+00,-1.412574648857116699e+00,6.841697096824645996e-01,-1.139372110366821289e+00,-1.352609992027282715e+00,-1.570455670356750488e+00,9.377192705869674683e-02,-5.283142924308776855e-01,-1.644824981689453125e+00,-7.244263291358947754e-01,-2.295023053884506226e-01,1.056682825088500977e+00,-5.383656024932861328e-01,2.867467403411865234e+00,8.298009634017944336e-01,-1.654312759637832642e-01,2.615455090999603271e-01,-4.368599057197570801e-01,-1.147745251655578613e+00,-1.089296340942382812e+00,1.483274579048156738e+00,-2.238544374704360962e-01,2.278140038251876831e-01,-1.996714949607849121e+00,-1.905232816934585571e-01,-1.449265837669372559e+00,-4.580032527446746826e-01,-1.186761140823364258e+00,6.608698368072509766e-01,9.067919850349426270e-01,-1.696447581052780151e-01,-3.074911236763000488e-01
1.055892109870910645e+00,8.916433453559875488e-01,4.566952288150787354e-01,-8.367366194725036621e-01,-2.364111542701721191e-01,7.682772278785705566e-01,3.362846374511718750e-01,3.634464740753173828e-01,1.324038743972778320e+00,-5.033558234572410583e-02,1.867684245109558105e+00,-2.038519382476806641e+00,-4.641903042793273926e-01,2.358264446258544922e+00,-1.063135862350463867e+00,2.202389240264892578e-01,-1.252113342285156250e+00,-1.183208703994750977e+00,1.150697350502014160e+00,-1.984225749969482422e+00,4.054269492626190186e-01,4.677472412586212158e-01,-6.582888960838317871e-01,9.721277356147766113e-01,2.041360288858413696e-01,1.404594302177429199e+00,1.289179325103759766e+00,7.155618071556091309e-01,-7.494322061538696289e-01,7.949825525283813477e-01,8.253481984138488770e-01,7.657854259014129639e-02,-4.745645821094512939e-02,-2.513133287429809570e-01,-1.470004081726074219e+00,1.436261057853698730e+00,-4.962304830551147461e-01,1.420706987380981445e+00,-4.864052236080169678e-01,4.286112785339355469e-01,-6.495801806449890137e-01,-2.449661344289779663e-01,-1.548596262931823730e+00,-4.237749278545379639e-01,4.232755601406097412e-01,3.215885758399963379e-01,1.586242198944091797e+00,5.213320255279541016e-01,1.743702888488769531e+00,-1.164884939789772034e-01,8.166161179542541504e-01,1.189673304557800293e+00,-9.202111363410949707e-01,6.546139121055603027e-01,2.554439306259155273e-01,-1.747469544410705566e+00,1.547634840011596680e+00,1.290424913167953491e-01,-1.899511575698852539e+00,9.594606757164001465e-01,-8.572715520858764648e-01,8.110076785087585449e-01,-1.378488063812255859e+00,-2.683569192886352539e+00,1.171549558639526367e+00,-1.887594759464263916e-01,-2.821682952344417572e-02,-7.401197552680969238e-01,-8.718284778296947479e-03,2.678669691085815430e-01,5.343996286392211914e-01,7.309339642524719238e-01,-5.893108248710632324e-01,-3.310060501098632812e-01,-5.091629624366760254e-01,2.086804807186126709e-01,1.438520699739456177e-01,1.402643561363220215e+00,1.432078182697296143e-01,2.246351987123489380e-01,-9.571542739868164062e-01,1.199128985404968262e+00,8.803826570510864258e-01,6.459929347038269043e-01,-5.138000249862670898e-01,-1.127865791320800781e+00,1.305273473262786865e-01,-9.775680303573608398e-01,1.891770362854003906e-01,-3.654351234436035156e-01,2.813500761985778809e-01,-2.740699648857116699e-01,1.335962414741516113e+00,1.033117100596427917e-01,-1.815373182296752930e+00,4.358985126018524170e-01,4.370884001255035400e-01,-1.870639562606811523e+00,9.231330752372741699e-01,-2.781394124031066895e-01
-6.208106875419616699e-01,-7.581959962844848633e-01,-2.729424834251403809e-01,3.113062120974063873e-06,1.361900120973587036e-01,-6.512579321861267090e-01,-8.643513321876525879e-01,8.961710333824157715e-01,3.926704823970794678e-01,-6.834626197814941406e-02,-1.172706365585327148e+00,-7.625040411949157715e-01,3.835029602050781250e-01,6.201519370079040527e-01,-1.793416380882263184e+00,-9.014719128608703613e-01,2.874777615070343018e-01,7.870495915412902832e-01,6.340400129556655884e-02,8.265571594238281250e-01,-3.000097572803497314e-01,-6.309967041015625000e-01,-1.249129414558410645e+00,5.799186229705810547e-01,-7.284409403800964355e-01,-3.408706784248352051e-01,6.297082304954528809e-01,-1.174090385437011719e+00,1.498297929763793945e+00,2.127497196197509766e-01,8.108749389648437500e-01,-2.752511024475097656e+00,-7.036091089248657227e-01,2.060702294111251831e-01,6.827781796455383301e-01,5.823482275009155273e-01,6.682745814323425293e-01,1.093887448310852051e+00,-3.652852177619934082e-01,7.359281778335571289e-01,-1.026749134063720703e+00,-1.479776382446289062e+00,-2.032468080520629883e+00,-2.470514774322509766e-01,5.260966420173645020e-01,2.151318639516830444e-01,5.045965313911437988e-01,3.194772005081176758e-01,-9.902241230010986328e-01,4.371757805347442627e-02,1.813494563102722168e+00,-1.737082958221435547e+00,7.481885552406311035e-01,-4.788978695869445801e-01,-3.706842288374900818e-02,1.605561673641204834e-01,-4.615781307220458984e-01,-1.818171620368957520e+00,-1.023810744285583496e+00,9.231048226356506348e-01,1.197084903717041016e+00,1.592916369438171387e+00,-1.156781077384948730e+00,-6.291255354881286621e-02,-6.953599452972412109e-01,-1.197613358497619629e+00,-9.731180667877197266e-01,-1.429229021072387695e+00,-1.115832090377807617e+00,-1.949742555618286133e+00,-7.535851001739501953e-01,7.308387756347656250e-01,8.732888847589492798e-02,-6.747806668281555176e-01,-1.910431981086730957e+00,-1.759467244148254395e+00,-2.564023971557617188e+00,-1.275389939546585083e-01,1.306153535842895508e+00,8.452124595642089844e-01,-5.132393240928649902e-01,-9.658011198043823242e-01,7.839028835296630859e-01,-1.110907196998596191e+00,-1.514296680688858032e-01,-3.053661584854125977e-01,2.000539541244506836e+00,1.152995347976684570e+00,1.007900476455688477e+00,-1.329838514328002930e+00,-1.277315258979797363e+00,-1.868832707405090332e-01,-3.012681938707828522e-02,6.405528783798217773e-01,1.126797273755073547e-01,-1.147826075553894043e+00,-9.372719526290893555e-01,-1.874489665031433105e+00,-8.266037106513977051e-01,-1.622665300965309143e-02
7.437828183174133301e-01,4.684912860393524170e-01,2.192530483007431030e-01,-5.359737277030944824e-01,-6.146379709243774414e-01,6.392861008644104004e-01,3.819693624973297119e-01,-2.476396858692169189e-01,-1.278411865234375000e+00,-7.184008955955505371e-01,-9.673700928688049316e-01,-2.432916611433029175e-01,-8.031599223613739014e-02,-1.990351676940917969e+00,6.680799722671508789e-01,-8.926375210285186768e-02,-9.405424594879150391e-01,-1.899565100669860840e+00,-9.823257923126220703e-01,-4.500744640827178955e-01,-2.227299451828002930e+00,-1.695203661918640137e+00,-3.194620013236999512e-01,3.921754658222198486e-01,3.379403352737426758e-01,-1.375185728073120117e+00,1.630923509597778320e+00,-1.026686906814575195e+00,9.202541112899780273e-01,-2.105969905853271484e+00,1.136638283729553223e+00,8.997211456298828125e-01,-3.115670680999755859e-01,-1.484627127647399902e-01,2.124880075454711914e+00,1.512849926948547363e+00,2.690312623977661133e+00,-6.685357093811035156e-01,9.114634394645690918e-01,-4.019638299942016602e-01,-2.997041046619415283e-01,1.042378306388854980e+00,6.692817807197570801e-02,-8.788838982582092285e-01,-7.909560203552246094e-02,-4.408934712409973145e-01,1.231825351715087891e+00,4.527503848075866699e-01,6.628156900405883789e-01,-1.089657306671142578e+00,1.568057090044021606e-01,-7.846252918243408203e-01,8.675172328948974609e-01,1.081414222717285156e+00,8.582820296287536621e-01,-1.097851395606994629e+00,-2.128662586212158203e+00,-1.471010208129882812e+00,-2.547273397445678711e+00,6.345556974411010742e-01,8.452740311622619629e-01,1.437210798263549805e+00,4.712264537811279297e-01,1.115343570709228516e+00,4.257860481739044189e-01,-1.559066891670227051e+00,1.165328264236450195e+00,2.059993594884872437e-01,-7.902641296386718750e-01,-1.647106051445007324e+00,-1.847822666168212891e-01,-6.592164635658264160e-01,2.420517057180404663e-02,1.223437428474426270e+00,-3.151091635227203369e-01,-2.352686673402786255e-01,-1.724703788757324219e+00,7.855390012264251709e-02,-1.992955088615417480e+00,4.442980289459228516e-01,2.554985523223876953e+00,1.299863457679748535e+00,2.682606875896453857e-01,1.871260106563568115e-01,-1.168725267052650452e-01,-6.339417099952697754e-01,2.429411888122558594e+00,-3.669258058071136475e-01,6.918734908103942871e-01,-1.272506237030029297e+00,1.892705321311950684e+00,-1.615532875061035156e+00,2.062574625015258789e-01,-1.111386060714721680e+00,-7.955393791198730469e-01,9.310804605484008789e-01,-1.465902384370565414e-02,-1.525547862052917480e+00,-4.938611388206481934e-01,1.966010570526123047e+00
-1.257217526435852051e+00,4.096747934818267822e-01,-1.475381374359130859e+00,4.213393628597259521e-01,4.521553516387939453e-01,1.410637021064758301e+00,4.650734364986419678e-01,-1.823228240013122559e+00,-7.323381304740905762e-01,-7.334412932395935059e-01,1.147263050079345703e+00,-1.493014931678771973e+00,1.660768240690231323e-01,-3.034216463565826416e-01,1.779937595129013062e-01,-7.474170923233032227e-01,7.230490446090698242e-01,8.171709179878234863e-01,7.569594979286193848e-01,-3.963010907173156738e-01,5.824063345789909363e-02,-1.382363319396972656e+00,2.506068050861358643e-01,4.814713001251220703e-01,6.010293364524841309e-01,-1.647105813026428223e+00,1.811096817255020142e-01,1.814570903778076172e+00,3.533993661403656006e-01,2.014424949884414673e-01,-8.442049026489257812e-01,-1.167580723762512207e+00,8.079418540000915527e-01,-6.531982421875000000e-01,1.081255376338958740e-01,9.185034632682800293e-01,-1.030041575431823730e+00,9.340301156044006348e-01,-1.064558386802673340e+00,1.984695196151733398e-01,1.662449717521667480e+00,1.297637581825256348e+00,-1.520050764083862305e+00,2.450812011957168579e-01,-1.006536006927490234e+00,9.448596239089965820e-01,1.996693253517150879e+00,1.093623161315917969e+00,-8.133977651596069336e-01,5.835644006729125977e-01,-1.172372937202453613e+00,1.136565446853637695e+00,-6.685031205415725708e-02,1.266229510307312012e+00,9.819278120994567871e-01,1.092983603477478027e+00,7.629382610321044922e-01,-1.855186104774475098e+00,-3.889269828796386719e-01,-1.104057669639587402e+00,-9.036940336227416992e-01,2.662689685821533203e-01,1.382152795791625977e+00,8.252280950546264648e-01,1.527642011642456055e+00,-1.140718460083007812e+00,-3.509531319141387939e-01,-7.041108012199401855e-01,-2.406281828880310059e-01,2.127725444734096527e-02,-1.733386278152465820e+00,1.173199176788330078e+00,7.595883011817932129e-01,2.568278074264526367e+00,8.244261145591735840e-02,-1.562955528497695923e-01,1.438056305050849915e-02,-1.347979187965393066e+00,1.637624502182006836e+00,-8.818824887275695801e-01,-1.871439814567565918e+00,6.833057999610900879e-01,-2.127137899398803711e+00,-4.122601747512817383e-01,-2.009398698806762695e+00,3.544732034206390381e-01,-1.362138628959655762e+00,1.670719027519226074e+00,4.720604121685028076e-01,-7.324004173278808594e-02,-8.411466479301452637e-01,-2.378550022840499878e-01,-1.675948649644851685e-01,-1.097046136856079102e+00,-2.738212049007415771e-01,-7.399538159370422363e-01,4.500529766082763672e-01,-6.992549896240234375e-01,-3.345031738281250000e-01,-2.397571653127670288e-01
-2.199134230613708496e-01,5.919153094291687012e-01,-1.731033205986022949e+00,4.362702965736389160e-01,1.263854652643203735e-01,-1.136875391006469727e+00,-1.537041544914245605e+00,-7.352843284606933594e-01,7.762137055397033691e-01,1.715185493230819702e-01,-8.501526713371276855e-01,2.523463033139705658e-02,-3.800795376300811768e-01,1.206369280815124512e+00,-1.246774911880493164e+00,1.447804689407348633e+00,1.226897478103637695e+00,-1.059731841087341309e+00,1.287502199411392212e-01,8.427126407623291016e-01,9.801360368728637695e-01,-2.916279435157775879e-01,-6.445979475975036621e-01,4.059660732746124268e-01,1.474862813949584961e+00,1.187699675559997559e+00,-3.963812440633773804e-02,8.605612069368362427e-02,-1.922137022018432617e+00,-3.468114733695983887e-01,-2.512103319168090820e+00,9.059059619903564453e-01,-1.304359793663024902e+00,1.115590572357177734e+00,2.646372020244598389e-01,-1.012166500091552734e+00,5.683180689811706543e-01,5.636292695999145508e-01,-6.270124912261962891e-01,-1.382982611656188965e+00,-2.181599617004394531e+00,2.251914978027343750e+00,9.535100460052490234e-01,1.062948942184448242e+00,1.092566251754760742e+00,5.327581167221069336e-01,-7.723277211189270020e-01,6.613876223564147949e-01,-7.576054334640502930e-01,1.182293057441711426e+00,2.134842634201049805e+00,1.618808865547180176e+00,-1.904006600379943848e-01,1.129914522171020508e+00,9.517792463302612305e-01,-1.313220143318176270e+00,-7.710452675819396973e-01,-1.346677243709564209e-01,-4.938799142837524414e-01,8.169735968112945557e-02,2.410292625427246094e+00,7.528521120548248291e-02,3.797769546508789062e-01,2.204233407974243164e-01,2.217945814132690430e+00,-1.482088685035705566e+00,5.806953832507133484e-02,-7.237696051597595215e-01,7.208889722824096680e-01,-1.655536651611328125e+00,2.318689823150634766e+00,-5.584672093391418457e-01,5.997619777917861938e-02,-2.267113775014877319e-01,-9.219235181808471680e-01,4.551215171813964844e-01,2.174364089965820312e+00,3.610743284225463867e-01,1.176663279533386230e+00,-3.947053551673889160e-01,7.151477932929992676e-01,-1.052691340446472168e+00,-1.292582154273986816e+00,-4.764942824840545654e-01,-1.946304738521575928e-02,-1.805064797401428223e+00,6.865258812904357910e-01,-6.561270952224731445e-01,7.530596256256103516e-01,-8.694723993539810181e-02,4.710897803306579590e-01,3.965000212192535400e-01,-1.516803264617919922e+00,1.403852365911006927e-03,-5.071790814399719238e-01,1.029024839401245117e+00,8.332100510597229004e-01,-7.843815088272094727e-01,3.608168959617614746e-01,-8.796250224113464355e-01
1.237608551979064941e+00,-8.784936666488647461e-01,3.973920047283172607e-01,-1.183365225791931152e+00,2.192610979080200195e+00,-5.248615741729736328e-01,-1.310140937566757202e-01,-1.331181079149246216e-01,-1.285237431526184082e+00,2.273456096649169922e+00,-2.222301065921783447e-01,-1.112594246864318848e+00,1.495050489902496338e-01,-7.236689329147338867e-01,4.312486052513122559e-01,-1.532820940017700195e+00,2.920927703380584717e-01,1.807577252388000488e+00,-1.321814775466918945e+00,-1.702826619148254395e+00,-1.793895840644836426e+00,1.760149121284484863e+00,-1.065269231796264648e+00,-4.315828904509544373e-02,8.390295505523681641e-01,1.007476150989532471e-01,-2.141295969486236572e-01,-9.212975502014160156e-01,-1.052579760551452637e+00,-1.610975265502929688e+00,1.794209480285644531e-01,1.056113243103027344e+00,-6.000576615333557129e-01,-3.363130241632461548e-02,-8.963042497634887695e-01,-8.448643684387207031e-01,-8.412522077560424805e-01,-1.262638807296752930e+00,5.886383056640625000e-01,-8.867223262786865234e-01,3.115359544754028320e-01,4.498581886291503906e-01,-3.214688003063201904e-01,1.498776078224182129e+00,-9.295091629028320312e-01,-1.166388839483261108e-01,4.579871594905853271e-01,2.105986833572387695e+00,-7.256926894187927246e-01,-4.749909043312072754e-01,1.713565886020660400e-01,-5.339781045913696289e-01,8.560000061988830566e-01,-1.156605720520019531e+00,-6.593859195709228516e-01,-1.358217716217041016e+00,-1.504545450210571289e+00,7.267516851425170898e-01,-2.551243305206298828e-01,5.923281311988830566e-01,1.600099653005599976e-01,-9.567822813987731934e-01,4.757415354251861572e-01,1.569215178489685059e+00,1.071899011731147766e-01,-7.846423983573913574e-01,5.928500890731811523e-01,1.618190854787826538e-01,-1.524838447570800781e+00,1.562625885009765625e+00,1.723338723182678223e+00,-1.149708151817321777e+00,6.327574253082275391e-01,-1.273163557052612305e-01,1.173793911933898926e+00,3.882999122142791748e-01,-4.735714793205261230e-01,-2.899703383445739746e-01,-9.749007821083068848e-01,-1.231780648231506348e+00,1.250717043876647949e+00,-1.843200802803039551e+00,-8.583936691284179688e-01,4.395755529403686523e-01,2.201975136995315552e-01,6.629836559295654297e-01,-1.521052360534667969e+00,-6.532295942306518555e-01,2.689359784126281738e-01,-1.149759411811828613e+00,-7.356402277946472168e-01,1.433965563774108887e+00,-2.178641855716705322e-01,-1.138475060462951660e+00,-2.137095451354980469e+00,-1.046319901943206787e-01,7.289679050445556641e-01,-2.974207103252410889e-01,1.356454610824584961e+00,9.430152177810668945e-02
-1.344964265823364258e+00,1.430800318717956543e+00,-9.165461659431457520e-01,2.075611829757690430e+00,1.737548112869262695e-01,-3.809973224997520447e-02,1.215999498963356018e-01,2.310066372156143188e-01,4.501557052135467529e-01,-8.452493548393249512e-01,-3.881480991840362549e-01,-2.189662456512451172e+00,-2.183595418930053711e+00,7.667447924613952637e-01,3.371791541576385498e-01,1.296784430742263794e-01,-2.811543941497802734e-01,-3.333318531513214111e-01,1.302951931953430176e+00,-9.459702372550964355e-01,3.901169896125793457e-01,4.939776659011840820e-01,1.448958039283752441e+00,3.556829392910003662e-01,-1.993551492691040039e+00,-5.697404742240905762e-01,2.289842814207077026e-01,-4.567011296749114990e-01,-5.290006399154663086e-01,-2.594565749168395996e-01,8.714851737022399902e-01,9.425814747810363770e-01,-1.194796681404113770e+00,-2.693482637405395508e+00,-1.111414194107055664e+00,2.168484687805175781e+00,1.262404561042785645e+00,-8.093374781310558319e-03,2.502524554729461670e-01,3.998884856700897217e-01,1.045193076133728027e+00,1.220146298408508301e+00,4.838474988937377930e-01,1.285243988037109375e+00,1.027188897132873535e+00,-9.013014435768127441e-01,8.985589146614074707e-01,-1.887461423873901367e+00,6.261283159255981445e-01,-1.412490606307983398e+00,-2.750376701354980469e+00,7.036865949630737305e-01,-1.691387534141540527e+00,-4.893946051597595215e-01,-1.880507349967956543e+00,-5.988877266645431519e-03,3.184480667114257812e-01,2.266818732023239136e-01,-6.256160140037536621e-01,-1.540609955787658691e+00,6.305570006370544434e-01,-1.807842701673507690e-01,5.260432362556457520e-01,-2.549586892127990723e-01,-7.375792264938354492e-01,-1.228175044059753418e+00,-1.195545673370361328e+00,-9.740596413612365723e-01,-9.867774844169616699e-01,1.655025780200958252e-01,9.893811494112014771e-02,-1.604560762643814087e-01,9.971594214439392090e-01,-3.503410220146179199e-01,1.184330463409423828e+00,7.857754826545715332e-02,1.930731654167175293e+00,-1.446991443634033203e+00,-8.060937523841857910e-01,7.262502908706665039e-01,8.652080297470092773e-01,-1.495161294937133789e+00,-2.028159946203231812e-01,-2.531853318214416504e-01,1.713851809501647949e+00,-8.229559063911437988e-01,4.967494308948516846e-01,7.239153981208801270e-01,3.842115700244903564e-01,-1.630436778068542480e+00,2.085218392312526703e-02,-4.977132976055145264e-01,-2.329417169094085693e-01,-2.645163536071777344e-01,-1.346687078475952148e+00,-1.298134773969650269e-01,-8.582003712654113770e-01,-1.938516259193420410e+00,-8.650845885276794434e-01,7.001585960388183594e-01
-1.855251342058181763e-01,4.434393942356109619e-01,8.231721818447113037e-02,-5.274322628974914551e-01,-1.054104924201965332e+00,-1.817339777946472168e+00,-6.327196359634399414e-01,-1.196058988571166992e+00,7.570264935493469238e-01,-6.245691180229187012e-01,4.764631390571594238e-01,-1.018409848213195801e+00,-1.619664877653121948e-01,3.126811385154724121e-01,1.212245345115661621e+00,-3.155742585659027100e-01,-3.500618934631347656e-01,5.313987284898757935e-02,1.155963778495788574e+00,-1.094743490219116211e+00,-1.077074408531188965e+00,-1.062860250473022461e+00,-3.573002666234970093e-02,4.925723075866699219e-01,-2.605627775192260742e+00,5.910281538963317871e-01,-1.257759332656860352e+00,-7.322259247303009033e-02,-1.543755292892456055e+00,5.915107727050781250e-01,8.924183845520019531e-01,8.477404117584228516e-01,1.033899068832397461e+00,5.085492134094238281e-01,2.639565467834472656e-01,-1.892367154359817505e-01,-7.820264697074890137e-01,-2.106874465942382812e+00,7.118765115737915039e-01,-1.164606332778930664e+00,-7.762305736541748047e-01,2.840091288089752197e-01,1.489523172378540039e+00,5.483552813529968262e-01,5.249205827713012695e-01,-8.150789737701416016e-01,-1.191628694534301758e+00,2.172546863555908203e+00,-9.994066357612609863e-01,-1.350898385047912598e+00,-1.368720650672912598e+00,-1.969663500785827637e+00,1.192582130432128906e+00,6.526001095771789551e-01,-4.224297404289245605e-01,-3.388238549232482910e-01,-3.145119547843933105e-01,-1.721968054771423340e+00,-1.076862215995788574e-01,1.836607456207275391e+00,-2.112074851989746094e+00,5.485969781875610352e-01,-5.413506031036376953e-01,9.882301688194274902e-01,9.880890846252441406e-01,8.339271545410156250e-01,2.681587338447570801e-01,1.208648085594177246e+00,2.172617197036743164e+00,1.946801662445068359e+00,-2.431607961654663086e+00,1.468384385108947754e+00,-1.029948472976684570e+00,3.293064534664154053e-01,5.151013731956481934e-01,3.822130560874938965e-01,1.428631424903869629e+00,5.538172721862792969e-01,-6.684918999671936035e-01,1.147290825843811035e+00,9.383726119995117188e-01,-1.411606431007385254e+00,4.985266551375389099e-02,-8.427126407623291016e-01,1.612453013658523560e-01,4.350244700908660889e-01,3.446394503116607666e-01,1.159419894218444824e+00,4.188583195209503174e-01,-3.926341533660888672e-01,-3.035338521003723145e-01,-5.851166844367980957e-01,-1.169582962989807129e+00,5.199411511421203613e-01,-6.900168657302856445e-01,7.490451335906982422e-01,-9.254046082496643066e-01,-1.264433979988098145e+00,-1.937323361635208130e-01,8.695009946823120117e-01
-6.112532615661621094e-01,-8.945010304450988770e-01,-2.010202705860137939e-01,-4.172672927379608154e-01,-3.968598842620849609e-01,4.855294227600097656e-01,2.325083017349243164e+00,-3.607196509838104248e-01,-3.598027527332305908e-01,-1.822118088603019714e-02,-1.294274449348449707e+00,3.618378937244415283e-01,3.602851927280426025e-01,-1.017355695366859436e-01,2.565566897392272949e-01,-3.893939554691314697e-01,-8.949482440948486328e-01,2.313497513532638550e-01,-1.198865890502929688e+00,4.646278321743011475e-01,5.759726762771606445e-01,1.272847205400466919e-01,-1.062673687934875488e+00,1.956689506769180298e-01,-1.561016082763671875e+00,-8.880531787872314453e-01,-1.146966695785522461e+00,9.657082557678222656e-01,5.362780094146728516e-01,-7.065637111663818359e-01,-1.090994328260421753e-01,5.399930477142333984e-02,-9.769618511199951172e-01,-1.388664603233337402e+00,-1.321449398994445801e+00,-7.627581954002380371e-01,1.074319124221801758e+00,-2.570989131927490234e-01,-1.117623925209045410e+00,1.826213002204895020e-01,3.755096495151519775e-01,1.441799521446228027e+00,1.110561370849609375e+00,3.553566038608551025e-01,2.699161291122436523e+00,-1.146100163459777832e+00,-4.195100069046020508e-01,-3.785193562507629395e-01,-3.248835504055023193e-01,-5.374832153320312500e-01,-7.750309109687805176e-01,-9.302825927734375000e-01,-1.087002038955688477e+00,7.586355209350585938e-01,-4.041624963283538818e-01,-2.277325838804244995e-01,6.824192404747009277e-01,7.339215874671936035e-01,-6.394873857498168945e-01,-6.478371024131774902e-01,-1.956887096166610718e-01,-5.035346150398254395e-01,-3.219012022018432617e-01,7.480378746986389160e-01,-2.070420887321233749e-03,-5.537856221199035645e-01,9.665960073471069336e-02,1.565089225769042969e+00,-4.661304131150245667e-02,8.528878092765808105e-01,1.420261263847351074e+00,-4.277251064777374268e-01,1.513085365295410156e-01,2.490029811859130859e+00,4.747350811958312988e-01,3.878229856491088867e-01,2.152823686599731445e+00,4.039158821105957031e-01,-6.975416541099548340e-01,1.229999303817749023e+00,1.322587013244628906e+00,1.258452177047729492e+00,1.168618202209472656e+00,1.131175011396408081e-01,-8.606755137443542480e-01,1.987457990646362305e+00,-2.159595489501953125e-01,-5.229660272598266602e-01,5.909717082977294922e-01,1.008211255073547363e+00,8.028395771980285645e-01,-5.019197463989257812e-01,1.019761562347412109e+00,-1.292818039655685425e-01,-5.484731793403625488e-01,5.415835976600646973e-01,3.163993954658508301e-01,-2.116774767637252808e-01,-2.460949718952178955e-01,-1.309960246086120605e+00
-5.178562179207801819e-02,1.747414022684097290e-01,1.132327437400817871e+00,4.584266543388366699e-01,-6.978103518486022949e-01,1.874007701873779297e+00,1.126142144203186035e+00,6.230796575546264648e-01,-1.615395188331604004e+00,-1.503764092922210693e-01,-1.376029729843139648e+00,4.318815767765045166e-01,-9.186485409736633301e-01,3.976662456989288330e-01,-4.030268192291259766e-01,-1.382196396589279175e-01,-6.992042064666748047e-01,1.280568242073059082e+00,-2.500016987323760986e-01,8.569148778915405273e-01,-8.284747004508972168e-01,-8.006597161293029785e-01,2.477334290742874146e-01,8.873217701911926270e-01,-8.489826917648315430e-01,-9.567307233810424805e-01,-1.202971935272216797e+00,1.386432766914367676e+00,-9.866651892662048340e-01,-8.728403449058532715e-01,-1.850209087133407593e-01,-2.211893647909164429e-01,-1.421388983726501465e+00,1.136152982711791992e+00,-4.242295026779174805e-01,-6.249145865440368652e-01,-8.468343615531921387e-01,-4.540733695030212402e-01,2.519859075546264648e-01,1.161911010742187500e+00,2.150014340877532959e-01,-1.084845900535583496e+00,-3.579592108726501465e-01,-5.741016864776611328e-01,-4.172233045101165771e-01,9.689334034919738770e-01,7.227142155170440674e-02,-7.249438762664794922e-01,4.696442782878875732e-01,-6.382538080215454102e-01,1.164641499519348145e+00,1.484178304672241211e-01,-8.709607124328613281e-01,1.406774759292602539e+00,-1.039889901876449585e-01,-1.101122498512268066e+00,-8.787305951118469238e-01,1.448821723461151123e-01,-1.140910744667053223e+00,-4.317540228366851807e-01,1.530689835548400879e+00,-5.851880908012390137e-01,3.367719948291778564e-01,-1.819103211164474487e-01,4.773430228233337402e-01,-4.132061600685119629e-01,-1.515677571296691895e+00,-1.149921894073486328e+00,-5.001124739646911621e-01,-1.200956106185913086e+00,2.867278158664703369e-01,-1.779858618974685669e-01,1.490708470344543457e+00,1.829832792282104492e-01,1.244093626737594604e-01,7.757973670959472656e-01,8.174748420715332031e-01,2.559025585651397705e-02,-1.198848605155944824e+00,6.966947913169860840e-01,-1.419216156005859375e+00,1.019015610218048096e-01,-1.301382929086685181e-01,1.592924147844314575e-01,-5.492391586303710938e-01,-1.464129447937011719e+00,-1.285759568214416504e+00,1.477017253637313843e-01,-1.581572532653808594e+00,1.156493663787841797e+00,-5.204182267189025879e-01,2.201515674591064453e+00,1.211122512817382812e+00,1.611679911613464355e+00,-2.276558429002761841e-03,-4.341266304254531860e-02,-5.749295949935913086e-01,8.150343298912048340e-01,1.700669765472412109e+00,-1.023537516593933105e+00
1.674939393997192383e+00,-1.849308967590332031e+00,-2.358618974685668945e-01,4.202956855297088623e-01,-5.200734138488769531e-01,-6.141088604927062988e-01,-1.238187789916992188e+00,-5.997345447540283203e-01,-3.733941614627838135e-01,-6.558467149734497070e-01,-3.032614290714263916e-01,1.674112915992736816e+00,-7.504166364669799805e-01,-6.810840964317321777e-01,-3.029026836156845093e-02,-5.709107220172882080e-02,-8.500730991363525391e-01,5.288174152374267578e-01,-4.525445699691772461e-01,6.750727295875549316e-01,-4.532251656055450439e-01,1.023830533027648926e+00,1.019203305244445801e+00,5.886528491973876953e-01,1.298605948686599731e-01,4.358738660812377930e-01,1.161184549331665039e+00,-7.758973538875579834e-02,1.843097090721130371e+00,9.263687133789062500e-01,9.234486818313598633e-01,-5.300956368446350098e-01,8.487818241119384766e-01,5.614318251609802246e-01,1.225363135337829590e+00,-5.253208279609680176e-01,2.554801225662231445e+00,4.947995543479919434e-01,-6.652940064668655396e-02,-9.675639867782592773e-01,1.107191085815429688e+00,6.235862970352172852e-01,5.254136919975280762e-01,6.224608980119228363e-03,-2.259884357452392578e+00,7.878748178482055664e-01,-2.373277544975280762e-01,-1.132999137043952942e-01,4.934818744659423828e-01,-1.905851244926452637e+00,-1.497298777103424072e-01,-8.940486311912536621e-01,-2.147119522094726562e+00,8.708307743072509766e-01,-6.872842311859130859e-01,-4.350576400756835938e-01,1.047001123428344727e+00,1.366141289472579956e-01,8.425335288047790527e-01,-7.349802851676940918e-01,-1.257696151733398438e+00,9.926614761352539062e-01,-1.357487797737121582e+00,3.696381747722625732e-01,-4.161588847637176514e-01,-8.486487269401550293e-01,1.706665456295013428e-01,-2.358887791633605957e-01,1.010757923126220703e+00,-1.348496794700622559e+00,-4.806502535939216614e-02,-7.277466654777526855e-01,5.377029776573181152e-01,8.470208644866943359e-01,3.493167757987976074e-01,-1.164640262722969055e-01,4.906771704554557800e-02,-1.336183398962020874e-01,4.741789400577545166e-01,-6.668475866317749023e-01,4.364214837551116943e-01,2.054564714431762695e+00,8.797701001167297363e-01,1.683806538581848145e+00,2.937796592712402344e+00,-5.032642483711242676e-01,1.120209246873855591e-01,8.752389550209045410e-01,5.792179107666015625e-01,-4.065152406692504883e-01,1.727531790733337402e+00,2.382343448698520660e-02,-1.397574782371520996e+00,-1.121247768402099609e+00,-4.849046766757965088e-01,-1.006269454956054688e+00,-9.774460792541503906e-01,-1.278694868087768555e-01,9.308819770812988281e-01,-1.041055202484130859e+00
-1.300410628318786621e+00,5.567251443862915039e-01,9.975485205650329590e-01,1.963233470916748047e+00,6.003585457801818848e-01,4.808164536952972412e-01,2.319844067096710205e-01,-9.366706758737564087e-02,-2.650036096572875977e+00,-1.130854129791259766e+00,-1.238967061042785645e+00,2.699818611145019531e-01,-3.232851326465606689e-01,1.159618794918060303e-01,-2.890128374099731445e+00,1.888805627822875977e+00,7.086132764816284180e-01,-3.289098441600799561e-01,-5.582258105278015137e-01,1.024863719940185547e+00,-5.003693103790283203e-01,-5.064756870269775391e-01,8.242875337600708008e-01,1.090213418006896973e+00,2.012004613876342773e+00,1.193961352109909058e-01,1.285027861595153809e+00,8.715358972549438477e-01,1.354326963424682617e+00,5.600732564926147461e-01,-2.280849032104015350e-02,6.639189273118972778e-02,-6.021721959114074707e-01,9.210889786481857300e-02,-5.810320973396301270e-01,1.431149363517761230e+00,-4.391979575157165527e-01,1.265381336212158203e+00,1.026523299515247345e-02,2.856827974319458008e+00,-2.509708106517791748e-01,6.614950895309448242e-01,5.187580585479736328e-01,-1.962860673666000366e-01,3.344470739364624023e+00,-7.684357762336730957e-01,1.959603190422058105e+00,-2.423931807279586792e-01,-7.294388413429260254e-01,-1.438964456319808960e-01,9.725556373596191406e-01,-1.092712163925170898e+00,1.123162150382995605e+00,-1.891515552997589111e-01,8.351640403270721436e-02,1.666987501084804535e-02,1.441828757524490356e-01,-5.829362869262695312e-01,-1.546006202697753906e-01,-8.053954690694808960e-02,-2.032714486122131348e-01,1.164544343948364258e+00,8.975158333778381348e-01,6.251956224441528320e-01,-1.047473311424255371e+00,-2.465640306472778320e-01,2.240396440029144287e-01,1.843548059463500977e+00,8.182998895645141602e-01,1.863569021224975586e-03,4.706370234489440918e-01,4.697626829147338867e-01,3.956375122070312500e-01,-1.676425039768218994e-01,7.450188994407653809e-01,7.016226053237915039e-01,-3.670554459095001221e-01,3.000962436199188232e-01,-1.182314753532409668e+00,5.758409500122070312e-01,2.459893524646759033e-01,1.332306116819381714e-01,-7.846181392669677734e-01,1.212038159370422363e+00,6.880222558975219727e-01,-1.690207600593566895e+00,4.238812029361724854e-01,-1.324100852012634277e+00,-4.254898130893707275e-01,5.616777539253234863e-01,-1.973947167396545410e+00,1.783196032047271729e-01,2.144526958465576172e+00,1.471040397882461548e-01,5.448710322380065918e-01,1.258745670318603516e+00,-1.111987829208374023e+00,4.367863386869430542e-02,1.683098316192626953e+00,-2.746959030628204346e-01
-6.023755669593811035e-01,5.106273293495178223e-01,6.113820672035217285e-01,1.108625531196594238e+00,-7.249219417572021484e-01,-1.096135497093200684e+00,-5.224925279617309570e-01,-1.394032478332519531e+00,1.511808276176452637e+00,-3.492376208305358887e-01,-1.169142246246337891e+00,-2.925030231475830078e+00,-6.567214727401733398e-01,1.035727500915527344e+00,3.075973689556121826e-01,-1.495766401290893555e+00,6.497199535369873047e-01,9.333961009979248047e-01,-1.031698942184448242e+00,-2.707146406173706055e-01,1.129938960075378418e+00,-4.591479003429412842e-01,1.300480127334594727e+00,4.347853958606719971e-01,-3.584261536598205566e-01,-1.120027661323547363e+00,6.205831766128540039e-01,-1.406955569982528687e-01,-2.405111789703369141e+00,6.194443702697753906e-01,-1.188121438026428223e+00,-7.159744501113891602e-01,1.334184169769287109e+00,-8.230322003364562988e-01,-7.271522879600524902e-01,-3.506787121295928955e-01,9.157225489616394043e-01,-1.090353369712829590e+00,-3.139228820800781250e-01,-9.554429650306701660e-01,3.768775612115859985e-02,-4.260208904743194580e-01,1.571305990219116211e+00,7.590594291687011719e-01,-7.392558455467224121e-01,-2.045930862426757812e+00,-1.744091391563415527e+00,-1.493296384811401367e+00,2.010718107223510742e+00,-4.010810554027557373e-01,1.981906652450561523e+00,1.051862716674804688e+00,-1.805522739887237549e-01,-1.587580800056457520e+00,5.772600173950195312e-01,9.463862180709838867e-01,-3.593915104866027832e-01,-1.800431132316589355e+00,1.165867209434509277e+00,1.858314275741577148e-01,-5.016724467277526855e-01,-2.112277746200561523e+00,-4.707063138484954834e-01,-8.522741198539733887e-01,1.391336917877197266e+00,-3.569125831127166748e-01,-1.133770823478698730e+00,-1.292738437652587891e+00,-7.757994532585144043e-01,-4.712437689304351807e-01,-2.221410125494003296e-01,3.706255853176116943e-01,-2.701351344585418701e-01,-1.368099451065063477e+00,-8.571600914001464844e-01,8.147951960563659668e-01,-4.575981944799423218e-02,1.769243836402893066e+00,8.909407258033752441e-02,6.619860976934432983e-02,1.250098228454589844e+00,8.471705317497253418e-01,-1.386536717414855957e+00,1.498626023530960083e-01,-2.365854829549789429e-01,9.788787364959716797e-01,-8.225083947181701660e-01,1.814905926585197449e-02,3.968995511531829834e-01,4.577508568763732910e-01,1.114913821220397949e+00,3.074567615985870361e-01,3.446377813816070557e-01,-1.403030157089233398e-01,1.482867151498794556e-01,8.846775889396667480e-01,-6.420506238937377930e-01,-1.395119071006774902e+00,1.743256926536560059e+00,-1.190079212188720703e+00
2.112983226776123047e+00,1.123505178838968277e-03,1.907471776008605957e+00,-1.680884957313537598e+00,2.349842786788940430e+00,-7.751390933990478516e-01,-1.293372392654418945e+00,-1.630645751953125000e+00,-5.899191498756408691e-01,-1.134236454963684082e+00,-1.216374516487121582e+00,4.009313881397247314e-01,-1.101081967353820801e+00,-3.121977299451828003e-02,1.861619949340820312e+00,1.123925209045410156e+00,5.268647670745849609e-01,9.908718466758728027e-01,9.683771729469299316e-01,-2.080467700958251953e+00,8.963502645492553711e-01,7.533959150314331055e-01,3.795007616281509399e-02,1.381616115570068359e+00,4.065342247486114502e-01,1.635221600532531738e+00,-6.194750592112541199e-02,-5.346130579710006714e-02,1.521095156669616699e+00,9.916952252388000488e-02,1.459892988204956055e+00,5.442771315574645996e-01,5.546646118164062500e-01,-1.030648350715637207e+00,-5.036013126373291016e-01,-1.184683680534362793e+00,1.257954359054565430e+00,-8.909828960895538330e-02,-1.256674647331237793e+00,-1.407340764999389648e-01,9.194929152727127075e-02,1.543997168540954590e+00,1.418719440698623657e-01,1.350374102592468262e+00,-1.189064025878906250e+00,9.522794932126998901e-02,2.354025393724441528e-01,8.959137201309204102e-01,-2.000247478485107422e+00,-3.848787844181060791e-01,-8.954418897628784180e-01,2.749006748199462891e-01,-2.349280714988708496e-01,6.179071664810180664e-01,-5.232118964195251465e-01,1.506592273712158203e+00,9.584751725196838379e-01,-1.390081524848937988e+00,1.803788661956787109e+00,-3.428599834442138672e-01,3.903930187225341797e-01,3.047223985195159912e-01,6.035044193267822266e-01,2.066804915666580200e-01,-9.916636347770690918e-02,1.780575513839721680e+00,5.325074791908264160e-01,-4.218950569629669189e-01,-3.399793505668640137e-01,-1.329624295234680176e+00,-6.104919910430908203e-01,-9.083567187190055847e-03,2.042898209765553474e-03,-2.456107884645462036e-01,-4.319967925548553467e-01,1.109315231442451477e-01,-6.461097598075866699e-01,8.256056308746337891e-01,-5.381903648376464844e-01,-1.592827290296554565e-01,1.807830691337585449e+00,1.164894223213195801e+00,-5.751254558563232422e-01,1.163868784904479980e+00,-6.335058212280273438e-01,-1.933348625898361206e-01,9.283125996589660645e-01,-1.534401476383209229e-01,-7.288120388984680176e-01,-7.498072385787963867e-01,2.282170057296752930e-01,-9.611514806747436523e-01,1.719659566879272461e-02,-4.891031384468078613e-01,1.451074481010437012e+00,1.375516891479492188e+00,6.166597008705139160e-01,6.031823158264160156e-01,-1.179450750350952148e+00,2.485928058624267578e+00
-1.056044250726699829e-01,4.832532703876495361e-01,2.103885412216186523e+00,-3.287611305713653564e-01,4.338644444942474365e-01,-2.332550138235092163e-01,9.003855586051940918e-01,1.077181816101074219e+00,-2.006154805421829224e-01,4.107611477375030518e-01,-8.513306267559528351e-03,-1.587958216667175293e+00,-1.246137976646423340e+00,1.269702792167663574e+00,-3.222598135471343994e-01,1.276473402976989746e+00,-1.991401791572570801e+00,-7.494403123855590820e-01,6.004124879837036133e-01,9.554553627967834473e-01,9.792360663414001465e-02,-7.911239862442016602e-01,-2.636078596115112305e+00,-1.959072351455688477e+00,-2.226187884807586670e-01,-1.566817283630371094e+00,-1.341149210929870605e+00,-5.928683280944824219e-01,2.644957780838012695e+00,-6.149216890335083008e-01,4.910831153392791748e-02,1.293519884347915649e-01,-8.031734824180603027e-01,1.171828508377075195e+00,-1.146771907806396484e+00,1.791401058435440063e-01,4.555350840091705322e-01,-2.732382416725158691e-01,-8.900480270385742188e-01,-1.840617693960666656e-02,8.395319432020187378e-02,-8.535497784614562988e-01,1.443148374557495117e+00,8.834806084632873535e-01,-3.487476408481597900e-01,1.852349042892456055e-01,3.549522161483764648e-01,-1.986840218305587769e-01,-9.415023326873779297e-01,2.083760023117065430e+00,1.373355388641357422e+00,-1.589086651802062988e+00,-6.522023081779479980e-01,-3.388127684593200684e-01,6.142623424530029297e-01,1.296472907066345215e+00,1.576903313398361206e-01,-5.267672538757324219e-01,8.681697770953178406e-03,1.361880302429199219e+00,-2.802988886833190918e-01,-1.689400970935821533e-01,1.022800207138061523e+00,1.742100596427917480e+00,-1.344539225101470947e-03,3.167526960372924805e+00,-6.549443602561950684e-01,-3.291817307472229004e-01,6.470593214035034180e-01,5.120095610618591309e-01,-8.947407007217407227e-01,1.973945200443267822e-01,7.394306361675262451e-02,2.162365913391113281e+00,-1.627239108085632324e+00,-7.664694190025329590e-01,1.535976082086563110e-01,1.590526342391967773e+00,-4.675229489803314209e-01,-3.051446378231048584e-01,-1.162151575088500977e+00,-3.036119341850280762e-01,-2.588666677474975586e-01,-5.739642381668090820e-01,8.435635566711425781e-01,-1.063130617141723633e+00,-2.309710383415222168e-01,3.848927319049835205e-01,-5.472757220268249512e-01,-2.067878246307373047e+00,7.352405786514282227e-01,-1.128027796745300293e+00,1.771320581436157227e+00,7.608528137207031250e-01,1.061241626739501953e+00,-3.736172989010810852e-02,8.555587530136108398e-01,-1.002057552337646484e+00,-1.453964710235595703e+00,6.948618590831756592e-02
-1.347346067428588867e+00,-4.201193153858184814e-01,1.315685212612152100e-01,-1.201066970825195312e+00,4.821536540985107422e-01,-1.283086061477661133e+00,2.392204552888870239e-01,-1.681433439254760742e+00,-3.935154378414154053e-01,-3.812599778175354004e-01,1.390223383903503418e+00,8.641737699508666992e-01,-8.173881769180297852e-01,2.128761634230613708e-02,1.014779806137084961e+00,8.208696246147155762e-01,1.052639245986938477e+00,1.250792026519775391e+00,6.243914365768432617e-02,8.510773181915283203e-01,-6.978185176849365234e-01,4.433677494525909424e-01,-1.939058601856231689e-01,1.475174903869628906e+00,-1.545752644538879395e+00,3.978362977504730225e-01,-1.047346234321594238e+00,1.585518360137939453e+00,1.160631418228149414e+00,-6.012566089630126953e-01,-1.014329671859741211e+00,1.075301244854927063e-01,-4.279048144817352295e-01,7.533549070358276367e-01,8.142273426055908203e-01,-1.335842967033386230e+00,3.271814882755279541e-01,-8.594601750373840332e-01,-7.397468090057373047e-01,-7.680254578590393066e-01,-2.463871985673904419e-01,8.314472436904907227e-02,-7.431262731552124023e-02,-7.608516812324523926e-01,-4.300614297389984131e-01,-2.833493649959564209e-01,6.505456566810607910e-01,-3.043462038040161133e-01,-6.547363400459289551e-01,1.315730452537536621e+00,-3.124155104160308838e-01,-1.096865773200988770e+00,-1.130476117134094238e+00,-1.198385581374168396e-01,-7.503384947776794434e-01,2.098027765750885010e-01,8.494619131088256836e-01,7.872580289840698242e-01,-2.486034482717514038e-01,1.381945729255676270e+00,-5.711202621459960938e-01,-9.876176118850708008e-01,1.262098550796508789e-01,7.495608329772949219e-01,1.195778727531433105e+00,-2.710793972015380859e+00,1.670094579458236694e-01,-6.843402385711669922e-01,1.301308870315551758e+00,-1.993507146835327148e-01,-6.567821502685546875e-01,9.020766615867614746e-01,-1.442994952201843262e+00,5.224440097808837891e-01,-5.534197688102722168e-01,-2.151675671339035034e-01,3.739241361618041992e-01,-2.781901508569717407e-02,6.812709569931030273e-01,-2.466389656066894531e+00,-4.505355358123779297e-01,4.575829952955245972e-02,1.071535468101501465e+00,-6.199466809630393982e-02,-2.039948105812072754e-02,-7.989562153816223145e-01,-2.849247455596923828e-01,-2.319541722536087036e-01,-1.687875628471374512e+00,9.108027815818786621e-02,-1.523789949715137482e-02,1.198447942733764648e+00,-2.614640474319458008e+00,-5.556867122650146484e-01,-1.192229628562927246e+00,-3.453934192657470703e-01,-1.144405081868171692e-01,-6.775614023208618164e-01,-1.659397721290588379e+00,1.141209244728088379e+00
-4.098157882690429688e-01,1.488227367401123047e+00,9.537127017974853516e-01,-5.499465465545654297e-01,1.071603417396545410e+00,-2.233764886856079102e+00,-9.744201898574829102e-01,-3.813298642635345459e-01,3.210949152708053589e-02,9.843837618827819824e-01,1.271224498748779297e+00,-1.160042285919189453e-01,-7.022951245307922363e-01,1.144680023193359375e+00,3.474227786064147949e-01,9.812406301498413086e-01,1.073940396308898926e+00,5.327669903635978699e-02,-2.940043210983276367e-01,1.833711028099060059e+00,-6.680498365312814713e-03,-4.140827804803848267e-03,-3.244358897209167480e-01,8.376258015632629395e-01,4.517150521278381348e-01,-4.358893036842346191e-01,2.550020813941955566e-01,1.006033539772033691e+00,-1.102838993072509766e+00,5.211593508720397949e-01,5.831226110458374023e-01,-1.554490476846694946e-01,2.922962009906768799e-01,7.189908623695373535e-01,8.086617588996887207e-01,-1.755006670951843262e+00,1.345410645008087158e-01,-2.906009554862976074e-02,-5.850805044174194336e-01,2.084730565547943115e-01,2.552806437015533447e-01,5.106184482574462891e-01,-8.561028242111206055e-01,-9.678785800933837891e-01,-5.092387199401855469e-01,-4.899661242961883545e-01,-1.746326804161071777e+00,-4.577739238739013672e-01,-3.982139825820922852e-01,-1.155798062682151794e-01,-2.954413741827011108e-02,4.623227715492248535e-01,5.879127383232116699e-01,-2.915870845317840576e-01,3.815866708755493164e-01,9.205769300460815430e-01,8.477912545204162598e-01,1.159536957740783691e+00,-1.020669460296630859e+00,-2.022929117083549500e-02,-1.547888219356536865e-01,-1.711870670318603516e+00,-5.944662094116210938e-01,4.942896068096160889e-01,-1.709364354610443115e-01,-1.062227845191955566e+00,-6.518312096595764160e-01,-4.757412672042846680e-01,7.726567983627319336e-01,4.452095329761505127e-01,-2.028385177254676819e-02,-1.369803071022033691e+00,3.287389874458312988e-01,1.609445333480834961e+00,-1.949116885662078857e-01,4.738481342792510986e-01,-7.419539988040924072e-02,-6.522898077964782715e-01,2.095407962799072266e+00,-3.423849046230316162e-01,-5.980325341224670410e-01,7.134599983692169189e-02,-2.851118743419647217e-01,1.010026335716247559e+00,-2.295890748500823975e-01,-1.677347660064697266e+00,4.126305282115936279e-01,6.244347691535949707e-01,1.879942059516906738e+00,1.419512480497360229e-01,-1.455332040786743164e-01,5.861887931823730469e-01,2.315463304519653320e+00,1.153927564620971680e+00,3.622567057609558105e-01,-6.596108078956604004e-01,6.489142775535583496e-01,-3.111034631729125977e-01,-1.537090539932250977e+00,-2.163704186677932739e-01
-5.550144910812377930e-01,1.836781740188598633e+00,-9.477487206459045410e-01,-1.160016879439353943e-01,7.039960026741027832e-01,-2.379741370677947998e-01,8.195682168006896973e-01,-6.864023804664611816e-01,6.657294034957885742e-01,-4.412291646003723145e-01,-4.754467308521270752e-01,-1.115626215934753418e+00,-8.281973004341125488e-01,1.477840542793273926e-01,-8.530911803245544434e-01,3.960144147276878357e-02,7.482979893684387207e-01,-1.970706462860107422e+00,-7.235287427902221680e-01,5.535754188895225525e-02,-1.740869320929050446e-02,1.508696794509887695e+00,1.539370566606521606e-01,-2.146397113800048828e+00,-9.555810093879699707e-01,5.228050425648689270e-02,-7.434359192848205566e-01,6.908612251281738281e-01,-6.104657649993896484e-01,-4.542711973190307617e-01,3.501680791378021240e-01,-1.198660507798194885e-01,8.839660882949829102e-01,-7.452777624130249023e-01,2.225123405456542969e+00,-1.423945546150207520e+00,3.118399083614349365e-01,-1.674870252609252930e+00,6.834938526153564453e-01,1.543180346488952637e+00,8.059548735618591309e-01,1.284665346145629883e+00,5.398942828178405762e-01,2.519583106040954590e-01,-3.610137701034545898e-01,2.003431767225265503e-01,-9.452579021453857422e-01,3.628540337085723877e-01,-3.780463933944702148e-01,2.032909542322158813e-01,3.845406472682952881e-01,1.389339447021484375e+00,-6.468988656997680664e-01,5.847685337066650391e-01,1.144609570503234863e+00,1.851593852043151855e-01,3.071680366992950439e-01,-5.953121185302734375e-02,-1.696649432182312012e+00,3.626713454723358154e-01,-1.321096539497375488e+00,9.989436864852905273e-01,1.141919732093811035e+00,1.813634991645812988e+00,9.207121729850769043e-01,-5.311648249626159668e-01,1.982495546340942383e+00,-3.179966285824775696e-02,6.217201948165893555e-01,-7.402809262275695801e-01,1.211547613143920898e+00,-7.471119761466979980e-01,2.294315211474895477e-02,8.824191242456436157e-02,6.373231112957000732e-02,-2.654839992523193359e+00,-1.051130533218383789e+00,-1.021770477294921875e+00,1.115323901176452637e+00,-5.817379355430603027e-01,-6.231778860092163086e-01,-3.512950539588928223e-01,9.596028327941894531e-01,-2.947919368743896484e+00,-4.712315499782562256e-01,-3.316156864166259766e-01,-1.331541657447814941e+00,-3.704640567302703857e-01,3.359730839729309082e-01,-5.164012312889099121e-01,-9.217680692672729492e-01,-1.080814838409423828e+00,3.880743384361267090e-01,4.437871873378753662e-01,-5.397092923521995544e-02,2.074002772569656372e-01,1.011381149291992188e+00,-5.238765478134155273e-01,1.258347034454345703e-01,3.942060470581054688e-01
2.235685825347900391e+00,1.967186294496059418e-02,7.477883696556091309e-01,5.492860078811645508e-02,8.103438019752502441e-01,-1.789430975914001465e+00,-9.985812008380889893e-02,-9.925057888031005859e-01,7.179502844810485840e-01,1.095552146434783936e-01,-4.519245028495788574e-01,1.004992485046386719e+00,1.326732277870178223e+00,-6.921388506889343262e-01,6.317102313041687012e-01,1.994244933128356934e+00,-7.616519927978515625e-01,-1.140675663948059082e+00,1.168375611305236816e+00,-2.329481124877929688e+00,-1.727087020874023438e+00,4.129750430583953857e-01,-1.314658641815185547e+00,-1.222348734736442566e-01,4.617824256420135498e-01,-8.728383183479309082e-01,-6.008673310279846191e-01,1.549222230911254883e+00,8.162193298339843750e-01,-6.376814246177673340e-01,-2.481129646301269531e+00,1.196086883544921875e+00,-2.149885892868041992e+00,-1.482309460639953613e+00,-3.841231763362884521e-01,-1.156514883041381836e+00,9.227801561355590820e-01,-7.317884564399719238e-01,2.677874565124511719e+00,-1.303418576717376709e-01,6.059799790382385254e-01,-2.226247489452362061e-01,-2.958231866359710693e-01,1.867999136447906494e-01,-2.638775110244750977e-02,8.710051178932189941e-01,2.034151315689086914e+00,-6.003154516220092773e-01,7.822078466415405273e-01,-3.359208106994628906e-01,-1.426299929618835449e+00,2.966799020767211914e+00,2.731415927410125732e-01,-8.055634498596191406e-01,3.091430291533470154e-02,-1.423807859420776367e+00,-9.688036441802978516e-01,1.631367564201354980e+00,1.623897850513458252e-01,1.043459653854370117e+00,1.075769186019897461e+00,-1.909054964780807495e-01,-2.078445672988891602e+00,-3.282043635845184326e-01,9.138488769531250000e-01,1.155639410018920898e+00,6.101814657449722290e-02,1.592303395271301270e+00,3.532186150550842285e-01,5.914292931556701660e-01,9.035715460777282715e-01,-3.944022655487060547e-01,-7.090298533439636230e-01,-2.956848144531250000e-01,-8.579627275466918945e-01,-1.433328986167907715e+00,4.569683372974395752e-01,-2.024246938526630402e-02,5.719363689422607422e-01,-9.064105153083801270e-01,1.065701484680175781e+00,9.798626899719238281e-01,1.897354364395141602e+00,-5.097761154174804688e-01,1.131155371665954590e+00,1.306390404701232910e+00,-2.981951534748077393e-01,-6.161586381494998932e-03,1.626876711845397949e+00,3.820037841796875000e-01,1.838593035936355591e-01,-2.088050246238708496e-01,-1.198882684111595154e-01,1.818193316459655762e+00,-1.981916546821594238e+00,-8.404213786125183105e-01,3.964386582374572754e-01,8.896625638008117676e-01,-6.586198210716247559e-01,2.109104022383689880e-02
6.409578919410705566e-01,1.831557512283325195e+00,1.870459169149398804e-01,-7.185950875282287598e-01,4.944934844970703125e-01,-1.270627737045288086e+00,-9.970411658287048340e-02,5.449988842010498047e-01,-3.649806976318359375e-02,-1.620832800865173340e+00,-3.573234006762504578e-02,-1.938893496990203857e-01,-2.318140715360641479e-01,1.963053107261657715e+00,8.275619745254516602e-01,-1.469122290611267090e+00,-8.271098732948303223e-01,4.998971223831176758e-01,-6.536885350942611694e-02,-7.799958586692810059e-01,-9.395450949668884277e-01,9.526963829994201660e-01,9.251179695129394531e-01,-3.408064246177673340e-01,-1.309948682785034180e+00,-2.152509927749633789e+00,2.978112697601318359e-01,3.755173683166503906e-01,-6.124422550201416016e-01,3.106653690338134766e-01,8.115717172622680664e-01,-1.731541395187377930e+00,8.294513225555419922e-01,3.842753767967224121e-01,-1.447320699691772461e+00,8.738949894905090332e-01,-2.295698165893554688e+00,5.106459856033325195e-01,-1.365362703800201416e-01,5.813670754432678223e-01,-1.060215830802917480e+00,1.547364234924316406e+00,2.660748958587646484e+00,1.094381958246231079e-01,-1.626512169837951660e+00,7.499795556068420410e-01,-7.004362344741821289e-01,-1.047941148281097412e-01,-4.001530632376670837e-02,-3.777349591255187988e-01,-2.264006137847900391e+00,1.265168309211730957e+00,-1.308060526847839355e+00,-4.635333716869354248e-01,1.645546108484268188e-01,8.097116351127624512e-01,-1.445919275283813477e+00,-2.505844831466674805e-01,4.598668217658996582e-01,-2.100866794586181641e+00,-8.076404035091400146e-02,-8.829762935638427734e-01,-3.116888105869293213e-01,1.690181642770767212e-01,1.786643117666244507e-01,-5.024144425988197327e-02,-1.320197820663452148e+00,3.314378857612609863e-01,3.660146474838256836e+00,9.627007693052291870e-02,-6.029345989227294922e-01,1.438276886940002441e+00,4.382533729076385498e-01,-4.242047965526580811e-01,1.188077926635742188e+00,5.845682024955749512e-01,2.373761534690856934e-01,8.706848621368408203e-01,1.733711004257202148e+00,-1.540987491607666016e+00,-6.842912435531616211e-01,1.303205341100692749e-01,-5.315092206001281738e-01,-1.317892432212829590e+00,-3.436768651008605957e-01,6.466928124427795410e-01,-5.722825527191162109e-01,1.568720340728759766e+00,4.722696840763092041e-01,4.578957557678222656e-01,6.394145488739013672e-01,6.863123774528503418e-01,-4.349595308303833008e-01,-1.019222021102905273e+00,-5.570144653320312500e-01,5.642952322959899902e-01,2.599821388721466064e-01,1.220644712448120117e+00,-1.970576286315917969e+00,-7.354261875152587891e-01
2.048245668411254883e-01,8.295055031776428223e-01,1.007690072059631348e+00,4.003912955522537231e-02,-7.135683894157409668e-01,7.395418286323547363e-01,4.434896707534790039e-01,-5.435000061988830566e-01,4.029284417629241943e-01,1.889675378799438477e+00,-6.293432712554931641e-01,-4.480877220630645752e-01,1.055532217025756836e+00,8.751067519187927246e-01,9.947336316108703613e-01,1.287027597427368164e-01,-6.630612909793853760e-02,2.858977615833282471e-01,-1.722011923789978027e+00,-1.157687753438949585e-01,-1.083461403846740723e+00,-7.415574193000793457e-01,-1.139735817909240723e+00,1.286571383476257324e+00,3.490344285964965820e-01,-1.530139744281768799e-01,3.647605776786804199e-01,-1.651559174060821533e-01,-3.428125381469726562e+00,-1.507379531860351562e+00,4.307048916816711426e-01,-7.343994379043579102e-01,-5.729888677597045898e-01,-1.144279360771179199e+00,-1.127092123031616211e+00,7.531491518020629883e-01,-7.839620709419250488e-01,2.093183755874633789e+00,-6.879009604454040527e-01,6.315432190895080566e-01,2.845601737499237061e-01,1.614355295896530151e-01,2.756437063217163086e+00,-6.430402398109436035e-01,1.508432984352111816e+00,-1.265861868858337402e+00,9.630865454673767090e-01,-1.068433523178100586e+00,-8.891236186027526855e-01,5.578666925430297852e-01,3.201657831668853760e-01,1.168941259384155273e+00,-3.555645644664764404e-01,1.282821178436279297e+00,8.248234391212463379e-01,8.885474801063537598e-01,-8.452770709991455078e-01,2.749182283878326416e-01,1.012324810028076172e+00,-1.166768908500671387e+00,1.082841157913208008e+00,-1.503470659255981445e+00,1.468369960784912109e+00,4.485380649566650391e-01,1.200697779655456543e+00,1.089591979980468750e+00,9.098536968231201172e-01,-1.098431706428527832e+00,-6.063224375247955322e-02,-6.078350543975830078e-01,1.694778919219970703e+00,-5.928525328636169434e-01,-1.960687160491943359e+00,-1.074823856353759766e+00,2.140492349863052368e-01,7.433485388755798340e-01,1.491330862045288086e+00,5.823063105344772339e-02,7.347954064607620239e-02,1.171602368354797363e+00,-9.036421030759811401e-02,-9.213441014289855957e-01,-1.321938872337341309e+00,-8.262193202972412109e-01,-5.330174565315246582e-01,-1.200908780097961426e+00,7.309529185295104980e-01,5.660221576690673828e-01,-1.935209989547729492e+00,-5.827097296714782715e-01,5.771337747573852539e-01,-4.998774826526641846e-01,5.487297475337982178e-02,-2.701747231185436249e-02,-3.267366290092468262e-01,2.027643918991088867e-01,-1.265268087387084961e+00,1.712129354476928711e+00,5.216006636619567871e-01,-2.472145855426788330e-01
-4.987683296203613281e-01,1.044605493545532227e+00,-2.491531819105148315e-01,-1.164161041378974915e-01,-5.206777453422546387e-01,-4.393105953931808472e-02,6.722565293312072754e-01,-6.649585068225860596e-02,1.138516902923583984e+00,-4.341038465499877930e-01,3.449145257472991943e-01,-8.225999474525451660e-01,5.788625478744506836e-01,5.477983504533767700e-03,8.104810714721679688e-01,-1.177485227584838867e+00,-1.267345190048217773e+00,5.655075237154960632e-02,-1.070123791694641113e+00,-2.171737402677536011e-01,-6.502305865287780762e-01,-1.142132282257080078e+00,-1.177214235067367554e-01,-3.420795500278472900e-01,-6.987164020538330078e-01,-4.541750848293304443e-01,3.954723775386810303e-01,1.406416416168212891e+00,4.673300683498382568e-02,4.260054230690002441e-02,1.315431743860244751e-01,2.302109152078628540e-01,-3.086124658584594727e-01,-2.104670256376266479e-01,7.714500427246093750e-01,-2.303188443183898926e-01,-2.906960248947143555e-01,5.563681721687316895e-01,-7.517479658126831055e-01,-7.700992822647094727e-01,-8.921617269515991211e-01,1.316825896501541138e-01,1.072447776794433594e+00,1.745960861444473267e-01,1.885562241077423096e-01,1.369687914848327637e+00,-2.604321241378784180e+00,5.873084068298339844e-01,2.130318731069564819e-01,2.055162191390991211e+00,-9.891777634620666504e-01,-1.055976867675781250e+00,-1.847810983657836914e+00,2.574058055877685547e+00,1.572765558958053589e-01,2.629749476909637451e-01,8.264684081077575684e-01,3.645118474960327148e-01,2.381617575883865356e-01,1.760005235671997070e+00,-3.157247900962829590e-01,-3.071563690900802612e-02,4.938981533050537109e-01,4.175119102001190186e-03,1.613088965415954590e+00,-7.268333435058593750e-01,-7.158868908882141113e-01,-7.740040421485900879e-01,9.068479537963867188e-01,-2.708152234554290771e-01,-3.115939199924468994e-01,6.686494946479797363e-01,-2.133329063653945923e-01,-1.935413479804992676e+00,6.384823322296142578e-01,1.316880702972412109e+00,-7.339034229516983032e-02,4.957917034626007080e-01,6.949351429939270020e-01,1.108687520027160645e+00,3.393035233020782471e-01,2.117582321166992188e+00,5.733731985092163086e-01,5.361216664314270020e-01,-1.873134076595306396e-01,-4.867703616619110107e-01,-5.679165720939636230e-01,1.328439831733703613e+00,-7.621051669120788574e-01,-3.634132444858551025e-01,-3.445849120616912842e-01,-1.527192354202270508e+00,-2.831581234931945801e-01,2.119922876358032227e+00,7.438420318067073822e-03,-1.557988226413726807e-01,1.214450478553771973e+00,6.060730814933776855e-01,-1.373770534992218018e-01,1.506705880165100098e+00
-7.954152822494506836e-01,-1.116498112678527832e+00,-3.841952979564666748e-01,9.374062418937683105e-01,-4.165703356266021729e-01,-1.078379869461059570e+00,1.016075253486633301e+00,-1.301466226577758789e-01,-8.154405951499938965e-01,3.772722482681274414e-01,-5.946174263954162598e-01,-5.902014374732971191e-01,-1.215432882308959961e+00,-4.286320209503173828e-01,2.669316828250885010e-01,5.369260311126708984e-01,-6.049011945724487305e-01,1.297144591808319092e-01,-1.252652287483215332e+00,1.244232177734375000e+00,-1.144748210906982422e+00,-9.978051781654357910e-01,-2.254544794559478760e-01,-7.295152544975280762e-01,3.126761019229888916e-01,1.714929103851318359e+00,7.344521880149841309e-01,-1.726544797420501709e-01,1.993685007095336914e+00,-5.748079717159271240e-02,1.111370921134948730e+00,-4.720896016806364059e-03,1.798392534255981445e+00,3.182502388954162598e-01,2.196074649691581726e-02,-4.248893857002258301e-01,-1.578118324279785156e+00,9.913169741630554199e-01,1.404073357582092285e+00,-4.225858151912689209e-01,-9.420554637908935547e-01,1.936169266700744629e+00,4.123484492301940918e-01,-3.664196729660034180e-01,-2.006282329559326172e+00,-3.677578270435333252e-01,-2.322090268135070801e-01,-2.590189695358276367e+00,-8.132940530776977539e-01,2.822327613830566406e-01,-1.910803169012069702e-01,1.033975258469581604e-01,5.527814626693725586e-01,3.050723373889923096e-01,2.665396034717559814e-01,-1.006688117980957031e+00,4.502066373825073242e-01,-7.057907991111278534e-03,-9.385994672775268555e-01,1.010144591331481934e+00,7.577366828918457031e-01,-7.514355778694152832e-01,1.467930912971496582e+00,6.166538000106811523e-01,-7.576287388801574707e-01,-2.448406964540481567e-01,-6.079657077789306641e-01,6.604152321815490723e-01,4.947147965431213379e-01,5.509768128395080566e-01,-9.552403092384338379e-01,2.510876417160034180e+00,1.691975235939025879e+00,8.428878188133239746e-01,9.669505357742309570e-01,1.999272942543029785e+00,4.550768733024597168e-01,5.232673287391662598e-01,-3.562045693397521973e-01,1.291743069887161255e-01,9.797644019126892090e-01,-1.586007624864578247e-01,1.201779127120971680e+00,1.621935606002807617e+00,-1.653958678245544434e+00,-6.258254051208496094e-01,1.898881316184997559e+00,3.510151430964469910e-02,-1.150646209716796875e+00,-7.778583765029907227e-01,-3.877680301666259766e-01,2.654084376990795135e-02,2.000525474548339844e+00,8.769498765468597412e-02,2.283088117837905884e-01,1.066588878631591797e+00,-2.115767240524291992e+00,-1.881408333778381348e+00,5.229452848434448242e-01,-1.231044769287109375e+00
-9.612128138542175293e-01,3.081994354724884033e-01,6.059344410896301270e-01,1.041391491889953613e+00,1.950281858444213867e-02,-5.633936449885368347e-02,8.262260556221008301e-01,3.580126464366912842e-01,1.225990653038024902e+00,-5.024920105934143066e-01,-4.899289309978485107e-01,-8.083922266960144043e-01,6.924279928207397461e-01,-8.725586533546447754e-01,8.594868704676628113e-03,5.912956967949867249e-02,-6.466090679168701172e-01,8.230273127555847168e-01,9.226294159889221191e-01,1.017459750175476074e+00,6.385208964347839355e-01,9.379736781120300293e-01,7.701011896133422852e-01,-3.429714739322662354e-01,1.427891016006469727e+00,1.744021296501159668e+00,-9.647729992866516113e-01,-1.578522324562072754e-01,-1.431984424591064453e+00,6.163883805274963379e-01,-1.108477830886840820e+00,-9.890866279602050781e-01,1.795062720775604248e-01,-1.269168019294738770e+00,4.749825596809387207e-01,9.392467141151428223e-01,2.952462673187255859e+00,1.091849684715270996e+00,1.888618618249893188e-01,-9.216056466102600098e-01,1.287529710680246353e-02,-5.525652170181274414e-01,4.165294468402862549e-01,-9.371322393417358398e-01,1.601977348327636719e+00,9.537365436553955078e-01,-1.644087553024291992e+00,2.323748111724853516e+00,1.953393369913101196e-01,7.043926715850830078e-01,-2.423142641782760620e-02,-8.849876374006271362e-02,-1.669597387313842773e+00,3.243605047464370728e-02,-4.275907576084136963e-01,-1.396077513694763184e+00,1.697652041912078857e-01,4.155666232109069824e-01,2.451435327529907227e-01,-3.790152072906494141e-01,-1.179772973060607910e+00,-7.098532319068908691e-01,9.475790709257125854e-02,-9.074325561523437500e-01,-1.052615761756896973e+00,2.195509523153305054e-01,2.183516502380371094e+00,-2.705244123935699463e-01,1.075021147727966309e+00,-1.483991742134094238e+00,-3.179988265037536621e-01,2.595028281211853027e-01,1.301250755786895752e-01,5.397551059722900391e-01,-1.235858678817749023e+00,-1.302940011024475098e+00,3.821091651916503906e-01,4.515960514545440674e-01,-3.169575333595275879e-01,-1.651080131530761719e+00,-3.031559586524963379e-01,2.676485106348991394e-02,-5.616284012794494629e-01,5.239289402961730957e-01,-2.868098616600036621e-01,9.437721222639083862e-02,7.702727317810058594e-01,3.956020474433898926e-01,1.595482707023620605e+00,-5.844231247901916504e-01,-1.069035172462463379e+00,1.299164295196533203e+00,-7.112265229225158691e-01,1.190670847892761230e+00,-3.802057355642318726e-02,2.813467979431152344e-01,-6.030808687210083008e-01,1.855820864439010620e-01,1.219045042991638184e+00,-5.801971554756164551e-01
1.355837106704711914e+00,-7.628278732299804688e-01,-1.157522797584533691e-01,8.417820334434509277e-01,-9.268166422843933105e-01,-8.252692818641662598e-01,-5.875329375267028809e-01,3.356083929538726807e-01,-1.213158369064331055e+00,-1.107424855232238770e+00,5.040455460548400879e-01,1.670985817909240723e+00,1.006702929735183716e-01,-4.640889167785644531e-01,7.221094965934753418e-01,7.692764513194561005e-03,6.432129144668579102e-01,5.347227454185485840e-01,5.641261935234069824e-01,9.604154825210571289e-01,-1.248550653457641602e+00,-9.132419824600219727e-01,-1.697198748588562012e+00,-1.498419523239135742e+00,8.992573022842407227e-01,-3.587191700935363770e-01,-2.677435278892517090e-01,-2.953044176101684570e-01,1.569600701332092285e+00,3.181328773498535156e-01,1.036685705184936523e+00,-1.152245283126831055e+00,2.163822352886199951e-01,1.175231337547302246e+00,1.112363934516906738e+00,-1.761374950408935547e+00,5.944336652755737305e-01,-2.264531515538692474e-02,-6.975093483924865723e-01,-8.694694638252258301e-01,-3.123936951160430908e-01,-2.883120059967041016e+00,-6.316071748733520508e-01,1.084800481796264648e+00,-5.544789433479309082e-01,-5.304512977600097656e-01,-1.659099578857421875e+00,-1.329076290130615234e+00,-2.138058990240097046e-01,1.696435928344726562e+00,9.358388781547546387e-01,-4.947894215583801270e-01,2.215630263090133667e-01,-3.410490453243255615e-01,7.542634606361389160e-01,-1.284767270088195801e+00,8.437401652336120605e-01,-2.490584373474121094e+00,-2.602465748786926270e-01,-1.282434165477752686e-01,1.535575985908508301e-01,-1.652266860008239746e+00,2.279805243015289307e-01,3.867089152336120605e-01,-1.186458393931388855e-01,-1.075493991374969482e-01,8.183996081352233887e-01,-1.169995903968811035e+00,7.417334318161010742e-01,-1.496626734733581543e+00,-1.809537649154663086e+00,-2.255941778421401978e-01,6.431000828742980957e-01,7.971055060625076294e-02,-1.957516223192214966e-01,5.105625987052917480e-01,7.410410046577453613e-01,1.026036620140075684e+00,-1.048580765724182129e+00,-8.506413698196411133e-01,-3.094349987804889679e-02,2.999100387096405029e-01,-5.786423087120056152e-01,-2.545108318328857422e+00,1.348504781723022461e+00,-8.527248501777648926e-01,8.167304992675781250e-01,1.107489585876464844e+00,-4.227645099163055420e-01,-1.302431106567382812e+00,-8.852165341377258301e-01,-1.549105197191238403e-01,4.538140594959259033e-01,5.416828989982604980e-01,-7.273082733154296875e-01,1.519028842449188232e-01,-9.901793599128723145e-01,-9.147782623767852783e-02,5.627207159996032715e-01,5.308267474174499512e-01
-1.010131537914276123e-01,1.823821514844894409e-01,2.107852458953857422e+00,9.163473248481750488e-01,-9.933668375015258789e-01,9.224947094917297363e-01,-4.868741035461425781e-01,1.129506945610046387e+00,-3.398793637752532959e-01,4.756178259849548340e-01,3.113494813442230225e-01,-2.137227773666381836e+00,-1.715857863426208496e+00,1.370144724845886230e+00,3.559437692165374756e-01,4.784044623374938965e-01,-2.917270362377166748e-01,-5.175556540489196777e-01,-1.953835189342498779e-01,-1.192827463150024414e+00,-6.235538721084594727e-01,7.447408437728881836e-01,1.554253399372100830e-01,5.440993905067443848e-01,-1.877004742622375488e+00,-3.408896327018737793e-01,1.197836995124816895e+00,-1.643776744604110718e-01,3.832576870918273926e-01,1.003004550933837891e+00,7.411389946937561035e-01,3.602427542209625244e-01,-7.922054082155227661e-02,-1.499867439270019531e-01,7.163284718990325928e-02,3.210126608610153198e-02,-5.558500885963439941e-01,-7.941208481788635254e-01,-1.341135621070861816e+00,-1.625360488891601562e+00,-1.990895122289657593e-01,6.292369961738586426e-01,1.374265074729919434e+00,3.001221641898155212e-02,5.323451161384582520e-01,1.801623940467834473e+00,-1.116038918495178223e+00,4.072547256946563721e-01,-1.617495894432067871e+00,1.796832680702209473e+00,-2.088982105255126953e+00,5.338143110275268555e-01,5.094552412629127502e-02,-5.601291060447692871e-01,-3.412390947341918945e-01,-1.702602982521057129e+00,-1.327643752098083496e+00,1.919793784618377686e-01,-1.563664793968200684e+00,7.632654309272766113e-01,-5.630595088005065918e-01,1.827409565448760986e-01,1.132404565811157227e+00,1.413857936859130859e+00,9.350381493568420410e-01,2.594610452651977539e-01,-1.276525020599365234e+00,-3.354755938053131104e-01,-5.725101828575134277e-01,5.401652455329895020e-01,1.096428036689758301e+00,-1.710193276405334473e+00,-1.138319969177246094e+00,-1.238165259361267090e+00,3.028955459594726562e-01,3.233575075864791870e-02,-1.351261883974075317e-01,2.576702833175659180e-01,-1.105928540229797363e+00,-1.740523576736450195e-01,-5.750842094421386719e-01,1.555937647819519043e+00,1.632610201835632324e+00,1.810752868652343750e+00,-4.014364182949066162e-01,-1.424596071243286133e+00,-1.870879530906677246e+00,-1.775868535041809082e+00,-5.918546915054321289e-01,-2.322856932878494263e-01,-3.325168192386627197e-01,-1.278373241424560547e+00,1.342065930366516113e+00,-5.929487347602844238e-01,2.088381767272949219e+00,-2.131254434585571289e+00,1.468537449836730957e+00,1.420828461647033691e+00,1.684678196907043457e+00,1.807032465934753418e+00
7.689710855484008789e-01,1.272668957710266113e+00,-5.430272817611694336e-01,-1.043962359428405762e+00,-3.181120157241821289e-01,-9.913703203201293945e-01,1.511132836341857910e+00,5.257641524076461792e-02,5.979032516479492188e-01,3.014222145080566406e+00,-5.274358391761779785e-01,9.951463341712951660e-01,-9.075078368186950684e-01,1.096873581409454346e-01,3.917713761329650879e-01,9.238808602094650269e-02,1.421450972557067871e+00,-2.568840384483337402e-01,1.837986260652542114e-01,-8.003204464912414551e-01,-4.352375268936157227e-01,6.669043898582458496e-01,9.630667567253112793e-01,7.960343360900878906e-01,2.387269735336303711e-01,6.951088905334472656e-01,9.391817450523376465e-01,-5.239302515983581543e-01,-6.892660856246948242e-01,1.865383535623550415e-01,-6.604059338569641113e-01,-1.593360304832458496e+00,7.762864828109741211e-01,7.220428586006164551e-01,-6.081054806709289551e-01,-1.469294309616088867e+00,-9.813166856765747070e-01,1.567628383636474609e-01,-1.158266440033912659e-01,-1.063051462173461914e+00,1.017954945564270020e+00,-1.937173157930374146e-01,4.365718662738800049e-01,-5.582658648490905762e-01,-3.140938580036163330e-01,1.275474905967712402e+00,-1.358606696128845215e+00,3.822061717510223389e-01,6.124547719955444336e-01,-1.525760889053344727e+00,2.064062356948852539e+00,3.742228746414184570e-01,-5.425003170967102051e-02,1.655450463294982910e-01,-1.613869071006774902e-01,-6.627989411354064941e-01,2.020243883132934570e+00,7.300446927547454834e-02,-1.063263654708862305e+00,7.575281858444213867e-01,1.981042981147766113e+00,-6.610659360885620117e-01,2.898766040802001953e+00,-2.131552547216415405e-01,6.347553133964538574e-01,6.351217627525329590e-01,1.159985065460205078e+00,9.086331352591514587e-03,8.346606045961380005e-02,1.464283019304275513e-01,-1.104930162429809570e+00,-1.307707071304321289e+00,6.968052983283996582e-01,-3.356710076332092285e-01,-1.307284981012344360e-01,-8.743268251419067383e-01,5.410380959510803223e-01,1.721965521574020386e-01,1.870589494705200195e+00,-7.445557117462158203e-01,-8.434224724769592285e-01,-3.353018164634704590e-01,-1.611519306898117065e-01,-1.095486402511596680e+00,2.321564406156539917e-01,1.349882841110229492e+00,-1.836705952882766724e-01,9.828513264656066895e-01,-5.581688135862350464e-02,-1.164643540978431702e-01,-3.002739548683166504e-01,-1.225562930107116699e+00,-1.895239353179931641e+00,-3.961295485496520996e-01,-9.601141810417175293e-01,2.953226566314697266e-01,-8.819891810417175293e-01,4.324480891227722168e-01,7.008430957794189453e-01,5.551498532295227051e-01
-8.316693902015686035e-01,-6.285588145256042480e-01,8.104678392410278320e-01,-1.080630064010620117e+00,-1.603118419647216797e+00,8.341363072395324707e-01,8.835763335227966309e-01,4.027027636766433716e-02,-3.657994568347930908e-01,3.273693323135375977e-01,1.396869570016860962e-01,7.844492197036743164e-01,-1.678367108106613159e-01,1.283537387847900391e+00,-7.586408853530883789e-01,-1.663025498390197754e+00,-1.275099158287048340e+00,-2.801288664340972900e-02,1.589360833168029785e+00,2.466161996126174927e-01,-1.517325997352600098e+00,-1.276075005531311035e+00,3.132743239402770996e-01,-7.214816212654113770e-01,-1.920140348374843597e-02,-1.145927190780639648e+00,-1.409978508949279785e+00,-1.925800591707229614e-01,-3.192984759807586670e-01,8.680509924888610840e-01,4.481402039527893066e-01,1.633978962898254395e+00,6.784024238586425781e-01,4.883811175823211670e-01,-1.292905330657958984e+00,5.501704812049865723e-01,-3.400749564170837402e-01,7.451166510581970215e-01,-2.840076923370361328e+00,1.255146861076354980e+00,-7.891913652420043945e-01,4.020907878875732422e-01,-9.373607635498046875e-01,9.930894970893859863e-01,8.269433379173278809e-01,4.914204180240631104e-01,4.620756208896636963e-01,-8.007990568876266479e-02,-8.596140146255493164e-01,-2.750561833381652832e-01,-6.417297720909118652e-01,7.922767400741577148e-01,-1.308819770812988281e+00,2.792834639549255371e-01,7.309138774871826172e-01,-5.015342235565185547e-01,4.640936255455017090e-01,1.037003993988037109e+00,-7.131722569465637207e-01,-2.671335041522979736e-01,3.609657287597656250e-01,-1.987200736999511719e+00,-1.760937571525573730e+00,-8.300326466560363770e-01,-2.572712421417236328e+00,2.998417019844055176e-01,2.662780880928039551e-01,-8.603761345148086548e-02,1.535777449607849121e+00,9.261044263839721680e-01,-8.316361308097839355e-01,-9.887441992759704590e-01,4.214401841163635254e-01,-3.373745977878570557e-01,-2.043482661247253418e-01,1.925386935472488403e-01,-6.361167430877685547e-01,1.299274444580078125e+00,-1.694233536720275879e+00,8.757029660046100616e-03,1.240548253059387207e+00,-8.833308815956115723e-01,5.256114006042480469e-01,6.247321963310241699e-01,-9.013929367065429688e-01,-9.151888489723205566e-01,-5.659151822328567505e-02,3.647188842296600342e-01,-6.519821286201477051e-01,8.624002337455749512e-01,-4.598346948623657227e-01,5.549771785736083984e-01,1.728483676910400391e+00,5.336299538612365723e-01,-1.222240328788757324e+00,-5.373545736074447632e-02,-1.286436766386032104e-01,-1.450856208801269531e+00,-1.381368994712829590e+00,5.741710066795349121e-01
-3.166685700416564941e-01,-9.204126894474029541e-03,-1.082521438598632812e+00,5.854409933090209961e-01,5.559332966804504395e-01,-5.237370729446411133e-01,1.583594679832458496e-01,1.103830695152282715e+00,-1.621870875358581543e+00,-6.696745753288269043e-01,-1.729717701673507690e-01,8.555507659912109375e-01,-7.445631623268127441e-01,-7.641823887825012207e-01,9.707517921924591064e-03,-7.860249876976013184e-01,-7.744565606117248535e-01,-1.941849350929260254e+00,6.888317465782165527e-01,-2.973619997501373291e-01,-1.364647388458251953e+00,-5.162686705589294434e-01,-1.539148926734924316e+00,5.932970643043518066e-01,-4.684582948684692383e-01,-4.468742609024047852e-01,5.120618343353271484e-01,1.479561477899551392e-01,-5.540547966957092285e-01,1.197255253791809082e+00,3.227783441543579102e-01,9.449559450149536133e-01,4.011999964714050293e-01,9.200929403305053711e-01,3.705654442310333252e-01,-8.238113522529602051e-01,-2.291472196578979492e+00,8.468745350837707520e-01,7.471839189529418945e-01,-2.216446995735168457e-01,-3.827869147062301636e-02,-9.486080408096313477e-01,6.044846177101135254e-01,5.511611700057983398e-02,1.161130666732788086e+00,-1.265285372734069824e+00,-8.775157332420349121e-01,-4.623206257820129395e-01,-8.813050985336303711e-01,4.221749603748321533e-01,-2.046761512756347656e+00,-1.363587081432342529e-01,1.866900086402893066e+00,-9.770739078521728516e-01,-3.508858084678649902e-01,-1.023440361022949219e+00,-6.988419294357299805e-01,-1.492925643920898438e+00,5.841552615165710449e-01,4.733244478702545166e-01,-3.123739957809448242e-01,2.347666501998901367e+00,1.083303332328796387e+00,-4.780544638633728027e-01,-4.686309099197387695e-01,3.357817232608795166e-01,1.104771494865417480e+00,6.628882884979248047e-01,-8.762277960777282715e-01,1.913391984999179840e-02,-6.118169426918029785e-02,-1.651527047157287598e+00,6.814143657684326172e-01,-4.535667598247528076e-01,-1.677551627159118652e+00,9.562508463859558105e-01,-3.117319107055664062e+00,5.977681875228881836e-01,1.609508872032165527e+00,8.825270086526870728e-02,1.033224105834960938e+00,3.318980634212493896e-01,2.285653352737426758e+00,-4.508108831942081451e-03,-3.479351401329040527e-01,2.710767686367034912e-01,1.595421791076660156e+00,-2.131376266479492188e+00,-1.465693831443786621e+00,4.751415252685546875e-01,-4.377967119216918945e-01,-1.439775228500366211e+00,-8.670339584350585938e-01,-3.470270335674285889e-02,1.512827992439270020e+00,-1.061174646019935608e-01,1.207381129264831543e+00,1.682780623435974121e+00,-3.367891609668731689e-01,1.649278849363327026e-01
-5.246950984001159668e-01,1.042579561471939087e-01,-8.852926492691040039e-01,-2.160189747810363770e-01,9.265868067741394043e-01,-9.548419713973999023e-01,-1.372515201568603516e+00,9.978106617927551270e-01,-4.700342118740081787e-01,-1.827633529901504517e-01,9.155991077423095703e-01,-9.091411232948303223e-01,2.464602291584014893e-01,7.372204065322875977e-01,2.084646224975585938e+00,-4.393861889839172363e-01,1.081836223602294922e+00,3.751951754093170166e-01,-1.963499546051025391e+00,1.717450737953186035e+00,5.679395198822021484e-01,1.398003250360488892e-01,1.013746142387390137e+00,-6.698256731033325195e-01,6.607221812009811401e-02,9.330217540264129639e-02,9.102502465248107910e-01,5.897198915481567383e-01,1.007266163825988770e+00,-3.104630112648010254e-01,-1.247826576232910156e+00,2.616692185401916504e-01,7.284199595451354980e-01,-1.157849311828613281e+00,1.800748348236083984e+00,-8.520632982254028320e-01,1.999541819095611572e-01,-1.337612509727478027e+00,-9.296353459358215332e-01,5.999983549118041992e-01,1.097933128476142883e-01,-5.760548114776611328e-01,1.195520281791687012e+00,-1.292165368795394897e-01,1.390935063362121582e+00,-7.255454659461975098e-01,1.754827201366424561e-01,8.766206502914428711e-01,2.781231701374053955e-01,6.324201226234436035e-01,4.871213808655738831e-02,4.878226816654205322e-01,2.915432490408420563e-02,8.853957653045654297e-01,-4.906498193740844727e-01,-5.690502524375915527e-01,8.740535378456115723e-01,7.876027226448059082e-01,-1.092642918229103088e-01,-1.158035993576049805e+00,-1.268915086984634399e-01,1.300481200218200684e+00,2.105702161788940430e+00,-1.003789544105529785e+00,-5.887031555175781250e-01,7.525473833084106445e-01,-1.624744892120361328e+00,8.510583043098449707e-01,-1.312951557338237762e-03,8.052006363868713379e-03,-1.020462870597839355e+00,6.468698382377624512e-01,2.204599618911743164e+00,1.602842807769775391e+00,1.278095364570617676e+00,1.765958666801452637e-01,2.740036845207214355e-01,3.739919364452362061e-01,6.502844095230102539e-01,-1.382834434509277344e+00,-2.477184385061264038e-01,1.561148285865783691e+00,8.695793151855468750e-02,8.280655741691589355e-01,8.681989908218383789e-01,8.609195947647094727e-01,-6.892366409301757812e-01,-2.879183292388916016e-01,-6.045481562614440918e-02,-1.026709318161010742e+00,2.671450078487396240e-01,-5.201486349105834961e-01,-4.629853665828704834e-01,2.161720097064971924e-01,8.673477172851562500e-01,1.761103153228759766e+00,-1.223840489983558655e-01,4.565391242504119873e-01,-1.727709025144577026e-01,7.783430218696594238e-01
5.078499317169189453e-01,1.053438782691955566e+00,-1.979442119598388672e+00,-8.549558520317077637e-01,5.650237798690795898e-01,1.928464055061340332e+00,-1.282017111778259277e+00,7.080841064453125000e-01,-2.761329114437103271e-01,1.495422005653381348e+00,1.424088001251220703e+00,-5.890169739723205566e-01,-3.587464094161987305e-01,1.808946579694747925e-01,-3.479077517986297607e-01,3.054495751857757568e-01,1.355813980102539062e+00,-1.058618783950805664e+00,1.253438711166381836e+00,3.912064433097839355e-01,9.115348458290100098e-01,7.689716815948486328e-01,9.861021041870117188e-01,9.058707207441329956e-02,-4.978897571563720703e-01,-6.022434234619140625e-01,-5.986183285713195801e-01,-1.383052229881286621e+00,8.783727288246154785e-01,4.621178507804870605e-01,-1.255078911781311035e+00,-1.308499217033386230e+00,-1.080089569091796875e+00,-2.753987163305282593e-02,-2.754984609782695770e-02,8.419645428657531738e-01,9.978108406066894531e-01,2.330652624368667603e-01,-4.504765383899211884e-04,-1.136156678199768066e+00,-6.443374752998352051e-01,1.220637485384941101e-01,1.309293150901794434e+00,9.089356064796447754e-01,3.022283017635345459e-01,-5.948809981346130371e-01,9.074757695198059082e-01,-1.031001567840576172e+00,-7.284283638000488281e-01,-5.118336994200944901e-03,2.102831840515136719e+00,3.543542027473449707e-01,-3.755011856555938721e-01,2.589993953704833984e+00,-1.224732875823974609e+00,1.624312758445739746e+00,-5.757868885993957520e-01,7.447255253791809082e-01,9.690424799919128418e-01,1.314397931098937988e+00,-5.568686723709106445e-01,-1.352700233459472656e+00,1.073732018470764160e+00,1.418384462594985962e-01,-9.756442308425903320e-01,5.529387593269348145e-01,-3.870586398988962173e-03,1.669026762247085571e-01,-2.313123941421508789e-01,1.601595163345336914e+00,-7.947480678558349609e-02,1.438549637794494629e+00,7.066848278045654297e-01,-2.724989354610443115e-01,-4.119736701250076294e-02,2.165052890777587891e-01,-4.201176166534423828e-01,3.793287277221679688e-02,3.995338380336761475e-01,-2.317817658185958862e-01,1.907551765441894531e+00,-6.577348113059997559e-01,1.283490538597106934e+00,-5.388567447662353516e-01,4.962835013866424561e-01,-1.081813052296638489e-01,-2.140353173017501831e-01,7.879968732595443726e-02,8.588601648807525635e-02,1.043988347053527832e+00,2.561676502227783203e-01,-7.538567483425140381e-02,3.386196792125701904e-01,8.939390182495117188e-01,-1.254432201385498047e+00,6.676205992698669434e-01,-1.095928788185119629e+00,-2.156780958175659180e-01,3.192976117134094238e-01,4.451162740588188171e-02
1.233051538467407227e+00,-8.227411508560180664e-01,-1.073207020759582520e+00,1.465034842491149902e+00,-1.054754734039306641e+00,6.820281744003295898e-01,-1.363783359527587891e+00,-4.834179878234863281e-01,4.584612250328063965e-01,6.390958428382873535e-01,1.393399983644485474e-01,2.276265859603881836e+00,3.556965887546539307e-01,-7.926743626594543457e-01,-5.275935530662536621e-01,-3.010602593421936035e-01,5.585988759994506836e-01,8.490723371505737305e-01,9.919916093349456787e-02,4.334394931793212891e-01,-5.087726116180419922e-01,1.017423272132873535e+00,-1.052884101867675781e+00,4.823503196239471436e-01,9.264197945594787598e-01,6.576108187437057495e-02,1.077994585037231445e+00,-2.194123268127441406e-01,-7.841654419898986816e-01,-1.070198535919189453e+00,-5.659176111221313477e-01,-1.133785396814346313e-01,-5.866866111755371094e-01,-8.053976297378540039e-01,6.755560040473937988e-01,8.189013600349426270e-01,-1.032599806785583496e+00,5.101833939552307129e-01,-3.407675623893737793e-01,7.158139348030090332e-01,8.650380373001098633e-02,1.702899038791656494e-01,-1.508570909500122070e-01,1.300946772098541260e-01,-1.426853060722351074e+00,9.978076219558715820e-01,4.454660415649414062e-02,-1.528504729270935059e+00,-3.559242486953735352e-01,-1.395937323570251465e+00,1.597840309143066406e+00,1.223921060562133789e+00,-1.080675244331359863e+00,5.840153694152832031e-01,1.096966028213500977e+00,1.092499852180480957e+00,1.077427044510841370e-01,-3.810904175043106079e-02,2.689378023147583008e+00,2.216600775718688965e-01,4.486589729785919189e-01,1.075286746025085449e+00,-7.701593637466430664e-02,1.613896131515502930e+00,-1.828754901885986328e+00,2.339484840631484985e-01,-2.980493307113647461e+00,-3.280182480812072754e-01,-1.706276416778564453e+00,-6.024004220962524414e-01,-1.248615160584449768e-01,8.225318193435668945e-01,-1.399728059768676758e+00,2.010346174240112305e+00,-5.857899188995361328e-01,-1.732837915420532227e+00,9.045724868774414062e-01,-1.047244548797607422e+00,-1.008051872253417969e+00,-1.843253254890441895e+00,-7.768931388854980469e-01,-7.946814298629760742e-01,2.649199247360229492e+00,6.747285127639770508e-01,1.326596617698669434e+00,-1.622419476509094238e+00,-7.796566486358642578e-01,4.259136915206909180e-01,1.308427214622497559e+00,2.540567636489868164e+00,1.763213574886322021e-01,1.967785954475402832e+00,1.276344180107116699e+00,-1.038252234458923340e+00,-6.964926719665527344e-01,-2.864676117897033691e-01,-8.526163697242736816e-01,3.165705502033233643e-01,-5.583052337169647217e-02,5.661092400550842285e-01
8.444203734397888184e-01,7.120909094810485840e-01,1.325281262397766113e+00,-1.107974257320165634e-02,-9.544049203395843506e-02,4.368121623992919922e-01,4.938108325004577637e-01,1.295019626617431641e+00,2.298114776611328125e+00,-4.344007074832916260e-01,-2.905817702412605286e-03,-7.723293304443359375e-01,1.194546818733215332e+00,-6.919094324111938477e-01,-1.152060747146606445e+00,1.846716880798339844e+00,5.170832276344299316e-01,8.240044713020324707e-01,-1.285403847694396973e+00,1.010901480913162231e-01,1.709851384162902832e+00,8.006821274757385254e-01,5.716070532798767090e-01,4.059551656246185303e-01,9.308462142944335938e-01,-6.056898236274719238e-01,9.023436307907104492e-01,1.143475413322448730e+00,-1.746974706649780273e+00,-1.037832140922546387e+00,7.941826432943344116e-02,2.201866388320922852e+00,1.881214976310729980e-01,5.869187712669372559e-01,5.418733358383178711e-01,2.718121111392974854e-01,-7.462468147277832031e-01,-6.655774712562561035e-01,2.136651426553726196e-01,-1.888031139969825745e-02,1.372390747070312500e+00,1.276339054107666016e+00,-9.530121088027954102e-02,-5.681254267692565918e-01,-3.475373387336730957e-01,2.619305551052093506e-01,-1.566864252090454102e-01,5.581408739089965820e-01,1.393917798995971680e+00,2.425804883241653442e-01,2.498160600662231445e-01,2.891796529293060303e-01,-1.664501190185546875e+00,-4.175551235675811768e-01,-1.714670419692993164e+00,-2.320518493652343750e-01,8.913410902023315430e-01,-1.677827715873718262e+00,-8.006187677383422852e-01,-3.818947374820709229e-01,2.116023302078247070e-01,2.162748873233795166e-01,2.362368851900100708e-01,1.328911632299423218e-01,-8.951195329427719116e-02,1.845443129539489746e+00,2.966313064098358154e-01,-3.659586310386657715e-01,-5.599277615547180176e-01,1.567008256912231445e+00,9.272711277008056641e-01,7.426536828279495239e-02,3.605094552040100098e-02,-7.052510380744934082e-01,-5.471113920211791992e-01,-1.942279458045959473e+00,8.424155712127685547e-01,-1.589672803878784180e+00,-1.037000119686126709e-01,1.565361499786376953e+00,9.999459385871887207e-01,1.859738826751708984e+00,-1.644474267959594727e+00,-1.248150110244750977e+00,1.035672426223754883e-01,1.567614436149597168e+00,6.624273061752319336e-01,1.829497456550598145e+00,-1.089917898178100586e+00,-5.139004588127136230e-01,6.571973562240600586e-01,7.053285837173461914e-02,-6.841165423393249512e-01,-3.732058703899383545e-01,-8.002140522003173828e-01,-1.890056848526000977e+00,-1.198155403137207031e+00,-1.409125208854675293e+00,1.444035172462463379e-01,-1.150686740875244141e+00
4.341050982475280762e-01,6.178118586540222168e-01,4.138292074203491211e-01,1.678598880767822266e+00,-6.479007005691528320e-01,-5.566963553428649902e-01,-6.879449635744094849e-02,1.181388497352600098e+00,-1.036919593811035156e+00,-2.979096956551074982e-03,-8.050059527158737183e-02,-2.016720026731491089e-01,-3.314051330089569092e-01,-1.118739366531372070e+00,7.008775472640991211e-01,3.762764334678649902e-01,1.102466821670532227e+00,1.604776144027709961e+00,-2.401479721069335938e+00,7.313578724861145020e-01,4.079221189022064209e-02,-1.732977151870727539e+00,-1.328079581260681152e+00,-1.909816265106201172e-01,-4.845397174358367920e-01,7.252134680747985840e-01,1.236038684844970703e+00,2.166686803102493286e-01,-1.104980826377868652e+00,-3.657299280166625977e-01,1.112556457519531250e+00,1.787426471710205078e+00,-6.282151937484741211e-01,-1.073668241500854492e+00,-1.267676711082458496e+00,-3.412303328514099121e-02,-2.483717679977416992e+00,-1.163859814405441284e-01,7.311812043190002441e-01,-2.116753011941909790e-01,4.866714477539062500e-01,3.641089797019958496e-01,7.509765625000000000e-01,-3.682293891906738281e-01,-1.008888721466064453e+00,-4.617188870906829834e-01,3.214721381664276123e-01,-5.998297929763793945e-01,-9.299288988113403320e-01,-1.378916621208190918e+00,-8.009528517723083496e-01,-1.376536488533020020e+00,-9.978991001844406128e-02,-1.223301649093627930e+00,2.601249814033508301e-01,-9.774087071418762207e-01,7.296284437179565430e-01,-3.613370060920715332e-01,1.543014764785766602e+00,1.429790165275335312e-02,-3.924886882305145264e-01,2.386331856250762939e-01,-3.707971572875976562e-01,1.126502752304077148e+00,-2.392758876085281372e-01,2.927510440349578857e-01,8.268864750862121582e-01,2.262792140245437622e-01,-5.607003569602966309e-01,3.046911582350730896e-02,-9.211151599884033203e-01,-9.393911063671112061e-02,1.689572453498840332e+00,2.287128418684005737e-01,-9.328361749649047852e-01,5.747132301330566406e-01,-8.601669222116470337e-03,7.376360893249511719e-01,-2.929929494857788086e-01,1.892889380455017090e+00,-1.254017233848571777e+00,-6.868783831596374512e-01,2.470590025186538696e-01,3.148032128810882568e-01,8.030973672866821289e-01,-2.283319532871246338e-01,-1.281171560287475586e+00,-7.054654955863952637e-01,-2.631837427616119385e-01,8.345875144004821777e-01,8.711069822311401367e-01,1.949901282787322998e-01,-5.176107883453369141e-01,1.707006812095642090e+00,-5.762999653816223145e-01,-3.512919843196868896e-01,-1.242579102516174316e+00,4.191262722015380859e-01,-6.936313509941101074e-01,3.382201492786407471e-01
3.584340214729309082e-01,2.797020971775054932e-01,-4.554409533739089966e-03,6.655991673469543457e-01,1.043556451797485352e+00,7.654491066932678223e-01,-6.375432610511779785e-01,-8.079711794853210449e-01,-4.509931802749633789e-01,4.356946051120758057e-01,-9.575294852256774902e-01,-5.967079997062683105e-01,-1.617441177368164062e+00,-1.333862781524658203e+00,-8.639817237854003906e-01,-6.575355529785156250e-01,-9.692626595497131348e-01,8.309415578842163086e-01,6.026487946510314941e-01,1.745618820190429688e+00,1.238799571990966797e+00,-1.810243248939514160e+00,8.162022382020950317e-02,-8.690108060836791992e-01,-6.401178240776062012e-01,-9.519982933998107910e-01,-3.621095120906829834e-01,1.985735654830932617e+00,-1.854771018028259277e+00,-4.053765833377838135e-01,5.500499010086059570e-01,4.715180993080139160e-01,-2.268155813217163086e+00,2.617871165275573730e-01,-7.715270519256591797e-01,-6.674346327781677246e-01,4.067126512527465820e-01,-1.060729384422302246e+00,-1.223181843757629395e+00,-9.012611508369445801e-01,-5.771061182022094727e-01,-9.239239618182182312e-03,3.325222432613372803e-01,-1.493858993053436279e-01,-1.367485046386718750e+00,-1.262653946876525879e+00,-1.723338812589645386e-01,-9.703888893127441406e-01,-1.286782920360565186e-01,8.965960741043090820e-01,1.155499100685119629e+00,-6.409881114959716797e-01,-6.347395777702331543e-01,-9.148190617561340332e-01,-5.305564999580383301e-01,-8.161624670028686523e-01,1.060609817504882812e+00,-7.317126989364624023e-01,2.636220753192901611e-01,-3.855426907539367676e-01,9.940062761306762695e-01,3.288035690784454346e-01,-1.016871333122253418e+00,-5.007928609848022461e-01,1.132109284400939941e+00,1.652688264846801758e+00,-1.072976469993591309e+00,1.063452124595642090e+00,-1.684341192245483398e+00,-1.327170968055725098e+00,1.254538178443908691e+00,-9.714100360870361328e-01,-1.100814580917358398e+00,5.236230790615081787e-02,2.268229007720947266e+00,-1.338124752044677734e+00,-3.445275425910949707e-01,5.914476513862609863e-01,1.265262842178344727e+00,-1.865389943122863770e+00,-5.043241977691650391e-01,-5.454658865928649902e-01,-2.054933786392211914e+00,1.837287783622741699e+00,6.194764375686645508e-01,2.479405105113983154e-01,1.623672962188720703e+00,1.247798085212707520e+00,5.298566073179244995e-03,6.170309185981750488e-01,-9.968934655189514160e-01,-1.104739069938659668e+00,-3.207666575908660889e-01,-8.602916002273559570e-01,-2.238197624683380127e-02,-8.858632445335388184e-01,1.030532717704772949e+00,9.074424952268600464e-02,-2.113887071609497070e+00,2.041625790297985077e-03
-2.444342851638793945e+00,-2.523273825645446777e-01,1.290015220642089844e+00,-1.157324910163879395e-01,5.661543011665344238e-01,7.548050880432128906e-01,3.023205995559692383e-01,-1.015404537320137024e-01,-1.119177103042602539e+00,-5.091225504875183105e-01,-1.297547340393066406e+00,8.852859139442443848e-01,-7.695865631103515625e-01,8.014702200889587402e-01,-5.755309462547302246e-01,1.482120901346206665e-01,5.532308220863342285e-01,-6.831434369087219238e-01,4.567076563835144043e-01,-1.376647949218750000e+00,-1.018820643424987793e+00,8.950384259223937988e-01,2.875153124332427979e-01,1.449848175048828125e+00,3.755898177623748779e-01,7.096479535102844238e-01,5.926911830902099609e-01,1.850533008575439453e+00,1.209663391113281250e+00,-2.892971038818359375e-01,7.161385416984558105e-01,-1.688135862350463867e+00,4.442325234413146973e-01,1.266196489334106445e+00,-6.235085725784301758e-01,8.224048614501953125e-01,8.120788931846618652e-01,3.069021999835968018e-01,-7.575674653053283691e-01,-5.217649936676025391e-01,1.110290646553039551e+00,2.066171765327453613e-01,2.198950052261352539e-01,-9.218276143074035645e-01,8.092802166938781738e-01,-1.309351801872253418e+00,-1.648634552955627441e+00,-1.308141052722930908e-01,8.268408477306365967e-02,-1.075304001569747925e-01,2.607147693634033203e-01,-8.780180811882019043e-01,1.215980947017669678e-01,7.654868960380554199e-01,2.723283767700195312e-01,5.588820576667785645e-01,9.859576225280761719e-01,1.752231955528259277e+00,9.986606240272521973e-01,5.933512933552265167e-03,1.446086764335632324e-01,-1.762145638465881348e+00,2.494471073150634766e+00,-7.353816628456115723e-01,-1.810173630714416504e+00,-5.839165449142456055e-01,4.739459156990051270e-01,2.851006984710693359e-01,2.505020499229431152e-01,5.439245700836181641e-01,-7.897894382476806641e-01,-1.711697459220886230e+00,5.946208834648132324e-01,-6.538558006286621094e-01,3.440806865692138672e-01,5.782806277275085449e-01,1.625479012727737427e-01,-6.534162759780883789e-01,-3.825220465660095215e-01,2.374233454465866089e-01,-1.399139463901519775e-01,-3.676095902919769287e-01,1.195338726043701172e+00,1.921136856079101562e+00,5.549779534339904785e-01,5.105117708444595337e-02,-5.026651024818420410e-01,-1.008981943130493164e+00,1.721797108650207520e+00,8.133251070976257324e-01,1.539537608623504639e-01,-5.030018687248229980e-01,1.375399947166442871e+00,4.831848293542861938e-02,-2.236888557672500610e-01,1.572567105293273926e+00,-3.096307218074798584e-01,-1.649348020553588867e+00,3.526011407375335693e-01,-1.178653478622436523e+00
9.981833696365356445e-01,-4.307850822806358337e-02,-3.785871267318725586e-01,6.119729876518249512e-01,8.188144564628601074e-01,1.768958270549774170e-01,-4.002224504947662354e-01,-2.316459894180297852e+00,9.333826899528503418e-01,7.722088098526000977e-01,8.050611019134521484e-01,5.519293621182441711e-02,-9.359897673130035400e-02,1.945885568857192993e-01,-6.343652606010437012e-01,9.385996460914611816e-01,-7.376981377601623535e-01,6.149015426635742188e-01,-6.100779175758361816e-01,-9.300972223281860352e-01,-4.805605709552764893e-01,1.038221120834350586e+00,-1.060014367103576660e+00,-5.450806617736816406e-01,8.011593818664550781e-01,-2.826027572154998779e-02,1.654656231403350830e-01,7.898520827293395996e-01,-1.913422465324401855e+00,3.971769660711288452e-02,-7.856488227844238281e-01,-1.881462335586547852e-02,-8.882345259189605713e-02,-5.850937962532043457e-01,3.201362192630767822e-01,-1.594817519187927246e+00,9.034314155578613281e-01,-7.235339283943176270e-01,1.102191805839538574e-01,2.918280959129333496e-01,6.935876607894897461e-01,1.618112802505493164e+00,3.170560598373413086e-01,1.397661089897155762e+00,-1.071598887443542480e+00,1.093104004859924316e+00,-1.506154298782348633e+00,-1.706862092018127441e+00,-4.642821848392486572e-01,2.103856392204761505e-02,-9.057447314262390137e-02,9.740625023841857910e-01,3.969991505146026611e-01,1.148822307586669922e+00,1.067419886589050293e+00,-4.018580913543701172e-01,3.306941092014312744e-01,1.272793859243392944e-01,8.872640728950500488e-01,-1.250915288925170898e+00,2.592571675777435303e-01,-2.723925709724426270e-01,2.482672929763793945e-01,1.363204836845397949e+00,-8.170796185731887817e-02,5.891478657722473145e-01,-1.713909506797790527e-01,8.004569262266159058e-02,7.545853257179260254e-01,1.358979940414428711e-01,-1.489994764328002930e+00,-5.195553302764892578e-01,-8.093377947807312012e-01,1.064893484115600586e+00,9.426773190498352051e-01,2.206583768129348755e-01,1.122952103614807129e+00,-3.422773480415344238e-01,2.462337315082550049e-01,6.044151186943054199e-01,4.100718498229980469e-01,-7.214293479919433594e-01,-4.677014946937561035e-01,-1.502660661935806274e-01,1.371608853340148926e+00,4.333252906799316406e-01,3.723967373371124268e-01,7.335035204887390137e-01,7.467901110649108887e-01,-5.676470398902893066e-01,-8.112792372703552246e-01,-7.635620236396789551e-01,-2.211292028427124023e+00,3.067182004451751709e-01,-6.584870070219039917e-02,1.058315560221672058e-01,-9.595109820365905762e-01,7.320582866668701172e-01,-8.343492746353149414e-01,-2.027560472488403320e-01
-4.339572489261627197e-01,3.778773844242095947e-01,2.485708892345428467e-01,1.842819809913635254e+00,-1.040952652692794800e-01,-9.376420378684997559e-01,-2.173556685447692871e-01,-1.936151385307312012e-01,-2.270045578479766846e-01,1.382373869419097900e-01,-2.098480761051177979e-01,-6.861304640769958496e-01,-1.583795189857482910e+00,-3.609509468078613281e-01,-8.579237461090087891e-01,2.760280072689056396e-01,6.912726163864135742e-01,-7.574498653411865234e-02,-1.059444621205329895e-01,1.495345950126647949e+00,2.842677235603332520e-01,-1.926939249038696289e+00,3.203985989093780518e-01,4.502468556165695190e-02,2.501404523849487305e+00,1.966752260923385620e-01,3.641887307167053223e-01,2.295287325978279114e-02,-4.419322609901428223e-01,-5.367673039436340332e-01,6.344894170761108398e-01,7.593496441841125488e-01,-3.831713497638702393e-01,-8.897022008895874023e-01,1.621022582054138184e+00,-4.784545302391052246e-01,4.299378991127014160e-01,5.197742953896522522e-02,-2.957887649536132812e-01,-8.071265816688537598e-01,-1.822311282157897949e-01,2.237918972969055176e-01,-1.444848179817199707e+00,8.117839097976684570e-01,-5.725798755884170532e-02,-1.024075388908386230e+00,-5.648539215326309204e-02,-1.149921655654907227e+00,-5.329455137252807617e-01,-1.017914190888404846e-01,3.830576837062835693e-01,2.329979836940765381e-02,8.093319535255432129e-01,-2.962014675140380859e-01,6.298663467168807983e-02,4.613523185253143311e-01,-8.704324811697006226e-02,8.631435632705688477e-01,2.095151185989379883e+00,-1.391875505447387695e+00,-3.058994114398956299e-01,-1.656265556812286377e-01,5.476142168045043945e-01,4.159136489033699036e-02,-1.976182311773300171e-01,5.915668606758117676e-01,1.839847564697265625e+00,5.684697031974792480e-01,6.943582892417907715e-01,-4.543927013874053955e-01,2.394291609525680542e-01,3.561095893383026123e-01,2.190754890441894531e+00,1.676489233970642090e+00,3.171943664550781250e+00,-2.914695143699645996e-01,7.166210412979125977e-01,-2.568613924086093903e-02,-6.335509419441223145e-01,1.208306908607482910e+00,-6.179643273353576660e-01,-1.227814435958862305e+00,2.301005363464355469e+00,-1.627213507890701294e-01,1.197585821151733398e+00,-3.416854441165924072e-01,-5.366904735565185547e-01,-8.907996416091918945e-01,-6.041505336761474609e-01,6.499155163764953613e-01,-1.022476673126220703e+00,-7.760961651802062988e-01,2.793370187282562256e-01,5.866897478699684143e-02,1.409933209419250488e+00,-2.591368854045867920e-01,3.220885694026947021e-01,3.778916597366333008e-01,1.355199664831161499e-01,7.388681173324584961e-01
2.171658724546432495e-01,5.433229729533195496e-02,3.208017945289611816e-01,1.915381073951721191e+00,6.282896995544433594e-01,9.392866492271423340e-01,5.996746942400932312e-02,1.097707748413085938e+00,1.123070642352104187e-01,2.508758008480072021e-02,-1.259569764137268066e+00,4.039017856121063232e-01,-5.344184637069702148e-01,2.120220959186553955e-01,1.200719952583312988e+00,-3.733956217765808105e-01,6.408221125602722168e-01,9.117550849914550781e-01,-3.757593035697937012e-01,-5.740289092063903809e-01,5.346303582191467285e-01,-2.192946910858154297e+00,5.341693758964538574e-01,-6.378245949745178223e-01,-9.928156733512878418e-01,-5.584656000137329102e-01,-1.043295145034790039e+00,1.027930378913879395e+00,-1.705439567565917969e+00,-1.731962800025939941e+00,-6.445395946502685547e-01,7.579970359802246094e-01,1.802589893341064453e-01,1.157261967658996582e+00,-1.972188949584960938e+00,2.974938154220581055e-01,1.267640233039855957e+00,1.145291686058044434e+00,-1.398690462112426758e+00,3.857952356338500977e-01,1.101840734481811523e+00,1.362141966819763184e-01,6.148458719253540039e-01,-9.077748656272888184e-01,2.323991537094116211e+00,3.582473695278167725e-01,7.649846673011779785e-01,4.144949838519096375e-02,-2.016967236995697021e-01,-1.337930798530578613e+00,-2.331922203302383423e-01,1.776462674140930176e+00,3.117122352123260498e-01,-1.053523659706115723e+00,5.717322826385498047e-01,6.060581803321838379e-01,1.563837409019470215e+00,8.752848505973815918e-01,-5.123674273490905762e-01,1.056993961334228516e+00,-2.180825360119342804e-02,-9.549643397331237793e-01,-2.989396154880523682e-01,8.523366451263427734e-01,2.839920520782470703e-01,-1.542819857597351074e+00,-1.029205083847045898e+00,-6.054532527923583984e-01,1.491300582885742188e+00,-7.271499037742614746e-01,-2.712647020816802979e-01,1.184469699859619141e+00,-1.260210037231445312e+00,-5.496557950973510742e-01,-6.889069080352783203e-01,7.786211967468261719e-01,7.323967814445495605e-01,-2.490603178739547729e-01,-1.056880712509155273e+00,-6.601592302322387695e-01,-8.489522337913513184e-01,5.869776010513305664e-01,-8.301119506359100342e-02,4.497870504856109619e-01,1.013499021530151367e+00,-7.960885763168334961e-01,-2.182031869888305664e+00,-1.345524549484252930e+00,3.858798146247863770e-01,-8.608817458152770996e-01,-1.466281533241271973e+00,1.191627621650695801e+00,1.127572916448116302e-02,-5.644696354866027832e-01,-1.598951458930969238e+00,-3.271026015281677246e-01,-4.789929986000061035e-01,8.415991067886352539e-02,1.569326370954513550e-01,-2.057272195816040039e+00
-1.151350811123847961e-01,2.807800173759460449e-01,1.737764596939086914e+00,1.087206602096557617e+00,-4.447986185550689697e-01,4.455361068248748779e-01,-1.212814688682556152e+00,-4.723844528198242188e-01,9.887943863868713379e-01,2.335212677717208862e-01,-4.042926132678985596e-01,1.067992806434631348e+00,2.864162325859069824e-01,3.962215185165405273e-01,-1.374402165412902832e+00,-8.201471567153930664e-01,-1.426657557487487793e+00,1.474886775016784668e+00,1.140811085700988770e+00,-1.085119485855102539e+00,4.214685857295989990e-01,-8.031924962997436523e-01,1.522210121154785156e+00,1.679507851600646973e+00,2.156823873519897461e-01,6.957247257232666016e-01,-3.885588645935058594e-01,-5.667801499366760254e-01,9.226756095886230469e-01,1.744892597198486328e-01,-1.135315179824829102e+00,-2.927760183811187744e-01,-4.744288623332977295e-01,-1.045427680015563965e+00,5.125722289085388184e-01,2.242259830236434937e-01,-3.828754723072052002e-01,-8.011465892195701599e-03,-7.241075038909912109e-01,4.086837470531463623e-01,1.767932653427124023e+00,-9.365392327308654785e-01,-1.898573875427246094e+00,-1.538965582847595215e+00,1.528749942779541016e+00,5.818093419075012207e-01,-2.055539131164550781e+00,1.079851269721984863e+00,2.890827059745788574e-01,-1.209291934967041016e+00,2.085521459579467773e+00,-1.164164185523986816e+00,-6.746201515197753906e-01,5.356608033180236816e-01,6.030209660530090332e-01,-1.446000456809997559e+00,-7.255116105079650879e-01,-1.312779068946838379e+00,-1.629012823104858398e+00,-3.290055692195892334e-01,3.061485886573791504e-01,8.064096570014953613e-01,-1.677538007497787476e-01,-9.244576692581176758e-01,-1.859457641839981079e-01,2.096602022647857666e-01,1.131854891777038574e+00,-9.370714426040649414e-01,1.597832590341567993e-01,-6.908727288246154785e-01,7.168424129486083984e-01,-3.218005895614624023e-01,-4.013153612613677979e-01,1.894502043724060059e+00,-1.573023915290832520e+00,-1.175604104995727539e+00,4.875622987747192383e-01,-1.173426955938339233e-01,-1.650174856185913086e-01,9.583274722099304199e-01,-4.674343019723892212e-02,3.370404958724975586e+00,8.279526233673095703e-01,-1.442180275917053223e+00,5.077944397926330566e-01,3.498278558254241943e-01,-3.090775907039642334e-01,-8.709731698036193848e-02,-1.050840497016906738e+00,6.965091228485107422e-01,-7.433840632438659668e-01,9.849432706832885742e-01,-1.239427447319030762e+00,-7.439432740211486816e-01,1.801660954952239990e-01,-1.112715005874633789e+00,6.310160756111145020e-01,3.034833371639251709e-01,-2.679387092590332031e+00,-9.498043060302734375e-01
-6.149106472730636597e-02,1.457391738891601562e+00,5.266616344451904297e-01,1.561785578727722168e+00,9.929860830307006836e-01,-1.052330613136291504e+00,5.785710811614990234e-01,-5.802996158599853516e-01,-2.090140581130981445e-01,-4.188050627708435059e-01,-2.010622471570968628e-01,5.643362998962402344e-01,-2.127428948879241943e-01,1.805681705474853516e+00,-7.398584485054016113e-01,-1.097181439399719238e+00,2.887157499790191650e-01,-1.560781359672546387e+00,1.280644536018371582e+00,-4.821553826332092285e-01,1.011170819401741028e-01,-2.803095281124114990e-01,4.081903398036956787e-01,2.496659010648727417e-01,1.190534353256225586e+00,1.070615530014038086e+00,2.014953047037124634e-01,1.375239044427871704e-01,-3.095842599868774414e-01,2.120602130889892578e+00,-1.200390934944152832e+00,1.481789112091064453e+00,4.105215668678283691e-01,-8.862053155899047852e-01,-1.086841225624084473e+00,2.880854606628417969e-01,6.980379819869995117e-01,-3.588713705539703369e-01,-2.647070027887821198e-02,-7.418386340141296387e-01,-5.965046882629394531e-01,-7.259877324104309082e-01,1.480315804481506348e+00,3.356567621231079102e-01,-1.947331786155700684e+00,-1.061050772666931152e+00,-7.202195525169372559e-01,-4.048610031604766846e-01,1.122821331024169922e+00,-1.554020285606384277e+00,1.906886219978332520e+00,7.329818606376647949e-01,-2.668721377849578857e-01,1.882040649652481079e-01,-2.075937986373901367e-01,-1.080188393592834473e+00,-9.024016857147216797e-01,-2.317447900772094727e+00,6.228590607643127441e-01,-7.418602108955383301e-01,-9.042119979858398438e-01,-1.621741205453872681e-01,-1.492494195699691772e-01,-7.646295428276062012e-02,-7.354393601417541504e-01,7.999269962310791016e-01,1.248788475990295410e+00,-2.818768322467803955e-01,6.526696681976318359e-01,1.291285753250122070e+00,1.840986460447311401e-01,2.734717130661010742e-01,9.058969020843505859e-01,-3.934553265571594238e-01,1.959185600280761719e+00,-1.575824469327926636e-01,5.496446490287780762e-01,1.197975277900695801e+00,1.527877151966094971e-01,-8.752686977386474609e-01,2.795874834060668945e+00,-8.434487581253051758e-01,-8.949828743934631348e-01,1.463130712509155273e+00,-1.180770993232727051e+00,-7.710922956466674805e-01,-8.452617526054382324e-01,-2.540479600429534912e-01,1.766728401184082031e+00,1.954861134290695190e-01,1.729131817817687988e+00,8.758698701858520508e-01,-1.076002955436706543e+00,1.449076056480407715e+00,7.232934236526489258e-01,1.178608536720275879e-01,-3.507485389709472656e-01,2.138002395629882812e+00,-2.006843328475952148e+00,7.000594735145568848e-01
4.128597974777221680e-01,5.106297135353088379e-01,-1.892030835151672363e+00,2.299699783325195312e+00,9.734681993722915649e-02,-1.205781027674674988e-01,-9.640344232320785522e-02,-3.069209575653076172e+00,-1.463858336210250854e-01,-5.256946086883544922e-01,4.191163480281829834e-01,7.927265167236328125e-01,-3.507653474807739258e-01,2.350734710693359375e+00,4.744150936603546143e-01,-3.147673308849334717e-01,1.163978815078735352e+00,8.940145373344421387e-01,-2.012249708175659180e+00,2.718190252780914307e-01,2.464884817600250244e-01,-5.693134665489196777e-01,2.805985808372497559e-01,3.753615021705627441e-01,-1.171914577484130859e+00,9.375127553939819336e-01,6.224420666694641113e-01,-1.374186635017395020e+00,1.110234856605529785e+00,-8.173957467079162598e-01,-6.518647670745849609e-01,2.597889423370361328e+00,1.042983412742614746e+00,-3.071520030498504639e-01,-2.105170488357543945e+00,1.095834136009216309e+00,-1.597368717193603516e-01,1.718580722808837891e-01,1.089494228363037109e+00,-5.022686719894409180e-01,-2.353318452835083008e+00,3.830531537532806396e-01,-5.086721181869506836e-01,-1.089849233627319336e+00,-1.023269534111022949e+00,3.665397763252258301e-01,1.216427683830261230e-01,2.182272672653198242e+00,-1.842414289712905884e-01,1.531928539276123047e+00,8.452515602111816406e-01,3.692296743392944336e-01,-2.457334280014038086e+00,-2.666083872318267822e-01,-2.055326461791992188e+00,4.336778819561004639e-01,1.274114102125167847e-01,-1.039403200149536133e+00,-1.334059357643127441e+00,-5.462624430656433105e-01,-2.301676720380783081e-01,1.961681485176086426e+00,-1.142674326896667480e+00,-1.325136721134185791e-01,2.366834133863449097e-02,6.426144838333129883e-01,-5.689553618431091309e-01,1.247549653053283691e+00,-8.952751755714416504e-01,-1.265794783830642700e-01,7.181885242462158203e-01,3.213019669055938721e-01,5.982127785682678223e-01,2.990419864654541016e-01,3.320770561695098877e-01,6.297894120216369629e-01,-2.052159309387207031e-01,9.692610502243041992e-01,-2.005421161651611328e+00,7.635583728551864624e-02,-5.023288726806640625e-01,-6.710373759269714355e-01,1.341260969638824463e-01,1.976005792617797852e+00,7.158129215240478516e-01,-1.409807085990905762e+00,-6.977524608373641968e-02,-1.082587480545043945e+00,1.273022294044494629e-01,6.499800682067871094e-01,-7.519754171371459961e-01,7.953012585639953613e-01,4.116472601890563965e-01,7.021842151880264282e-02,-6.188625097274780273e-01,9.535617232322692871e-01,-2.130213737487792969e+00,-1.043547093868255615e-01,2.286979913711547852e+00,-1.228989124298095703e+00
1.182687163352966309e+00,-1.979396462440490723e+00,-3.758500218391418457e-01,-1.382936090230941772e-01,7.525061368942260742e-01,4.638440012931823730e-01,-1.006383419036865234e+00,5.043089389801025391e-01,-8.961135745048522949e-01,6.896421909332275391e-01,-1.435745656490325928e-01,7.599684596061706543e-01,-8.731633424758911133e-01,5.208269357681274414e-01,1.888234466314315796e-01,-1.184743404388427734e+00,-1.061191201210021973e+00,-9.166661500930786133e-01,1.841578185558319092e-01,-7.495229840278625488e-01,-5.394529700279235840e-01,1.718094646930694580e-01,2.146308869123458862e-02,-3.623950779438018799e-01,-7.205568552017211914e-01,8.226855993270874023e-01,1.183944821357727051e+00,1.314340353012084961e+00,1.152044653892517090e+00,-1.329123020172119141e+00,1.836459398269653320e+00,-7.224376797676086426e-01,-1.471212267875671387e+00,-1.293858885765075684e-01,-2.334058433771133423e-01,8.236367106437683105e-01,4.373118281364440918e-01,-1.138695001602172852e+00,-1.292881608009338379e+00,1.649583697319030762e+00,-1.982523798942565918e+00,-4.924885928630828857e-01,1.523998379707336426e-01,-5.387859940528869629e-01,2.166916370391845703e+00,1.406252980232238770e+00,4.605327546596527100e-01,-8.943195343017578125e-01,2.268368899822235107e-01,-4.590145945549011230e-01,-1.970097273588180542e-01,-1.872353553771972656e+00,-1.007747173309326172e+00,7.081636190414428711e-01,-1.347547322511672974e-01,1.121267795562744141e+00,1.280985325574874878e-01,-1.826048046350479126e-01,1.643452048301696777e+00,-2.123282909393310547e+00,-3.542276024818420410e-01,-3.114799261093139648e-01,-6.310039162635803223e-01,-1.089300870895385742e+00,-4.462316036224365234e-01,-3.572449982166290283e-01,7.044746279716491699e-01,1.197759985923767090e+00,1.513102531433105469e+00,-1.441443681716918945e+00,1.059003114700317383e+00,7.236623167991638184e-01,1.625266820192337036e-01,-1.169723570346832275e-01,-1.485930562019348145e+00,-1.310416817665100098e+00,-4.325307309627532959e-01,1.071442961692810059e+00,-2.822782993316650391e-01,-8.609423041343688965e-01,-1.137759327888488770e+00,-3.091564774513244629e-01,-1.263843655586242676e+00,1.877855300903320312e+00,1.745650917291641235e-02,8.124065399169921875e-01,6.480548381805419922e-01,-3.250374458730220795e-03,-2.050271034240722656e+00,1.185330510139465332e+00,-1.371276736259460449e+00,1.306356310844421387e+00,-4.146198630332946777e-01,3.908738493919372559e-01,1.664775609970092773e-01,1.622014045715332031e+00,9.058279395103454590e-01,3.474177718162536621e-01,1.439951896667480469e+00,-3.981345295906066895e-01
-3.076710999011993408e-01,2.015187501907348633e+00,-2.878072261810302734e-01,-8.992582559585571289e-01,-6.905962228775024414e-01,9.282279610633850098e-01,2.173744201660156250e+00,8.612133264541625977e-01,1.043201804161071777e+00,3.590711653232574463e-01,-3.552838228642940521e-03,-9.124760627746582031e-01,1.761037826538085938e+00,1.030116677284240723e-01,1.933458924293518066e+00,-8.614830374717712402e-01,-8.685001134872436523e-01,2.768742144107818604e-01,2.103136032819747925e-01,-7.161779403686523438e-01,1.145750761032104492e+00,-2.618581295013427734e+00,-2.716255187988281250e-01,9.226715564727783203e-02,1.569159477949142456e-01,1.559303879737854004e+00,4.956081211566925049e-01,1.436123132705688477e+00,3.221435472369194031e-02,-3.170480951666831970e-02,2.914510667324066162e-01,1.344689577817916870e-01,-2.613589167594909668e-01,3.441275060176849365e-01,2.848581075668334961e-01,1.680823683738708496e+00,1.002901673316955566e+00,1.076551556587219238e+00,3.631166815757751465e-01,5.154435634613037109e-01,-2.362212091684341431e-01,-1.350956082344055176e+00,-3.218939006328582764e-01,6.479634046554565430e-01,8.107992410659790039e-01,5.927175283432006836e-01,2.462250590324401855e-01,4.517678618431091309e-01,-2.696928262710571289e+00,-1.214723348617553711e+00,-1.770439505577087402e+00,-4.612827599048614502e-01,-9.058751463890075684e-01,1.232757344841957092e-01,1.963830888271331787e-01,-7.775447964668273926e-01,-4.174005985260009766e-01,1.287080049514770508e+00,9.708706140518188477e-01,8.562799543142318726e-02,1.372278571128845215e+00,-6.775815784931182861e-02,-5.968496203422546387e-02,6.306465864181518555e-01,8.499839305877685547e-01,-5.560755729675292969e-02,6.794021725654602051e-01,9.657986164093017578e-01,-5.921509265899658203e-01,-5.301027894020080566e-01,-3.910310864448547363e-01,-7.799314856529235840e-01,-2.965113818645477295e-01,-2.118679881095886230e-01,1.352067142724990845e-01,1.040232062339782715e+00,-1.830123305320739746e+00,-1.677891969680786133e+00,-1.528673529624938965e+00,-1.929567933082580566e+00,-8.250628709793090820e-01,-2.810001671314239502e-01,1.073483899235725403e-01,-8.802881836891174316e-01,-1.494339108467102051e-01,1.798954904079437256e-01,-2.049609184265136719e+00,2.228337287902832031e+00,1.474740862846374512e+00,3.570559024810791016e-01,2.724907398223876953e-01,-1.459526419639587402e-01,-1.832946419715881348e+00,6.218161582946777344e-01,1.447038650512695312e-01,2.664892189204692841e-02,1.430812597274780273e+00,2.967568933963775635e-01,1.678879976272583008e+00,-7.185279726982116699e-01
-4.499872326850891113e-01,-1.148705482482910156e+00,-8.977859020233154297e-01,-8.248963952064514160e-01,-3.074600398540496826e-01,-1.497413158416748047e+00,1.036247611045837402e+00,-1.689238786697387695e+00,-1.798844814300537109e+00,1.899649798870086670e-01,-3.608171343803405762e-01,8.656617403030395508e-01,-4.279596731066703796e-02,-5.218726992607116699e-01,1.379502177238464355e+00,-2.739506065845489502e-01,-1.296317338943481445e+00,3.470188975334167480e-01,-1.141043663024902344e+00,4.574352800846099854e-01,-6.928501129150390625e-01,7.083361148834228516e-01,4.803994297981262207e-01,1.822278141975402832e+00,-4.741467833518981934e-01,4.725328385829925537e-01,3.290737867355346680e-01,-5.894043445587158203e-01,4.847260415554046631e-01,-5.024046897888183594e-01,-5.899989008903503418e-01,9.838603138923645020e-01,-3.156358897686004639e-01,-3.650884330272674561e-01,-5.593426823616027832e-01,-5.599251985549926758e-01,-1.217910766601562500e+00,-1.020185470581054688e+00,-1.228118315339088440e-01,-2.078275978565216064e-01,-4.270841479301452637e-01,-4.369997978210449219e-01,1.093181610107421875e+00,-4.686035513877868652e-01,-9.689580649137496948e-03,-8.620288968086242676e-01,-2.296309173107147217e-01,-1.901711583137512207e+00,-6.530531048774719238e-01,-3.686089813709259033e-01,-5.545343160629272461e-01,2.644898295402526855e-01,7.094342112541198730e-01,-3.716866970062255859e-01,-4.831876456737518311e-01,1.071991324424743652e+00,8.049412965774536133e-01,4.061201810836791992e-01,-2.306454181671142578e+00,-5.407350063323974609e-01,-3.567452728748321533e-01,6.240887641906738281e-01,-3.953746557235717773e-01,-1.372259736061096191e+00,1.176468372344970703e+00,-1.037558674812316895e+00,-2.049934118986129761e-01,1.076118230819702148e+00,1.873209238052368164e+00,-6.910389661788940430e-01,-2.182721614837646484e+00,1.377660334110260010e-01,1.792342782020568848e+00,-1.882719159126281738e+00,-1.616529822349548340e+00,1.137676715850830078e+00,-4.340364336967468262e-01,-1.088449716567993164e+00,4.559531211853027344e-01,-8.303561806678771973e-01,2.704492509365081787e-01,8.449821472167968750e-01,3.631157279014587402e-01,-1.603629291057586670e-01,1.067647218704223633e+00,3.580846488475799561e-01,6.470445543527603149e-02,1.473280787467956543e+00,8.747397065162658691e-01,-1.924201101064682007e-02,2.441853582859039307e-01,4.916756451129913330e-01,-9.517200589179992676e-01,-8.329970836639404297e-01,-1.891417860984802246e+00,6.727544665336608887e-01,3.326821625232696533e-01,1.044226050376892090e+00,1.627556204795837402e+00,2.103017866611480713e-01
-2.351591289043426514e-01,-2.330706566572189331e-01,-1.639267951250076294e-01,-5.791841745376586914e-01,4.556437432765960693e-01,-4.156147837638854980e-01,3.501690328121185303e-01,5.526456236839294434e-01,-2.939975261688232422e-01,1.720442295074462891e+00,-1.467337489128112793e+00,2.225851535797119141e+00,-2.701566815376281738e-01,-7.506058812141418457e-01,-7.311685383319854736e-02,3.878467381000518799e-01,-1.441131711006164551e+00,5.491805672645568848e-01,-5.241431593894958496e-01,7.648175954818725586e-01,2.802220582962036133e-01,4.509725272655487061e-01,-2.315574645996093750e+00,-1.373444437980651855e+00,9.568643569946289062e-01,-1.261444449424743652e+00,2.007183313369750977e+00,2.861549854278564453e-01,-2.089341133832931519e-01,-3.495665192604064941e-01,-7.103456258773803711e-01,-6.692338585853576660e-01,4.574670493602752686e-01,-3.058919012546539307e-01,4.593614339828491211e-01,3.685374557971954346e-01,1.873318552970886230e+00,-4.961757063865661621e-01,-2.581048965454101562e+00,-5.921773910522460938e-01,-1.562381148338317871e+00,-4.259329736232757568e-01,-1.363383293151855469e+00,9.855649471282958984e-01,5.132480263710021973e-01,-2.129355221986770630e-01,-8.606965541839599609e-01,-4.244691133499145508e-01,-1.124679923057556152e+00,1.347236633300781250e-01,5.344933271408081055e-01,9.028140306472778320e-01,8.225523233413696289e-01,-1.657854080200195312e+00,-8.702522516250610352e-01,6.227901577949523926e-01,-9.752056598663330078e-01,-7.515997886657714844e-01,2.523910999298095703e-01,5.998014211654663086e-01,-2.009051561355590820e+00,-5.048584938049316406e-01,5.583262443542480469e-01,-5.942678079009056091e-02,-5.904602408409118652e-01,1.913438796997070312e+00,1.285448670387268066e+00,6.049177646636962891e-01,-1.197418212890625000e+00,-9.500026106834411621e-01,-2.381852149963378906e+00,-6.436149477958679199e-01,-1.840249449014663696e-01,-1.702312707901000977e+00,4.546000957489013672e-01,3.392378389835357666e-01,2.491848543286323547e-03,-2.651467561721801758e+00,-8.757984638214111328e-01,2.783195078372955322e-01,-1.214635848999023438e+00,-1.931535154581069946e-01,5.508303046226501465e-01,8.197883367538452148e-01,-1.164439097046852112e-01,-2.448399662971496582e-01,-5.343493223190307617e-01,-7.345721125602722168e-01,1.995988726615905762e+00,1.285891532897949219e+00,-3.659737706184387207e-01,-7.044000625610351562e-01,5.754032135009765625e-01,-1.835500150918960571e-01,-5.301054120063781738e-01,-1.508903950452804565e-01,7.516429424285888672e-01,1.770214550197124481e-02,-6.133652329444885254e-01,1.411576271057128906e+00
6.181904077529907227e-01,4.995174407958984375e-01,4.271038472652435303e-01,8.074476569890975952e-02,1.868167161941528320e+00,1.734978556632995605e+00,7.993024587631225586e-01,6.205392256379127502e-02,-3.807812929153442383e-03,-1.726707965135574341e-01,-2.290779203176498413e-01,-1.504354000091552734e+00,-8.277567028999328613e-01,1.924035787582397461e+00,-1.342669367790222168e+00,1.325450062751770020e+00,1.579527616500854492e+00,-1.369570046663284302e-01,-9.548717141151428223e-01,-6.345214247703552246e-01,-2.847989797592163086e-01,-1.733100295066833496e+00,3.898134827613830566e-01,-1.880423545837402344e+00,-1.473319828510284424e-01,-1.143101930618286133e+00,-7.394061088562011719e-01,-2.554923534393310547e+00,1.225047945976257324e+00,8.840333819389343262e-01,2.223223686218261719e+00,-1.712687313556671143e-01,-1.118777036666870117e+00,2.239389866590499878e-01,8.958369493484497070e-01,-5.712597370147705078e-01,8.371179699897766113e-01,5.493941307067871094e-01,-8.790602684020996094e-01,-2.166451662778854370e-01,-2.806866466999053955e-01,4.005693197250366211e-01,-1.212303638458251953e+00,-2.257114887237548828e+00,6.619495153427124023e-02,-1.085319876670837402e+00,2.097037315368652344e+00,-9.261597990989685059e-01,-5.582478046417236328e-01,-1.097496747970581055e+00,1.074095845222473145e+00,-8.661983013153076172e-01,-5.346771478652954102e-01,1.035177469253540039e+00,-3.265853822231292725e-01,9.402814507484436035e-02,6.469911336898803711e-01,1.343255758285522461e+00,-3.883572667837142944e-02,-1.091832041740417480e+00,-4.519360661506652832e-01,7.686460018157958984e-01,7.966144084930419922e-01,-9.533100724220275879e-01,3.331465423107147217e-01,-2.610367059707641602e+00,-1.115110635757446289e+00,-4.334195852279663086e-01,-2.862879633903503418e-01,1.660518646240234375e+00,8.135768175125122070e-01,-1.845111131668090820e+00,-6.176881492137908936e-02,1.340521574020385742e+00,8.073903322219848633e-01,-4.752948284149169922e-01,6.997084617614746094e-01,-6.133754253387451172e-01,-1.651434421539306641e+00,-6.528297662734985352e-01,4.002258777618408203e-01,-8.022861182689666748e-02,-2.141221284866333008e+00,-1.379959464073181152e+00,1.333056569099426270e+00,-4.844771027565002441e-01,-8.118613958358764648e-01,9.973680973052978516e-01,3.247825503349304199e-01,-3.278369009494781494e-01,-2.028452396392822266e+00,-2.277475595474243164e+00,6.782557964324951172e-01,2.468413412570953369e-01,7.432954311370849609e-01,3.636112213134765625e-01,-1.095535516738891602e+00,1.220003366470336914e+00,-4.099492728710174561e-01,-1.045827746391296387e+00
-1.133475661277770996e+00,5.362735390663146973e-01,1.524640321731567383e+00,-5.605836957693099976e-02,-3.787435591220855713e-01,-1.019849419593811035e+00,-1.213868498802185059e+00,-1.965210795402526855e+00,-9.454169869422912598e-01,-8.619492650032043457e-01,-1.284354552626609802e-02,2.608136892318725586e+00,1.795202940702438354e-01,3.047861456871032715e-01,-7.528306841850280762e-01,3.525674641132354736e-01,1.787337064743041992e+00,6.821512579917907715e-01,1.341049313545227051e+00,6.427414417266845703e-01,7.225674986839294434e-01,7.454975247383117676e-01,1.149664163589477539e+00,-8.179224282503128052e-02,-1.691064834594726562e+00,-6.886485219001770020e-02,1.586681842803955078e+00,9.733790755271911621e-01,6.687001585960388184e-01,-9.542038440704345703e-01,-1.974382758140563965e+00,-9.225987195968627930e-01,6.175407171249389648e-01,-6.428002566099166870e-02,5.214195251464843750e-01,7.398257851600646973e-01,4.193606078624725342e-01,1.471331954002380371e+00,-4.857800900936126709e-01,5.867267847061157227e-01,3.846258223056793213e-01,7.015093564987182617e-01,-5.388016626238822937e-02,1.673732511699199677e-02,1.501972675323486328e+00,1.277860164642333984e+00,-1.219803571701049805e+00,1.158599734306335449e+00,-9.547495841979980469e-01,-1.410786747932434082e+00,-8.894434571266174316e-01,1.625978946685791016e-01,-2.189163416624069214e-01,1.113364577293395996e+00,1.979657709598541260e-01,-1.250961661338806152e+00,7.429447025060653687e-03,-9.978230595588684082e-01,1.352968096733093262e+00,-1.163301110267639160e+00,4.335742890834808350e-01,-1.994609594345092773e+00,1.986155986785888672e+00,1.847229719161987305e+00,6.976210474967956543e-01,5.036582350730895996e-01,-2.218157947063446045e-01,8.914698958396911621e-01,-5.762027502059936523e-01,-2.907228469848632812e-01,3.670726716518402100e-01,6.993465423583984375e-01,1.108384609222412109e+00,-1.534826397895812988e+00,-2.176375389099121094e-01,-1.057584643363952637e+00,-1.130565762519836426e+00,2.600548565387725830e-01,-8.035869151353836060e-02,4.472482576966285706e-02,-2.075062036514282227e+00,-1.057283401489257812e+00,9.140336513519287109e-01,-5.397524237632751465e-01,-1.118014454841613770e+00,-1.726112887263298035e-02,2.468303680419921875e+00,-1.835628509521484375e+00,8.167276531457901001e-02,-1.844151735305786133e+00,1.010633945465087891e+00,3.669600784778594971e-01,7.388285398483276367e-01,-6.867581605911254883e-01,-1.908769845962524414e+00,2.619853615760803223e-01,1.048866152763366699e+00,-6.806811094284057617e-01,1.477117061614990234e+00,-8.141525983810424805e-01
-2.271086871623992920e-01,4.326258786022663116e-03,1.573493033647537231e-01,-6.607035994529724121e-01,-4.033623337745666504e-01,2.928596138954162598e-01,1.732956767082214355e+00,9.948012828826904297e-01,-1.455772876739501953e+00,5.766749382019042969e-01,-1.812435269355773926e+00,-7.527849078178405762e-02,-3.556977212429046631e-01,2.356656074523925781e+00,9.896565675735473633e-01,-1.586660861968994141e+00,2.330914884805679321e-02,1.353358864784240723e+00,7.007495164871215820e-01,-5.328071117401123047e-01,-7.382761687040328979e-04,-1.779109597206115723e+00,8.587287068367004395e-01,-6.871509552001953125e-01,1.517151474952697754e+00,-2.191445976495742798e-01,-1.371553778648376465e+00,2.324845790863037109e+00,-5.848261117935180664e-01,4.425711631774902344e-01,-3.995077908039093018e-01,2.017770856618881226e-01,8.880482614040374756e-02,7.592120766639709473e-01,-3.435344099998474121e-01,5.744543075561523438e-01,1.007707715034484863e+00,1.208912849426269531e+00,-4.589610993862152100e-01,-4.472154378890991211e-01,-6.710965633392333984e-01,-2.484365403652191162e-01,-1.397444456815719604e-01,1.057886838912963867e+00,1.238281011581420898e+00,1.925944566726684570e+00,1.819203197956085205e-01,5.097049474716186523e-01,-1.334086060523986816e+00,-5.880981087684631348e-01,-1.703026533126831055e+00,2.345000952482223511e-01,-1.007100701332092285e+00,-1.678133606910705566e+00,2.817966043949127197e-01,-1.489736080169677734e+00,-4.079424142837524414e-01,1.392225027084350586e-01,1.567369341850280762e+00,8.808048963546752930e-01,-1.570449233055114746e+00,-9.058756232261657715e-01,-1.101038455963134766e+00,-4.913593232631683350e-01,-2.336465597152709961e+00,4.410811066627502441e-01,8.788149356842041016e-01,-1.185210704803466797e+00,2.698611021041870117e-01,-1.895617961883544922e+00,-5.110448598861694336e-01,-3.699723482131958008e-01,-4.574652314186096191e-01,-4.058824181556701660e-01,5.898466110229492188e-01,6.898050308227539062e-01,-4.522119164466857910e-01,-7.183954715728759766e-01,-2.824222445487976074e-01,-5.226305723190307617e-01,-4.742632210254669189e-01,-6.688000559806823730e-01,1.206420660018920898e+00,-1.175643503665924072e-01,1.143307566642761230e+00,1.618340611457824707e+00,-5.195351839065551758e-01,-9.251428842544555664e-01,-6.109299063682556152e-01,6.636957526206970215e-01,-2.167389243841171265e-01,6.946746110916137695e-01,1.663058251142501831e-02,-3.500665724277496338e-01,4.561301469802856445e-01,-3.048790991306304932e-01,7.318798899650573730e-01,-5.486390590667724609e-01,-3.296114504337310791e-01,-4.138805568218231201e-01
-1.088105812668800354e-01,-1.409330815076828003e-01,-1.450162649154663086e+00,7.916818261146545410e-01,-5.063725113868713379e-01,-6.667032241821289062e-01,5.333769321441650391e-01,2.189117521047592163e-01,-5.742264389991760254e-01,-1.074738144874572754e+00,9.404456615447998047e-01,-5.624051094055175781e-01,8.204907774925231934e-01,1.558546721935272217e-01,-3.445968329906463623e-01,-2.536338865756988525e-01,6.487389802932739258e-01,-1.032172203063964844e+00,-8.724907040596008301e-01,5.322933197021484375e-01,-3.988064229488372803e-01,-1.143859863281250000e+00,1.388113141059875488e+00,2.274881154298782349e-01,-1.020041823387145996e+00,5.466322898864746094e-01,6.590232253074645996e-02,2.317700833082199097e-01,-1.315972685813903809e+00,3.353848755359649658e-01,-3.320401161909103394e-02,2.533682346343994141e+00,-1.009451746940612793e+00,-4.231210947036743164e-01,1.137740015983581543e-01,-2.698499441146850586e+00,8.932025432586669922e-01,-3.426199555397033691e-01,1.372693419456481934e+00,2.160035073757171631e-01,-7.269349098205566406e-01,1.097729325294494629e+00,-1.689168691635131836e+00,4.772364795207977295e-01,8.137857317924499512e-01,6.994009017944335938e-02,4.143365025520324707e-01,-5.878673791885375977e-01,-4.865328967571258545e-02,-1.150429725646972656e+00,1.087399959564208984e+00,1.660531014204025269e-01,3.989284634590148926e-01,-5.345303565263748169e-02,1.093190431594848633e+00,-1.272209763526916504e+00,-5.251628756523132324e-01,-4.814329743385314941e-01,5.017056688666343689e-02,9.795555472373962402e-02,-3.672649711370468140e-02,1.162181943655014038e-01,3.621250092983245850e-01,-8.914266228675842285e-01,1.019961953163146973e+00,3.291952982544898987e-02,4.759943187236785889e-01,-5.054205060005187988e-01,-4.108735918998718262e-01,4.510452151298522949e-01,4.123487770557403564e-01,-8.495577573776245117e-01,6.704720258712768555e-01,2.525196373462677002e-01,-5.022479295730590820e-01,-8.205665946006774902e-01,2.995581626892089844e-01,2.121492862701416016e+00,9.050653576850891113e-01,2.177735418081283569e-02,4.228363186120986938e-02,7.084847092628479004e-01,-7.099902629852294922e-01,-5.609549880027770996e-01,-3.047554194927215576e-01,2.826883792877197266e-01,-4.362654685974121094e-01,2.552464008331298828e-01,-1.242218136787414551e+00,7.930473685264587402e-01,-3.403034508228302002e-01,4.410779178142547607e-01,-1.049952507019042969e+00,-3.405903577804565430e-01,8.899868726730346680e-01,6.795990467071533203e-01,-1.057343259453773499e-01,-1.183956265449523926e+00,6.881437301635742188e-01,1.233651876449584961e+00
-6.574509143829345703e-01,-1.742287278175354004e+00,-1.910427808761596680e-01,-5.534199476242065430e-01,-2.825575590133666992e+00,-1.364924386143684387e-02,-1.783872991800308228e-01,-6.967800855636596680e-02,2.041575670242309570e+00,1.830079078674316406e+00,1.975290060043334961e+00,-7.459967136383056641e-01,1.051560193300247192e-01,-1.653919577598571777e+00,3.613906502723693848e-01,-4.472137689590454102e-01,-1.426556944847106934e+00,-7.787991166114807129e-01,-1.191420316696166992e+00,-7.902724146842956543e-01,-4.057766497135162354e-01,-4.832200407981872559e-01,6.551495194435119629e-01,-1.113294601440429688e+00,-2.694830656051635742e+00,-4.348043203353881836e-01,1.328325390815734863e+00,-4.174823164939880371e-01,-4.546959698200225830e-01,1.799007803201675415e-01,4.185157716274261475e-01,1.954937934875488281e+00,-1.442205786705017090e+00,-1.100104093551635742e+00,-1.412634253501892090e+00,2.801951467990875244e-01,-1.326019167900085449e+00,-1.436201333999633789e+00,2.725914493203163147e-02,2.106261014938354492e+00,-1.045058846473693848e+00,4.269086718559265137e-01,-1.476374268531799316e-01,-8.759092688560485840e-01,4.450252056121826172e-01,-9.946410655975341797e-01,2.717821002006530762e-01,1.598095297813415527e+00,-1.325407147407531738e+00,5.297290086746215820e-01,-1.437952518463134766e-01,1.332976222038269043e+00,-1.262149214744567871e+00,1.041243553161621094e+00,-4.963467121124267578e-01,-1.361433565616607666e-01,3.340402990579605103e-02,1.000438094139099121e+00,-5.356163904070854187e-02,-5.277636274695396423e-02,-5.308941602706909180e-01,-9.562765359878540039e-01,-6.056267023086547852e-01,-1.597479820251464844e+00,7.767956852912902832e-01,-3.681541383266448975e-01,-7.860363721847534180e-01,-9.420109987258911133e-01,-8.989790678024291992e-01,1.611047625541687012e+00,-2.508672952651977539e+00,1.243251442909240723e+00,-1.619807034730911255e-01,3.478452563285827637e-02,-1.151984214782714844e+00,2.383440494537353516e+00,1.107308030128479004e+00,3.211710155010223389e-01,6.750621199607849121e-01,-4.776026308536529541e-01,-1.527702689170837402e+00,8.638025522232055664e-01,-5.368600487709045410e-01,-5.846464037895202637e-01,2.851086258888244629e-01,-1.773084521293640137e+00,-4.715846776962280273e-01,-2.269884943962097168e-01,2.858124077320098877e-01,-1.341326981782913208e-01,3.630201816558837891e-01,-3.789532780647277832e-01,1.185899376869201660e+00,-3.502884507179260254e-01,7.087518572807312012e-01,-9.484440684318542480e-01,1.321835398674011230e+00,-6.008591055870056152e-01,4.123527109622955322e-01,5.859744548797607422e-01
-1.067867577075958252e-01,1.266453623771667480e+00,2.012551277875900269e-01,6.125231981277465820e-01,-1.314464807510375977e+00,-5.877220630645751953e-01,1.034593224525451660e+00,-1.681735664606094360e-01,1.466494560241699219e+00,4.880878627300262451e-01,8.990380913019180298e-02,-5.987455248832702637e-01,-2.055709123611450195e+00,1.586294412612915039e+00,1.116028308868408203e+00,2.447811603546142578e+00,-2.670488655567169189e-01,7.107650637626647949e-01,1.074110627174377441e+00,-1.717150330543518066e+00,-1.139333128929138184e+00,6.279128044843673706e-02,9.684944152832031250e-01,-8.050650358200073242e-01,9.575845599174499512e-01,-8.472747355699539185e-02,5.332894325256347656e-01,1.284763664007186890e-01,-6.021941900253295898e-01,2.709723711013793945e-01,-2.179508209228515625e-01,-9.633709788322448730e-01,1.864677071571350098e+00,7.757918238639831543e-01,-9.322977066040039062e-01,6.057860255241394043e-01,-2.148729264736175537e-01,-2.870248258113861084e-01,-6.730512380599975586e-01,6.372248530387878418e-01,7.708432078361511230e-01,-8.840545415878295898e-01,9.609274864196777344e-01,-1.065692454576492310e-01,7.535929977893829346e-02,-7.427566498517990112e-02,-2.491550683975219727e+00,-6.595318317413330078e-01,8.172858357429504395e-01,-1.539498567581176758e+00,8.669137954711914062e-01,-4.595962539315223694e-02,1.201413750648498535e+00,-2.029680609703063965e-01,1.699646830558776855e+00,2.335050106048583984e-01,-1.774091362953186035e+00,-2.664118707180023193e-01,-4.302945137023925781e-01,1.017254114151000977e+00,2.325810790061950684e-01,-1.334763467311859131e-01,3.923683762550354004e-01,1.090475559234619141e+00,2.192213773727416992e+00,-8.722409009933471680e-01,1.834894530475139618e-02,-1.054933667182922363e-01,-3.328107595443725586e-01,-1.489955544471740723e+00,-1.960958838462829590e-01,3.679593801498413086e-01,-9.613946080207824707e-01,6.928141415119171143e-02,5.481576919555664062e-01,-3.369300663471221924e-01,2.105995178222656250e+00,-7.810274958610534668e-01,-1.560744285583496094e+00,-5.359082296490669250e-02,1.023094892501831055e+00,2.534368932247161865e-01,4.432275891304016113e-01,1.545410752296447754e-01,6.467294692993164062e-01,-6.004104018211364746e-01,-8.000395894050598145e-01,1.264693379402160645e+00,-4.508308172225952148e-01,-1.158475637435913086e+00,1.599479317665100098e+00,9.740765690803527832e-01,-5.683021992444992065e-02,-9.757965207099914551e-01,5.207338929176330566e-01,-2.539422214031219482e-01,-8.579812645912170410e-01,1.527943730354309082e+00,-9.551325440406799316e-02,-1.472823500633239746e+00
-4.295830428600311279e-01,5.187435746192932129e-01,-1.251952290534973145e+00,2.122769057750701904e-01,-3.126859366893768311e-01,1.084589600563049316e+00,1.537946105003356934e+00,7.085970044136047363e-01,-1.659427881240844727e+00,-1.546844393014907837e-01,-3.260323703289031982e-01,4.638307094573974609e-01,-1.079466938972473145e+00,-4.189513325691223145e-01,-2.532623410224914551e-01,-6.134151816368103027e-01,2.407531440258026123e-01,8.889324069023132324e-01,1.054368734359741211e+00,1.285707473754882812e+00,-8.644483685493469238e-01,3.883267939090728760e-01,-4.840554296970367432e-01,-1.988010883331298828e+00,1.367499470710754395e+00,1.646451473236083984e+00,-1.158837795257568359e+00,-5.365177392959594727e-01,-5.057581067085266113e-01,-1.855459511280059814e-01,-8.182721138000488281e-01,1.060847759246826172e+00,6.302148848772048950e-02,-3.382776677608489990e-01,-1.485759735107421875e+00,-7.496653497219085693e-02,1.370799064636230469e+00,1.044686913490295410e+00,-1.079624176025390625e+00,4.390387833118438721e-01,-1.520303726196289062e+00,1.540714949369430542e-01,4.896798431873321533e-01,8.957398533821105957e-01,-6.805294156074523926e-01,1.712402701377868652e+00,-1.153132438659667969e+00,-5.228945016860961914e-01,6.648743748664855957e-01,1.379843354225158691e+00,5.211302638053894043e-01,3.170560598373413086e-01,1.040842294692993164e+00,-6.535016745328903198e-02,-1.546631217002868652e+00,9.698281884193420410e-01,7.933720946311950684e-01,-2.702524065971374512e-01,1.375507116317749023e-01,-1.318107008934020996e+00,6.181192398071289062e-01,-7.281042337417602539e-01,-5.608184337615966797e-01,1.248966217041015625e+00,-6.202834844589233398e-01,1.526376605033874512e+00,6.514348387718200684e-01,9.152649044990539551e-01,-1.867992639541625977e+00,-2.152238339185714722e-01,-1.087405562400817871e+00,1.536228418350219727e+00,1.194585442543029785e+00,5.660215765237808228e-02,-1.562740653753280640e-01,-8.249638676643371582e-01,7.114419341087341309e-02,-9.236175417900085449e-01,-2.499019950628280640e-01,-1.357192873954772949e+00,8.028566837310791016e-01,-5.759066343307495117e-01,-5.995765924453735352e-01,5.222768783569335938e-01,2.638865411281585693e-01,2.240736484527587891e-01,1.504758000373840332e+00,-9.862884134054183960e-02,-2.634279251098632812e+00,-6.257495284080505371e-01,-1.756592839956283569e-01,1.140074253082275391e+00,1.402048394083976746e-02,-4.154169261455535889e-01,-1.710955977439880371e+00,7.602979242801666260e-02,1.048749208450317383e+00,1.667185187339782715e+00,1.039876699447631836e+00,9.392821043729782104e-02
-1.460777521133422852e+00,-1.024260073900222778e-01,1.049915194511413574e+00,-1.573174118995666504e+00,8.157895803451538086e-01,-1.548128604888916016e+00,-1.945354700088500977e+00,2.263473421335220337e-01,-1.143645763397216797e+00,3.249813616275787354e-01,1.099686384201049805e+00,2.663685977458953857e-01,-1.209695935249328613e+00,6.160419583320617676e-01,9.381389617919921875e-01,-9.774325489997863770e-01,-2.155766636133193970e-01,-3.407417833805084229e-01,7.841950058937072754e-01,2.064718008041381836e+00,-2.095687866210937500e+00,1.290739655494689941e+00,2.267543971538543701e-01,9.999707937240600586e-01,-4.720792174339294434e-01,2.648872375488281250e+00,-1.817110538482666016e+00,-1.725667119026184082e+00,4.964545369148254395e-01,-1.988213539123535156e+00,-4.639391601085662842e-01,3.246611654758453369e-01,2.001074552536010742e-01,-9.418250322341918945e-01,5.449610352516174316e-01,9.565402753651142120e-03,3.030055947601795197e-02,5.389586091041564941e-01,5.008763670921325684e-01,-7.787033319473266602e-01,3.951536417007446289e-01,1.400043606758117676e+00,-1.206727862358093262e+00,-5.558681488037109375e-01,-1.062567114830017090e+00,5.767999291419982910e-01,9.056354761123657227e-01,-6.461350321769714355e-01,1.231941506266593933e-01,-2.223521918058395386e-01,1.768035739660263062e-01,1.967104077339172363e+00,3.779290318489074707e-01,-6.758247613906860352e-01,7.195143699645996094e-01,4.008036553859710693e-01,7.038686275482177734e-01,1.454025357961654663e-01,4.882339835166931152e-01,-1.174465417861938477e+00,1.738443411886692047e-02,-8.860492110252380371e-01,-5.755365490913391113e-01,3.153939843177795410e-01,-6.666220426559448242e-01,1.803620308637619019e-01,-1.744175910949707031e+00,3.887493312358856201e-01,5.773882269859313965e-01,-3.795624673366546631e-01,4.261126518249511719e-01,1.927602887153625488e+00,-5.385229587554931641e-01,-7.655591964721679688e-01,-7.960621714591979980e-01,-1.835099458694458008e-01,-1.169657349586486816e+00,3.389158472418785095e-02,-1.285439968109130859e+00,8.190831542015075684e-01,1.505194187164306641e+00,-1.673861145973205566e+00,2.182811498641967773e-01,-1.274228990077972412e-01,1.067805290222167969e+00,6.931732296943664551e-01,-7.036523818969726562e-01,-2.230299264192581177e-01,-8.225008845329284668e-01,6.417962312698364258e-01,-1.220054507255554199e+00,6.966667771339416504e-01,-1.745730787515640259e-01,5.652601122856140137e-01,4.303066432476043701e-01,-6.583310365676879883e-01,-6.632251739501953125e-01,-5.965215563774108887e-01,-1.181030511856079102e+00,-1.075634002685546875e+00
-9.437158107757568359e-01,5.211238861083984375e-01,8.442099690437316895e-01,-1.559577584266662598e+00,-3.292911052703857422e-01,-1.259992480278015137e+00,-1.080131769180297852e+00,-1.166451096534729004e+00,-9.150571823120117188e-01,-1.021164894104003906e+00,-4.860108196735382080e-01,-8.307613134384155273e-01,2.614525556564331055e-01,-2.205483317375183105e-01,5.496803522109985352e-01,7.114928960800170898e-02,3.783816695213317871e-01,1.539335012435913086e+00,-6.066229343414306641e-01,6.950519084930419922e-01,-7.056453824043273926e-01,-2.557127475738525391e-01,3.025644719600677490e-01,-3.474055230617523193e-01,6.535919308662414551e-01,3.892747461795806885e-01,-4.919610023498535156e-01,8.109631389379501343e-02,-8.535887598991394043e-01,1.127032786607742310e-01,-1.294443011283874512e+00,4.280053377151489258e-01,-1.424934506416320801e+00,-8.864443302154541016e-01,-1.432406008243560791e-01,-1.334870576858520508e+00,-6.776984333992004395e-01,-1.010906338691711426e+00,-1.343054533004760742e+00,-3.766270279884338379e-01,1.371597647666931152e+00,-9.503049254417419434e-01,1.159733533859252930e+00,-5.224637985229492188e-01,1.448008418083190918e+00,1.625655055046081543e+00,-7.347398251295089722e-02,-3.663066029548645020e-01,3.346944451332092285e-01,-1.573887914419174194e-01,-8.841291069984436035e-01,5.003428459167480469e-01,-6.489685177803039551e-01,-7.544667720794677734e-01,9.829083830118179321e-02,1.948146149516105652e-02,2.841707319021224976e-02,-2.407890558242797852e-01,-1.141132354736328125e+00,4.535418152809143066e-01,-1.090516448020935059e+00,-6.706317067146301270e-01,-1.816850662231445312e+00,-7.821491360664367676e-01,-2.730738222599029541e-01,-8.342608213424682617e-01,4.880423247814178467e-01,-7.460306286811828613e-01,-4.284532666206359863e-01,4.383114874362945557e-01,-1.654201894998550415e-01,-8.704705238342285156e-01,9.989644885063171387e-01,2.895151078701019287e-01,-1.080490350723266602e+00,8.481617569923400879e-01,4.169458448886871338e-01,-7.187520861625671387e-01,-1.022764921188354492e+00,9.038687348365783691e-01,2.262624800205230713e-01,1.524732112884521484e+00,9.402388930320739746e-01,-9.059429168701171875e-02,1.907519698143005371e+00,1.408943176269531250e+00,3.672217130661010742e-01,9.438897967338562012e-01,1.067759752273559570e+00,1.449336886405944824e+00,1.077845573425292969e+00,1.464534997940063477e+00,-1.016817927360534668e+00,-9.815943241119384766e-01,-7.919995188713073730e-01,6.010453701019287109e-01,-7.408349514007568359e-01,-5.157746672630310059e-01,5.325449705123901367e-01,4.037469625473022461e-01
1.681732654571533203e+00,5.370829701423645020e-01,-1.587509512901306152e-01,2.552237212657928467e-01,-1.182763457298278809e+00,1.291141510009765625e+00,6.791589856147766113e-01,3.370091915130615234e-01,-1.626389384269714355e+00,-1.530337214469909668e+00,2.131226539611816406e+00,-4.934105277061462402e-01,9.477146267890930176e-01,-1.903816103935241699e+00,-9.524364471435546875e-01,5.620287060737609863e-01,2.223006725311279297e+00,-1.171864271163940430e+00,2.271053075790405273e+00,6.080891489982604980e-01,-1.101184368133544922e+00,-9.195744246244430542e-02,-1.397357106208801270e+00,-1.857035517692565918e+00,1.020114898681640625e+00,1.869140714406967163e-01,5.958179831504821777e-01,7.729521393775939941e-01,1.052024364471435547e+00,-7.151183485984802246e-01,1.261143445968627930e+00,1.070714235305786133e+00,-6.892644762992858887e-01,3.853763639926910400e-01,-1.892317384481430054e-01,-2.558608055114746094e-01,6.274558305740356445e-01,-3.854163885116577148e-01,7.648990750312805176e-01,6.283748894929885864e-02,-2.131972461938858032e-01,1.353736400604248047e+00,7.165831327438354492e-01,4.244975149631500244e-01,5.720503926277160645e-01,-1.771627664566040039e+00,-1.123315930366516113e+00,-1.470096826553344727e+00,1.185574769973754883e+00,1.001086086034774780e-01,5.918222665786743164e-01,3.048423528671264648e-01,-4.947690069675445557e-01,2.320801466703414917e-01,-3.719183206558227539e-01,1.197759747505187988e+00,-1.265242099761962891e-01,5.542982816696166992e-01,-4.486185014247894287e-01,-1.990143805742263794e-01,1.415246248245239258e+00,2.284287475049495697e-02,-4.350716769695281982e-01,6.929825246334075928e-02,-3.237571418285369873e-01,-2.602703332901000977e+00,-1.483259797096252441e+00,3.127864599227905273e-01,-3.283249139785766602e+00,-1.138502955436706543e+00,3.632622957229614258e-01,-7.372168898582458496e-01,-4.222606867551803589e-02,9.511662721633911133e-01,1.659222006797790527e+00,-1.465731412172317505e-01,1.902101397514343262e+00,3.363430500030517578e-02,9.503731727600097656e-01,-2.488517522811889648e+00,-7.870934605598449707e-01,-5.361971259117126465e-01,-1.116949558258056641e+00,-1.179429173469543457e+00,-5.949202179908752441e-01,9.403507709503173828e-01,8.384584188461303711e-01,-1.016175985336303711e+00,-1.414967417716979980e+00,1.430660367012023926e+00,6.182737275958061218e-02,5.633154511451721191e-01,-1.829239010810852051e+00,1.214764952659606934e+00,8.042719960212707520e-01,2.147356033325195312e+00,-1.823037981986999512e+00,-1.233924627304077148e-01,-9.303752183914184570e-01,2.102520465850830078e+00
-1.481216788291931152e+00,-4.641527682542800903e-02,-1.590338826179504395e+00,-8.218973278999328613e-01,1.119028449058532715e+00,-2.236479282379150391e+00,-4.409822225570678711e-01,7.996145486831665039e-01,-2.787432670593261719e+00,-7.634310722351074219e-01,-1.343288719654083252e-01,-5.941377878189086914e-01,7.272229790687561035e-01,2.802325189113616943e-01,9.359556436538696289e-01,8.391442894935607910e-01,8.568107485771179199e-01,-9.593704342842102051e-01,-2.031005918979644775e-01,5.190697312355041504e-01,-2.139763116836547852e+00,-1.025067090988159180e+00,-2.115356683731079102e+00,4.166187047958374023e-01,2.789600789546966553e-01,-1.505869030952453613e+00,1.071246743202209473e+00,6.778743267059326172e-01,7.076497673988342285e-01,-5.840368270874023438e-01,1.025282025337219238e+00,-3.303248405456542969e+00,-3.250530362129211426e-01,-6.609851717948913574e-01,-4.289200901985168457e-01,-1.558632105588912964e-01,-1.244296431541442871e+00,-6.729663610458374023e-01,-3.535795211791992188e+00,-9.931786358356475830e-02,-8.599654436111450195e-01,1.902775406837463379e+00,6.208286285400390625e-01,2.466505467891693115e-01,9.872096776962280273e-01,-2.592476367950439453e+00,2.007852047681808472e-01,1.637453287839889526e-01,-1.120508193969726562e+00,-3.287633359432220459e-01,-3.464124351739883423e-02,2.591713704168796539e-02,5.465340614318847656e-01,-9.609456658363342285e-01,-1.666827559471130371e+00,1.023093938827514648e+00,5.356462001800537109e-01,-9.808738231658935547e-01,-2.072807401418685913e-01,-2.028118968009948730e-01,-1.944527477025985718e-01,-6.748741269111633301e-01,3.342432156205177307e-02,1.014414548873901367e+00,1.854588866233825684e+00,-6.588855981826782227e-01,3.011493682861328125e-01,7.278999090194702148e-01,-1.049736857414245605e+00,6.897448897361755371e-01,-1.768869280815124512e+00,-1.352362036705017090e+00,-1.998408794403076172e+00,-3.145478963851928711e-01,-1.821449100971221924e-01,1.020301699638366699e+00,5.955684185028076172e-01,4.214313626289367676e-01,-1.297395467758178711e+00,-1.664479449391365051e-02,5.290879011154174805e-01,5.279247760772705078e-01,-5.758218169212341309e-01,1.970741748809814453e-01,-5.328533649444580078e-01,6.938877701759338379e-02,-1.078812837600708008e+00,1.386815786361694336e+00,-7.591447830200195312e-01,1.436398744583129883e+00,-1.776896238327026367e+00,-1.612095952033996582e+00,-1.167417645454406738e+00,-1.103584289550781250e+00,-2.524002313613891602e+00,-1.206592082977294922e+00,1.297432661056518555e+00,1.920075535774230957e+00,-4.070940613746643066e-02,-1.290163397789001465e+00
-1.068243622779846191e+00,-1.841436177492141724e-01,-9.961080551147460938e-01,8.384848833084106445e-01,-7.130483388900756836e-01,-1.046774983406066895e+00,-4.519813656806945801e-01,-5.912845134735107422e-01,-9.021843224763870239e-02,2.547840118408203125e+00,-1.238603711128234863e+00,2.478144317865371704e-02,-2.014585584402084351e-01,1.661273598670959473e+00,-8.511386811733245850e-02,1.408958911895751953e+00,9.326919913291931152e-01,-8.442419171333312988e-01,-8.002153784036636353e-02,-8.195259571075439453e-01,-1.397071957588195801e+00,3.147287666797637939e-01,-1.146499276161193848e+00,1.136296093463897705e-01,-3.514267802238464355e-01,-5.684985592961311340e-02,-1.758528709411621094e+00,1.237174570560455322e-01,2.263349015265703201e-04,-1.919875025749206543e+00,1.026636004447937012e+00,-5.248931050300598145e-01,-7.386763393878936768e-02,1.133594036102294922e+00,-1.464382290840148926e+00,7.089816331863403320e-01,-4.053191244602203369e-01,-1.662945389747619629e+00,8.191452622413635254e-01,4.066179692745208740e-01,7.520151734352111816e-01,6.051014065742492676e-01,-1.003671362996101379e-01,5.941957235336303711e-01,-3.520878553390502930e-01,-1.629781723022460938e-01,6.022797524929046631e-02,2.044855117797851562e+00,7.353592664003372192e-02,3.822383880615234375e-01,7.535401582717895508e-01,-3.022114634513854980e-01,4.816530942916870117e-01,3.786337375640869141e-01,1.054149866104125977e+00,1.760551780462265015e-01,4.164641201496124268e-01,-1.371699422597885132e-01,-1.522811770439147949e+00,7.601336836814880371e-01,1.994770646095275879e+00,-1.982966184616088867e+00,-3.039701223373413086e+00,-3.827201426029205322e-01,-1.496633887290954590e-01,-1.296784520149230957e+00,-4.822120070457458496e-01,4.358836114406585693e-01,-7.616937756538391113e-01,1.378535628318786621e-01,1.346849799156188965e+00,1.014753222465515137e+00,9.651992917060852051e-01,-4.210384488105773926e-01,1.119271993637084961e+00,1.997889280319213867e+00,-6.855686902999877930e-01,-5.589557811617851257e-02,-1.151076436042785645e+00,7.509424686431884766e-01,2.177641093730926514e-01,3.460194915533065796e-02,-2.059505879878997803e-01,-2.507570683956146240e-01,-9.554058313369750977e-01,1.988966166973114014e-01,-2.838304042816162109e-01,7.762416601181030273e-01,3.591013550758361816e-01,2.265821933746337891e+00,-4.637992754578590393e-02,1.565148532390594482e-01,-5.209190249443054199e-01,-1.080313920974731445e+00,8.809288144111633301e-01,1.351835608482360840e+00,9.818150661885738373e-03,9.263077974319458008e-01,-5.990790128707885742e-01,1.899891972541809082e+00
1.577363461256027222e-01,4.869306385517120361e-01,8.667982220649719238e-01,-1.679653882980346680e+00,-6.802373528480529785e-01,2.065916657447814941e-01,1.001240164041519165e-01,2.236935138702392578e+00,1.471522450447082520e+00,-9.968554228544235229e-02,-1.500679254531860352e-01,-8.068746328353881836e-02,1.452046990394592285e+00,-1.091475039720535278e-02,-1.499930024147033691e+00,-3.959184885025024414e-01,-7.817249298095703125e-01,1.422144651412963867e+00,-1.088040113449096680e+00,-3.164844810962677002e-01,-1.855189681053161621e+00,1.345514774322509766e+00,-9.523111581802368164e-01,3.651816844940185547e+00,-1.380092382431030273e+00,1.325960397720336914e+00,-1.584078788757324219e+00,-6.864637136459350586e-01,6.064717769622802734e-01,-1.251702904701232910e+00,-1.624721407890319824e+00,4.256386458873748779e-01,-8.521163463592529297e-01,-2.316832065582275391e+00,-1.161941170692443848e+00,-3.521935641765594482e-01,-1.417489647865295410e-01,1.739270567893981934e+00,2.488313913345336914e-01,1.728869557380676270e+00,1.039776206016540527e+00,-1.397432327270507812e+00,5.771794319152832031e-01,1.127434849739074707e+00,-1.152054786682128906e+00,-9.588010311126708984e-01,7.200703024864196777e-01,-6.820226311683654785e-01,-2.830744981765747070e-01,-2.994090616703033447e-01,-1.477382302284240723e+00,1.550417393445968628e-01,-1.123249650001525879e+00,-2.159567773342132568e-01,-5.278789997100830078e-01,1.838781595230102539e+00,-5.957505106925964355e-01,-3.779373168945312500e-01,4.013060331344604492e-01,5.286247730255126953e-01,-6.507241725921630859e-01,-7.151541709899902344e-01,-2.743017673492431641e+00,5.269957780838012695e-01,5.635858178138732910e-01,-9.343425631523132324e-01,1.275424599647521973e+00,2.265836000442504883e+00,8.303319215774536133e-01,1.098140001296997070e+00,-7.217848896980285645e-01,3.130031526088714600e-01,3.715825676918029785e-01,4.928117096424102783e-01,1.046526312828063965e+00,-9.454020261764526367e-01,-2.847068905830383301e-01,-1.289990305900573730e+00,-1.527272611856460571e-01,-1.589562058448791504e+00,1.124273657798767090e+00,1.440526008605957031e+00,6.943052262067794800e-02,-9.038229584693908691e-01,4.045840799808502197e-01,-2.379703968763351440e-01,-7.910799980163574219e-01,-1.373992681503295898e+00,6.248559430241584778e-02,-1.486243158578872681e-01,1.032761573791503906e+00,-9.744985699653625488e-01,-1.455324530601501465e+00,1.013806223869323730e+00,-1.128527402877807617e+00,-1.058175563812255859e+00,-3.041361272335052490e-01,-5.395771861076354980e-01,4.161933660507202148e-01,-6.659169793128967285e-01
